date,symbol,spot,quote_time,expiration,dte,type,strike,moneyness,option_symbol,bid,ask,mid,volume,open_interest,open_interest_date,iv,delta,gamma,theta,vega,rho
2026-09-18,AAPL,335.445,2026-09-18T17:55:21.514922168Z,2026-10-16,28,C,230.0,0.685656,AAPL261016C00230000,105.75,106.15,105.95,66,,,,,,,,
2026-09-18,AAPL,335.445,2026-09-18T17:54:38.597898852Z,2026-10-16,28,C,440.0,1.31169,AAPL261016C00440000,0,0.08,0.04,2,,,,,,,,
2026-09-18,AAPL,335.445,2026-09-18T17:55:24.27160549Z,2026-10-16,28,P,230.0,0.685656,AAPL261016P00230000,0.01,0.05,0.03,188,,,0.4924,-0.0022,0.0001,-0.0054,0.0063,-0.0006
2026-09-18,AAPL,335.445,2026-09-18T17:55:21.510001648Z,2026-10-16,28,P,440.0,1.31169,AAPL261016P00440000,102.88,105.21,104.045,,,,0.5268,-0.9615,0.0017,-0.0275,0.0777,-0.3272
2026-09-18,AAPL,335.445,2026-09-18T17:55:21.770617214Z,2026-10-23,35,C,230.0,0.685656,AAPL261023C00230000,104.97,108.6,106.785,86,,,0.6378,0.9787,0.0008,-0.0721,0.0531,0.2123
2026-09-18,AAPL,335.445,2026-09-18T17:55:21.511675013Z,2026-10-23,35,P,230.0,0.685656,AAPL261023P00230000,0.03,0.12,0.075,1,,,0.4854,-0.0045,0.0003,-0.0094,0.0138,-0.0015
2026-09-18,NVDA,219.695,2026-09-18T17:55:11.497499836Z,2026-10-16,28,C,125.0,0.568971,NVDA261016C00125000,95,96.05,95.525,1,,,,,,,,
2026-09-18,NVDA,219.695,2026-09-18T17:55:09.596210374Z,2026-10-16,28,C,130.0,0.591729,NVDA261016C00130000,91.15,91.45,91.3,1,,,,,,,,
2026-09-18,NVDA,219.695,2026-09-18T17:55:28.096640026Z,2026-10-16,28,C,135.0,0.614488,NVDA261016C00135000,84.95,86.34,85.645,1,,,,,,,,
2026-09-18,NVDA,219.695,2026-09-18T17:55:18.191781443Z,2026-10-16,28,C,140.0,0.637247,NVDA261016C00140000,79.3,80.26,79.78,3,,,,,,,,
2026-09-18,NVDA,219.695,2026-09-18T17:55:21.921692594Z,2026-10-16,28,C,145.0,0.660006,NVDA261016C00145000,75.77,76.23,76.0,1,,,0.8975,0.9647,0.0014,-0.0904,0.0473,0.1043
2026-09-18,NVDA,219.695,2026-09-18T17:55:20.787246181Z,2026-10-16,28,C,150.0,0.682765,NVDA261016C00150000,69.11,70.33,69.72,219,,,,,,,,
2026-09-18,NVDA,219.695,2026-09-18T17:55:28.950255192Z,2026-10-16,28,C,290.0,1.320012,NVDA261016C00290000,0.06,0.07,0.065,1014,,,0.4038,0.0082,0.0009,-0.0101,0.0137,0.0013
2026-09-18,NVDA,219.695,2026-09-18T17:55:21.866981071Z,2026-10-16,28,C,295.0,1.342771,NVDA261016C00295000,0.05,0.06,0.055,1002,,,0.4175,0.0069,0.0008,-0.0089,0.0117,0.0011
2026-09-18,NVDA,219.695,2026-09-18T17:55:28.151580169Z,2026-10-16,28,C,300.0,1.365529,NVDA261016C00300000,0.01,0.02,0.015,408,,,0.3845,0.0022,0.0003,-0.003,0.0043,0.0004
2026-09-18,NVDA,219.695,2026-09-18T17:55:21.931711626Z,2026-10-16,28,C,305.0,1.388288,NVDA261016C00305000,0.03,0.04,0.035,14,,,0.4372,0.0044,0.0005,-0.0062,0.0078,0.0007
2026-09-18,NVDA,219.695,2026-09-18T17:55:28.109751489Z,2026-10-16,28,C,310.0,1.411047,NVDA261016C00310000,0.03,0.04,0.035,20,,,0.4564,0.0042,0.0004,-0.0062,0.0075,0.0007
2026-09-18,NVDA,219.695,2026-09-18T17:55:20.619736471Z,2026-10-16,28,C,315.0,1.433806,NVDA261016C00315000,0.03,0.04,0.035,24,,,0.4752,0.0041,0.0004,-0.0063,0.0073,0.0007
2026-09-18,NVDA,219.695,2026-09-18T17:55:24.866484732Z,2026-10-16,28,P,125.0,0.568971,NVDA261016P00125000,0.06,0.07,0.065,5,,,,,,,,
2026-09-18,NVDA,219.695,2026-09-18T17:55:06.387622078Z,2026-10-16,28,P,130.0,0.591729,NVDA261016P00130000,0.07,0.08,0.075,4,,,0.767,-0.0048,0.0003,-0.0115,0.0085,-0.0009
2026-09-18,NVDA,219.695,2026-09-18T17:55:30.087546582Z,2026-10-16,28,P,135.0,0.614488,NVDA261016P00135000,0.09,0.1,0.095,513,,,0.7371,-0.0062,0.0004,-0.0138,0.0106,-0.0011
2026-09-18,NVDA,219.695,2026-09-18T17:55:20.047403691Z,2026-10-16,28,P,140.0,0.637247,NVDA261016P00140000,0.14,0.15,0.145,1083,,,0.7254,-0.0092,0.0006,-0.0193,0.015,-0.0017
2026-09-18,NVDA,219.695,2026-09-18T17:55:20.247379388Z,2026-10-16,28,P,145.0,0.660006,NVDA261016P00145000,0.16,0.17,0.165,226,,,0.6869,-0.0109,0.0007,-0.0211,0.0174,-0.002
2026-09-18,NVDA,219.695,2026-09-18T17:55:29.622070104Z,2026-10-16,28,P,150.0,0.682765,NVDA261016P00150000,0.14,0.15,0.145,2402,,,0.6259,-0.0106,0.0007,-0.0188,0.017,-0.0019
2026-09-18,NVDA,219.695,2026-09-18T17:55:09.596368887Z,2026-10-16,28,P,290.0,1.320012,NVDA261016P00290000,69.5,71.85,70.675,2,,,0.6508,-0.9241,0.0036,-0.0718,0.087,-0.21
2026-09-18,NVDA,219.695,2026-09-18T17:55:09.596398395Z,2026-10-16,28,P,295.0,1.342771,NVDA261016P00295000,75.3,75.6,75.45,5,,,0.655,-0.9354,0.0032,-0.0599,0.0768,-0.2155
2026-09-18,NVDA,219.695,2026-09-18T17:55:09.596398395Z,2026-10-16,28,P,300.0,1.365529,NVDA261016P00300000,79.95,80.25,80.1,1,,,0.634,-0.9524,0.0026,-0.0374,0.0603,-0.222
2026-09-18,NVDA,219.695,2026-09-18T17:55:09.596398395Z,2026-10-16,28,P,305.0,1.388288,NVDA261016P00305000,85.96,86.13,86.045,1,,,0.7865,-0.9166,0.0032,-0.1004,0.0933,-0.2205
2026-09-18,NVDA,219.695,2026-09-18T17:55:09.596398395Z,2026-10-16,28,P,310.0,1.411047,NVDA261016P00310000,91.42,91.72,91.57,22,,,0.8704,-0.9023,0.0033,-0.1322,0.105,-0.2223
2026-09-18,NVDA,219.695,2026-09-18T17:55:09.596398395Z,2026-10-16,28,P,315.0,1.433806,NVDA261016P00315000,96.75,97.05,96.9,,,,0.9319,-0.8953,0.0032,-0.1524,0.1104,-0.2252
2026-09-18,NVDA,219.695,2026-09-18T17:55:18.266276536Z,2026-10-23,35,C,125.0,0.568971,NVDA261023C00125000,95.68,96.08,95.88,,,,,,,,,
2026-09-18,NVDA,219.695,2026-09-18T17:55:25.907752271Z,2026-10-23,35,C,130.0,0.591729,NVDA261023C00130000,89.46,90.22,89.84,9,,,,,,,,
2026-09-18,NVDA,219.695,2026-09-18T17:55:28.109547803Z,2026-10-23,35,C,135.0,0.614488,NVDA261023C00135000,85.51,86.99,86.25,4,,,0.9548,0.9647,0.0012,-0.0857,0.0529,0.1206
2026-09-18,NVDA,219.695,2026-09-18T17:55:16.279191705Z,2026-10-23,35,C,140.0,0.637247,NVDA261023C00140000,78.88,80.77,79.825,2,,,,,,,,
2026-09-18,NVDA,219.695,2026-09-18T17:55:18.088603995Z,2026-10-23,35,C,145.0,0.660006,NVDA261023C00145000,76.25,76.65,76.45,1,,,0.8625,0.9558,0.0016,-0.0926,0.0636,0.1281
2026-09-18,NVDA,219.695,2026-09-18T17:55:20.437394013Z,2026-10-23,35,C,150.0,0.682765,NVDA261023C00150000,71.44,71.79,71.615,7,,,0.8254,0.9491,0.0019,-0.0986,0.0712,0.1313
2026-09-18,NVDA,219.695,2026-09-18T17:55:28.122708999Z,2026-10-23,35,C,290.0,1.320012,NVDA261023C00290000,0.09,0.12,0.105,1,,,0.3822,0.0121,0.0012,-0.012,0.0214,0.0025
2026-09-18,NVDA,219.695,2026-09-18T17:55:28.097694591Z,2026-10-23,35,C,295.0,1.342771,NVDA261023C00295000,0.07,0.09,0.08,20,,,0.3892,0.0093,0.0009,-0.0097,0.017,0.0019
2026-09-18,NVDA,219.695,2026-09-18T17:55:28.123105626Z,2026-10-23,35,C,300.0,1.365529,NVDA261023C00300000,0.06,0.08,0.07,8,,,0.4022,0.008,0.0008,-0.0088,0.0149,0.0016
2026-09-18,NVDA,219.695,2026-09-18T17:55:23.620147479Z,2026-10-23,35,C,305.0,1.388288,NVDA261023C00305000,0.05,0.07,0.06,24,,,0.4135,0.0068,0.0007,-0.0078,0.0129,0.0014
2026-09-18,NVDA,219.695,2026-09-18T17:55:22.94487658Z,2026-10-23,35,C,310.0,1.411047,NVDA261023C00310000,0.01,0.07,0.04,2,,,0.4131,0.0047,0.0005,-0.0056,0.0093,0.001
2026-09-18,NVDA,219.695,2026-09-18T17:42:45.492817566Z,2026-10-23,35,C,315.0,1.433806,NVDA261023C00315000,0.03,0.06,0.045,3,,,0.4354,0.005,0.0005,-0.0062,0.0098,0.001
2026-09-18,NVDA,219.695,2026-09-18T17:53:00.485458071Z,2026-10-23,35,P,125.0,0.568971,NVDA261023P00125000,0.07,0.1,0.085,1,,,0.7442,-0.005,0.0003,-0.0103,0.0098,-0.0011
2026-09-18,NVDA,219.695,2026-09-18T17:55:20.45604566Z,2026-10-23,35,P,130.0,0.591729,NVDA261023P00130000,0.13,0.16,0.145,1,,,0.7447,-0.008,0.0004,-0.0157,0.015,-0.0018
2026-09-18,NVDA,219.695,2026-09-18T17:55:29.59134962Z,2026-10-23,35,P,135.0,0.614488,NVDA261023P00135000,0.1,0.18,0.14,46,,,0.6933,-0.0083,0.0005,-0.0151,0.0155,-0.0019
2026-09-18,NVDA,219.695,2026-09-18T17:55:29.587319946Z,2026-10-23,35,P,140.0,0.637247,NVDA261023P00140000,0.16,0.2,0.18,28,,,0.6692,-0.0108,0.0006,-0.0183,0.0194,-0.0025
2026-09-18,NVDA,219.695,2026-09-18T17:55:29.558385962Z,2026-10-23,35,P,145.0,0.660006,NVDA261023P00145000,0.15,0.21,0.18,5,,,0.6229,-0.0116,0.0007,-0.018,0.0206,-0.0026
2026-09-18,NVDA,219.695,2026-09-18T17:55:29.53420365Z,2026-10-23,35,P,150.0,0.682765,NVDA261023P00150000,0.17,0.2,0.185,11,,,0.5802,-0.0127,0.0008,-0.0182,0.0223,-0.0029
2026-09-18,NVDA,219.695,2026-09-18T17:55:11.372189315Z,2026-10-23,35,P,290.0,1.320012,NVDA261023P00290000,70.25,71.69,70.97,,,,0.6292,-0.9045,0.004,-0.0749,0.1154,-0.2586
2026-09-18,NVDA,219.695,2026-09-18T17:55:11.37218462Z,2026-10-23,35,P,295.0,1.342771,NVDA261023P00295000,75.5,75.9,75.7,,,,0.6343,-0.9166,0.0036,-0.0649,0.1043,-0.2657
2026-09-18,NVDA,219.695,2026-09-18T17:55:11.372204426Z,2026-10-23,35,P,300.0,1.365529,NVDA261023P00300000,81.55,81.95,81.75,,,,0.7525,-0.8857,0.0038,-0.1118,0.1315,-0.265
2026-09-18,NVDA,219.695,2026-09-18T17:55:11.372280287Z,2026-10-23,35,P,305.0,1.388288,NVDA261023P00305000,86.51,86.91,86.71,,,,0.779,-0.8894,0.0036,-0.1127,0.1284,-0.2705
2026-09-18,NVDA,219.695,2026-09-18T17:55:11.320972486Z,2026-10-23,35,P,310.0,1.411047,NVDA261023P00310000,91.37,92.17,91.77,,,,0.8126,-0.8901,0.0034,-0.1176,0.1278,-0.2755
2026-09-18,NVDA,219.695,2026-09-18T17:55:09.5967143Z,2026-10-23,35,P,315.0,1.433806,NVDA261023P00315000,95.4,96.99,96.195,,,,0.7926,-0.9082,0.0031,-0.0953,0.1121,-0.2836
2026-09-18,TSLA,363.71,2026-09-18T17:55:32.450051954Z,2026-10-16,28,C,155.0,0.426164,TSLA261016C00155000,202.72,208.66,205.69,6,,,,,,,,
2026-09-18,TSLA,363.71,2026-09-18T17:55:31.47742252Z,2026-10-16,28,C,160.0,0.439911,TSLA261016C00160000,200.6,210.54,205.57,2,,,,,,,,
2026-09-18,TSLA,363.71,2026-09-18T17:55:32.863096962Z,2026-10-16,28,C,165.0,0.453658,TSLA261016C00165000,196.72,199.6,198.16,1,,,,,,,,
2026-09-18,TSLA,363.71,2026-09-18T17:55:31.47749233Z,2026-10-16,28,C,170.0,0.467405,TSLA261016C00170000,186.78,198.12,192.45,2,,,,,,,,
2026-09-18,TSLA,363.71,2026-09-18T17:55:32.869317489Z,2026-10-16,28,C,175.0,0.481153,TSLA261016C00175000,191.33,192,191.665,400,,,,,,,,
2026-09-18,TSLA,363.71,2026-09-18T17:55:32.450116995Z,2026-10-16,28,C,180.0,0.4949,TSLA261016C00180000,180.41,183.7,182.055,9,,,,,,,,
2026-09-18,TSLA,363.71,2026-09-18T17:55:32.864329957Z,2026-10-16,28,C,185.0,0.508647,TSLA261016C00185000,173.52,182.24,177.88,1,,,,,,,,
2026-09-18,TSLA,363.71,2026-09-18T17:55:32.968097338Z,2026-10-16,28,C,195.0,0.536141,TSLA261016C00195000,162.59,173.55,168.07,4,,,,,,,,
2026-09-18,TSLA,363.71,2026-09-18T17:55:32.450081889Z,2026-10-16,28,C,200.0,0.549889,TSLA261016C00200000,163.32,167.35,165.335,30,,,,,,,,
2026-09-18,TSLA,363.71,2026-09-18T17:55:32.870920919Z,2026-10-16,28,C,205.0,0.563636,TSLA261016C00205000,157.44,163.66,160.55,4,,,,,,,,
2026-09-18,TSLA,363.71,2026-09-18T17:55:32.856717776Z,2026-10-16,28,C,210.0,0.577383,TSLA261016C00210000,151.58,155.95,153.765,1,,,,,,,,
2026-09-18,TSLA,363.71,2026-09-18T17:55:32.923786876Z,2026-10-16,28,C,215.0,0.59113,TSLA261016C00215000,144.69,153.74,149.215,1,,,0.6688,0.9984,0.0001,-0.0291,0.0053,0.164
2026-09-18,TSLA,363.71,2026-09-18T17:55:32.450116995Z,2026-10-16,28,C,220.0,0.604878,TSLA261016C00220000,141.99,145.05,143.52,1,,,,,,,,
2026-09-18,TSLA,363.71,2026-09-18T17:55:32.8714419Z,2026-10-16,28,C,225.0,0.618625,TSLA261016C00225000,137.72,140.33,139.025,2,,,,,,,,
2026-09-18,TSLA,363.71,2026-09-18T17:55:32.889304491Z,2026-10-16,28,C,230.0,0.632372,TSLA261016C00230000,131.98,134.05,133.015,2,,,,,,,,
2026-09-18,TSLA,363.71,2026-09-18T17:55:32.857463983Z,2026-10-16,28,C,240.0,0.659866,TSLA261016C00240000,123.72,127.43,125.575,2,,,0.8881,0.9659,0.0008,-0.145,0.0762,0.173
2026-09-18,TSLA,363.71,2026-09-18T17:55:32.858455901Z,2026-10-16,28,C,245.0,0.673614,TSLA261016C00245000,116.9,121.48,119.19,13,,,,,,,,
2026-09-18,TSLA,363.71,2026-09-18T17:55:32.979514679Z,2026-10-16,28,C,250.0,0.687361,TSLA261016C00250000,112.97,114.46,113.715,16,,,,,,,,
2026-09-18,TSLA,363.71,2026-09-18T17:55:32.479652469Z,2026-10-16,28,C,480.0,1.319733,TSLA261016C00480000,0.51,0.53,0.52,21,,,0.5016,0.0281,0.0013,-0.0592,0.0649,0.0074
2026-09-18,TSLA,363.71,2026-09-18T17:55:32.481762787Z,2026-10-16,28,C,485.0,1.33348,TSLA261016C00485000,0.46,0.48,0.47,9,,,0.509,0.0254,0.0012,-0.0551,0.0596,0.0067
2026-09-18,TSLA,363.71,2026-09-18T17:55:32.465077707Z,2026-10-16,28,C,490.0,1.347227,TSLA261016C00490000,0.38,0.4,0.39,38,,,0.5095,0.0215,0.001,-0.0479,0.0518,0.0057
2026-09-18,TSLA,363.71,2026-09-18T17:55:32.487651678Z,2026-10-16,28,C,495.0,1.360974,TSLA261016C00495000,0.39,0.41,0.4,23,,,0.5259,0.0214,0.001,-0.0493,0.0516,0.0057
2026-09-18,TSLA,363.71,2026-09-18T17:55:33.547579523Z,2026-10-16,28,C,500.0,1.374722,TSLA261016C00500000,0.36,0.37,0.365,915,,,0.5332,0.0195,0.0009,-0.0461,0.0477,0.0052
2026-09-18,TSLA,363.71,2026-09-18T17:55:32.479772736Z,2026-10-16,28,C,505.0,1.388469,TSLA261016C00505000,0.33,0.35,0.34,1,,,0.5417,0.0181,0.0008,-0.0439,0.0447,0.0048
2026-09-18,TSLA,363.71,2026-09-18T17:55:31.461514705Z,2026-10-16,28,C,510.0,1.402216,TSLA261016C00510000,0.3,0.32,0.31,2,,,0.5483,0.0164,0.0007,-0.041,0.0413,0.0043
2026-09-18,TSLA,363.71,2026-09-18T17:55:32.450228354Z,2026-10-16,28,C,520.0,1.42971,TSLA261016C00520000,0.26,0.28,0.27,1,,,0.5644,0.0142,0.0006,-0.0371,0.0363,0.0037
2026-09-18,TSLA,363.71,2026-09-18T17:55:32.551007656Z,2026-10-16,28,C,525.0,1.443458,TSLA261016C00525000,0.2,0.22,0.21,4,,,0.559,0.0114,0.0005,-0.0304,0.0301,0.003
2026-09-18,TSLA,363.71,2026-09-18T17:55:32.483080633Z,2026-10-16,28,C,530.0,1.457205,TSLA261016C00530000,0.23,0.25,0.24,25,,,0.581,0.0124,0.0006,-0.0341,0.0324,0.0033
2026-09-18,TSLA,363.71,2026-09-18T17:55:31.461209589Z,2026-10-16,28,C,535.0,1.470952,TSLA261016C00535000,0.21,0.23,0.22,1,,,0.5869,0.0114,0.0005,-0.0319,0.0301,0.003
2026-09-18,TSLA,363.71,2026-09-18T17:55:31.461519257Z,2026-10-16,28,C,540.0,1.484699,TSLA261016C00540000,0.2,0.22,0.21,5,,,0.5956,0.0108,0.0005,-0.0309,0.0287,0.0028
2026-09-18,TSLA,363.71,2026-09-18T17:55:32.48315079Z,2026-10-16,28,C,545.0,1.498447,TSLA261016C00545000,0.15,0.17,0.16,1,,,0.5881,0.0085,0.0004,-0.0248,0.0233,0.0023
2026-09-18,TSLA,363.71,2026-09-18T17:55:31.461560109Z,2026-10-16,28,C,550.0,1.512194,TSLA261016C00550000,0.14,0.2,0.17,7,,,0.6038,0.0088,0.0004,-0.0262,0.024,0.0023
2026-09-18,TSLA,363.71,2026-09-18T17:55:33.044098711Z,2026-10-16,28,C,555.0,1.525941,TSLA261016C00555000,0.17,0.19,0.18,3,,,0.6194,0.0091,0.0004,-0.0276,0.0246,0.0024
2026-09-18,TSLA,363.71,2026-09-18T17:55:32.481171217Z,2026-10-16,28,C,560.0,1.539688,TSLA261016C00560000,0.16,0.18,0.17,3,,,0.6265,0.0085,0.0004,-0.0264,0.0233,0.0022
2026-09-18,TSLA,363.71,2026-09-18T17:55:31.452547868Z,2026-10-16,28,C,570.0,1.567183,TSLA261016C00570000,0.14,0.16,0.15,3,,,0.6395,0.0075,0.0003,-0.024,0.0208,0.002
2026-09-18,TSLA,363.71,2026-09-18T17:55:34.405017212Z,2026-10-16,28,P,155.0,0.426164,TSLA261016P00155000,0.06,0.08,0.07,10,,,,,,,,
2026-09-18,TSLA,363.71,2026-09-18T17:55:33.029717679Z,2026-10-16,28,P,160.0,0.439911,TSLA261016P00160000,0.07,0.08,0.075,20,,,,,,,,
2026-09-18,TSLA,363.71,2026-09-18T17:55:32.520303066Z,2026-10-16,28,P,165.0,0.453658,TSLA261016P00165000,0.07,0.09,0.08,49,,,,,,,,
2026-09-18,TSLA,363.71,2026-09-18T17:55:32.488191508Z,2026-10-16,28,P,170.0,0.467405,TSLA261016P00170000,0.08,0.1,0.09,43,,,,,,,,
2026-09-18,TSLA,363.71,2026-09-18T17:55:32.482041766Z,2026-10-16,28,P,175.0,0.481153,TSLA261016P00175000,0.09,0.11,0.1,21,,,,,,,,
2026-09-18,TSLA,363.71,2026-09-18T17:55:34.405728661Z,2026-10-16,28,P,180.0,0.4949,TSLA261016P00180000,0.06,0.08,0.07,1150,,,,,,,,
2026-09-18,TSLA,363.71,2026-09-18T17:55:31.461498879Z,2026-10-16,28,P,185.0,0.508647,TSLA261016P00185000,0.07,0.09,0.08,4,,,,,,,,
2026-09-18,TSLA,363.71,2026-09-18T17:55:32.481966569Z,2026-10-16,28,P,195.0,0.536141,TSLA261016P00195000,0.09,0.11,0.1,1087,,,,,,,,
2026-09-18,TSLA,363.71,2026-09-18T17:55:31.461519998Z,2026-10-16,28,P,200.0,0.549889,TSLA261016P00200000,0.11,0.17,0.14,1,,,,,,,,
2026-09-18,TSLA,363.71,2026-09-18T17:55:31.461538859Z,2026-10-16,28,P,205.0,0.563636,TSLA261016P00205000,0.16,0.18,0.17,1,,,,,,,,
2026-09-18,TSLA,363.71,2026-09-18T17:55:31.4615242Z,2026-10-16,28,P,210.0,0.577383,TSLA261016P00210000,0.18,0.2,0.19,1,,,,,,,,
2026-09-18,TSLA,363.71,2026-09-18T17:55:34.404165625Z,2026-10-16,28,P,215.0,0.59113,TSLA261016P00215000,0.2,0.22,0.21,188,,,0.818,-0.0072,0.0002,-0.0293,0.0202,-0.0022
2026-09-18,TSLA,363.71,2026-09-18T17:55:34.320756027Z,2026-10-16,28,P,220.0,0.604878,TSLA261016P00220000,0.22,0.24,0.23,43,,,0.7949,-0.0081,0.0003,-0.0313,0.0223,-0.0024
2026-09-18,TSLA,363.71,2026-09-18T17:55:31.461538859Z,2026-10-16,28,P,225.0,0.618625,TSLA261016P00225000,0.2,0.26,0.23,1,,,0.7629,-0.0084,0.0003,-0.0311,0.0231,-0.0025
2026-09-18,TSLA,363.71,2026-09-18T17:55:34.404165625Z,2026-10-16,28,P,230.0,0.632372,TSLA261016P00230000,0.22,0.24,0.23,25,,,0.7316,-0.0088,0.0003,-0.0309,0.0239,-0.0026
2026-09-18,TSLA,363.71,2026-09-18T17:55:32.648834527Z,2026-10-16,28,P,240.0,0.659866,TSLA261016P00240000,0.32,0.34,0.33,14,,,0.7049,-0.0126,0.0005,-0.0406,0.0327,-0.0038
2026-09-18,TSLA,363.71,2026-09-18T17:55:33.725010585Z,2026-10-16,28,P,245.0,0.673614,TSLA261016P00245000,0.3,0.36,0.33,2,,,0.674,-0.0131,0.0005,-0.0403,0.0339,-0.0039
2026-09-18,TSLA,363.71,2026-09-18T17:55:34.40351881Z,2026-10-16,28,P,250.0,0.687361,TSLA261016P00250000,0.37,0.39,0.38,271,,,0.6572,-0.0152,0.0006,-0.0447,0.0386,-0.0045
2026-09-18,TSLA,363.71,2026-09-18T17:55:32.450081359Z,2026-10-16,28,P,480.0,1.319733,TSLA261016P00480000,113.96,120.17,117.065,1,,,0.6483,-0.9252,0.0022,-0.1162,0.1422,-0.3478
2026-09-18,TSLA,363.71,2026-09-18T17:55:33.032610917Z,2026-10-16,28,P,485.0,1.33348,TSLA261016P00485000,120.63,126.13,123.38,4,,,0.7497,-0.898,0.0024,-0.192,0.1793,-0.3451
2026-09-18,TSLA,363.71,2026-09-18T17:55:34.404179894Z,2026-10-16,28,P,490.0,1.347227,TSLA261016P00490000,124.48,132.34,128.41,15,,,0.7715,-0.8991,0.0023,-0.1965,0.1779,-0.3492
2026-09-18,TSLA,363.71,2026-09-18T17:55:33.033597691Z,2026-10-16,28,P,495.0,1.360974,TSLA261016P00495000,129.91,134.52,132.215,1,,,0.7162,-0.9253,0.002,-0.1316,0.1421,-0.3595
2026-09-18,TSLA,363.71,2026-09-18T17:55:33.01315818Z,2026-10-16,28,P,500.0,1.374722,TSLA261016P00500000,131.72,140.37,136.045,1,,,0.635,-0.9561,0.0015,-0.0544,0.0935,-0.371
2026-09-18,TSLA,363.71,2026-09-18T17:55:32.990920187Z,2026-10-16,28,P,505.0,1.388469,TSLA261016P00505000,141.19,144.13,142.66,1,,,0.7837,-0.918,0.0019,-0.1625,0.1525,-0.3655
2026-09-18,TSLA,363.71,2026-09-18T17:55:33.03776185Z,2026-10-16,28,P,510.0,1.402216,TSLA261016P00510000,141.57,151.19,146.38,1,,,0.7032,-0.948,0.0015,-0.0822,0.1072,-0.3767
2026-09-18,TSLA,363.71,2026-09-18T17:55:34.4059241Z,2026-10-16,28,P,520.0,1.42971,TSLA261016P00520000,154.93,161.89,158.41,4,,,0.8859,-0.9072,0.0019,-0.2124,0.1672,-0.3745
2026-09-18,TSLA,363.71,2026-09-18T17:55:33.031863233Z,2026-10-16,28,P,525.0,1.443458,TSLA261016P00525000,160.56,167.25,163.905,3,,,0.9329,-0.9,0.0019,-0.242,0.1767,-0.3767
2026-09-18,TSLA,363.71,2026-09-18T17:55:34.404210002Z,2026-10-16,28,P,530.0,1.457205,TSLA261016P00530000,166.02,170.63,168.325,2,,,0.9167,-0.9108,0.0017,-0.2124,0.1624,-0.3831
2026-09-18,TSLA,363.71,2026-09-18T17:55:33.031867909Z,2026-10-16,28,P,535.0,1.470952,TSLA261016P00535000,171.33,175.09,173.21,26,,,0.9272,-0.9138,0.0017,-0.2082,0.1583,-0.3877
2026-09-18,TSLA,363.71,2026-09-18T17:55:34.405688549Z,2026-10-16,28,P,540.0,1.484699,TSLA261016P00540000,176.76,180.21,178.485,2,,,0.9617,-0.9101,0.0017,-0.2263,0.1634,-0.3907
2026-09-18,TSLA,363.71,2026-09-18T17:55:34.405001864Z,2026-10-16,28,P,545.0,1.498447,TSLA261016P00545000,178.42,187.74,183.08,30,,,0.9532,-0.9178,0.0016,-0.2049,0.1528,-0.3964
2026-09-18,TSLA,363.71,2026-09-18T17:55:33.031867909Z,2026-10-16,28,P,550.0,1.512194,TSLA261016P00550000,184.31,192.61,188.46,69,,,,,,,,
2026-09-18,TSLA,363.71,2026-09-18T17:55:32.449769867Z,2026-10-16,28,P,555.0,1.525941,TSLA261016P00555000,185.95,196.02,190.985,,,,0.8093,-0.961,0.001,-0.0652,0.0851,-0.4145
2026-09-18,TSLA,363.71,2026-09-18T17:55:33.031867909Z,2026-10-16,28,P,560.0,1.539688,TSLA261016P00560000,191.75,204.07,197.91,22,,,,,,,,
2026-09-18,TSLA,363.71,2026-09-18T17:55:32.990419117Z,2026-10-16,28,P,570.0,1.567183,TSLA261016P00570000,201.38,209.28,205.33,22,,,0.7587,-0.9784,0.0007,-0.0107,0.0521,-0.4304
2026-09-18,TSLA,363.71,2026-09-18T17:55:32.583756184Z,2026-10-23,35,C,150.0,0.412416,TSLA261023C00150000,210.62,218.74,214.68,4,,,,,,,,
2026-09-18,TSLA,363.71,2026-09-18T17:55:30.963820062Z,2026-10-23,35,C,160.0,0.439911,TSLA261023C00160000,199.85,205.83,202.84,1,,,,,,,,
2026-09-18,TSLA,363.71,2026-09-18T17:55:32.958812602Z,2026-10-23,35,C,170.0,0.467405,TSLA261023C00170000,186.87,196.78,191.825,,,,,,,,,
2026-09-18,TSLA,363.71,2026-09-18T17:55:31.476572515Z,2026-10-23,35,C,180.0,0.4949,TSLA261023C00180000,181.5,184.53,183.015,,,,,,,,,
2026-09-18,TSLA,363.71,2026-09-18T17:55:31.476532066Z,2026-10-23,35,C,190.0,0.522394,TSLA261023C00190000,176.04,177.43,176.735,1,,,,,,,,
2026-09-18,TSLA,363.71,2026-09-18T17:55:33.253309858Z,2026-10-23,35,C,200.0,0.549889,TSLA261023C00200000,161.61,170.57,166.09,1,,,,,,,,
2026-09-18,TSLA,363.71,2026-09-18T17:55:31.476541601Z,2026-10-23,35,C,210.0,0.577383,TSLA261023C00210000,149.67,158.5,154.085,3,,,,,,,,
2026-09-18,TSLA,363.71,2026-09-18T17:55:32.450687206Z,2026-10-23,35,C,220.0,0.604878,TSLA261023C00220000,140.15,143.39,141.77,1,,,,,,,,
2026-09-18,TSLA,363.71,2026-09-18T17:55:33.029911986Z,2026-10-23,35,C,230.0,0.632372,TSLA261023C00230000,132.17,137.92,135.045,2,,,0.7617,0.981,0.0005,-0.0805,0.0522,0.2125
2026-09-18,TSLA,363.71,2026-09-18T17:55:32.450733311Z,2026-10-23,35,C,240.0,0.659866,TSLA261023C00240000,121.62,130.169,125.8945,,,,0.8114,0.9635,0.0009,-0.1283,0.09,0.2152
2026-09-18,TSLA,363.71,2026-09-18T17:55:32.454386039Z,2026-10-23,35,C,245.0,0.673614,TSLA261023C00245000,114.5,123.47,118.985,,,,,,,,,
2026-09-18,TSLA,363.71,2026-09-18T17:55:32.450672898Z,2026-10-23,35,C,250.0,0.687361,TSLA261023C00250000,109.83,116.26,113.045,18,,,,,,,,
2026-09-18,TSLA,363.71,2026-09-18T17:55:33.449712353Z,2026-10-23,35,C,480.0,1.319733,TSLA261023C00480000,0.98,1.1,1.04,14,,,0.5046,0.0468,0.0017,-0.0812,0.1102,0.0153
2026-09-18,TSLA,363.71,2026-09-18T17:55:32.449851831Z,2026-10-23,35,C,485.0,1.33348,TSLA261023C00485000,0.88,0.94,0.91,2,,,0.5071,0.0415,0.0016,-0.074,0.1,0.0136
2026-09-18,TSLA,363.71,2026-09-18T17:55:32.449851831Z,2026-10-23,35,C,490.0,1.347227,TSLA261023C00490000,0.83,0.86,0.845,3,,,0.5149,0.0384,0.0014,-0.0705,0.0939,0.0126
2026-09-18,TSLA,363.71,2026-09-18T17:55:32.449304483Z,2026-10-23,35,C,495.0,1.360974,TSLA261023C00495000,0.72,0.82,0.77,12,,,0.5207,0.0351,0.0013,-0.0661,0.0872,0.0115
2026-09-18,TSLA,363.71,2026-09-18T17:55:33.581004782Z,2026-10-23,35,C,500.0,1.374722,TSLA261023C00500000,0.65,0.71,0.68,28,,,0.5235,0.0313,0.0012,-0.0605,0.0794,0.0103
2026-09-18,TSLA,363.71,2026-09-18T17:55:32.461517965Z,2026-10-23,35,C,505.0,1.388469,TSLA261023C00505000,0.63,0.65,0.64,11,,,0.5317,0.0293,0.0011,-0.0581,0.0751,0.0096
2026-09-18,TSLA,363.71,2026-09-18T17:55:32.583092628Z,2026-10-23,35,C,510.0,1.402216,TSLA261023C00510000,0.58,0.64,0.61,1,,,0.5407,0.0277,0.001,-0.0564,0.0717,0.0091
2026-09-18,TSLA,363.71,2026-09-18T17:55:32.450613672Z,2026-10-23,35,C,520.0,1.42971,TSLA261023C00520000,0.49,0.55,0.52,3,,,0.5525,0.0236,0.0009,-0.0503,0.0627,0.0077
2026-09-18,TSLA,363.71,2026-09-18T17:55:32.599752316Z,2026-10-23,35,C,525.0,1.443458,TSLA261023C00525000,0.42,0.47,0.445,,,,0.5521,0.0206,0.0008,-0.0447,0.0558,0.0067
2026-09-18,TSLA,363.71,2026-09-18T17:55:33.476621197Z,2026-10-23,35,C,530.0,1.457205,TSLA261023C00530000,0.43,0.47,0.45,1,,,0.5649,0.0204,0.0008,-0.0454,0.0553,0.0067
2026-09-18,TSLA,363.71,2026-09-18T17:55:33.581004782Z,2026-10-23,35,C,535.0,1.470952,TSLA261023C00535000,0.36,0.45,0.405,1,,,0.5681,0.0184,0.0007,-0.042,0.0509,0.006
2026-09-18,TSLA,363.71,2026-09-18T17:55:32.45591049Z,2026-10-23,35,C,540.0,1.484699,TSLA261023C00540000,0.33,0.38,0.355,1,,,0.5692,0.0164,0.0006,-0.0379,0.0459,0.0054
2026-09-18,TSLA,363.71,2026-09-18T17:55:32.448066519Z,2026-10-23,35,C,545.0,1.498447,TSLA261023C00545000,0.35,0.39,0.37,1,,,0.5837,0.0166,0.0006,-0.0394,0.0466,0.0054
2026-09-18,TSLA,363.71,2026-09-18T17:55:33.538804186Z,2026-10-23,35,C,550.0,1.512194,TSLA261023C00550000,0.33,0.38,0.355,10,,,0.5915,0.0158,0.0006,-0.0383,0.0447,0.0052
2026-09-18,TSLA,363.71,2026-09-18T17:55:32.508454901Z,2026-10-23,35,C,555.0,1.525941,TSLA261023C00555000,0.27,0.35,0.31,2,,,0.5917,0.014,0.0005,-0.0345,0.0402,0.0046
2026-09-18,TSLA,363.71,2026-09-18T17:55:33.581004782Z,2026-10-23,35,C,560.0,1.539688,TSLA261023C00560000,0.29,0.3,0.295,1,,,0.5985,0.0133,0.0005,-0.0333,0.0384,0.0043
2026-09-18,TSLA,363.71,2026-09-18T17:55:32.458476111Z,2026-10-23,35,C,570.0,1.567183,TSLA261023C00570000,0.26,0.31,0.285,1,,,0.6167,0.0125,0.0005,-0.0326,0.0365,0.0041
2026-09-18,TSLA,363.71,2026-09-18T17:55:32.456085051Z,2026-10-23,35,C,575.0,1.58093,TSLA261023C00575000,0.21,0.29,0.25,11,,,0.6167,0.0111,0.0004,-0.0294,0.033,0.0036
2026-09-18,TSLA,363.71,2026-09-18T17:55:31.462166143Z,2026-10-23,35,P,150.0,0.412416,TSLA261023P00150000,0.09,0.14,0.115,4,,,,,,,,
2026-09-18,TSLA,363.71,2026-09-18T17:55:34.405016512Z,2026-10-23,35,P,160.0,0.439911,TSLA261023P00160000,0.11,0.16,0.135,2,,,,,,,,
2026-09-18,TSLA,363.71,2026-09-18T17:55:31.417815064Z,2026-10-23,35,P,170.0,0.467405,TSLA261023P00170000,0.09,0.18,0.135,2,,,,,,,,
2026-09-18,TSLA,363.71,2026-09-18T17:55:34.404594852Z,2026-10-23,35,P,180.0,0.4949,TSLA261023P00180000,0.16,0.2,0.18,5,,,,,,,,
2026-09-18,TSLA,363.71,2026-09-18T17:55:32.454058366Z,2026-10-23,35,P,190.0,0.522394,TSLA261023P00190000,0.15,0.19,0.17,1,,,,,,,,
2026-09-18,TSLA,363.71,2026-09-18T17:55:34.019973733Z,2026-10-23,35,P,200.0,0.549889,TSLA261023P00200000,0.23,0.28,0.255,1,,,,,,,,
2026-09-18,TSLA,363.71,2026-09-18T17:55:32.453603087Z,2026-10-23,35,P,210.0,0.577383,TSLA261023P00210000,0.23,0.32,0.275,2,,,0.7892,-0.0086,0.0003,-0.0292,0.0263,-0.0033
2026-09-18,TSLA,363.71,2026-09-18T17:55:34.474932463Z,2026-10-23,35,P,220.0,0.604878,TSLA261023P00220000,0.28,0.33,0.305,4,,,0.7393,-0.01,0.0003,-0.0314,0.0301,-0.0038
2026-09-18,TSLA,363.71,2026-09-18T17:55:32.450093988Z,2026-10-23,35,P,230.0,0.632372,TSLA261023P00230000,0.38,0.43,0.405,1,,,0.7089,-0.0135,0.0004,-0.0388,0.0389,-0.0051
2026-09-18,TSLA,363.71,2026-09-18T17:55:34.043504789Z,2026-10-23,35,P,240.0,0.659866,TSLA261023P00240000,0.46,0.49,0.475,5,,,0.6666,-0.0165,0.0005,-0.0433,0.0462,-0.0062
2026-09-18,TSLA,363.71,2026-09-18T17:55:32.446415202Z,2026-10-23,35,P,245.0,0.673614,TSLA261023P00245000,0.5,0.52,0.51,1,,,0.6449,-0.0181,0.0006,-0.0454,0.0501,-0.0068
2026-09-18,TSLA,363.71,2026-09-18T17:55:34.490730071Z,2026-10-23,35,P,250.0,0.687361,TSLA261023P00250000,0.52,0.57,0.545,3,,,0.6228,-0.0198,0.0007,-0.0473,0.0541,-0.0074
2026-09-18,TSLA,363.71,2026-09-18T17:55:32.674152701Z,2026-10-23,35,P,480.0,1.319733,TSLA261023P00480000,114.79,119.57,117.18,2,,,0.607,-0.9138,0.0023,-0.1054,0.177,-0.4309
2026-09-18,TSLA,363.71,2026-09-18T17:55:31.476575111Z,2026-10-23,35,P,485.0,1.33348,TSLA261023P00485000,119.01,127.79,123.4,,,,0.688,-0.8904,0.0024,-0.1596,0.2111,-0.4287
2026-09-18,TSLA,363.71,2026-09-18T17:55:31.476581145Z,2026-10-23,35,P,490.0,1.347227,TSLA261023P00490000,121.85,128.729,125.2895,,,,0.494,-0.9679,0.0013,-0.0061,0.081,-0.4575
2026-09-18,TSLA,363.71,2026-09-18T17:55:31.47324826Z,2026-10-23,35,P,495.0,1.360974,TSLA261023P00495000,128.759,134.28,131.5195,2,,,0.6183,-0.9328,0.0019,-0.079,0.1465,-0.4513
2026-09-18,TSLA,363.71,2026-09-18T17:55:31.476525029Z,2026-10-23,35,P,500.0,1.374722,TSLA261023P00500000,134.64,139.72,137.18,,,,0.677,-0.9189,0.002,-0.1131,0.1691,-0.4519
2026-09-18,TSLA,363.71,2026-09-18T17:55:32.479604265Z,2026-10-23,35,P,505.0,1.388469,TSLA261023P00505000,139.98,145.78,142.88,,,,0.7332,-0.9062,0.002,-0.1469,0.1885,-0.4529
2026-09-18,TSLA,363.71,2026-09-18T17:55:32.45300587Z,2026-10-23,35,P,510.0,1.402216,TSLA261023P00510000,145.65,148.24,146.945,,,,0.6961,-0.9258,0.0018,-0.1054,0.158,-0.4636
2026-09-18,TSLA,363.71,2026-09-18T17:55:31.459554867Z,2026-10-23,35,P,520.0,1.42971,TSLA261023P00520000,153.04,159.83,156.435,,,,0.6936,-0.9384,0.0016,-0.0823,0.1369,-0.4771
2026-09-18,TSLA,363.71,2026-09-18T17:55:32.450621656Z,2026-10-23,35,P,525.0,1.443458,TSLA261023P00525000,158.15,165.61,161.88,,,,0.7402,-0.9295,0.0016,-0.1071,0.1519,-0.4793
2026-09-18,TSLA,363.71,2026-09-18T17:55:31.476536014Z,2026-10-23,35,P,530.0,1.457205,TSLA261023P00530000,165.35,167.57,166.46,,,,0.7266,-0.939,0.0015,-0.0867,0.1359,-0.487
2026-09-18,TSLA,363.71,2026-09-18T17:55:31.476620126Z,2026-10-23,35,P,535.0,1.470952,TSLA261023P00535000,171.93,177.72,174.825,,,,0.9289,-0.8823,0.0019,-0.2418,0.2222,-0.4752
2026-09-18,TSLA,363.71,2026-09-18T17:55:31.476595267Z,2026-10-23,35,P,540.0,1.484699,TSLA261023P00540000,172.09,180.2,176.145,,,,0.7325,-0.9468,0.0013,-0.0719,0.122,-0.499
2026-09-18,TSLA,363.71,2026-09-18T17:55:34.404063683Z,2026-10-23,35,P,545.0,1.498447,TSLA261023P00545000,179.84,187.24,183.54,,,,0.8993,-0.9034,0.0017,-0.1926,0.1926,-0.4909
2026-09-18,TSLA,363.71,2026-09-18T17:55:31.476640368Z,2026-10-23,35,P,550.0,1.512194,TSLA261023P00550000,182.32,192.76,187.54,,,,0.8591,-0.9206,0.0015,-0.1483,0.1664,-0.5008
2026-09-18,TSLA,363.71,2026-09-18T17:55:34.405411854Z,2026-10-23,35,P,555.0,1.525941,TSLA261023P00555000,189.51,198.58,194.045,,,,0.9562,-0.8976,0.0017,-0.2188,0.201,-0.499
2026-09-18,TSLA,363.71,2026-09-18T17:55:34.406399366Z,2026-10-23,35,P,560.0,1.539688,TSLA261023P00560000,194.04,198.72,196.38,,,,0.8099,-0.9432,0.0013,-0.0908,0.1284,-0.5171
2026-09-18,TSLA,363.71,2026-09-18T17:55:33.61132041Z,2026-10-23,35,P,570.0,1.567183,TSLA261023P00570000,200.36,212.64,206.5,,,,0.8477,-0.9415,0.0012,-0.1004,0.1314,-0.5262
2026-09-18,TSLA,363.71,2026-09-18T17:55:33.564759552Z,2026-10-23,35,P,575.0,1.58093,TSLA261023P00575000,209.71,213.36,211.535,,,,0.8644,-0.9412,0.0012,-0.1037,0.132,-0.5309
2026-09-18,USO,154.06,2026-09-18T17:47:13.777462778Z,2026-10-16,28,C,64.0,0.415423,USO261016C00064000,90.04,90.92,90.48,1,,,,,,,,
2026-09-18,USO,154.06,2026-09-18T17:54:18.354073835Z,2026-10-16,28,C,65.0,0.421914,USO261016C00065000,86.09,89.69,87.89,2,,,,,,,,
2026-09-18,USO,154.06,2026-09-18T17:47:13.777493302Z,2026-10-16,28,C,68.0,0.441386,USO261016C00068000,82.95,86.66,84.805,10,,,,,,,,
2026-09-18,USO,154.06,2026-09-18T17:47:13.777500765Z,2026-10-16,28,C,70.0,0.454368,USO261016C00070000,82.05,87.24,84.645,1,,,,,,,,
2026-09-18,USO,154.06,2026-09-18T17:47:13.777493302Z,2026-10-16,28,C,72.0,0.46735,USO261016C00072000,80.96,83.38,82.17,1,,,,,,,,
2026-09-18,USO,154.06,2026-09-18T17:47:13.777500765Z,2026-10-16,28,C,75.0,0.486823,USO261016C00075000,77.53,80.32,78.925,5,,,,,,,,
2026-09-18,USO,154.06,2026-09-18T17:54:33.543538626Z,2026-10-16,28,C,77.0,0.499805,USO261016C00077000,75.61,78.67,77.14,2,,,,,,,,
2026-09-18,USO,154.06,2026-09-18T17:47:13.777515392Z,2026-10-16,28,C,79.0,0.512787,USO261016C00079000,74.09,77.83,75.96,39,,,,,,,,
2026-09-18,USO,154.06,2026-09-18T17:47:13.777523381Z,2026-10-16,28,C,82.0,0.53226,USO261016C00082000,71.82,74.08,72.95,6,,,,,,,,
2026-09-18,USO,154.06,2026-09-18T17:47:13.777537655Z,2026-10-16,28,C,84.0,0.545242,USO261016C00084000,68.81,72.25,70.53,2,,,,,,,,
2026-09-18,USO,154.06,2026-09-18T17:49:09.3171193Z,2026-10-16,28,C,87.0,0.564715,USO261016C00087000,65.519,68.26,66.8895,2,,,,,,,,
2026-09-18,USO,154.06,2026-09-18T17:47:13.777542551Z,2026-10-16,28,C,89.0,0.577697,USO261016C00089000,63.11,68.4,65.755,4,,,,,,,,
2026-09-18,USO,154.06,2026-09-18T17:47:13.777577639Z,2026-10-16,28,C,91.0,0.590679,USO261016C00091000,61.64,66.77,64.205,1,,,,,,,,
2026-09-18,USO,154.06,2026-09-18T17:47:13.777568086Z,2026-10-16,28,C,94.0,0.610152,USO261016C00094000,59.48,61.91,60.695,2,,,0.7458,0.9941,0.0005,-0.0194,0.0072,0.0711
2026-09-18,USO,154.06,2026-09-18T17:47:13.777568086Z,2026-10-16,28,C,96.0,0.623134,USO261016C00096000,56.97,59.76,58.365,4,,,,,,,,
2026-09-18,USO,154.06,2026-09-18T17:47:13.777568086Z,2026-10-16,28,C,98.0,0.636116,USO261016C00098000,53.86,59.3,56.58,6,,,,,,,,
2026-09-18,USO,154.06,2026-09-18T17:55:29.990462213Z,2026-10-16,28,C,101.0,0.655589,USO261016C00101000,52.29,54.75,53.52,5,,,,,,,,
2026-09-18,USO,154.06,2026-09-18T17:48:13.311507592Z,2026-10-16,28,C,103.0,0.668571,USO261016C00103000,50.29,53.66,51.975,2,,,0.783,0.9766,0.0017,-0.0437,0.0237,0.0758
2026-09-18,USO,154.06,2026-09-18T17:48:08.092725584Z,2026-10-16,28,C,105.0,0.681553,USO261016C00105000,48.49,51.3,49.895,5,,,0.7125,0.9806,0.0015,-0.0365,0.0202,0.0778
2026-09-18,USO,154.06,2026-09-18T17:55:29.987400162Z,2026-10-16,28,C,205.0,1.33065,USO261016C00205000,0.5,0.55,0.525,14,,,0.5941,0.0522,0.0042,-0.0492,0.0456,0.0058
2026-09-18,USO,154.06,2026-09-18T17:55:34.793511324Z,2026-10-16,28,C,210.0,1.363105,USO261016C00210000,0.41,0.46,0.435,39,,,0.6119,0.0433,0.0035,-0.0436,0.0392,0.0048
2026-09-18,USO,154.06,2026-09-18T17:54:59.574848051Z,2026-10-16,28,C,215.0,1.39556,USO261016C00215000,0.32,0.42,0.37,145,,,0.6311,0.0366,0.003,-0.0392,0.0343,0.004
2026-09-18,USO,154.06,2026-09-18T17:55:34.985549116Z,2026-10-16,28,C,220.0,1.428015,USO261016C00220000,0.32,0.35,0.335,7,,,0.6554,0.0325,0.0026,-0.0369,0.0311,0.0036
2026-09-18,USO,154.06,2026-09-18T17:54:59.617620128Z,2026-10-16,28,C,225.0,1.46047,USO261016C00225000,0.23,0.31,0.27,3,,,0.6659,0.0265,0.0022,-0.0316,0.0262,0.0029
2026-09-18,USO,154.06,2026-09-18T17:55:02.637816864Z,2026-10-16,28,C,230.0,1.492925,USO261016C00230000,0.18,0.22,0.2,8,,,0.6675,0.0202,0.0017,-0.0252,0.0209,0.0022
2026-09-18,USO,154.06,2026-09-18T17:54:59.573261703Z,2026-10-16,28,C,235.0,1.52538,USO261016C00235000,0.18,0.23,0.205,3,,,0.6999,0.0199,0.0016,-0.0261,0.0206,0.0022
2026-09-18,USO,154.06,2026-09-18T17:55:29.987419613Z,2026-10-16,28,C,240.0,1.557835,USO261016C00240000,0.13,0.17,0.15,41,,,0.6987,0.0151,0.0013,-0.0205,0.0162,0.0017
2026-09-18,USO,154.06,2026-09-18T17:54:59.636515315Z,2026-10-16,28,C,245.0,1.590289,USO261016C00245000,0.12,0.17,0.145,48,,,0.723,0.0142,0.0012,-0.0201,0.0154,0.0016
2026-09-18,USO,154.06,2026-09-18T17:47:13.785407209Z,2026-10-16,28,P,64.0,0.415423,USO261016P00064000,0,0.97,0.485,6,,,,,,,,
2026-09-18,USO,154.06,2026-09-18T15:33:07.307075957Z,2026-10-16,28,P,65.0,0.421914,USO261016P00065000,0,0.12,0.06,2,,,,,,,,
2026-09-18,USO,154.06,2026-09-18T13:32:05.09837205Z,2026-10-16,28,P,68.0,0.441386,USO261016P00068000,0,0.04,0.02,6,,,,,,,,
2026-09-18,USO,154.06,2026-09-18T17:54:44.619461604Z,2026-10-16,28,P,70.0,0.454368,USO261016P00070000,0.01,0.07,0.04,15,,,,,,,,
2026-09-18,USO,154.06,2026-09-18T17:49:25.686158863Z,2026-10-16,28,P,72.0,0.46735,USO261016P00072000,0,0.52,0.26,24,,,,,,,,
2026-09-18,USO,154.06,2026-09-18T17:55:36.622082266Z,2026-10-16,28,P,75.0,0.486823,USO261016P00075000,0,0.39,0.195,49,,,,,,,,
2026-09-18,USO,154.06,2026-09-18T17:55:36.46487662Z,2026-10-16,28,P,77.0,0.499805,USO261016P00077000,0,1.1,0.55,1,,,,,,,,
2026-09-18,USO,154.06,2026-09-18T17:55:36.912921366Z,2026-10-16,28,P,79.0,0.512787,USO261016P00079000,0,2.07,1.035,5,,,,,,,,
2026-09-18,USO,154.06,2026-09-18T17:55:36.66998635Z,2026-10-16,28,P,82.0,0.53226,USO261016P00082000,0.04,0.08,0.06,52,,,,,,,,
2026-09-18,USO,154.06,2026-09-18T17:50:29.7301704Z,2026-10-16,28,P,84.0,0.545242,USO261016P00084000,0.05,0.07,0.06,135,,,,,,,,
2026-09-18,USO,154.06,2026-09-18T17:48:13.321387519Z,2026-10-16,28,P,87.0,0.564715,USO261016P00087000,0.01,0.08,0.045,361,,,,,,,,
2026-09-18,USO,154.06,2026-09-18T17:55:36.634328906Z,2026-10-16,28,P,89.0,0.577697,USO261016P00089000,0,1.38,0.69,6,,,,,,,,
2026-09-18,USO,154.06,2026-09-18T17:55:36.617496517Z,2026-10-16,28,P,91.0,0.590679,USO261016P00091000,0,2.2,1.1,15,,,,,,,,
2026-09-18,USO,154.06,2026-09-18T17:55:36.625875991Z,2026-10-16,28,P,94.0,0.610152,USO261016P00094000,0,0.71,0.355,1,,,,,,,,
2026-09-18,USO,154.06,2026-09-18T17:55:36.625875991Z,2026-10-16,28,P,96.0,0.623134,USO261016P00096000,0,0.63,0.315,1,,,,,,,,
2026-09-18,USO,154.06,2026-09-18T17:55:02.759592727Z,2026-10-16,28,P,98.0,0.636116,USO261016P00098000,0,0.24,0.12,3,,,,,,,,
2026-09-18,USO,154.06,2026-09-18T17:55:21.892706126Z,2026-10-16,28,P,101.0,0.655589,USO261016P00101000,0.05,0.15,0.1,2,,,0.6855,-0.0095,0.0009,-0.0132,0.0109,-0.0012
2026-09-18,USO,154.06,2026-09-18T17:54:55.765046036Z,2026-10-16,28,P,103.0,0.668571,USO261016P00103000,0,0.17,0.085,1,,,,,,,,
2026-09-18,USO,154.06,2026-09-18T17:55:30.076642133Z,2026-10-16,28,P,105.0,0.681553,USO261016P00105000,0.08,0.16,0.12,126,,,0.6455,-0.0119,0.0011,-0.0151,0.0132,-0.0015
2026-09-18,USO,154.06,2026-09-18T17:47:14.976156898Z,2026-10-16,28,P,205.0,1.33065,USO261016P00205000,49.82,52.04,50.93,2,,,0.6631,-0.9246,0.005,-0.0512,0.0607,-0.1486
2026-09-18,USO,154.06,2026-09-18T17:55:36.624292255Z,2026-10-16,28,P,210.0,1.363105,USO261016P00210000,54.81,56.81,55.81,4,,,0.6869,-0.9342,0.0044,-0.0458,0.0547,-0.1534
2026-09-18,USO,154.06,2026-09-18T17:50:29.731657984Z,2026-10-16,28,P,215.0,1.39556,USO261016P00215000,58.36,60.75,59.555,4,,,,,,,,
2026-09-18,USO,154.06,2026-09-18T17:52:42.987078804Z,2026-10-16,28,P,220.0,1.428015,USO261016P00220000,65.47,66.62,66.045,4,,,0.8131,-0.9262,0.004,-0.0645,0.0598,-0.1603
2026-09-18,USO,154.06,2026-09-18T17:53:43.928323428Z,2026-10-16,28,P,225.0,1.46047,USO261016P00225000,68.05,72.54,70.295,2,,,0.6829,-0.9701,0.0023,-0.0119,0.029,-0.1688
2026-09-18,USO,154.06,2026-09-18T17:47:13.777916268Z,2026-10-16,28,P,230.0,1.492925,USO261016P00230000,73.64,78.87,76.255,1,,,0.9292,-0.9207,0.0037,-0.0815,0.0632,-0.1675
2026-09-18,USO,154.06,2026-09-18T17:47:13.777907381Z,2026-10-16,28,P,235.0,1.52538,USO261016P00235000,77.77,83.45,80.61,1,,,0.8457,-0.952,0.0028,-0.0401,0.0427,-0.1746
2026-09-18,USO,154.06,2026-09-18T17:47:13.777907381Z,2026-10-16,28,P,240.0,1.557835,USO261016P00240000,84.91,87.53,86.22,1,,,1.0013,-0.9254,0.0033,-0.0833,0.0603,-0.1757
2026-09-18,USO,154.06,2026-09-18T17:47:13.777907381Z,2026-10-16,28,P,245.0,1.590289,USO261016P00245000,90.15,91.31,90.73,2,,,0.9456,-0.9476,0.0026,-0.052,0.0458,-0.1818
2026-09-18,USO,154.06,2026-09-18T17:55:12.896058993Z,2026-10-23,35,C,65.0,0.421914,USO261023C00065000,88.7,91.79,90.245,,,,,,,,,
2026-09-18,USO,154.06,2026-09-18T17:55:24.598069681Z,2026-10-23,35,C,70.0,0.454368,USO261023C00070000,83.71,85.37,84.54,,,,,,,,,
2026-09-18,USO,154.06,2026-09-18T17:53:49.181660726Z,2026-10-23,35,C,75.0,0.486823,USO261023C00075000,77.57,80.81,79.19,,,,,,,,,
2026-09-18,USO,154.06,2026-09-18T17:55:29.993938627Z,2026-10-23,35,C,80.0,0.519278,USO261023C00080000,71.33,76.24,73.785,,,,,,,,,
2026-09-18,USO,154.06,2026-09-18T17:55:02.425010743Z,2026-10-23,35,C,85.0,0.551733,USO261023C00085000,68.06,70.94,69.5,2,,,,,,,,
2026-09-18,USO,154.06,2026-09-18T17:55:34.849028552Z,2026-10-23,35,C,90.0,0.584188,USO261023C00090000,63.57,66.02,64.795,,,,0.7695,0.9918,0.0006,-0.0213,0.0107,0.0847
2026-09-18,USO,154.06,2026-09-18T17:55:33.418741582Z,2026-10-23,35,C,95.0,0.616643,USO261023C00095000,58.03,61.43,59.73,,,,0.5889,0.9972,0.0003,-0.0135,0.0041,0.0903
2026-09-18,USO,154.06,2026-09-18T17:55:29.992910689Z,2026-10-23,35,C,100.0,0.649098,USO261023C00100000,51.54,56.22,53.88,5,,,,,,,,
2026-09-18,USO,154.06,2026-09-18T17:55:29.996044541Z,2026-10-23,35,C,105.0,0.681553,USO261023C00105000,47.19,50.97,49.08,5,,,,,,,,
2026-09-18,USO,154.06,2026-09-18T17:55:31.309963209Z,2026-10-23,35,C,205.0,1.33065,USO261023C00205000,0.73,0.86,0.795,2,,,0.5772,0.0698,0.0049,-0.0539,0.064,0.0096
2026-09-18,USO,154.06,2026-09-18T17:54:40.994500589Z,2026-10-23,35,C,210.0,1.363105,USO261023C00210000,0.68,0.74,0.71,7,,,0.6002,0.0614,0.0042,-0.0506,0.058,0.0084
2026-09-18,USO,154.06,2026-09-18T17:54:17.97321597Z,2026-10-23,35,C,215.0,1.39556,USO261023C00215000,0.56,0.63,0.595,1,,,0.614,0.0517,0.0036,-0.0452,0.0506,0.0071
2026-09-18,USO,154.06,2026-09-18T17:55:30.122559635Z,2026-10-23,35,C,220.0,1.428015,USO261023C00220000,0.44,0.5,0.47,103,,,0.62,0.0418,0.003,-0.0384,0.0427,0.0057
2026-09-18,USO,154.06,2026-09-18T17:47:13.777992115Z,2026-10-23,35,P,65.0,0.421914,USO261023P00065000,0,2.17,1.085,,,,,,,,,
2026-09-18,USO,154.06,2026-09-18T15:43:15.315176116Z,2026-10-23,35,P,70.0,0.454368,USO261023P00070000,0,0.03,0.015,,,,,,,,,
2026-09-18,USO,154.06,2026-09-18T15:43:21.548956003Z,2026-10-23,35,P,75.0,0.486823,USO261023P00075000,0,0.07,0.035,,,,,,,,,
2026-09-18,USO,154.06,2026-09-18T15:45:06.725940465Z,2026-10-23,35,P,80.0,0.519278,USO261023P00080000,0,0.07,0.035,,,,,,,,,
2026-09-18,USO,154.06,2026-09-18T17:55:36.627399902Z,2026-10-23,35,P,85.0,0.551733,USO261023P00085000,0,0.18,0.09,,,,,,,,,
2026-09-18,USO,154.06,2026-09-18T17:55:34.250929175Z,2026-10-23,35,P,90.0,0.584188,USO261023P00090000,0,2.2,1.1,1,,,,,,,,
2026-09-18,USO,154.06,2026-09-18T17:55:36.630983399Z,2026-10-23,35,P,95.0,0.616643,USO261023P00095000,0,0.22,0.11,3,,,,,,,,
2026-09-18,USO,154.06,2026-09-18T17:54:55.751786799Z,2026-10-23,35,P,100.0,0.649098,USO261023P00100000,0,0.14,0.07,2,,,,,,,,
2026-09-18,USO,154.06,2026-09-18T17:55:36.625064118Z,2026-10-23,35,P,105.0,0.681553,USO261023P00105000,0.11,0.15,0.13,1,,,0.585,-0.0126,0.0012,-0.0128,0.0156,-0.002
2026-09-18,USO,154.06,2026-09-18T17:55:36.698428807Z,2026-10-23,35,P,205.0,1.33065,USO261023P00205000,48.47,52.22,50.345,,,,0.5175,-0.9523,0.004,-0.014,0.0475,-0.1892
2026-09-18,USO,154.06,2026-09-18T17:54:44.115876331Z,2026-10-23,35,P,210.0,1.363105,USO261023P00210000,54.13,56.93,55.53,,,,0.5924,-0.9413,0.0041,-0.0258,0.0559,-0.1926
2026-09-18,USO,154.06,2026-09-18T17:55:36.619722777Z,2026-10-23,35,P,215.0,1.39556,USO261023P00215000,59.8,63.76,61.78,1,,,0.799,-0.8851,0.0051,-0.0846,0.0927,-0.1902
2026-09-18,USO,154.06,2026-09-18T17:55:36.625475198Z,2026-10-23,35,P,220.0,1.428015,USO261023P00220000,65.26,68.74,67.0,,,,0.8636,-0.8805,0.0048,-0.0959,0.0953,-0.1946
2026-09-21,AAPL,339.23,2026-09-21T19:45:38.842742181Z,2026-10-16,25,C,230.0,0.678006,AAPL261016C00230000,107.51,110.82,109.165,5,,,,,,,,
2026-09-21,AAPL,339.23,2026-09-21T19:45:37.390425062Z,2026-10-16,25,C,450.0,1.326534,AAPL261016C00450000,0,0.08,0.04,250,,,,,,,,
2026-09-21,AAPL,339.23,2026-09-21T19:45:44.315584532Z,2026-10-16,25,P,230.0,0.678006,AAPL261016P00230000,0.04,0.09,0.065,12,,,0.5787,-0.0039,0.0002,-0.0118,0.0103,-0.001
2026-09-21,AAPL,339.23,2026-09-21T19:45:38.839177151Z,2026-10-16,25,P,450.0,1.326534,AAPL261016P00450000,110.58,112.65,111.615,,,,0.7074,-0.9221,0.0023,-0.1377,0.1294,-0.2907
2026-09-21,AAPL,339.23,2026-09-21T19:45:38.83838552Z,2026-10-23,32,C,230.0,0.678006,AAPL261023C00230000,110.47,113.62,112.045,86,,,0.8719,0.9503,0.0012,-0.1629,0.1031,0.1844
2026-09-21,AAPL,339.23,2026-09-21T19:45:38.848071494Z,2026-10-23,32,P,230.0,0.678006,AAPL261023P00230000,0.01,0.15,0.08,1,,,0.5243,-0.0046,0.0003,-0.0109,0.0135,-0.0014
2026-09-21,NVDA,227.36,2026-09-21T19:45:50.539893542Z,2026-10-16,25,C,130.0,0.57178,NVDA261016C00130000,97.33,97.68,97.505,1,,,,,,,,
2026-09-21,NVDA,227.36,2026-09-21T19:45:50.539898526Z,2026-10-16,25,C,135.0,0.593772,NVDA261016C00135000,91.07,92.91,91.99,7,,,,,,,,
2026-09-21,NVDA,227.36,2026-09-21T19:45:50.539898526Z,2026-10-16,25,C,140.0,0.615764,NVDA261016C00140000,89.58,89.93,89.755,47,,,,,,,,
2026-09-21,NVDA,227.36,2026-09-21T19:45:50.539893542Z,2026-10-16,25,C,145.0,0.637755,NVDA261016C00145000,84.23,84.58,84.405,6,,,,,,,,
2026-09-21,NVDA,227.36,2026-09-21T19:45:50.5389148Z,2026-10-16,25,C,150.0,0.659747,NVDA261016C00150000,79.39,79.79,79.59,8,,,,,,,,
2026-09-21,NVDA,227.36,2026-09-21T19:45:50.53990847Z,2026-10-16,25,C,155.0,0.681738,NVDA261016C00155000,72.54,73.51,73.025,11,,,0.6716,0.9888,0.0007,-0.0397,0.0175,0.104
2026-09-21,NVDA,227.36,2026-09-21T19:45:50.539573511Z,2026-10-16,25,C,300.0,1.319493,NVDA261016C00300000,0.01,0.02,0.015,529,,,0.3652,0.0024,0.0003,-0.0033,0.0044,0.0004
2026-09-21,NVDA,227.36,2026-09-21T19:45:51.083960448Z,2026-10-16,25,C,305.0,1.341485,NVDA261016C00305000,0.01,0.02,0.015,1,,,0.3848,0.0023,0.0003,-0.0033,0.0043,0.0003
2026-09-21,NVDA,227.36,2026-09-21T19:45:50.539423544Z,2026-10-16,25,C,310.0,1.363476,NVDA261016C00310000,0.03,0.04,0.035,11,,,0.4385,0.0044,0.0005,-0.0069,0.0077,0.0007
2026-09-21,NVDA,227.36,2026-09-21T19:45:51.366890585Z,2026-10-16,25,C,315.0,1.385468,NVDA261016C00315000,0.01,0.04,0.025,3,,,0.4435,0.0032,0.0004,-0.0052,0.0058,0.0005
2026-09-21,NVDA,227.36,2026-09-21T19:45:47.96245182Z,2026-10-16,25,C,320.0,1.40746,NVDA261016C00320000,0.03,0.04,0.035,1,,,0.4783,0.0041,0.0004,-0.007,0.0072,0.0006
2026-09-21,NVDA,227.36,2026-09-21T19:45:51.099045427Z,2026-10-16,25,C,325.0,1.429451,NVDA261016C00325000,0,0.04,0.02,9,,,,,,,,
2026-09-21,NVDA,227.36,2026-09-21T19:45:51.764483496Z,2026-10-16,25,P,130.0,0.57178,NVDA261016P00130000,0.06,0.11,0.085,203,,,,,,,,
2026-09-21,NVDA,227.36,2026-09-21T19:45:52.371218817Z,2026-10-16,25,P,135.0,0.593772,NVDA261016P00135000,0.06,0.12,0.09,262,,,,,,,,
2026-09-21,NVDA,227.36,2026-09-21T19:45:52.085653666Z,2026-10-16,25,P,140.0,0.615764,NVDA261016P00140000,0.07,0.09,0.08,574,,,0.7581,-0.0053,0.0003,-0.0135,0.009,-0.0009
2026-09-21,NVDA,227.36,2026-09-21T19:45:51.662003392Z,2026-10-16,25,P,145.0,0.637755,NVDA261016P00145000,0.08,0.14,0.11,542,,,0.7363,-0.0072,0.0005,-0.0174,0.0119,-0.0012
2026-09-21,NVDA,227.36,2026-09-21T19:45:52.371239132Z,2026-10-16,25,P,150.0,0.659747,NVDA261016P00150000,0.14,0.16,0.15,566,,,0.7148,-0.0098,0.0006,-0.0221,0.0156,-0.0016
2026-09-21,NVDA,227.36,2026-09-21T19:45:52.608529023Z,2026-10-16,25,P,155.0,0.681738,NVDA261016P00155000,0.15,0.17,0.16,249,,,0.6705,-0.0111,0.0007,-0.0229,0.0173,-0.0018
2026-09-21,NVDA,227.36,2026-09-21T19:45:50.540097842Z,2026-10-16,25,P,300.0,1.319493,NVDA261016P00300000,73.03,73.38,73.205,1,,,0.7053,-0.9182,0.0036,-0.0968,0.09,-0.1932
2026-09-21,NVDA,227.36,2026-09-21T19:45:51.606493842Z,2026-10-16,25,P,305.0,1.341485,NVDA261016P00305000,75.88,76.83,76.355,1,,,,,,,,
2026-09-21,NVDA,227.36,2026-09-21T19:45:50.540097842Z,2026-10-16,25,P,310.0,1.363476,NVDA261016P00310000,82.62,82.97,82.795,22,,,0.7187,-0.938,0.0029,-0.073,0.0728,-0.2028
2026-09-21,NVDA,227.36,2026-09-21T19:45:50.540097842Z,2026-10-16,25,P,315.0,1.385468,NVDA261016P00315000,87.76,88.15,87.955,,,,0.7707,-0.9333,0.0028,-0.0867,0.077,-0.2056
2026-09-21,NVDA,227.36,2026-09-21T19:45:50.540093516Z,2026-10-16,25,P,320.0,1.40746,NVDA261016P00320000,91.86,92.05,91.955,,,,0.6088,-0.9796,0.0014,-0.002,0.0293,-0.2156
2026-09-21,NVDA,227.36,2026-09-21T19:45:50.540097842Z,2026-10-16,25,P,325.0,1.429451,NVDA261016P00325000,97.58,98.84,98.21,,,,0.8628,-0.9273,0.0027,-0.109,0.0823,-0.2117
2026-09-21,NVDA,227.36,2026-09-21T19:45:50.540258004Z,2026-10-23,32,C,130.0,0.57178,NVDA261023C00130000,98.27,100.05,99.16,9,,,,,,,,
2026-09-21,NVDA,227.36,2026-09-21T19:45:50.540258004Z,2026-10-23,32,C,135.0,0.593772,NVDA261023C00135000,91.56,93.57,92.565,4,,,,,,,,
2026-09-21,NVDA,227.36,2026-09-21T19:45:50.540258004Z,2026-10-23,32,C,140.0,0.615764,NVDA261023C00140000,88.87,89.07,88.97,2,,,,,,,,
2026-09-21,NVDA,227.36,2026-09-21T19:45:50.540258004Z,2026-10-23,32,C,145.0,0.637755,NVDA261023C00145000,82.71,84.97,83.84,1,,,0.9043,0.9662,0.0012,-0.0859,0.0505,0.1192
2026-09-21,NVDA,227.36,2026-09-21T19:45:50.54029829Z,2026-10-23,32,C,150.0,0.659747,NVDA261023C00150000,76.79,77.01,76.9,3,,,,,,,,
2026-09-21,NVDA,227.36,2026-09-21T19:45:50.54029829Z,2026-10-23,32,C,155.0,0.681738,NVDA261023C00155000,74.21,74.61,74.41,7,,,0.8742,0.9478,0.0018,-0.1132,0.0718,0.1238
2026-09-21,NVDA,227.36,2026-09-21T19:45:51.228371692Z,2026-10-23,32,C,300.0,1.319493,NVDA261023C00300000,0.03,0.04,0.035,136,,,0.3501,0.0049,0.0006,-0.0053,0.0095,0.0009
2026-09-21,NVDA,227.36,2026-09-21T19:45:50.451117796Z,2026-10-23,32,C,305.0,1.341485,NVDA261023C00305000,0.05,0.07,0.06,5,,,0.3909,0.0072,0.0008,-0.0084,0.0135,0.0014
2026-09-21,NVDA,227.36,2026-09-21T19:45:50.664413406Z,2026-10-23,32,C,310.0,1.363476,NVDA261023C00310000,0.01,0.02,0.015,15,,,0.3563,0.0022,0.0003,-0.0026,0.0046,0.0004
2026-09-21,NVDA,227.36,2026-09-21T19:45:50.601653548Z,2026-10-23,32,C,315.0,1.385468,NVDA261023C00315000,0.01,0.06,0.035,3,,,0.4045,0.0043,0.0005,-0.0054,0.0085,0.0008
2026-09-21,NVDA,227.36,2026-09-21T19:45:46.542789201Z,2026-10-23,32,C,320.0,1.40746,NVDA261023C00320000,0.03,0.05,0.04,1,,,0.4277,0.0046,0.0005,-0.0061,0.009,0.0009
2026-09-21,NVDA,227.36,2026-09-21T19:45:47.958059606Z,2026-10-23,32,C,325.0,1.429451,NVDA261023C00325000,0.03,0.05,0.04,1,,,0.4449,0.0044,0.0004,-0.0062,0.0087,0.0008
2026-09-21,NVDA,227.36,2026-09-21T19:45:51.122223551Z,2026-10-23,32,P,130.0,0.57178,NVDA261023P00130000,0.06,0.09,0.075,1,,,0.758,-0.0044,0.0003,-0.0102,0.0087,-0.0009
2026-09-21,NVDA,227.36,2026-09-21T19:45:50.356940005Z,2026-10-23,32,P,135.0,0.593772,NVDA261023P00135000,0.07,0.11,0.09,46,,,0.7265,-0.0054,0.0003,-0.0117,0.0104,-0.0012
2026-09-21,NVDA,227.36,2026-09-21T19:45:52.15042264Z,2026-10-23,32,P,140.0,0.615764,NVDA261023P00140000,0.09,0.16,0.125,28,,,0.7086,-0.0075,0.0004,-0.0152,0.0139,-0.0016
2026-09-21,NVDA,227.36,2026-09-21T19:45:51.519569874Z,2026-10-23,32,P,145.0,0.637755,NVDA261023P00145000,0.15,0.18,0.165,3,,,0.6872,-0.0099,0.0006,-0.0188,0.0177,-0.0021
2026-09-21,NVDA,227.36,2026-09-21T19:45:52.102047331Z,2026-10-23,32,P,150.0,0.659747,NVDA261023P00150000,0.13,0.15,0.14,2,,,0.627,-0.0093,0.0006,-0.0163,0.0168,-0.002
2026-09-21,NVDA,227.36,2026-09-21T19:45:52.095877393Z,2026-10-23,32,P,155.0,0.681738,NVDA261023P00155000,0.19,0.22,0.205,2,,,0.6148,-0.0133,0.0008,-0.0218,0.023,-0.0028
2026-09-21,NVDA,227.36,2026-09-21T19:45:50.54039594Z,2026-10-23,32,P,300.0,1.319493,NVDA261023P00300000,73.35,73.8,73.575,,,,0.6757,-0.8974,0.0039,-0.0975,0.1205,-0.2434
2026-09-21,NVDA,227.36,2026-09-21T19:45:50.54039594Z,2026-10-23,32,P,305.0,1.341485,NVDA261023P00305000,78.01,78.51,78.26,,,,0.6784,-0.9104,0.0035,-0.0851,0.109,-0.2501
2026-09-21,NVDA,227.36,2026-09-21T19:45:50.54039594Z,2026-10-23,32,P,310.0,1.363476,NVDA261023P00310000,82.43,83.48,82.955,,,,0.6778,-0.923,0.0032,-0.0717,0.0973,-0.2568
2026-09-21,NVDA,227.36,2026-09-21T19:45:50.54039594Z,2026-10-23,32,P,315.0,1.385468,NVDA261023P00315000,88.14,88.59,88.365,,,,0.7461,-0.9112,0.0032,-0.0946,0.1083,-0.2592
2026-09-21,NVDA,227.36,2026-09-21T19:45:50.54039594Z,2026-10-23,32,P,320.0,1.40746,NVDA261023P00320000,93.99,94.33,94.16,,,,0.8424,-0.8907,0.0033,-0.1342,0.1261,-0.2602
2026-09-21,NVDA,227.36,2026-09-21T19:45:50.540405819Z,2026-10-23,32,P,325.0,1.429451,NVDA261023P00325000,98.58,99.03,98.805,,,,0.8414,-0.9022,0.003,-0.1204,0.1163,-0.2665
2026-09-21,TSLA,374.82,2026-09-21T19:45:55.618050472Z,2026-10-16,25,C,155.0,0.413532,TSLA261016C00155000,218.66,223.12,220.89,6,,,,,,,,
2026-09-21,TSLA,374.82,2026-09-21T19:45:48.538316445Z,2026-10-16,25,C,160.0,0.426872,TSLA261016C00160000,208.95,220.92,214.935,2,,,,,,,,
2026-09-21,TSLA,374.82,2026-09-21T19:45:55.618135415Z,2026-10-16,25,C,165.0,0.440211,TSLA261016C00165000,210.43,214.93,212.68,1,,,,,,,,
2026-09-21,TSLA,374.82,2026-09-21T19:45:48.538472143Z,2026-10-16,25,C,170.0,0.453551,TSLA261016C00170000,199.5,206.56,203.03,2,,,,,,,,
2026-09-21,TSLA,374.82,2026-09-21T19:45:55.618050472Z,2026-10-16,25,C,175.0,0.466891,TSLA261016C00175000,195.76,201.29,198.525,400,,,,,,,,
2026-09-21,TSLA,374.82,2026-09-21T19:45:55.618140907Z,2026-10-16,25,C,180.0,0.480231,TSLA261016C00180000,194.96,200.38,197.67,9,,,,,,,,
2026-09-21,TSLA,374.82,2026-09-21T19:45:51.699285412Z,2026-10-16,25,C,185.0,0.49357,TSLA261016C00185000,186.32,193.82,190.07,1,,,,,,,,
2026-09-21,TSLA,374.82,2026-09-21T19:45:51.699395962Z,2026-10-16,25,C,195.0,0.52025,TSLA261016C00195000,176.68,186.38,181.53,4,,,,,,,,
2026-09-21,TSLA,374.82,2026-09-21T19:45:55.618110924Z,2026-10-16,25,C,200.0,0.533589,TSLA261016C00200000,173.8,173.82,173.81,225,,,,,,,,
2026-09-21,TSLA,374.82,2026-09-21T19:45:55.625745181Z,2026-10-16,25,C,205.0,0.546929,TSLA261016C00205000,167.3,171.31,169.305,1,,,,,,,,
2026-09-21,TSLA,374.82,2026-09-21T19:45:55.615565659Z,2026-10-16,25,C,210.0,0.560269,TSLA261016C00210000,162.12,166.28,164.2,1,,,,,,,,
2026-09-21,TSLA,374.82,2026-09-21T19:45:55.615560377Z,2026-10-16,25,C,215.0,0.573609,TSLA261016C00215000,157.92,162.64,160.28,1,,,0.7409,0.9985,0.0001,-0.0298,0.0047,0.1465
2026-09-21,TSLA,374.82,2026-09-21T19:45:55.618150182Z,2026-10-16,25,C,220.0,0.586948,TSLA261016C00220000,151.91,161.58,156.745,1,,,,,,,,
2026-09-21,TSLA,374.82,2026-09-21T19:45:55.618140907Z,2026-10-16,25,C,230.0,0.613628,TSLA261016C00230000,146.55,148.91,147.73,2,,,,,,,,
2026-09-21,TSLA,374.82,2026-09-21T19:45:55.615565659Z,2026-10-16,25,C,235.0,0.626968,TSLA261016C00235000,138.66,141.6,140.13,2,,,,,,,,
2026-09-21,TSLA,374.82,2026-09-21T19:45:55.618066287Z,2026-10-16,25,C,240.0,0.640307,TSLA261016C00240000,136.08,139.43,137.755,2,,,,,,,,
2026-09-21,TSLA,374.82,2026-09-21T19:45:55.618120157Z,2026-10-16,25,C,245.0,0.653647,TSLA261016C00245000,128.08,133.81,130.945,13,,,0.8326,0.9808,0.0006,-0.1016,0.0458,0.162
2026-09-21,TSLA,374.82,2026-09-21T19:45:55.616510344Z,2026-10-16,25,C,250.0,0.666987,TSLA261016C00250000,126.98,128.68,127.83,16,,,1.0445,0.9481,0.001,-0.2419,0.1042,0.1557
2026-09-21,TSLA,374.82,2026-09-21T19:45:51.00991396Z,2026-10-16,25,C,255.0,0.680327,TSLA261016C00255000,120.05,121.81,120.93,6,,,0.7556,0.9802,0.0006,-0.0974,0.047,0.1687
2026-09-21,TSLA,374.82,2026-09-21T19:45:55.613636578Z,2026-10-16,25,C,495.0,1.320634,TSLA261016C00495000,0.39,0.4,0.395,46,,,0.5078,0.0223,0.0011,-0.0537,0.052,0.0054
2026-09-21,TSLA,374.82,2026-09-21T19:45:55.213922291Z,2026-10-16,25,C,500.0,1.333974,TSLA261016C00500000,0.31,0.33,0.32,1902,,,0.5074,0.0185,0.0009,-0.0457,0.0444,0.0045
2026-09-21,TSLA,374.82,2026-09-21T19:45:55.385216401Z,2026-10-16,25,C,505.0,1.347313,TSLA261016C00505000,0.32,0.33,0.325,19,,,0.5233,0.0182,0.0009,-0.0466,0.0439,0.0045
2026-09-21,TSLA,374.82,2026-09-21T19:45:55.61470095Z,2026-10-16,25,C,510.0,1.360653,TSLA261016C00510000,0.25,0.27,0.26,2,,,0.5217,0.015,0.0007,-0.0393,0.0371,0.0037
2026-09-21,TSLA,374.82,2026-09-21T19:45:55.617335152Z,2026-10-16,25,C,515.0,1.373993,TSLA261016C00515000,0.27,0.28,0.275,4,,,0.5398,0.0153,0.0007,-0.0413,0.0378,0.0037
2026-09-21,TSLA,374.82,2026-09-21T19:45:55.614070212Z,2026-10-16,25,C,520.0,1.387333,TSLA261016C00520000,0.21,0.22,0.215,22,,,0.5361,0.0123,0.0006,-0.0341,0.0313,0.003
2026-09-21,TSLA,374.82,2026-09-21T19:45:55.614851075Z,2026-10-16,25,C,530.0,1.414012,TSLA261016C00530000,0.17,0.19,0.18,7,,,0.5505,0.0103,0.0005,-0.0298,0.0267,0.0025
2026-09-21,TSLA,374.82,2026-09-21T19:45:49.604022248Z,2026-10-16,25,C,535.0,1.427352,TSLA261016C00535000,0.16,0.18,0.17,1,,,0.5594,0.0096,0.0005,-0.0286,0.0252,0.0023
2026-09-21,TSLA,374.82,2026-09-21T19:45:55.614220157Z,2026-10-16,25,C,540.0,1.440692,TSLA261016C00540000,0.15,0.16,0.155,16,,,0.5658,0.0087,0.0004,-0.0266,0.0232,0.0021
2026-09-21,TSLA,374.82,2026-09-21T19:45:55.614831135Z,2026-10-16,25,C,545.0,1.454031,TSLA261016C00545000,0.13,0.15,0.14,3,,,0.5714,0.0079,0.0004,-0.0246,0.0213,0.0019
2026-09-21,TSLA,374.82,2026-09-21T19:45:55.464436003Z,2026-10-16,25,C,550.0,1.467371,TSLA261016C00550000,0.16,0.18,0.17,22,,,0.5968,0.0091,0.0004,-0.029,0.024,0.0022
2026-09-21,TSLA,374.82,2026-09-21T19:45:55.614215282Z,2026-10-16,25,C,555.0,1.480711,TSLA261016C00555000,0.11,0.13,0.12,15,,,0.5852,0.0067,0.0003,-0.0218,0.0184,0.0016
2026-09-21,TSLA,374.82,2026-09-21T19:45:55.625505183Z,2026-10-16,25,C,560.0,1.49405,TSLA261016C00560000,0.15,0.16,0.155,109,,,0.6144,0.0081,0.0004,-0.0271,0.0218,0.002
2026-09-21,TSLA,374.82,2026-09-21T19:45:55.168537495Z,2026-10-16,25,C,570.0,1.52073,TSLA261016C00570000,0.09,0.15,0.12,13,,,0.6197,0.0064,0.0003,-0.0221,0.0176,0.0016
2026-09-21,TSLA,374.82,2026-09-21T19:45:55.753624735Z,2026-10-16,25,C,580.0,1.547409,TSLA261016C00580000,0.12,0.14,0.13,26,,,0.6478,0.0066,0.0003,-0.0238,0.0182,0.0016
2026-09-21,TSLA,374.82,2026-09-21T19:45:51.007779367Z,2026-10-16,25,C,590.0,1.574089,TSLA261016C00590000,0.07,0.08,0.075,3,,,0.6323,0.0041,0.0002,-0.0151,0.0118,0.001
2026-09-21,TSLA,374.82,2026-09-21T19:45:56.51979517Z,2026-10-16,25,P,155.0,0.413532,TSLA261016P00155000,0.01,0.02,0.015,1,,,,,,,,
2026-09-21,TSLA,374.82,2026-09-21T19:45:56.519790994Z,2026-10-16,25,P,160.0,0.426872,TSLA261016P00160000,0.01,0.03,0.02,33,,,,,,,,
2026-09-21,TSLA,374.82,2026-09-21T19:45:56.519750697Z,2026-10-16,25,P,165.0,0.440211,TSLA261016P00165000,0.05,0.07,0.06,49,,,,,,,,
2026-09-21,TSLA,374.82,2026-09-21T19:45:56.518865717Z,2026-10-16,25,P,170.0,0.453551,TSLA261016P00170000,0.06,0.08,0.07,5,,,,,,,,
2026-09-21,TSLA,374.82,2026-09-21T19:45:56.519809841Z,2026-10-16,25,P,175.0,0.466891,TSLA261016P00175000,0.06,0.08,0.07,20,,,,,,,,
2026-09-21,TSLA,374.82,2026-09-21T19:45:56.506089777Z,2026-10-16,25,P,180.0,0.480231,TSLA261016P00180000,0.07,0.09,0.08,1151,,,,,,,,
2026-09-21,TSLA,374.82,2026-09-21T19:45:56.518239924Z,2026-10-16,25,P,185.0,0.49357,TSLA261016P00185000,0.04,0.1,0.07,4,,,,,,,,
2026-09-21,TSLA,374.82,2026-09-21T19:45:56.417904403Z,2026-10-16,25,P,195.0,0.52025,TSLA261016P00195000,0.1,0.11,0.105,1,,,,,,,,
2026-09-21,TSLA,374.82,2026-09-21T19:45:56.518294887Z,2026-10-16,25,P,200.0,0.533589,TSLA261016P00200000,0.11,0.12,0.115,8,,,,,,,,
2026-09-21,TSLA,374.82,2026-09-21T19:45:56.519024976Z,2026-10-16,25,P,205.0,0.546929,TSLA261016P00205000,0.08,0.14,0.11,1,,,,,,,,
2026-09-21,TSLA,374.82,2026-09-21T19:45:56.518759834Z,2026-10-16,25,P,210.0,0.560269,TSLA261016P00210000,0.09,0.15,0.12,11,,,,,,,,
2026-09-21,TSLA,374.82,2026-09-21T19:45:56.518194852Z,2026-10-16,25,P,215.0,0.573609,TSLA261016P00215000,0.1,0.12,0.11,271,,,,,,,,
2026-09-21,TSLA,374.82,2026-09-21T19:45:56.639696226Z,2026-10-16,25,P,220.0,0.586948,TSLA261016P00220000,0.15,0.17,0.16,106,,,,,,,,
2026-09-21,TSLA,374.82,2026-09-21T19:45:56.663930633Z,2026-10-16,25,P,230.0,0.613628,TSLA261016P00230000,0.15,0.17,0.16,25,,,0.7796,-0.0061,0.0002,-0.0261,0.0169,-0.0017
2026-09-21,TSLA,374.82,2026-09-21T19:45:56.520929888Z,2026-10-16,25,P,235.0,0.626968,TSLA261016P00235000,0.2,0.22,0.21,6,,,0.7744,-0.0079,0.0003,-0.0324,0.0211,-0.0022
2026-09-21,TSLA,374.82,2026-09-21T19:45:56.515449885Z,2026-10-16,25,P,240.0,0.640307,TSLA261016P00240000,0.18,0.24,0.21,34,,,0.7429,-0.0082,0.0003,-0.0322,0.0219,-0.0022
2026-09-21,TSLA,374.82,2026-09-21T19:45:56.476684643Z,2026-10-16,25,P,245.0,0.653647,TSLA261016P00245000,0.21,0.27,0.24,6,,,0.7247,-0.0094,0.0004,-0.0356,0.0248,-0.0026
2026-09-21,TSLA,374.82,2026-09-21T19:45:56.632740475Z,2026-10-16,25,P,250.0,0.666987,TSLA261016P00250000,0.27,0.29,0.28,494,,,0.7087,-0.0111,0.0004,-0.04,0.0286,-0.003
2026-09-21,TSLA,374.82,2026-09-21T19:45:57.012042478Z,2026-10-16,25,P,255.0,0.680327,TSLA261016P00255000,0.26,0.32,0.29,248,,,0.6813,-0.0119,0.0005,-0.0408,0.0303,-0.0032
2026-09-21,TSLA,374.82,2026-09-21T19:45:56.518604946Z,2026-10-16,25,P,495.0,1.320634,TSLA261016P00495000,117.98,122.36,120.17,1,,,0.6046,-0.952,0.0017,-0.0674,0.0978,-0.3266
2026-09-21,TSLA,374.82,2026-09-21T19:45:56.520604916Z,2026-10-16,25,P,500.0,1.333974,TSLA261016P00500000,121.32,129.02,125.17,1,,,0.6233,-0.9527,0.0016,-0.069,0.0967,-0.3302
2026-09-21,TSLA,374.82,2026-09-21T19:45:44.63882126Z,2026-10-16,25,P,505.0,1.347313,TSLA261016P00505000,126.05,131.15,128.6,1,,,,,,,,
2026-09-21,TSLA,374.82,2026-09-21T19:45:56.524095053Z,2026-10-16,25,P,510.0,1.360653,TSLA261016P00510000,132.05,136.63,134.34,1,,,0.5379,-0.9822,0.0008,0.0074,0.043,-0.344
2026-09-21,TSLA,374.82,2026-09-21T19:45:56.649450505Z,2026-10-16,25,P,515.0,1.373993,TSLA261016P00515000,134.34,145.48,139.91,1,,,0.648,-0.9621,0.0013,-0.0513,0.0808,-0.3427
2026-09-21,TSLA,374.82,2026-09-21T19:45:56.504814827Z,2026-10-16,25,P,520.0,1.387333,TSLA261016P00520000,142.48,147.38,144.93,4,,,0.668,-0.9619,0.0013,-0.0546,0.0812,-0.3461
2026-09-21,TSLA,374.82,2026-09-21T19:45:56.642840918Z,2026-10-16,25,P,530.0,1.414012,TSLA261016P00530000,152.55,156.82,154.685,2,,,0.6692,-0.9698,0.001,-0.0344,0.067,-0.3548
2026-09-21,TSLA,374.82,2026-09-21T19:45:56.878086695Z,2026-10-16,25,P,535.0,1.427352,TSLA261016P00535000,159.82,161.4,160.61,26,,,0.7919,-0.9455,0.0014,-0.1165,0.1082,-0.3526
2026-09-21,TSLA,374.82,2026-09-21T19:45:56.878642099Z,2026-10-16,25,P,540.0,1.440692,TSLA261016P00540000,163.74,170.67,167.205,2,,,0.9312,-0.9143,0.0017,-0.2316,0.1535,-0.3491
2026-09-21,TSLA,374.82,2026-09-21T19:45:56.520624915Z,2026-10-16,25,P,545.0,1.454031,TSLA261016P00545000,169.65,174.83,172.24,30,,,0.9517,-0.9146,0.0017,-0.2364,0.1531,-0.3527
2026-09-21,TSLA,374.82,2026-09-21T19:45:56.648900495Z,2026-10-16,25,P,550.0,1.467371,TSLA261016P00550000,175.68,176.34,176.01,69,,,0.8788,-0.9386,0.0014,-0.1528,0.119,-0.3614
2026-09-21,TSLA,374.82,2026-09-21T19:45:56.875256688Z,2026-10-16,25,P,555.0,1.480711,TSLA261016P00555000,179.92,185.68,182.8,,,,,,,,,
2026-09-21,TSLA,374.82,2026-09-21T19:45:56.524836951Z,2026-10-16,25,P,560.0,1.49405,TSLA261016P00560000,182.16,186.63,184.395,22,,,0.7172,-0.979,0.0007,-0.0121,0.0494,-0.3775
2026-09-21,TSLA,374.82,2026-09-21T19:45:56.639225508Z,2026-10-16,25,P,570.0,1.52073,TSLA261016P00570000,195.25,195.35,195.3,22,,,0.8773,-0.9556,0.0011,-0.1023,0.092,-0.379
2026-09-21,TSLA,374.82,2026-09-21T19:45:56.878711665Z,2026-10-16,25,P,580.0,1.547409,TSLA261016P00580000,198.78,208.23,203.505,1,,,,,,,,
2026-09-21,TSLA,374.82,2026-09-21T19:45:56.878186656Z,2026-10-16,25,P,590.0,1.574089,TSLA261016P00590000,216.22,218.53,217.375,1,,,,,,,,
2026-09-21,TSLA,374.82,2026-09-21T19:45:55.620600431Z,2026-10-23,32,C,160.0,0.426872,TSLA261023C00160000,215.83,216.32,216.075,1,,,,,,,,
2026-09-21,TSLA,374.82,2026-09-21T19:45:55.618736379Z,2026-10-23,32,C,170.0,0.453551,TSLA261023C00170000,203.01,210.59,206.8,1,,,,,,,,
2026-09-21,TSLA,374.82,2026-09-21T19:45:55.6206056Z,2026-10-23,32,C,180.0,0.480231,TSLA261023C00180000,191.35,199.62,195.485,,,,,,,,,
2026-09-21,TSLA,374.82,2026-09-21T19:45:55.619912441Z,2026-10-23,32,C,190.0,0.50691,TSLA261023C00190000,184.06,185.94,185.0,1,,,,,,,,
2026-09-21,TSLA,374.82,2026-09-21T19:45:55.630610495Z,2026-10-23,32,C,200.0,0.533589,TSLA261023C00200000,171.73,182.9,177.315,1,,,,,,,,
2026-09-21,TSLA,374.82,2026-09-21T19:45:55.620590557Z,2026-10-23,32,C,210.0,0.560269,TSLA261023C00210000,160.95,170.58,165.765,3,,,,,,,,
2026-09-21,TSLA,374.82,2026-09-21T19:45:55.620590557Z,2026-10-23,32,C,220.0,0.586948,TSLA261023C00220000,156.02,160.4,158.21,1,,,,,,,,
2026-09-21,TSLA,374.82,2026-09-21T19:45:55.626546651Z,2026-10-23,32,C,230.0,0.613628,TSLA261023C00230000,142.6,149.56,146.08,2,,,0.8322,0.9829,0.0005,-0.0849,0.047,0.1948
2026-09-21,TSLA,374.82,2026-09-21T19:45:55.61660544Z,2026-10-23,32,C,235.0,0.626968,TSLA261023C00235000,140.77,143.41,142.09,1,,,,,,,,
2026-09-21,TSLA,374.82,2026-09-21T19:45:55.616170464Z,2026-10-23,32,C,240.0,0.640307,TSLA261023C00240000,134.65,141.36,138.005,,,,,,,,,
2026-09-21,TSLA,374.82,2026-09-21T19:45:55.616640796Z,2026-10-23,32,C,245.0,0.653647,TSLA261023C00245000,128.389,137.31,132.8495,,,,0.9486,0.952,0.0009,-0.188,0.1107,0.1963
2026-09-21,TSLA,374.82,2026-09-21T19:45:55.616640796Z,2026-10-23,32,C,250.0,0.666987,TSLA261023C00250000,122.86,129.16,126.01,18,,,0.6791,0.9834,0.0005,-0.0746,0.0458,0.2126
2026-09-21,TSLA,374.82,2026-09-21T19:45:55.618981923Z,2026-10-23,32,C,255.0,0.680327,TSLA261023C00255000,120.92,126.18,123.55,1,,,0.9281,0.9394,0.0012,-0.2175,0.1331,0.2003
2026-09-21,TSLA,374.82,2026-09-21T19:45:55.622566216Z,2026-10-23,32,C,495.0,1.320634,TSLA261023C00495000,0.87,0.91,0.89,29,,,0.5115,0.0409,0.0015,-0.0793,0.0973,0.0126
2026-09-21,TSLA,374.82,2026-09-21T19:45:55.614620451Z,2026-10-23,32,C,500.0,1.333974,TSLA261023C00500000,0.74,0.82,0.78,184,,,0.5144,0.0362,0.0014,-0.0723,0.0882,0.0112
2026-09-21,TSLA,374.82,2026-09-21T19:45:55.624215746Z,2026-10-23,32,C,505.0,1.347313,TSLA261023C00505000,0.7,0.74,0.72,2,,,0.5217,0.0334,0.0013,-0.0685,0.0825,0.0103
2026-09-21,TSLA,374.82,2026-09-21T19:45:55.619066372Z,2026-10-23,32,C,510.0,1.360653,TSLA261023C00510000,0.6,0.63,0.615,2,,,0.5221,0.029,0.0011,-0.061,0.0735,0.009
2026-09-21,TSLA,374.82,2026-09-21T19:45:55.11458438Z,2026-10-23,32,C,515.0,1.373993,TSLA261023C00515000,0.58,0.61,0.595,2,,,0.5329,0.0277,0.0011,-0.0599,0.0707,0.0086
2026-09-21,TSLA,374.82,2026-09-21T19:45:55.614540598Z,2026-10-23,32,C,520.0,1.387333,TSLA261023C00520000,0.48,0.52,0.5,61,,,0.5318,0.0238,0.001,-0.0526,0.0622,0.0074
2026-09-21,TSLA,374.82,2026-09-21T19:45:40.98879004Z,2026-10-23,32,C,530.0,1.414012,TSLA261023C00530000,0.4,0.47,0.435,1,,,0.5462,0.0205,0.0008,-0.0477,0.055,0.0064
2026-09-21,TSLA,374.82,2026-09-21T19:45:55.624161316Z,2026-10-23,32,C,535.0,1.427352,TSLA261023C00535000,0.37,0.4,0.385,1,,,0.5489,0.0183,0.0007,-0.0435,0.0499,0.0057
2026-09-21,TSLA,374.82,2026-09-21T19:45:55.614720484Z,2026-10-23,32,C,540.0,1.440692,TSLA261023C00540000,0.34,0.37,0.355,142,,,0.5547,0.0169,0.0007,-0.041,0.0466,0.0052
2026-09-21,TSLA,374.82,2026-09-21T19:45:55.614981728Z,2026-10-23,32,C,545.0,1.454031,TSLA261023C00545000,0.31,0.38,0.345,36,,,0.5644,0.0162,0.0006,-0.0403,0.045,0.005
2026-09-21,TSLA,374.82,2026-09-21T19:45:55.700970757Z,2026-10-23,32,C,550.0,1.467371,TSLA261023C00550000,0.32,0.36,0.34,60,,,0.5749,0.0158,0.0006,-0.04,0.0439,0.0049
2026-09-21,TSLA,374.82,2026-09-21T19:45:55.622700577Z,2026-10-23,32,C,555.0,1.480711,TSLA261023C00555000,0.3,0.33,0.315,1,,,0.5804,0.0146,0.0006,-0.0378,0.0411,0.0045
2026-09-21,TSLA,374.82,2026-09-21T19:45:55.626450656Z,2026-10-23,32,C,560.0,1.49405,TSLA261023C00560000,0.29,0.32,0.305,1,,,0.5892,0.014,0.0005,-0.037,0.0396,0.0043
2026-09-21,TSLA,374.82,2026-09-21T19:45:55.615011299Z,2026-10-23,32,C,570.0,1.52073,TSLA261023C00570000,0.26,0.28,0.27,5,,,0.6017,0.0123,0.0005,-0.0338,0.0355,0.0038
2026-09-21,TSLA,374.82,2026-09-21T19:45:55.614640802Z,2026-10-23,32,C,575.0,1.53407,TSLA261023C00575000,0.24,0.27,0.255,5,,,0.608,0.0116,0.0004,-0.0324,0.0337,0.0036
2026-09-21,TSLA,374.82,2026-09-21T19:45:55.614715618Z,2026-10-23,32,C,580.0,1.547409,TSLA261023C00580000,0.18,0.26,0.22,1,,,0.6075,0.0102,0.0004,-0.0288,0.03,0.0031
2026-09-21,TSLA,374.82,2026-09-21T19:45:51.007398262Z,2026-10-23,32,C,585.0,1.560749,TSLA261023C00585000,0.22,0.24,0.23,1,,,0.6211,0.0104,0.0004,-0.03,0.0305,0.0032
2026-09-21,TSLA,374.82,2026-09-21T19:45:40.988776745Z,2026-10-23,32,C,590.0,1.574089,TSLA261023C00590000,0.16,0.24,0.2,1,,,0.6208,0.0091,0.0004,-0.0269,0.0273,0.0028
2026-09-21,TSLA,374.82,2026-09-21T19:45:51.007370815Z,2026-10-23,32,C,595.0,1.587429,TSLA261023C00595000,0.2,0.22,0.21,1,,,0.6344,0.0094,0.0004,-0.0281,0.028,0.0029
2026-09-21,TSLA,374.82,2026-09-21T19:45:56.52229127Z,2026-10-23,32,P,160.0,0.426872,TSLA261023P00160000,0.09,0.13,0.11,2,,,,,,,,
2026-09-21,TSLA,374.82,2026-09-21T19:45:55.644926131Z,2026-10-23,32,P,170.0,0.453551,TSLA261023P00170000,0.07,0.14,0.105,2,,,,,,,,
2026-09-21,TSLA,374.82,2026-09-21T19:45:56.522259378Z,2026-10-23,32,P,180.0,0.480231,TSLA261023P00180000,0.09,0.16,0.125,5,,,,,,,,
2026-09-21,TSLA,374.82,2026-09-21T19:45:56.856224639Z,2026-10-23,32,P,190.0,0.50691,TSLA261023P00190000,0.11,0.15,0.13,1,,,,,,,,
2026-09-21,TSLA,374.82,2026-09-21T19:45:56.52351511Z,2026-10-23,32,P,200.0,0.533589,TSLA261023P00200000,0.14,0.19,0.165,2,,,,,,,,
2026-09-21,TSLA,374.82,2026-09-21T19:45:56.802994741Z,2026-10-23,32,P,210.0,0.560269,TSLA261023P00210000,0.21,0.24,0.225,2,,,,,,,,
2026-09-21,TSLA,374.82,2026-09-21T19:45:56.618129954Z,2026-10-23,32,P,220.0,0.586948,TSLA261023P00220000,0.25,0.28,0.265,3,,,0.7956,-0.0084,0.0003,-0.0311,0.0253,-0.003
2026-09-21,TSLA,374.82,2026-09-21T19:45:56.622374926Z,2026-10-23,32,P,230.0,0.613628,TSLA261023P00230000,0.25,0.32,0.285,1,,,0.7429,-0.0096,0.0003,-0.0326,0.0284,-0.0034
2026-09-21,TSLA,374.82,2026-09-21T19:45:56.961124485Z,2026-10-23,32,P,235.0,0.626968,TSLA261023P00235000,0.31,0.35,0.33,1,,,0.7282,-0.0111,0.0004,-0.0364,0.0324,-0.0039
2026-09-21,TSLA,374.82,2026-09-21T19:45:56.643810185Z,2026-10-23,32,P,240.0,0.640307,TSLA261023P00240000,0.34,0.38,0.36,2,,,0.7077,-0.0123,0.0004,-0.0387,0.0355,-0.0044
2026-09-21,TSLA,374.82,2026-09-21T19:45:56.638794928Z,2026-10-23,32,P,245.0,0.653647,TSLA261023P00245000,0.33,0.37,0.35,1,,,0.6759,-0.0126,0.0004,-0.0376,0.0361,-0.0044
2026-09-21,TSLA,374.82,2026-09-21T19:45:56.643800687Z,2026-10-23,32,P,250.0,0.666987,TSLA261023P00250000,0.41,0.45,0.43,3,,,0.6676,-0.0153,0.0005,-0.0439,0.0427,-0.0054
2026-09-21,TSLA,374.82,2026-09-21T19:45:56.705214854Z,2026-10-23,32,P,255.0,0.680327,TSLA261023P00255000,0.45,0.49,0.47,1,,,0.6477,-0.017,0.0006,-0.0467,0.0468,-0.006
2026-09-21,TSLA,374.82,2026-09-21T19:45:56.873289702Z,2026-10-23,32,P,495.0,1.320634,TSLA261023P00495000,114.74,124.22,119.48,2,,,0.5018,-0.9623,0.0015,-0.0201,0.0911,-0.4208
2026-09-21,TSLA,374.82,2026-09-21T19:45:56.873009555Z,2026-10-23,32,P,500.0,1.333974,TSLA261023P00500000,122.33,126.24,124.285,1,,,0.495,-0.9695,0.0013,-0.0071,0.0766,-0.4274
2026-09-21,TSLA,374.82,2026-09-21T19:45:56.87293962Z,2026-10-23,32,P,505.0,1.347313,TSLA261023P00505000,128.3,133.48,130.89,,,,0.6489,-0.9251,0.002,-0.1079,0.1568,-0.4186
2026-09-21,TSLA,374.82,2026-09-21T19:45:56.891134608Z,2026-10-23,32,P,510.0,1.360653,TSLA261023P00510000,132.89,139.02,135.955,,,,0.6703,-0.9247,0.0019,-0.1133,0.1574,-0.4229
2026-09-21,TSLA,374.82,2026-09-21T19:45:56.87293962Z,2026-10-23,32,P,515.0,1.373993,TSLA261023P00515000,133.89,141.54,137.715,,,,,,,,,
2026-09-21,TSLA,374.82,2026-09-21T19:45:56.891094587Z,2026-10-23,32,P,520.0,1.387333,TSLA261023P00520000,143.39,148.64,146.015,,,,0.7081,-0.9254,0.0018,-0.1202,0.1563,-0.432
2026-09-21,TSLA,374.82,2026-09-21T19:45:56.873009555Z,2026-10-23,32,P,530.0,1.414012,TSLA261023P00530000,150.96,156.93,153.945,,,,0.5362,-0.9814,0.0008,0.0136,0.0504,-0.4573
2026-09-21,TSLA,374.82,2026-09-21T19:45:56.891144603Z,2026-10-23,32,P,535.0,1.427352,TSLA261023P00535000,155.88,163.09,159.485,,,,0.6301,-0.9639,0.0011,-0.0308,0.0878,-0.4564
2026-09-21,TSLA,374.82,2026-09-21T19:45:56.873179571Z,2026-10-23,32,P,540.0,1.440692,TSLA261023P00540000,159.78,167.23,163.505,,,,,,,,,
2026-09-21,TSLA,374.82,2026-09-21T19:45:56.873349626Z,2026-10-23,32,P,545.0,1.454031,TSLA261023P00545000,167.56,175.49,171.525,,,,0.8219,-0.9199,0.0016,-0.1567,0.165,-0.4525
2026-09-21,TSLA,374.82,2026-09-21T19:45:56.873389608Z,2026-10-23,32,P,550.0,1.467371,TSLA261023P00550000,168.97,175.3,172.135,,,,,,,,,
2026-09-21,TSLA,374.82,2026-09-21T19:45:56.709079807Z,2026-10-23,32,P,555.0,1.480711,TSLA261023P00555000,175.77,183.77,179.77,,,,0.7206,-0.9572,0.0011,-0.056,0.1009,-0.472
2026-09-21,TSLA,374.82,2026-09-21T19:45:55.62423715Z,2026-10-23,32,P,560.0,1.49405,TSLA261023P00560000,180.33,192.23,186.28,,,,0.8537,-0.9265,0.0015,-0.1491,0.1545,-0.4676
2026-09-21,TSLA,374.82,2026-09-21T19:45:56.644849939Z,2026-10-23,32,P,570.0,1.52073,TSLA261023P00570000,188.93,198.7,193.815,,,,0.6312,-0.9836,0.0006,0.0154,0.0454,-0.493
2026-09-21,TSLA,374.82,2026-09-21T19:45:56.873059566Z,2026-10-23,32,P,575.0,1.53407,TSLA261023P00575000,196.82,200.9,198.86,,,,0.6555,-0.9818,0.0006,0.0099,0.0495,-0.4968
2026-09-21,TSLA,374.82,2026-09-21T19:45:56.873059566Z,2026-10-23,32,P,580.0,1.547409,TSLA261023P00580000,202.85,210.05,206.45,,,,0.9249,-0.926,0.0014,-0.1654,0.1554,-0.4851
2026-09-21,TSLA,374.82,2026-09-21T19:45:55.624396434Z,2026-10-23,32,P,585.0,1.560749,TSLA261023P00585000,202.34,213.63,207.985,,,,,,,,,
2026-09-21,TSLA,374.82,2026-09-21T19:45:56.518195115Z,2026-10-23,32,P,590.0,1.574089,TSLA261023P00590000,213.25,221.65,217.45,,,,1.0145,-0.9116,0.0014,-0.222,0.1778,-0.49
2026-09-21,TSLA,374.82,2026-09-21T19:45:56.873059566Z,2026-10-23,32,P,595.0,1.587429,TSLA261023P00595000,216.88,222.04,219.46,,,,0.8011,-0.9654,0.0009,-0.044,0.0849,-0.5095
2026-09-21,USO,147.96,2026-09-21T19:45:09.526894184Z,2026-10-16,25,C,60.0,0.405515,USO261016C00060000,87.66,88.76,88.21,2,,,,,,,,
2026-09-21,USO,147.96,2026-09-21T19:45:09.526164367Z,2026-10-16,25,C,64.0,0.432549,USO261016C00064000,83.18,86.78,84.98,1,,,,,,,,
2026-09-21,USO,147.96,2026-09-21T19:45:09.526065791Z,2026-10-16,25,C,65.0,0.439308,USO261016C00065000,80.52,84.22,82.37,2,,,,,,,,
2026-09-21,USO,147.96,2026-09-21T19:45:09.531544663Z,2026-10-16,25,C,67.0,0.452825,USO261016C00067000,78.34,83.86,81.1,,,,,,,,,
2026-09-21,USO,147.96,2026-09-21T19:45:09.538231091Z,2026-10-16,25,C,69.0,0.466342,USO261016C00069000,76.89,79.52,78.205,1,,,,,,,,
2026-09-21,USO,147.96,2026-09-21T19:45:35.855958425Z,2026-10-16,25,C,72.0,0.486618,USO261016C00072000,74.26,77.03,75.645,1,,,,,,,,
2026-09-21,USO,147.96,2026-09-21T19:45:09.526906485Z,2026-10-16,25,C,74.0,0.500135,USO261016C00074000,71.18,76.17,73.675,2,,,,,,,,
2026-09-21,USO,147.96,2026-09-21T19:45:09.532673757Z,2026-10-16,25,C,76.0,0.513652,USO261016C00076000,70.99,74.6,72.795,1,,,,,,,,
2026-09-21,USO,147.96,2026-09-21T19:45:09.531510046Z,2026-10-16,25,C,79.0,0.533928,USO261016C00079000,66.47,72.19,69.33,39,,,,,,,,
2026-09-21,USO,147.96,2026-09-21T19:45:25.305923339Z,2026-10-16,25,C,81.0,0.547445,USO261016C00081000,65.63,67.94,66.785,1,,,,,,,,
2026-09-21,USO,147.96,2026-09-21T19:45:09.538260374Z,2026-10-16,25,C,83.0,0.560962,USO261016C00083000,63.46,65.8,64.63,1,,,,,,,,
2026-09-21,USO,147.96,2026-09-21T19:45:09.538231091Z,2026-10-16,25,C,85.0,0.57448,USO261016C00085000,61.56,65.88,63.72,9,,,,,,,,
2026-09-21,USO,147.96,2026-09-21T19:45:09.531514035Z,2026-10-16,25,C,88.0,0.594755,USO261016C00088000,58.83,63.29,61.06,1,,,,,,,,
2026-09-21,USO,147.96,2026-09-21T19:45:57.002909571Z,2026-10-16,25,C,90.0,0.608273,USO261016C00090000,56.91,58.82,57.865,1,,,,,,,,
2026-09-21,USO,147.96,2026-09-21T19:45:09.532639456Z,2026-10-16,25,C,92.0,0.62179,USO261016C00092000,53.21,58.75,55.98,1,,,,,,,,
2026-09-21,USO,147.96,2026-09-21T19:45:09.537670776Z,2026-10-16,25,C,94.0,0.635307,USO261016C00094000,52.35,55.09,53.72,2,,,,,,,,
2026-09-21,USO,147.96,2026-09-21T19:45:09.537993698Z,2026-10-16,25,C,97.0,0.655583,USO261016C00097000,48.7,53.07,50.885,2,,,,,,,,
2026-09-21,USO,147.96,2026-09-21T19:45:09.532619797Z,2026-10-16,25,C,99.0,0.6691,USO261016C00099000,47.19,51.8,49.495,1,,,0.7746,0.9821,0.0015,-0.0367,0.0171,0.0657
2026-09-21,USO,147.96,2026-09-21T19:45:09.537923698Z,2026-10-16,25,C,101.0,0.682617,USO261016C00101000,44.32,50.17,47.245,5,,,,,,,,
2026-09-21,USO,147.96,2026-09-21T19:45:11.767994551Z,2026-10-16,25,C,195.0,1.317924,USO261016C00195000,0.49,0.51,0.5,93,,,0.6142,0.0529,0.0045,-0.0521,0.0418,0.005
2026-09-21,USO,147.96,2026-09-21T19:45:11.724474766Z,2026-10-16,25,C,200.0,1.351717,USO261016C00200000,0.4,0.42,0.41,314,,,0.6345,0.0433,0.0037,-0.0458,0.0356,0.0041
2026-09-21,USO,147.96,2026-09-21T19:45:51.770436659Z,2026-10-16,25,C,205.0,1.38551,USO261016C00205000,0.34,0.36,0.35,109,,,0.6574,0.0366,0.0031,-0.0414,0.0311,0.0035
2026-09-21,USO,147.96,2026-09-21T19:45:10.090901844Z,2026-10-16,25,C,210.0,1.419303,USO261016C00210000,0.28,0.3,0.29,210,,,0.6753,0.0304,0.0026,-0.0364,0.0266,0.0029
2026-09-21,USO,147.96,2026-09-21T19:42:57.288006497Z,2026-10-16,25,C,215.0,1.453095,USO261016C00215000,0.18,0.24,0.21,9,,,0.6778,0.0227,0.0021,-0.0287,0.0209,0.0022
2026-09-21,USO,147.96,2026-09-21T19:43:12.962760119Z,2026-10-16,25,C,220.0,1.486888,USO261016C00220000,0.21,0.24,0.225,73,,,0.7196,0.023,0.002,-0.0307,0.0211,0.0022
2026-09-21,USO,147.96,2026-09-21T19:42:53.726407123Z,2026-10-16,25,C,225.0,1.520681,USO261016C00225000,0.17,0.21,0.19,1019,,,0.7352,0.0194,0.0017,-0.0272,0.0183,0.0018
2026-09-21,USO,147.96,2026-09-21T19:43:12.819805758Z,2026-10-16,25,C,230.0,1.554474,USO261016C00230000,0.16,0.19,0.175,47,,,0.7587,0.0176,0.0015,-0.0257,0.0168,0.0017
2026-09-21,USO,147.96,2026-09-21T19:43:12.814796334Z,2026-10-16,25,C,235.0,1.588267,USO261016C00235000,0.1,0.13,0.115,35,,,0.7475,0.0122,0.0011,-0.0185,0.0123,0.0012
2026-09-21,USO,147.96,2026-09-21T17:56:58.718850779Z,2026-10-16,25,P,60.0,0.405515,USO261016P00060000,0,0.06,0.03,2,,,,,,,,
2026-09-21,USO,147.96,2026-09-21T19:11:58.388822067Z,2026-10-16,25,P,64.0,0.432549,USO261016P00064000,0,0.92,0.46,6,,,,,,,,
2026-09-21,USO,147.96,2026-09-21T17:50:00.068796081Z,2026-10-16,25,P,65.0,0.439308,USO261016P00065000,0,0.12,0.06,2,,,,,,,,
2026-09-21,USO,147.96,2026-09-21T17:51:30.086813597Z,2026-10-16,25,P,67.0,0.452825,USO261016P00067000,0,0.03,0.015,1,,,,,,,,
2026-09-21,USO,147.96,2026-09-21T18:14:03.633617812Z,2026-10-16,25,P,69.0,0.466342,USO261016P00069000,0,0.06,0.03,2,,,,,,,,
2026-09-21,USO,147.96,2026-09-21T18:59:36.179757338Z,2026-10-16,25,P,72.0,0.486618,USO261016P00072000,0,0.52,0.26,24,,,,,,,,
2026-09-21,USO,147.96,2026-09-21T19:45:50.037448637Z,2026-10-16,25,P,74.0,0.500135,USO261016P00074000,0,0.46,0.23,3,,,,,,,,
2026-09-21,USO,147.96,2026-09-21T19:45:09.526516103Z,2026-10-16,25,P,76.0,0.513652,USO261016P00076000,0,0.13,0.065,5,,,,,,,,
2026-09-21,USO,147.96,2026-09-21T19:45:56.980386255Z,2026-10-16,25,P,79.0,0.533928,USO261016P00079000,0,2.16,1.08,5,,,,,,,,
2026-09-21,USO,147.96,2026-09-21T14:23:13.781992809Z,2026-10-16,25,P,81.0,0.547445,USO261016P00081000,0,0.03,0.015,8,,,,,,,,
2026-09-21,USO,147.96,2026-09-21T19:43:34.21531026Z,2026-10-16,25,P,83.0,0.560962,USO261016P00083000,0.01,0.03,0.02,15,,,,,,,,
2026-09-21,USO,147.96,2026-09-21T19:31:37.249476263Z,2026-10-16,25,P,85.0,0.57448,USO261016P00085000,0,0.07,0.035,61,,,,,,,,
2026-09-21,USO,147.96,2026-09-21T19:12:33.689432909Z,2026-10-16,25,P,88.0,0.594755,USO261016P00088000,0,0.03,0.015,4,,,,,,,,
2026-09-21,USO,147.96,2026-09-21T19:45:49.277906896Z,2026-10-16,25,P,90.0,0.608273,USO261016P00090000,0.05,0.07,0.06,19,,,,,,,,
2026-09-21,USO,147.96,2026-09-21T19:45:49.442331141Z,2026-10-16,25,P,92.0,0.62179,USO261016P00092000,0.01,0.09,0.05,4,,,0.7408,-0.0052,0.0005,-0.0085,0.0058,-0.0006
2026-09-21,USO,147.96,2026-09-21T19:45:58.637992517Z,2026-10-16,25,P,94.0,0.635307,USO261016P00094000,0.07,0.08,0.075,2,,,0.7464,-0.0074,0.0007,-0.0117,0.008,-0.0008
2026-09-21,USO,147.96,2026-09-21T19:45:11.433651462Z,2026-10-16,25,P,97.0,0.655583,USO261016P00097000,0.07,0.1,0.085,48,,,0.7113,-0.0087,0.0009,-0.0129,0.0091,-0.0009
2026-09-21,USO,147.96,2026-09-21T19:45:57.002184265Z,2026-10-16,25,P,99.0,0.6691,USO261016P00099000,0,0.23,0.115,1,,,,,,,,
2026-09-21,USO,147.96,2026-09-21T19:42:53.725824146Z,2026-10-16,25,P,101.0,0.682617,USO261016P00101000,0.05,0.15,0.1,2,,,0.6649,-0.0107,0.0011,-0.0144,0.011,-0.0012
2026-09-21,USO,147.96,2026-09-21T19:45:20.442833076Z,2026-10-16,25,P,195.0,1.317924,USO261016P00195000,46.07,48.18,47.125,60,,,0.6511,-0.9353,0.005,-0.0439,0.0489,-0.1271
2026-09-21,USO,147.96,2026-09-21T19:45:40.847577745Z,2026-10-16,25,P,200.0,1.351717,USO261016P00200000,51.81,52.29,52.05,1,,,0.6833,-0.9428,0.0043,-0.0403,0.0445,-0.1312
2026-09-21,USO,147.96,2026-09-21T19:45:15.128810548Z,2026-10-16,25,P,205.0,1.38551,USO261016P00205000,55.65,59.27,57.46,2,,,0.8116,-0.9214,0.0047,-0.0716,0.0568,-0.1328
2026-09-21,USO,147.96,2026-09-21T19:45:11.42626515Z,2026-10-16,25,P,210.0,1.419303,USO261016P00210000,60.89,63.39,62.14,4,,,0.7953,-0.941,0.0038,-0.0509,0.0455,-0.138
2026-09-21,USO,147.96,2026-09-21T19:45:09.529581676Z,2026-10-16,25,P,215.0,1.453095,USO261016P00215000,64.31,69.21,66.76,4,,,0.7362,-0.9662,0.0026,-0.0205,0.0291,-0.1437
2026-09-21,USO,147.96,2026-09-21T19:45:09.536364321Z,2026-10-16,25,P,220.0,1.486888,USO261016P00220000,70.96,73.98,72.47,4,,,0.9502,-0.9276,0.0037,-0.079,0.0534,-0.1437
2026-09-21,USO,147.96,2026-09-21T19:45:09.532838914Z,2026-10-16,25,P,225.0,1.520681,USO261016P00225000,73.66,78.55,76.105,2,,,,,,,,
2026-09-21,USO,147.96,2026-09-21T19:45:09.529614522Z,2026-10-16,25,P,230.0,1.554474,USO261016P00230000,81.39,82.23,81.81,1,,,0.8739,-0.9641,0.0023,-0.0294,0.0305,-0.1538
2026-09-21,USO,147.96,2026-09-21T19:45:09.529413394Z,2026-10-16,25,P,235.0,1.588267,USO261016P00235000,84.42,89.2,86.81,1,,,,,,,,
2026-09-21,USO,147.96,2026-09-21T19:45:09.522913143Z,2026-10-23,32,C,60.0,0.405515,USO261023C00060000,86.99,88.63,87.81,,,,,,,,,
2026-09-21,USO,147.96,2026-09-21T19:45:22.190415515Z,2026-10-23,32,C,65.0,0.439308,USO261023C00065000,81.06,85.6,83.33,,,,,,,,,
2026-09-21,USO,147.96,2026-09-21T19:45:09.52257724Z,2026-10-23,32,C,70.0,0.473101,USO261023C00070000,76.54,79.67,78.105,,,,,,,,,
2026-09-21,USO,147.96,2026-09-21T19:45:02.300201266Z,2026-10-23,32,C,75.0,0.506894,USO261023C00075000,72.18,74.89,73.535,,,,,,,,,
2026-09-21,USO,147.96,2026-09-21T19:45:56.03248054Z,2026-10-23,32,C,80.0,0.540687,USO261023C00080000,67.19,69.24,68.215,,,,,,,,,
2026-09-21,USO,147.96,2026-09-21T19:45:09.536876688Z,2026-10-23,32,C,85.0,0.57448,USO261023C00085000,62.15,66.07,64.11,2,,,,,,,,
2026-09-21,USO,147.96,2026-09-21T19:45:57.003984315Z,2026-10-23,32,C,90.0,0.608273,USO261023C00090000,54.97,59.81,57.39,2,,,,,,,,
2026-09-21,USO,147.96,2026-09-21T19:45:09.531411441Z,2026-10-23,32,C,95.0,0.642065,USO261023C00095000,52.14,55.1,53.62,,,,0.7793,0.9799,0.0014,-0.0357,0.0213,0.0802
2026-09-21,USO,147.96,2026-09-21T19:45:09.535142471Z,2026-10-23,32,C,100.0,0.675858,USO261023C00100000,46.05,49.96,48.005,5,,,,,,,,
2026-09-21,USO,147.96,2026-09-21T19:43:06.463533516Z,2026-10-23,32,C,195.0,1.317924,USO261023C00195000,0.74,0.75,0.745,46,,,0.5879,0.0699,0.0052,-0.055,0.0588,0.0084
2026-09-21,USO,147.96,2026-09-21T19:44:34.363262781Z,2026-10-23,32,C,200.0,1.351717,USO261023C00200000,0.6,0.66,0.63,16,,,0.6076,0.0589,0.0044,-0.0497,0.0515,0.0071
2026-09-21,USO,147.96,2026-09-21T19:42:53.726575779Z,2026-10-23,32,C,205.0,1.38551,USO261023C00205000,0.46,0.53,0.495,68,,,0.617,0.0472,0.0036,-0.0423,0.0432,0.0057
2026-09-21,USO,147.96,2026-09-21T19:43:12.821609989Z,2026-10-23,32,C,210.0,1.419303,USO261023C00210000,0.38,0.49,0.435,24,,,0.638,0.041,0.0031,-0.0391,0.0386,0.0049
2026-09-21,USO,147.96,2026-09-21T19:42:53.726624487Z,2026-10-23,32,C,215.0,1.453095,USO261023C00215000,0.35,0.43,0.39,10,,,0.6598,0.0363,0.0028,-0.0365,0.0349,0.0044
2026-09-21,USO,147.96,2026-09-21T19:45:56.980514327Z,2026-10-23,32,C,220.0,1.486888,USO261023C00220000,0.07,0.58,0.325,160,,,0.6721,0.0304,0.0023,-0.0321,0.0302,0.0037
2026-09-21,USO,147.96,2026-09-21T19:45:09.488376449Z,2026-10-23,32,P,60.0,0.405515,USO261023P00060000,0,2.08,1.04,,,,,,,,,
2026-09-21,USO,147.96,2026-09-21T19:35:36.320413246Z,2026-10-23,32,P,65.0,0.439308,USO261023P00065000,0,2.16,1.08,,,,,,,,,
2026-09-21,USO,147.96,2026-09-21T17:38:33.93544155Z,2026-10-23,32,P,70.0,0.473101,USO261023P00070000,0,0.03,0.015,,,,,,,,,
2026-09-21,USO,147.96,2026-09-21T19:31:50.618471946Z,2026-10-23,32,P,75.0,0.506894,USO261023P00075000,0,2.15,1.075,,,,,,,,,
2026-09-21,USO,147.96,2026-09-21T18:07:51.505029857Z,2026-10-23,32,P,80.0,0.540687,USO261023P00080000,0,0.02,0.01,,,,,,,,,
2026-09-21,USO,147.96,2026-09-21T19:45:56.980354668Z,2026-10-23,32,P,85.0,0.57448,USO261023P00085000,0,2.11,1.055,,,,,,,,,
2026-09-21,USO,147.96,2026-09-21T19:45:56.980369776Z,2026-10-23,32,P,90.0,0.608273,USO261023P00090000,0,2.12,1.06,1,,,,,,,,
2026-09-21,USO,147.96,2026-09-21T19:45:56.986134375Z,2026-10-23,32,P,95.0,0.642065,USO261023P00095000,0,0.22,0.11,3,,,,,,,,
2026-09-21,USO,147.96,2026-09-21T19:45:56.97950429Z,2026-10-23,32,P,100.0,0.675858,USO261023P00100000,0,0.4,0.2,2,,,,,,,,
2026-09-21,USO,147.96,2026-09-21T19:45:09.53348776Z,2026-10-23,32,P,195.0,1.317924,USO261023P00195000,45.15,48.87,47.01,1,,,0.58,-0.9331,0.0051,-0.0317,0.0568,-0.1623
2026-09-21,USO,147.96,2026-09-21T19:45:09.523712485Z,2026-10-23,32,P,200.0,1.351717,USO261023P00200000,49.7,54.79,52.245,,,,0.6631,-0.9218,0.005,-0.0462,0.0641,-0.1654
2026-09-21,USO,147.96,2026-09-21T19:45:09.533502083Z,2026-10-23,32,P,205.0,1.38551,USO261023P00205000,55.72,58.62,57.17,,,,0.6943,-0.9285,0.0045,-0.0441,0.0598,-0.1706
2026-09-21,USO,147.96,2026-09-21T19:45:09.533382031Z,2026-10-23,32,P,210.0,1.419303,USO261023P00210000,61.2,64.379,62.7895,,,,0.8279,-0.9015,0.0048,-0.0774,0.0761,-0.172
2026-09-21,USO,147.96,2026-09-21T19:45:09.523511773Z,2026-10-23,32,P,215.0,1.453095,USO261023P00215000,65.489,67.99,66.7395,1,,,0.6882,-0.9566,0.003,-0.0211,0.0403,-0.1827
2026-09-21,USO,147.96,2026-09-21T19:45:09.531142824Z,2026-10-23,32,P,220.0,1.486888,USO261023P00220000,69.91,74.24,72.075,,,,0.7983,-0.9387,0.0035,-0.0437,0.0531,-0.185
2026-09-22,AAPL,341.3,2026-09-22T18:22:18.16160998Z,2026-10-16,24,C,235.0,0.688544,AAPL261016C00235000,107.33,107.51,107.42,5,,,0.7299,0.9822,0.0007,-0.0826,0.0383,0.1499
2026-09-22,AAPL,341.3,2026-09-22T18:21:58.676899493Z,2026-10-16,24,C,450.0,1.318488,AAPL261016C00450000,0,0.12,0.06,250,,,,,,,,
2026-09-22,AAPL,341.3,2026-09-22T18:22:19.206720032Z,2026-10-16,24,P,235.0,0.688544,AAPL261016P00235000,0.01,0.02,0.015,32,,,0.4932,-0.0012,0.0001,-0.0035,0.0035,-0.0003
2026-09-22,AAPL,341.3,2026-09-22T18:22:09.028700455Z,2026-10-16,24,P,450.0,1.318488,AAPL261016P00450000,107.25,108.81,108.03,,,,0.5526,-0.9686,0.0015,-0.0243,0.0619,-0.2885
2026-09-22,AAPL,341.3,2026-09-22T18:22:00.193888412Z,2026-10-23,31,C,235.0,0.688544,AAPL261023C00235000,104.64,108.02,106.33,25,,,,,,,,
2026-09-22,AAPL,341.3,2026-09-22T18:22:19.208278245Z,2026-10-23,31,P,235.0,0.688544,AAPL261023P00235000,0.01,0.09,0.05,1,,,0.4878,-0.0033,0.0002,-0.0076,0.0098,-0.001
2026-09-22,NVDA,229.24,2026-09-22T18:22:23.873860186Z,2026-10-16,24,C,125.0,0.54528,NVDA261016C00125000,106.66,107.06,106.86,1,,,,,,,,
2026-09-22,NVDA,229.24,2026-09-22T18:22:20.815878439Z,2026-10-16,24,C,130.0,0.567091,NVDA261016C00130000,100.57,100.97,100.77,1,,,,,,,,
2026-09-22,NVDA,229.24,2026-09-22T18:22:22.17922076Z,2026-10-16,24,C,135.0,0.588902,NVDA261016C00135000,96.15,96.5,96.325,75,,,,,,,,
2026-09-22,NVDA,229.24,2026-09-22T18:22:20.818172224Z,2026-10-16,24,C,140.0,0.610714,NVDA261016C00140000,90.69,90.71,90.7,47,,,,,,,,
2026-09-22,NVDA,229.24,2026-09-22T18:22:21.85930569Z,2026-10-16,24,C,145.0,0.632525,NVDA261016C00145000,86.12,86.54,86.33,6,,,,,,,,
2026-09-22,NVDA,229.24,2026-09-22T18:22:08.668660438Z,2026-10-16,24,C,150.0,0.654336,NVDA261016C00150000,78.18,81.32,79.75,2,,,0.6421,0.9963,0.0003,-0.0246,0.0065,0.0978
2026-09-22,NVDA,229.24,2026-09-22T18:22:10.678320776Z,2026-10-16,24,C,155.0,0.676147,NVDA261016C00155000,74.14,74.49,74.315,1,,,,,,,,
2026-09-22,NVDA,229.24,2026-09-22T18:22:20.821842492Z,2026-10-16,24,C,300.0,1.308672,NVDA261016C00300000,0.04,0.05,0.045,626,,,0.4052,0.006,0.0007,-0.0086,0.0101,0.0009
2026-09-22,NVDA,229.24,2026-09-22T18:22:20.865732269Z,2026-10-16,24,C,305.0,1.330483,NVDA261016C00305000,0.01,0.04,0.025,87,,,0.4018,0.0036,0.0005,-0.0053,0.0063,0.0005
2026-09-22,NVDA,229.24,2026-09-22T18:22:23.360083783Z,2026-10-16,24,C,310.0,1.352295,NVDA261016C00310000,0.01,0.04,0.025,311,,,0.4222,0.0034,0.0004,-0.0054,0.006,0.0005
2026-09-22,NVDA,229.24,2026-09-22T18:22:20.865732269Z,2026-10-16,24,C,315.0,1.374106,NVDA261016C00315000,0.01,0.02,0.015,6,,,0.4215,0.0021,0.0003,-0.0035,0.0039,0.0003
2026-09-22,NVDA,229.24,2026-09-22T18:22:11.448307539Z,2026-10-16,24,C,320.0,1.395917,NVDA261016C00320000,0.01,0.04,0.025,1,,,0.4618,0.0031,0.0004,-0.0055,0.0056,0.0005
2026-09-22,NVDA,229.24,2026-09-22T18:22:21.112443441Z,2026-10-16,24,C,325.0,1.417728,NVDA261016C00325000,0.01,0.02,0.015,1,,,0.4588,0.002,0.0002,-0.0036,0.0037,0.0003
2026-09-22,NVDA,229.24,2026-09-22T14:59:26.022004063Z,2026-10-16,24,C,330.0,1.439539,NVDA261016C00330000,0,0.01,0.005,1,,,,,,,,
2026-09-22,NVDA,229.24,2026-09-22T18:22:23.903217463Z,2026-10-16,24,P,125.0,0.54528,NVDA261016P00125000,0.06,0.08,0.07,146,,,,,,,,
2026-09-22,NVDA,229.24,2026-09-22T18:22:19.250986615Z,2026-10-16,24,P,130.0,0.567091,NVDA261016P00130000,0.06,0.07,0.065,77,,,,,,,,
2026-09-22,NVDA,229.24,2026-09-22T18:22:16.855049011Z,2026-10-16,24,P,135.0,0.588902,NVDA261016P00135000,0.07,0.08,0.075,1,,,,,,,,
2026-09-22,NVDA,229.24,2026-09-22T18:22:19.329449991Z,2026-10-16,24,P,140.0,0.610714,NVDA261016P00140000,0.04,0.06,0.05,209,,,0.7444,-0.0035,0.0002,-0.0096,0.0062,-0.0006
2026-09-22,NVDA,229.24,2026-09-22T18:22:24.748332921Z,2026-10-16,24,P,145.0,0.632525,NVDA261016P00145000,0.09,0.11,0.1,214,,,0.7539,-0.0066,0.0004,-0.0168,0.0108,-0.0011
2026-09-22,NVDA,229.24,2026-09-22T18:22:21.750311995Z,2026-10-16,24,P,150.0,0.654336,NVDA261016P00150000,0.11,0.12,0.115,72,,,0.716,-0.0078,0.0005,-0.0186,0.0126,-0.0013
2026-09-22,NVDA,229.24,2026-09-22T18:22:24.492292789Z,2026-10-16,24,P,155.0,0.676147,NVDA261016P00155000,0.08,0.09,0.085,7,,,0.6416,-0.0066,0.0005,-0.0144,0.0109,-0.0011
2026-09-22,NVDA,229.24,2026-09-22T18:22:10.368516081Z,2026-10-16,24,P,300.0,1.308672,NVDA261016P00300000,71.9,72.25,72.075,1,,,0.7742,-0.8927,0.0041,-0.1456,0.1086,-0.182
2026-09-22,NVDA,229.24,2026-09-22T18:22:10.368616083Z,2026-10-16,24,P,305.0,1.330483,NVDA261016P00305000,75.55,76.97,76.26,1,,,0.7241,-0.9235,0.0034,-0.0966,0.0845,-0.1894
2026-09-22,NVDA,229.24,2026-09-22T18:22:20.81910641Z,2026-10-16,24,P,310.0,1.352295,NVDA261016P00310000,80.48,80.59,80.535,22,,,0.6513,-0.956,0.0024,-0.0422,0.0547,-0.1971
2026-09-22,NVDA,229.24,2026-09-22T18:22:11.365196487Z,2026-10-16,24,P,315.0,1.374106,NVDA261016P00315000,84.16,85.51,84.835,,,,,,,,,
2026-09-22,NVDA,229.24,2026-09-22T18:22:20.822000896Z,2026-10-16,24,P,320.0,1.395917,NVDA261016P00320000,90.32,90.67,90.495,,,,0.7028,-0.9595,0.0021,-0.0418,0.0512,-0.2042
2026-09-22,NVDA,229.24,2026-09-22T18:22:08.900725536Z,2026-10-16,24,P,325.0,1.417728,NVDA261016P00325000,97.36,97.71,97.535,,,,0.9858,-0.893,0.0032,-0.1902,0.1084,-0.1988
2026-09-22,NVDA,229.24,2026-09-22T18:22:08.900730688Z,2026-10-16,24,P,330.0,1.439539,NVDA261016P00330000,101.77,102.12,101.945,,,,0.9592,-0.9109,0.0029,-0.1561,0.0948,-0.2044
2026-09-22,NVDA,229.24,2026-09-22T18:22:22.840325315Z,2026-10-23,31,C,125.0,0.54528,NVDA261023C00125000,103.42,106.87,105.145,,,,,,,,,
2026-09-22,NVDA,229.24,2026-09-22T18:22:21.915736208Z,2026-10-23,31,C,130.0,0.567091,NVDA261023C00130000,99.57,100.12,99.845,9,,,0.7999,0.9948,0.0003,-0.0266,0.0099,0.109
2026-09-22,NVDA,229.24,2026-09-22T18:22:10.376271543Z,2026-10-23,31,C,135.0,0.588902,NVDA261023C00135000,94.85,95.79,95.32,4,,,,,,,,
2026-09-22,NVDA,229.24,2026-09-22T18:22:08.900889863Z,2026-10-23,31,C,140.0,0.610714,NVDA261023C00140000,90.62,91.12,90.87,2,,,,,,,,
2026-09-22,NVDA,229.24,2026-09-22T18:22:08.900895373Z,2026-10-23,31,C,145.0,0.632525,NVDA261023C00145000,84.06,86.39,85.225,1,,,0.815,0.9804,0.0009,-0.0567,0.0318,0.1186
2026-09-22,NVDA,229.24,2026-09-22T18:22:10.677411447Z,2026-10-23,31,C,150.0,0.654336,NVDA261023C00150000,79.46,81.11,80.285,3,,,0.7751,0.9776,0.001,-0.0599,0.0356,0.1222
2026-09-22,NVDA,229.24,2026-09-22T18:22:08.900904913Z,2026-10-23,31,C,155.0,0.676147,NVDA261023C00155000,73.71,74.51,74.11,7,,,,,,,,
2026-09-22,NVDA,229.24,2026-09-22T18:22:22.467198177Z,2026-10-23,31,C,300.0,1.308672,NVDA261023C00300000,0.04,0.11,0.075,11,,,0.3772,0.0092,0.001,-0.0103,0.0165,0.0017
2026-09-22,NVDA,229.24,2026-09-22T18:22:21.793270847Z,2026-10-23,31,C,305.0,1.330483,NVDA261023C00305000,0.06,0.09,0.075,11,,,0.3974,0.0088,0.0009,-0.0104,0.0159,0.0016
2026-09-22,NVDA,229.24,2026-09-22T18:22:23.654932802Z,2026-10-23,31,C,310.0,1.352295,NVDA261023C00310000,0.01,0.07,0.04,5,,,0.3889,0.005,0.0006,-0.0062,0.0097,0.0009
2026-09-22,NVDA,229.24,2026-09-22T18:22:22.72961916Z,2026-10-23,31,C,315.0,1.374106,NVDA261023C00315000,0.03,0.07,0.05,3,,,0.417,0.0058,0.0006,-0.0076,0.011,0.0011
2026-09-22,NVDA,229.24,2026-09-22T18:22:23.903188679Z,2026-10-23,31,C,320.0,1.395917,NVDA261023C00320000,0.01,0.06,0.035,200,,,0.4193,0.0042,0.0004,-0.0056,0.0082,0.0008
2026-09-22,NVDA,229.24,2026-09-22T18:22:19.22504673Z,2026-10-23,31,C,325.0,1.417728,NVDA261023C00325000,0.03,0.06,0.045,1,,,0.448,0.0049,0.0005,-0.007,0.0096,0.0009
2026-09-22,NVDA,229.24,2026-09-22T18:22:11.263859031Z,2026-10-23,31,C,330.0,1.439539,NVDA261023C00330000,0.01,0.03,0.02,1,,,0.4299,0.0024,0.0003,-0.0036,0.0051,0.0005
2026-09-22,NVDA,229.24,2026-09-22T18:22:22.634534773Z,2026-10-23,31,P,125.0,0.54528,NVDA261023P00125000,0.06,0.1,0.08,1,,,,,,,,
2026-09-22,NVDA,229.24,2026-09-22T18:22:08.900901167Z,2026-10-23,31,P,130.0,0.567091,NVDA261023P00130000,0.04,0.06,0.05,1,,,0.7456,-0.0031,0.0002,-0.0075,0.0063,-0.0006
2026-09-22,NVDA,229.24,2026-09-22T18:22:19.227241558Z,2026-10-23,31,P,135.0,0.588902,NVDA261023P00135000,0.05,0.12,0.085,9,,,0.7428,-0.0051,0.0003,-0.0116,0.0098,-0.0011
2026-09-22,NVDA,229.24,2026-09-22T18:22:21.593285667Z,2026-10-23,31,P,140.0,0.610714,NVDA261023P00140000,0.1,0.13,0.115,31,,,0.7224,-0.0068,0.0004,-0.0147,0.0128,-0.0014
2026-09-22,NVDA,229.24,2026-09-22T18:22:21.363070061Z,2026-10-23,31,P,145.0,0.632525,NVDA261023P00145000,0.07,0.15,0.11,3,,,0.6722,-0.007,0.0004,-0.014,0.0131,-0.0015
2026-09-22,NVDA,229.24,2026-09-22T18:22:19.227186429Z,2026-10-23,31,P,150.0,0.654336,NVDA261023P00150000,0.13,0.15,0.14,62,,,0.6473,-0.0091,0.0006,-0.0169,0.0164,-0.0019
2026-09-22,NVDA,229.24,2026-09-22T18:22:21.746982173Z,2026-10-23,31,P,155.0,0.676147,NVDA261023P00155000,0.11,0.14,0.125,4,,,0.5937,-0.0089,0.0006,-0.0152,0.0161,-0.0018
2026-09-22,NVDA,229.24,2026-09-22T18:22:08.901031151Z,2026-10-23,31,P,300.0,1.308672,NVDA261023P00300000,71.52,71.97,71.745,,,,0.6713,-0.8959,0.004,-0.1011,0.1208,-0.2354
2026-09-22,NVDA,229.24,2026-09-22T18:22:08.901036045Z,2026-10-23,31,P,305.0,1.330483,NVDA261023P00305000,73.95,77.01,75.48,,,,0.5708,-0.9464,0.0029,-0.0357,0.0728,-0.2484
2026-09-22,NVDA,229.24,2026-09-22T18:22:08.901036045Z,2026-10-23,31,P,310.0,1.352295,NVDA261023P00310000,79.33,79.68,79.505,,,,,,,,,
2026-09-22,NVDA,229.24,2026-09-22T18:22:08.901040865Z,2026-10-23,31,P,315.0,1.374106,NVDA261023P00315000,85.37,87.4,86.385,,,,0.7293,-0.9149,0.0032,-0.0907,0.1041,-0.2516
2026-09-22,NVDA,229.24,2026-09-22T18:22:08.298733468Z,2026-10-23,31,P,320.0,1.395917,NVDA261023P00320000,89.74,90.34,90.04,,,,0.576,-0.97,0.0018,-0.0087,0.0454,-0.2654
2026-09-22,NVDA,229.24,2026-09-22T18:22:08.901040865Z,2026-10-23,31,P,325.0,1.417728,NVDA261023P00325000,94.46,95.46,94.96,,,,0.5828,-0.9743,0.0015,-0.0034,0.04,-0.2704
2026-09-22,NVDA,229.24,2026-09-22T18:22:08.901040865Z,2026-10-23,31,P,330.0,1.439539,NVDA261023P00330000,99.36,99.72,99.54,,,,,,,,,
2026-09-22,TSLA,379.815,2026-09-22T18:22:26.054220712Z,2026-10-16,24,C,160.0,0.421258,TSLA261016C00160000,217.32,221.85,219.585,2,,,,,,,,
2026-09-22,TSLA,379.815,2026-09-22T18:22:25.457133031Z,2026-10-16,24,C,165.0,0.434422,TSLA261016C00165000,208.06,220.04,214.05,1,,,,,,,,
2026-09-22,TSLA,379.815,2026-09-22T18:22:27.418417868Z,2026-10-16,24,C,170.0,0.447586,TSLA261016C00170000,207.39,215.09,211.24,2,,,,,,,,
2026-09-22,TSLA,379.815,2026-09-22T18:22:26.04667218Z,2026-10-16,24,C,180.0,0.473915,TSLA261016C00180000,198.21,201.26,199.735,1,,,,,,,,
2026-09-22,TSLA,379.815,2026-09-22T18:22:26.035970195Z,2026-10-16,24,C,185.0,0.487079,TSLA261016C00185000,192.64,199.47,196.055,1,,,,,,,,
2026-09-22,TSLA,379.815,2026-09-22T18:22:28.125799934Z,2026-10-16,24,C,190.0,0.500244,TSLA261016C00190000,190.29,194.81,192.55,6,,,,,,,,
2026-09-22,TSLA,379.815,2026-09-22T18:22:26.034714935Z,2026-10-16,24,C,195.0,0.513408,TSLA261016C00195000,180.84,191.21,186.025,4,,,,,,,,
2026-09-22,TSLA,379.815,2026-09-22T18:22:26.035985422Z,2026-10-16,24,C,200.0,0.526572,TSLA261016C00200000,176.85,184.67,180.76,30,,,,,,,,
2026-09-22,TSLA,379.815,2026-09-22T18:22:26.054216163Z,2026-10-16,24,C,205.0,0.539736,TSLA261016C00205000,172.46,176.05,174.255,1,,,,,,,,
2026-09-22,TSLA,379.815,2026-09-22T18:22:28.125304311Z,2026-10-16,24,C,215.0,0.566065,TSLA261016C00215000,164.93,170.81,167.87,1,,,,,,,,
2026-09-22,TSLA,379.815,2026-09-22T18:22:25.457322957Z,2026-10-16,24,C,220.0,0.579229,TSLA261016C00220000,154.66,159.5,157.08,1,,,,,,,,
2026-09-22,TSLA,379.815,2026-09-22T18:22:28.12487922Z,2026-10-16,24,C,225.0,0.592394,TSLA261016C00225000,154.71,160.42,157.565,11,,,,,,,,
2026-09-22,TSLA,379.815,2026-09-22T18:22:26.036000718Z,2026-10-16,24,C,230.0,0.605558,TSLA261016C00230000,150.36,153.01,151.685,1,,,,,,,,
2026-09-22,TSLA,379.815,2026-09-22T18:22:28.125799934Z,2026-10-16,24,C,235.0,0.618722,TSLA261016C00235000,144.06,150.68,147.37,2,,,,,,,,
2026-09-22,TSLA,379.815,2026-09-22T18:22:26.035975242Z,2026-10-16,24,C,240.0,0.631887,TSLA261016C00240000,138.15,143.6,140.875,2,,,0.8788,0.9846,0.0005,-0.0939,0.0377,0.1532
2026-09-22,TSLA,379.815,2026-09-22T18:22:26.038204939Z,2026-10-16,24,C,250.0,0.658215,TSLA261016C00250000,129.97,132.61,131.29,1,,,0.89,0.9748,0.0007,-0.1316,0.0572,0.1571
2026-09-22,TSLA,379.815,2026-09-22T18:22:26.054224874Z,2026-10-16,24,C,255.0,0.671379,TSLA261016C00255000,123.75,125.15,124.45,6,,,,,,,,
2026-09-22,TSLA,379.815,2026-09-22T18:22:26.054146168Z,2026-10-16,24,C,260.0,0.684544,TSLA261016C00260000,116.53,121.66,119.095,2,,,,,,,,
2026-09-22,TSLA,379.815,2026-09-22T18:22:27.713566302Z,2026-10-16,24,C,500.0,1.31643,TSLA261016C00500000,0.38,0.43,0.405,1602,,,0.514,0.0227,0.0011,-0.057,0.0524,0.0054
2026-09-22,TSLA,379.815,2026-09-22T18:22:26.035350815Z,2026-10-16,24,C,505.0,1.329595,TSLA261016C00505000,0.38,0.4,0.39,114,,,0.5266,0.0215,0.001,-0.0558,0.0501,0.0051
2026-09-22,TSLA,379.815,2026-09-22T18:22:27.713566302Z,2026-10-16,24,C,510.0,1.342759,TSLA261016C00510000,0.31,0.33,0.32,4,,,0.5266,0.018,0.0009,-0.048,0.0431,0.0043
2026-09-22,TSLA,379.815,2026-09-22T18:22:26.038204939Z,2026-10-16,24,C,515.0,1.355923,TSLA261016C00515000,0.32,0.34,0.33,1748,,,0.5437,0.018,0.0008,-0.0495,0.0431,0.0043
2026-09-22,TSLA,379.815,2026-09-22T18:22:23.265129646Z,2026-10-16,24,C,525.0,1.382252,TSLA261016C00525000,0.23,0.26,0.245,2,,,0.55,0.0136,0.0007,-0.0395,0.034,0.0032
2026-09-22,TSLA,379.815,2026-09-22T18:22:26.030075287Z,2026-10-16,24,C,530.0,1.395416,TSLA261016C00530000,0.22,0.24,0.23,14,,,0.5592,0.0127,0.0006,-0.0377,0.0319,0.003
2026-09-22,TSLA,379.815,2026-09-22T18:22:27.761656086Z,2026-10-16,24,C,535.0,1.40858,TSLA261016C00535000,0.24,0.26,0.25,9,,,0.5788,0.0133,0.0006,-0.0406,0.0332,0.0032
2026-09-22,TSLA,379.815,2026-09-22T18:22:28.109789225Z,2026-10-16,24,C,540.0,1.421745,TSLA261016C00540000,0.22,0.24,0.23,1059,,,0.5859,0.0122,0.0006,-0.0381,0.0308,0.0029
2026-09-22,TSLA,379.815,2026-09-22T18:22:23.218629709Z,2026-10-16,24,C,545.0,1.434909,TSLA261016C00545000,0.17,0.23,0.2,3,,,0.5887,0.0107,0.0005,-0.0342,0.0275,0.0025
2026-09-22,TSLA,379.815,2026-09-22T18:22:27.112919492Z,2026-10-16,24,C,550.0,1.448073,TSLA261016C00550000,0.2,0.22,0.21,26,,,0.6051,0.0109,0.0005,-0.0358,0.028,0.0026
2026-09-22,TSLA,379.815,2026-09-22T18:22:26.061254952Z,2026-10-16,24,C,560.0,1.474402,TSLA261016C00560000,0.18,0.19,0.185,44,,,0.6208,0.0095,0.0004,-0.0325,0.0249,0.0023
2026-09-22,TSLA,379.815,2026-09-22T18:22:25.75756149Z,2026-10-16,24,C,570.0,1.500731,TSLA261016C00570000,0.12,0.14,0.13,1014,,,0.6194,0.0069,0.0003,-0.0245,0.0188,0.0016
2026-09-22,TSLA,379.815,2026-09-22T18:22:26.039195007Z,2026-10-16,24,C,580.0,1.527059,TSLA261016C00580000,0.14,0.16,0.15,13,,,0.6529,0.0075,0.0003,-0.0278,0.0203,0.0018
2026-09-22,TSLA,379.815,2026-09-22T18:22:23.26768143Z,2026-10-16,24,C,590.0,1.553388,TSLA261016C00590000,0.13,0.15,0.14,3,,,0.6705,0.0069,0.0003,-0.0265,0.0188,0.0016
2026-09-22,TSLA,379.815,2026-09-22T18:22:24.343813921Z,2026-10-16,24,C,600.0,1.579716,TSLA261016C00600000,0.11,0.13,0.12,70,,,0.6812,0.0059,0.0003,-0.0235,0.0164,0.0014
2026-09-22,TSLA,379.815,2026-09-22T18:22:26.057653641Z,2026-10-16,24,P,160.0,0.421258,TSLA261016P00160000,0.04,0.06,0.05,33,,,,,,,,
2026-09-22,TSLA,379.815,2026-09-22T18:22:26.052798414Z,2026-10-16,24,P,165.0,0.434422,TSLA261016P00165000,0.01,0.06,0.035,49,,,,,,,,
2026-09-22,TSLA,379.815,2026-09-22T18:22:29.145103891Z,2026-10-16,24,P,170.0,0.447586,TSLA261016P00170000,0.05,0.07,0.06,1,,,,,,,,
2026-09-22,TSLA,379.815,2026-09-22T18:22:25.757226982Z,2026-10-16,24,P,180.0,0.473915,TSLA261016P00180000,0.06,0.07,0.065,5,,,,,,,,
2026-09-22,TSLA,379.815,2026-09-22T18:22:26.055298434Z,2026-10-16,24,P,185.0,0.487079,TSLA261016P00185000,0.02,0.04,0.03,4,,,,,,,,
2026-09-22,TSLA,379.815,2026-09-22T18:22:27.793597125Z,2026-10-16,24,P,190.0,0.500244,TSLA261016P00190000,0.03,0.09,0.06,4,,,,,,,,
2026-09-22,TSLA,379.815,2026-09-22T18:22:29.052743408Z,2026-10-16,24,P,195.0,0.513408,TSLA261016P00195000,0.08,0.1,0.09,1,,,,,,,,
2026-09-22,TSLA,379.815,2026-09-22T18:22:26.055368834Z,2026-10-16,24,P,200.0,0.526572,TSLA261016P00200000,0.1,0.11,0.105,68,,,,,,,,
2026-09-22,TSLA,379.815,2026-09-22T18:22:24.291510518Z,2026-10-16,24,P,205.0,0.539736,TSLA261016P00205000,0.1,0.12,0.11,1,,,,,,,,
2026-09-22,TSLA,379.815,2026-09-22T18:22:23.265324736Z,2026-10-16,24,P,215.0,0.566065,TSLA261016P00215000,0.12,0.14,0.13,59,,,,,,,,
2026-09-22,TSLA,379.815,2026-09-22T18:22:23.902378502Z,2026-10-16,24,P,220.0,0.579229,TSLA261016P00220000,0.13,0.15,0.14,106,,,,,,,,
2026-09-22,TSLA,379.815,2026-09-22T18:22:23.2676799Z,2026-10-16,24,P,225.0,0.592394,TSLA261016P00225000,0.1,0.12,0.11,3,,,,,,,,
2026-09-22,TSLA,379.815,2026-09-22T18:22:29.010523171Z,2026-10-16,24,P,230.0,0.605558,TSLA261016P00230000,0.11,0.14,0.125,1,,,0.791,-0.0048,0.0002,-0.0223,0.0137,-0.0013
2026-09-22,TSLA,379.815,2026-09-22T18:22:29.015883986Z,2026-10-16,24,P,235.0,0.618722,TSLA261016P00235000,0.17,0.19,0.18,9,,,,,,,,
2026-09-22,TSLA,379.815,2026-09-22T18:22:29.011253745Z,2026-10-16,24,P,240.0,0.631887,TSLA261016P00240000,0.18,0.21,0.195,1,,,0.7703,-0.0074,0.0003,-0.0318,0.02,-0.002
2026-09-22,TSLA,379.815,2026-09-22T18:22:29.01233887Z,2026-10-16,24,P,250.0,0.658215,TSLA261016P00250000,0.19,0.2,0.195,613,,,0.7086,-0.0081,0.0003,-0.0314,0.0215,-0.0021
2026-09-22,TSLA,379.815,2026-09-22T18:22:29.004578103Z,2026-10-16,24,P,255.0,0.671379,TSLA261016P00255000,0.2,0.22,0.21,27,,,0.6852,-0.0089,0.0004,-0.0331,0.0234,-0.0024
2026-09-22,TSLA,379.815,2026-09-22T18:22:29.012343522Z,2026-10-16,24,P,260.0,0.684544,TSLA261016P00260000,0.23,0.29,0.26,6,,,0.6745,-0.0109,0.0004,-0.039,0.0281,-0.0029
2026-09-22,TSLA,379.815,2026-09-22T18:22:29.055118386Z,2026-10-16,24,P,500.0,1.31643,TSLA261016P00500000,117.4,122.31,119.855,1,,,0.59,-0.9577,0.0016,-0.0562,0.0878,-0.318
2026-09-22,TSLA,379.815,2026-09-22T18:22:26.060573443Z,2026-10-16,24,P,505.0,1.329595,TSLA261016P00505000,125.45,129.25,127.35,1,,,0.7996,-0.8988,0.0023,-0.2371,0.1724,-0.3082
2026-09-22,TSLA,379.815,2026-09-22T18:22:26.053578755Z,2026-10-16,24,P,510.0,1.342759,TSLA261016P00510000,130.78,134.64,132.71,1,,,0.8409,-0.8939,0.0022,-0.2622,0.1785,-0.3105
2026-09-22,TSLA,379.815,2026-09-22T18:22:29.016673206Z,2026-10-16,24,P,515.0,1.355923,TSLA261016P00515000,134.77,137.18,135.975,1,,,0.7488,-0.9301,0.0018,-0.1514,0.1306,-0.3217
2026-09-22,TSLA,379.815,2026-09-22T18:22:29.058858357Z,2026-10-16,24,P,525.0,1.382252,TSLA261016P00525000,145.76,151.2,148.48,3,,,0.9445,-0.8859,0.0021,-0.318,0.188,-0.3189
2026-09-22,TSLA,379.815,2026-09-22T18:22:29.016908261Z,2026-10-16,24,P,530.0,1.395416,TSLA261016P00530000,149.84,155.35,152.595,2,,,0.9147,-0.9019,0.0019,-0.2682,0.1685,-0.3256
2026-09-22,TSLA,379.815,2026-09-22T18:22:26.054143417Z,2026-10-16,24,P,535.0,1.40858,TSLA261016P00535000,151.92,155.85,153.885,26,,,0.4884,-0.996,0.0002,0.0452,0.0115,-0.3499
2026-09-22,TSLA,379.815,2026-09-22T18:22:25.528360861Z,2026-10-16,24,P,540.0,1.421745,TSLA261016P00540000,158.32,162.97,160.645,2,,,0.8137,-0.9418,0.0015,-0.1366,0.1133,-0.3408
2026-09-22,TSLA,379.815,2026-09-22T18:22:29.016719414Z,2026-10-16,24,P,545.0,1.434909,TSLA261016P00545000,161.84,167.88,164.86,30,,,0.7503,-0.9614,0.0011,-0.0706,0.0815,-0.3485
2026-09-22,TSLA,379.815,2026-09-22T18:22:29.052723344Z,2026-10-16,24,P,550.0,1.448073,TSLA261016P00550000,167.17,171.86,169.515,69,,,0.7194,-0.9714,0.0009,-0.038,0.0638,-0.354
2026-09-22,TSLA,379.815,2026-09-22T18:22:29.104423577Z,2026-10-16,24,P,560.0,1.474402,TSLA261016P00560000,180.36,182.82,181.59,22,,,0.9595,-0.9257,0.0015,-0.2165,0.1369,-0.3506
2026-09-22,TSLA,379.815,2026-09-22T18:22:26.046645247Z,2026-10-16,24,P,570.0,1.500731,TSLA261016P00570000,186.08,195.36,190.72,22,,,0.9232,-0.9436,0.0013,-0.1538,0.1105,-0.3611
2026-09-22,TSLA,379.815,2026-09-22T18:22:29.055828375Z,2026-10-16,24,P,580.0,1.527059,TSLA261016P00580000,199.12,201.03,200.075,1,,,0.8903,-0.9581,0.001,-0.1013,0.0871,-0.3708
2026-09-22,TSLA,379.815,2026-09-22T18:22:29.017188171Z,2026-10-16,24,P,590.0,1.553388,TSLA261016P00590000,208.88,217.8,213.34,1,,,,,,,,
2026-09-22,TSLA,379.815,2026-09-22T18:22:29.0563591Z,2026-10-16,24,P,600.0,1.579716,TSLA261016P00600000,218.26,219.9,219.08,1,,,0.7912,-0.9838,0.0005,-0.0015,0.0394,-0.3897
2026-09-22,TSLA,379.815,2026-09-22T18:22:26.049363393Z,2026-10-23,31,C,160.0,0.421258,TSLA261023C00160000,217.8,222.34,220.07,1,,,,,,,,
2026-09-22,TSLA,379.815,2026-09-22T18:22:26.053327336Z,2026-10-23,31,C,170.0,0.447586,TSLA261023C00170000,206.25,211.01,208.63,1,,,,,,,,
2026-09-22,TSLA,379.815,2026-09-22T18:22:27.183039916Z,2026-10-23,31,C,180.0,0.473915,TSLA261023C00180000,199.89,202,200.945,1,,,,,,,,
2026-09-22,TSLA,379.815,2026-09-22T18:22:26.043716512Z,2026-10-23,31,C,190.0,0.500244,TSLA261023C00190000,189.07,193.49,191.28,1,,,,,,,,
2026-09-22,TSLA,379.815,2026-09-22T18:22:27.457211253Z,2026-10-23,31,C,200.0,0.526572,TSLA261023C00200000,176.54,183.94,180.24,1,,,,,,,,
2026-09-22,TSLA,379.815,2026-09-22T18:22:26.053307859Z,2026-10-23,31,C,210.0,0.552901,TSLA261023C00210000,169.37,172.19,170.78,3,,,,,,,,
2026-09-22,TSLA,379.815,2026-09-22T18:22:27.457211253Z,2026-10-23,31,C,220.0,0.579229,TSLA261023C00220000,157.8,161.31,159.555,1,,,,,,,,
2026-09-22,TSLA,379.815,2026-09-22T18:22:27.457211253Z,2026-10-23,31,C,230.0,0.605558,TSLA261023C00230000,145.93,152.96,149.445,2,,,,,,,,
2026-09-22,TSLA,379.815,2026-09-22T18:22:25.756906814Z,2026-10-23,31,C,235.0,0.618722,TSLA261023C00235000,142.88,147.25,145.065,1,,,,,,,,
2026-09-22,TSLA,379.815,2026-09-22T18:22:27.860271395Z,2026-10-23,31,C,240.0,0.631887,TSLA261023C00240000,134.66,144.22,139.44,,,,,,,,,
2026-09-22,TSLA,379.815,2026-09-22T18:22:27.506105618Z,2026-10-23,31,C,250.0,0.658215,TSLA261023C00250000,129.12,132.39,130.755,18,,,0.6139,0.9928,0.0003,-0.0484,0.0222,0.2091
2026-09-22,TSLA,379.815,2026-09-22T18:22:25.75690201Z,2026-10-23,31,C,255.0,0.671379,TSLA261023C00255000,121.85,131.39,126.62,1,,,0.7703,0.9714,0.0008,-0.116,0.0725,0.2058
2026-09-22,TSLA,379.815,2026-09-22T18:22:27.506100657Z,2026-10-23,31,C,260.0,0.684544,TSLA261023C00260000,116.29,124.92,120.605,6,,,,,,,,
2026-09-22,TSLA,379.815,2026-09-22T18:22:27.541710674Z,2026-10-23,31,C,500.0,1.31643,TSLA261023C00500000,0.88,0.92,0.9,56,,,0.5145,0.0411,0.0015,-0.0825,0.0976,0.0125
2026-09-22,TSLA,379.815,2026-09-22T18:22:27.212835731Z,2026-10-23,31,C,505.0,1.329595,TSLA261023C00505000,0.79,0.83,0.81,3,,,0.5197,0.0372,0.0014,-0.0768,0.0899,0.0113
2026-09-22,TSLA,379.815,2026-09-22T18:22:27.714551471Z,2026-10-23,31,C,510.0,1.342759,TSLA261023C00510000,0.68,0.71,0.695,4,,,0.5206,0.0325,0.0013,-0.0687,0.0804,0.0099
2026-09-22,TSLA,379.815,2026-09-22T18:22:27.50630063Z,2026-10-23,31,C,515.0,1.355923,TSLA261023C00515000,0.65,0.68,0.665,1,,,0.5309,0.0307,0.0012,-0.0669,0.0768,0.0093
2026-09-22,TSLA,379.815,2026-09-22T18:22:27.713761116Z,2026-10-23,31,C,525.0,1.382252,TSLA261023C00525000,0.5,0.57,0.535,1,,,0.5395,0.025,0.001,-0.0572,0.0647,0.0076
2026-09-22,TSLA,379.815,2026-09-22T18:22:27.21333005Z,2026-10-23,31,C,530.0,1.395416,TSLA261023C00530000,0.5,0.53,0.515,1,,,0.5495,0.0238,0.0009,-0.0559,0.0621,0.0072
2026-09-22,TSLA,379.815,2026-09-22T18:22:27.211705066Z,2026-10-23,31,C,535.0,1.40858,TSLA261023C00535000,0.46,0.49,0.475,1,,,0.5556,0.0219,0.0009,-0.0528,0.058,0.0067
2026-09-22,TSLA,379.815,2026-09-22T18:22:27.714556113Z,2026-10-23,31,C,540.0,1.421745,TSLA261023C00540000,0.43,0.46,0.445,142,,,0.5628,0.0205,0.0008,-0.0504,0.0547,0.0062
2026-09-22,TSLA,379.815,2026-09-22T18:22:27.211915022Z,2026-10-23,31,C,545.0,1.434909,TSLA261023C00545000,0.36,0.39,0.375,36,,,0.5614,0.0176,0.0007,-0.0442,0.0481,0.0054
2026-09-22,TSLA,379.815,2026-09-22T18:22:26.034059725Z,2026-10-23,31,C,550.0,1.448073,TSLA261023C00550000,0.33,0.36,0.345,60,,,0.5669,0.0162,0.0006,-0.0416,0.0448,0.0049
2026-09-22,TSLA,379.815,2026-09-22T18:22:27.212950136Z,2026-10-23,31,C,560.0,1.474402,TSLA261023C00560000,0.32,0.35,0.335,1,,,0.5878,0.0153,0.0006,-0.041,0.0426,0.0046
2026-09-22,TSLA,379.815,2026-09-22T18:22:26.128707463Z,2026-10-23,31,C,565.0,1.487566,TSLA261023C00565000,0.27,0.33,0.3,2,,,0.5906,0.0138,0.0005,-0.0377,0.039,0.0042
2026-09-22,TSLA,379.815,2026-09-22T18:22:26.332122916Z,2026-10-23,31,C,570.0,1.500731,TSLA261023C00570000,0.25,0.31,0.28,5,,,0.5964,0.0129,0.0005,-0.0358,0.0367,0.0039
2026-09-22,TSLA,379.815,2026-09-22T18:22:27.211915022Z,2026-10-23,31,C,575.0,1.513895,TSLA261023C00575000,0.23,0.3,0.265,1,,,0.6031,0.0121,0.0005,-0.0344,0.0349,0.0037
2026-09-22,TSLA,379.815,2026-09-22T18:22:24.967655714Z,2026-10-23,31,C,580.0,1.527059,TSLA261023C00580000,0.26,0.28,0.27,1,,,0.6153,0.0121,0.0005,-0.0351,0.0349,0.0037
2026-09-22,TSLA,379.815,2026-09-22T18:22:24.96733537Z,2026-10-23,31,C,585.0,1.540224,TSLA261023C00585000,0.2,0.23,0.215,1,,,0.6087,0.0099,0.0004,-0.0292,0.0294,0.003
2026-09-22,TSLA,379.815,2026-09-22T18:22:26.0495326Z,2026-10-23,31,C,595.0,1.566552,TSLA261023C00595000,0.18,0.24,0.21,1,,,0.6274,0.0095,0.0004,-0.0289,0.0282,0.0029
2026-09-22,TSLA,379.815,2026-09-22T18:22:26.086713202Z,2026-10-23,31,C,600.0,1.579716,TSLA261023C00600000,0.17,0.19,0.18,22,,,0.6261,0.0083,0.0003,-0.0255,0.025,0.0025
2026-09-22,TSLA,379.815,2026-09-22T18:22:26.135490551Z,2026-10-23,31,P,160.0,0.421258,TSLA261023P00160000,0.05,0.07,0.06,2,,,,,,,,
2026-09-22,TSLA,379.815,2026-09-22T18:22:26.05255028Z,2026-10-23,31,P,170.0,0.447586,TSLA261023P00170000,0.06,0.13,0.095,2,,,,,,,,
2026-09-22,TSLA,379.815,2026-09-22T18:22:26.065450311Z,2026-10-23,31,P,180.0,0.473915,TSLA261023P00180000,0.08,0.14,0.11,5,,,,,,,,
2026-09-22,TSLA,379.815,2026-09-22T18:22:26.069425578Z,2026-10-23,31,P,190.0,0.500244,TSLA261023P00190000,0.1,0.13,0.115,1,,,,,,,,
2026-09-22,TSLA,379.815,2026-09-22T18:22:29.039061112Z,2026-10-23,31,P,200.0,0.526572,TSLA261023P00200000,0.16,0.19,0.175,16,,,,,,,,
2026-09-22,TSLA,379.815,2026-09-22T18:22:29.011431214Z,2026-10-23,31,P,210.0,0.552901,TSLA261023P00210000,0.19,0.22,0.205,2,,,,,,,,
2026-09-22,TSLA,379.815,2026-09-22T18:22:29.012251251Z,2026-10-23,31,P,220.0,0.579229,TSLA261023P00220000,0.18,0.25,0.215,11,,,0.8036,-0.0069,0.0002,-0.0273,0.0213,-0.0024
2026-09-22,TSLA,379.815,2026-09-22T18:22:29.011431214Z,2026-10-23,31,P,230.0,0.605558,TSLA261023P00230000,0.22,0.29,0.255,20,,,0.7609,-0.0085,0.0003,-0.031,0.0255,-0.003
2026-09-22,TSLA,379.815,2026-09-22T18:22:27.859413006Z,2026-10-23,31,P,235.0,0.618722,TSLA261023P00235000,0.25,0.28,0.265,21,,,0.7353,-0.0091,0.0003,-0.0317,0.0271,-0.0032
2026-09-22,TSLA,379.815,2026-09-22T18:22:29.012001302Z,2026-10-23,31,P,240.0,0.631887,TSLA261023P00240000,0.31,0.34,0.325,2,,,0.7264,-0.011,0.0004,-0.0371,0.0321,-0.0038
2026-09-22,TSLA,379.815,2026-09-22T18:22:23.26734911Z,2026-10-23,31,P,250.0,0.658215,TSLA261023P00250000,0.37,0.4,0.385,8,,,0.6854,-0.0136,0.0005,-0.0419,0.0384,-0.0047
2026-09-22,TSLA,379.815,2026-09-22T18:22:29.012251251Z,2026-10-23,31,P,255.0,0.671379,TSLA261023P00255000,0.4,0.44,0.42,2,,,0.6654,-0.0151,0.0005,-0.0445,0.0421,-0.0052
2026-09-22,TSLA,379.815,2026-09-22T18:22:29.005886135Z,2026-10-23,31,P,260.0,0.684544,TSLA261023P00260000,0.4,0.48,0.44,1,,,0.6416,-0.0163,0.0006,-0.0458,0.0449,-0.0056
2026-09-22,TSLA,379.815,2026-09-22T18:22:29.010291876Z,2026-10-23,31,P,500.0,1.31643,TSLA261023P00500000,117.43,124.4,120.915,1,,,0.6258,-0.919,0.0022,-0.1173,0.1661,-0.3991
2026-09-22,TSLA,379.815,2026-09-22T18:22:29.007401224Z,2026-10-23,31,P,505.0,1.329595,TSLA261023P00505000,123.43,131.71,127.57,,,,0.7316,-0.8876,0.0024,-0.1996,0.2113,-0.3947
2026-09-22,TSLA,379.815,2026-09-22T18:22:29.007407063Z,2026-10-23,31,P,510.0,1.342759,TSLA261023P00510000,127.1,136.9,132.0,,,,0.7222,-0.8997,0.0022,-0.176,0.1947,-0.4023
2026-09-22,TSLA,379.815,2026-09-22T18:22:29.007407063Z,2026-10-23,31,P,515.0,1.355923,TSLA261023P00515000,133.13,137.05,135.09,,,,0.6218,-0.942,0.0017,-0.076,0.1284,-0.4186
2026-09-22,TSLA,379.815,2026-09-22T18:22:29.013951183Z,2026-10-23,31,P,525.0,1.382252,TSLA261023P00525000,140.18,151.62,145.9,,,,0.7122,-0.9251,0.0018,-0.1265,0.1565,-0.4223
2026-09-22,TSLA,379.815,2026-09-22T18:22:29.007407063Z,2026-10-23,31,P,530.0,1.395416,TSLA261023P00530000,146.34,156.68,151.51,,,,0.766,-0.9141,0.0019,-0.1611,0.1737,-0.4235
2026-09-22,TSLA,379.815,2026-09-22T18:22:29.015131541Z,2026-10-23,31,P,535.0,1.40858,TSLA261023P00535000,152.94,157.32,155.13,,,,0.6904,-0.9436,0.0015,-0.0848,0.1256,-0.4361
2026-09-22,TSLA,379.815,2026-09-22T18:22:29.019011753Z,2026-10-23,31,P,540.0,1.421745,TSLA261023P00540000,159.63,164.86,162.245,,,,0.8405,-0.9033,0.0018,-0.2027,0.1895,-0.4292
2026-09-22,TSLA,379.815,2026-09-22T18:22:29.007571995Z,2026-10-23,31,P,545.0,1.434909,TSLA261023P00545000,160.15,167.58,163.865,,,,0.5801,-0.9789,0.0008,0.005,0.056,-0.4549
2026-09-22,TSLA,379.815,2026-09-22T18:22:29.017056178Z,2026-10-23,31,P,550.0,1.448073,TSLA261023P00550000,169.71,174.36,172.035,,,,0.8625,-0.9089,0.0017,-0.1968,0.1813,-0.4393
2026-09-22,TSLA,379.815,2026-09-22T18:22:29.01394665Z,2026-10-23,31,P,560.0,1.474402,TSLA261023P00560000,180.12,186.95,183.535,,,,0.9719,-0.8883,0.0018,-0.2741,0.2104,-0.4424
2026-09-22,TSLA,379.815,2026-09-22T18:22:29.015126195Z,2026-10-23,31,P,565.0,1.487566,TSLA261023P00565000,184.76,188.7,186.73,,,,0.8933,-0.9166,0.0016,-0.1872,0.1697,-0.4543
2026-09-22,TSLA,379.815,2026-09-22T18:22:29.007571995Z,2026-10-23,31,P,570.0,1.500731,TSLA261023P00570000,190.51,191.6,191.055,,,,0.8666,-0.929,0.0014,-0.1517,0.1503,-0.4619
2026-09-22,TSLA,379.815,2026-09-22T18:22:29.007456652Z,2026-10-23,31,P,575.0,1.513895,TSLA261023P00575000,194.97,203.11,199.04,,,,,,,,,
2026-09-22,TSLA,379.815,2026-09-22T18:22:29.007456652Z,2026-10-23,31,P,580.0,1.527059,TSLA261023P00580000,196.41,203.71,200.06,,,,0.8215,-0.949,0.0012,-0.0937,0.116,-0.476
2026-09-22,TSLA,379.815,2026-09-22T18:22:29.013951183Z,2026-10-23,31,P,585.0,1.540224,TSLA261023P00585000,204.43,208.27,206.35,,,,0.931,-0.9256,0.0014,-0.1739,0.1556,-0.4738
2026-09-22,TSLA,379.815,2026-09-22T18:22:29.013936119Z,2026-10-23,31,P,595.0,1.566552,TSLA261023P00595000,207.95,223.04,215.495,,,,0.9001,-0.9415,0.0012,-0.1262,0.1292,-0.4867
2026-09-22,TSLA,379.815,2026-09-22T18:22:29.013931353Z,2026-10-23,31,P,600.0,1.579716,TSLA261023P00600000,218.23,226.96,222.595,,,,,,,,,
2026-09-22,USO,145.07,2026-09-22T18:22:21.714148083Z,2026-10-16,24,C,60.0,0.413593,USO261016C00060000,81.53,87.35,84.44,2,,,,,,,,
2026-09-22,USO,145.07,2026-09-22T18:22:21.714163202Z,2026-10-16,24,C,64.0,0.441166,USO261016C00064000,80.67,84.39,82.53,1,,,,,,,,
2026-09-22,USO,145.07,2026-09-22T18:22:30.229031966Z,2026-10-16,24,C,66.0,0.454953,USO261016C00066000,77.16,79.88,78.52,,,,,,,,,
2026-09-22,USO,145.07,2026-09-22T18:22:24.911764948Z,2026-10-16,24,C,68.0,0.468739,USO261016C00068000,74.31,79.84,77.075,10,,,,,,,,
2026-09-22,USO,145.07,2026-09-22T18:22:26.478993025Z,2026-10-16,24,C,70.0,0.482526,USO261016C00070000,72.83,78.28,75.555,1,,,,,,,,
2026-09-22,USO,145.07,2026-09-22T18:22:24.911750447Z,2026-10-16,24,C,73.0,0.503205,USO261016C00073000,68.98,73.68,71.33,2,,,,,,,,
2026-09-22,USO,145.07,2026-09-22T18:22:26.479173014Z,2026-10-16,24,C,75.0,0.516992,USO261016C00075000,69.45,71.25,70.35,5,,,,,,,,
2026-09-22,USO,145.07,2026-09-22T18:22:24.906310488Z,2026-10-16,24,C,77.0,0.530778,USO261016C00077000,67.31,69.22,68.265,2,,,,,,,,
2026-09-22,USO,145.07,2026-09-22T18:22:24.911760612Z,2026-10-16,24,C,79.0,0.544565,USO261016C00079000,64.42,68.73,66.575,39,,,,,,,,
2026-09-22,USO,145.07,2026-09-22T18:22:24.911779636Z,2026-10-16,24,C,81.0,0.558351,USO261016C00081000,61.61,65.08,63.345,1,,,,,,,,
2026-09-22,USO,145.07,2026-09-22T18:22:26.479743521Z,2026-10-16,24,C,84.0,0.579031,USO261016C00084000,59.14,62.5,60.82,2,,,,,,,,
2026-09-22,USO,145.07,2026-09-22T18:22:26.476053045Z,2026-10-16,24,C,86.0,0.592817,USO261016C00086000,56.91,61.64,59.275,1,,,,,,,,
2026-09-22,USO,145.07,2026-09-22T18:22:29.826313706Z,2026-10-16,24,C,88.0,0.606604,USO261016C00088000,55.32,59.4,57.36,1,,,,,,,,
2026-09-22,USO,145.07,2026-09-22T18:22:24.913906018Z,2026-10-16,24,C,90.0,0.62039,USO261016C00090000,55.6,57.15,56.375,1,,,,,,,,
2026-09-22,USO,145.07,2026-09-22T18:22:30.227572047Z,2026-10-16,24,C,93.0,0.64107,USO261016C00093000,51.01,53.32,52.165,1,,,,,,,,
2026-09-22,USO,145.07,2026-09-22T18:22:24.911719794Z,2026-10-16,24,C,95.0,0.654856,USO261016C00095000,48.87,51.84,50.355,5,,,,,,,,
2026-09-22,USO,145.07,2026-09-22T18:22:24.911629543Z,2026-10-16,24,C,97.0,0.668643,USO261016C00097000,46.8,49.59,48.195,2,,,,,,,,
2026-09-22,USO,145.07,2026-09-22T18:22:26.274009075Z,2026-10-16,24,C,99.0,0.682429,USO261016C00099000,43.82,47.74,45.78,1,,,,,,,,
2026-09-22,USO,145.07,2026-09-22T18:22:29.784091217Z,2026-10-16,24,C,190.0,1.309713,USO261016C00190000,0.45,0.49,0.47,32,,,0.6093,0.0521,0.0047,-0.0512,0.0397,0.0047
2026-09-22,USO,145.07,2026-09-22T18:22:29.320296583Z,2026-10-16,24,C,195.0,1.344179,USO261016C00195000,0.35,0.39,0.37,30,,,0.6271,0.0413,0.0038,-0.0437,0.033,0.0037
2026-09-22,USO,145.07,2026-09-22T18:22:29.316216727Z,2026-10-16,24,C,200.0,1.378645,USO261016C00200000,0.3,0.33,0.315,4229,,,0.6518,0.0348,0.0032,-0.0394,0.0286,0.0031
2026-09-22,USO,145.07,2026-09-22T18:22:29.756924849Z,2026-10-16,24,C,205.0,1.413111,USO261016C00205000,0.2,0.27,0.235,84,,,0.6606,0.0266,0.0025,-0.0319,0.0229,0.0024
2026-09-22,USO,145.07,2026-09-22T18:22:29.796643866Z,2026-10-16,24,C,210.0,1.447577,USO261016C00210000,0.2,0.22,0.21,79,,,0.6868,0.0233,0.0022,-0.0296,0.0205,0.0021
2026-09-22,USO,145.07,2026-09-22T18:22:26.663747196Z,2026-10-16,24,C,215.0,1.482043,USO261016C00215000,0.13,0.22,0.175,2,,,0.7042,0.0194,0.0018,-0.026,0.0175,0.0017
2026-09-22,USO,145.07,2026-09-22T18:22:29.299700814Z,2026-10-16,24,C,220.0,1.516509,USO261016C00220000,0.12,0.14,0.13,2,,,0.7094,0.0147,0.0014,-0.0207,0.0139,0.0013
2026-09-22,USO,145.07,2026-09-22T18:22:29.786349628Z,2026-10-16,24,C,225.0,1.550975,USO261016C00225000,0.1,0.17,0.135,8,,,0.7454,0.0146,0.0013,-0.0216,0.0138,0.0013
2026-09-22,USO,145.07,2026-09-22T18:22:29.789080604Z,2026-10-16,24,C,230.0,1.585442,USO261016C00230000,0.08,0.11,0.095,9,,,0.7434,0.0107,0.001,-0.0164,0.0105,0.001
2026-09-22,USO,145.07,2026-09-22T17:52:47.312957943Z,2026-10-16,24,P,60.0,0.413593,USO261016P00060000,0,0.03,0.015,2,,,,,,,,
2026-09-22,USO,145.07,2026-09-22T18:22:24.907038205Z,2026-10-16,24,P,64.0,0.441166,USO261016P00064000,0,0.97,0.485,6,,,,,,,,
2026-09-22,USO,145.07,2026-09-22T18:22:21.714193205Z,2026-10-16,24,P,66.0,0.454953,USO261016P00066000,0,1.17,0.585,4,,,,,,,,
2026-09-22,USO,145.07,2026-09-22T15:31:44.603686413Z,2026-10-16,24,P,68.0,0.468739,USO261016P00068000,0,0.04,0.02,1,,,,,,,,
2026-09-22,USO,145.07,2026-09-22T18:22:21.713763045Z,2026-10-16,24,P,70.0,0.482526,USO261016P00070000,0.01,0.06,0.035,8,,,,,,,,
2026-09-22,USO,145.07,2026-09-22T18:22:31.332247369Z,2026-10-16,24,P,73.0,0.503205,USO261016P00073000,0,1.2,0.6,4,,,,,,,,
2026-09-22,USO,145.07,2026-09-22T18:22:24.913930236Z,2026-10-16,24,P,75.0,0.516992,USO261016P00075000,0,0.46,0.23,49,,,,,,,,
2026-09-22,USO,145.07,2026-09-22T16:10:00.80062505Z,2026-10-16,24,P,77.0,0.530778,USO261016P00077000,0,1.09,0.545,1,,,,,,,,
2026-09-22,USO,145.07,2026-09-22T18:22:31.326552601Z,2026-10-16,24,P,79.0,0.544565,USO261016P00079000,0,2.16,1.08,2,,,,,,,,
2026-09-22,USO,145.07,2026-09-22T18:22:29.882613574Z,2026-10-16,24,P,81.0,0.558351,USO261016P00081000,0,0.22,0.11,8,,,,,,,,
2026-09-22,USO,145.07,2026-09-22T17:52:35.316029539Z,2026-10-16,24,P,84.0,0.579031,USO261016P00084000,0,0.06,0.03,25,,,,,,,,
2026-09-22,USO,145.07,2026-09-22T18:22:21.714254021Z,2026-10-16,24,P,86.0,0.592817,USO261016P00086000,0,0.09,0.045,5,,,,,,,,
2026-09-22,USO,145.07,2026-09-22T18:22:29.801498817Z,2026-10-16,24,P,88.0,0.606604,USO261016P00088000,0,0.25,0.125,4,,,,,,,,
2026-09-22,USO,145.07,2026-09-22T18:22:31.26948273Z,2026-10-16,24,P,90.0,0.62039,USO261016P00090000,0.02,0.07,0.045,9,,,0.7528,-0.0048,0.0005,-0.0081,0.0052,-0.0005
2026-09-22,USO,145.07,2026-09-22T18:22:30.43449113Z,2026-10-16,24,P,93.0,0.64107,USO261016P00093000,0.07,0.16,0.115,3,,,0.7948,-0.0107,0.001,-0.0172,0.0105,-0.0011
2026-09-22,USO,145.07,2026-09-22T18:22:31.328597517Z,2026-10-16,24,P,95.0,0.654856,USO261016P00095000,0.05,0.12,0.085,9,,,0.7306,-0.0088,0.0009,-0.0134,0.0089,-0.0009
2026-09-22,USO,145.07,2026-09-22T18:22:28.397965176Z,2026-10-16,24,P,97.0,0.668643,USO261016P00097000,0.02,0.16,0.09,3,,,0.7039,-0.0096,0.001,-0.0139,0.0096,-0.001
2026-09-22,USO,145.07,2026-09-22T18:22:31.326072521Z,2026-10-16,24,P,99.0,0.682429,USO261016P00099000,0,0.14,0.07,3,,,,,,,,
2026-09-22,USO,145.07,2026-09-22T18:22:26.476613569Z,2026-10-16,24,P,190.0,1.309713,USO261016P00190000,43.37,47.42,45.395,2,,,0.7378,-0.9051,0.0061,-0.0777,0.0629,-0.1163
2026-09-22,USO,145.07,2026-09-22T18:22:31.322077097Z,2026-10-16,24,P,195.0,1.344179,USO261016P00195000,48.34,52.04,50.19,60,,,0.7563,-0.9205,0.0053,-0.0671,0.0551,-0.1209
2026-09-22,USO,145.07,2026-09-22T18:22:24.911624585Z,2026-10-16,24,P,200.0,1.378645,USO261016P00200000,54.95,56.89,55.92,1,,,0.9244,-0.8888,0.0055,-0.1161,0.0706,-0.1217
2026-09-22,USO,145.07,2026-09-22T18:22:31.348842751Z,2026-10-16,24,P,205.0,1.413111,USO261016P00205000,58.25,62.21,60.23,2,,,0.8636,-0.9242,0.0044,-0.0749,0.0532,-0.1279
2026-09-22,USO,145.07,2026-09-22T18:22:24.909929939Z,2026-10-16,24,P,210.0,1.447577,USO261016P00210000,62.11,68.34,65.225,4,,,0.9102,-0.9267,0.0041,-0.0768,0.0518,-0.1314
2026-09-22,USO,145.07,2026-09-22T18:22:24.90993592Z,2026-10-16,24,P,215.0,1.482043,USO261016P00215000,68.75,72.35,70.55,4,,,,,,,,
2026-09-22,USO,145.07,2026-09-22T18:22:24.909804658Z,2026-10-16,24,P,220.0,1.516509,USO261016P00220000,73.53,76.51,75.02,4,,,0.9571,-0.9404,0.0033,-0.0653,0.0441,-0.1391
2026-09-22,USO,145.07,2026-09-22T18:22:26.268019048Z,2026-10-16,24,P,225.0,1.550975,USO261016P00225000,77.64,82.28,79.96,2,,,,,,,,
2026-09-22,USO,145.07,2026-09-22T18:22:30.120247499Z,2026-10-16,24,P,230.0,1.585442,USO261016P00230000,83.11,85.37,84.24,1,,,0.7279,-0.9907,0.0009,0.0103,0.0093,-0.15
2026-09-22,USO,145.07,2026-09-22T18:22:29.121071224Z,2026-10-23,31,C,60.0,0.413593,USO261023C00060000,82.17,85.63,83.9,,,,,,,,,
2026-09-22,USO,145.07,2026-09-22T18:22:26.448110059Z,2026-10-23,31,C,65.0,0.44806,USO261023C00065000,79.56,82.3,80.93,,,,,,,,,
2026-09-22,USO,145.07,2026-09-22T18:22:29.138341291Z,2026-10-23,31,C,70.0,0.482526,USO261023C00070000,73.17,76.71,74.94,,,,,,,,,
2026-09-22,USO,145.07,2026-09-22T18:22:26.25701524Z,2026-10-23,31,C,75.0,0.516992,USO261023C00075000,67.2,72.17,69.685,,,,,,,,,
2026-09-22,USO,145.07,2026-09-22T18:22:28.527157855Z,2026-10-23,31,C,80.0,0.551458,USO261023C00080000,64.39,65.86,65.125,,,,,,,,,
2026-09-22,USO,145.07,2026-09-22T18:22:29.113811255Z,2026-10-23,31,C,85.0,0.585924,USO261023C00085000,58.12,61.33,59.725,2,,,,,,,,
2026-09-22,USO,145.07,2026-09-22T18:22:30.207209725Z,2026-10-23,31,C,90.0,0.62039,USO261023C00090000,54.01,57.98,55.995,2,,,0.9238,0.9729,0.0016,-0.0486,0.0265,0.0725
2026-09-22,USO,145.07,2026-09-22T18:22:28.290042919Z,2026-10-23,31,C,95.0,0.654856,USO261023C00095000,47.77,53.11,50.44,,,,,,,,,
2026-09-22,USO,145.07,2026-09-22T18:22:28.275677202Z,2026-10-23,31,C,100.0,0.689322,USO261023C00100000,42.77,47.64,45.205,5,,,,,,,,
2026-09-22,USO,145.07,2026-09-22T18:22:29.784895508Z,2026-10-23,31,C,190.0,1.309713,USO261023C00190000,0.66,1.13,0.895,2,,,0.6128,0.0814,0.0058,-0.0642,0.0637,0.0093
2026-09-22,USO,145.07,2026-09-22T18:22:29.868100146Z,2026-10-23,31,C,195.0,1.344179,USO261023C00195000,0.57,0.6,0.585,6,,,0.6005,0.0575,0.0045,-0.048,0.0487,0.0066
2026-09-22,USO,145.07,2026-09-22T18:22:29.786705683Z,2026-10-23,31,C,200.0,1.378645,USO261023C00200000,0.47,0.49,0.48,104,,,0.6168,0.0474,0.0038,-0.0423,0.0418,0.0054
2026-09-22,USO,145.07,2026-09-22T18:22:29.775526045Z,2026-10-23,31,C,205.0,1.413111,USO261023C00205000,0.38,2.5,1.44,70,,,0.8239,0.0966,0.0049,-0.0976,0.0724,0.0107
2026-09-22,USO,145.07,2026-09-22T18:22:29.863790515Z,2026-10-23,31,C,210.0,1.447577,USO261023C00210000,0.29,0.36,0.325,20,,,0.6459,0.0324,0.0027,-0.0324,0.0307,0.0037
2026-09-22,USO,145.07,2026-09-22T18:22:29.79173734Z,2026-10-23,31,C,215.0,1.482043,USO261023C00215000,0,0.35,0.175,10,,,,,,,,
2026-09-22,USO,145.07,2026-09-22T18:22:29.837580994Z,2026-10-23,31,C,220.0,1.516509,USO261023C00220000,0.25,0.29,0.27,14,,,0.6914,0.026,0.0021,-0.0289,0.0256,0.003
2026-09-22,USO,145.07,2026-09-22T18:17:41.155369307Z,2026-10-23,31,P,60.0,0.413593,USO261023P00060000,0,2.1,1.05,,,,,,,,,
2026-09-22,USO,145.07,2026-09-22T18:20:30.088496154Z,2026-10-23,31,P,65.0,0.44806,USO261023P00065000,0,2.11,1.055,,,,,,,,,
2026-09-22,USO,145.07,2026-09-22T18:21:04.913324403Z,2026-10-23,31,P,70.0,0.482526,USO261023P00070000,0,2.11,1.055,,,,,,,,,
2026-09-22,USO,145.07,2026-09-22T18:14:05.068699549Z,2026-10-23,31,P,75.0,0.516992,USO261023P00075000,0,2.02,1.01,,,,,,,,,
2026-09-22,USO,145.07,2026-09-22T18:22:31.318308473Z,2026-10-23,31,P,80.0,0.551458,USO261023P00080000,0,0.14,0.07,,,,,,,,,
2026-09-22,USO,145.07,2026-09-22T18:22:24.912047521Z,2026-10-23,31,P,85.0,0.585924,USO261023P00085000,0,2.17,1.085,,,,,,,,,
2026-09-22,USO,145.07,2026-09-22T18:22:24.912047521Z,2026-10-23,31,P,90.0,0.62039,USO261023P00090000,0,2.21,1.105,1,,,,,,,,
2026-09-22,USO,145.07,2026-09-22T18:22:31.318308473Z,2026-10-23,31,P,95.0,0.654856,USO261023P00095000,0,0.25,0.125,3,,,,,,,,
2026-09-22,USO,145.07,2026-09-22T18:22:31.332174018Z,2026-10-23,31,P,100.0,0.689322,USO261023P00100000,0.01,0.16,0.085,2,,,0.5743,-0.0098,0.0011,-0.0101,0.0111,-0.0013
2026-09-22,USO,145.07,2026-09-22T18:22:28.67440285Z,2026-10-23,31,P,190.0,1.309713,USO261023P00190000,43.21,46.41,44.81,2,,,0.5785,-0.9317,0.0054,-0.0327,0.0557,-0.153
2026-09-22,USO,145.07,2026-09-22T18:22:24.90377228Z,2026-10-23,31,P,195.0,1.344179,USO261023P00195000,49.79,52.74,51.265,1,,,0.8205,-0.864,0.0063,-0.1033,0.0924,-0.1501
2026-09-22,USO,145.07,2026-09-22T18:22:28.677386789Z,2026-10-23,31,P,200.0,1.378645,USO261023P00200000,52.66,57.91,55.285,,,,0.7469,-0.9108,0.0051,-0.0622,0.0683,-0.1593
2026-09-22,USO,145.07,2026-09-22T18:22:31.35016821Z,2026-10-23,31,P,205.0,1.413111,USO261023P00205000,59.29,61.03,60.16,,,,0.7723,-0.9198,0.0046,-0.0578,0.0631,-0.1646
2026-09-22,USO,145.07,2026-09-22T18:22:24.907152512Z,2026-10-23,31,P,210.0,1.447577,USO261023P00210000,63.89,67.62,65.755,,,,0.9011,-0.8961,0.0047,-0.09,0.0764,-0.1664
2026-09-22,USO,145.07,2026-09-22T18:22:31.321613809Z,2026-10-23,31,P,215.0,1.482043,USO261023P00215000,67.54,72.63,70.085,3,,,0.8439,-0.9276,0.0039,-0.0574,0.0583,-0.174
2026-09-22,USO,145.07,2026-09-22T18:22:31.3770432Z,2026-10-23,31,P,220.0,1.516509,USO261023P00220000,71.73,78.16,74.945,,,,0.8586,-0.9359,0.0035,-0.051,0.0531,-0.1791
2026-09-23,AAPL,336.935,2026-09-23T18:41:37.711879745Z,2026-10-23,30,C,230.0,0.682624,AAPL261023C00230000,104.93,111.37,108.15,86,,,0.6758,0.9814,0.0007,-0.0733,0.0439,0.1829
2026-09-23,AAPL,336.935,2026-09-23T18:41:39.199545527Z,2026-10-23,30,P,230.0,0.682624,AAPL261023P00230000,0.01,0.18,0.095,21,,,0.5437,-0.0054,0.0003,-0.0134,0.015,-0.0016
2026-09-23,AAPL,336.935,2026-09-23T18:40:37.575332322Z,2026-10-30,37,C,230.0,0.682624,AAPL261030C00230000,104.85,111.61,108.23,,,,0.5889,0.9843,0.0006,-0.0577,0.0423,0.2265
2026-09-23,AAPL,336.935,2026-09-23T18:41:37.714640967Z,2026-10-30,37,P,230.0,0.682624,AAPL261030P00230000,0,0.17,0.085,,,,,,,,,
2026-09-23,NVDA,225.325,2026-09-23T18:41:46.026678807Z,2026-10-23,30,C,125.0,0.554754,NVDA261023C00125000,95.35,103.89,99.62,,,,,,,,,
2026-09-23,NVDA,225.325,2026-09-23T18:41:46.026713039Z,2026-10-23,30,C,130.0,0.576944,NVDA261023C00130000,92.08,100.31,96.195,9,,,,,,,,
2026-09-23,NVDA,225.325,2026-09-23T18:41:46.026678807Z,2026-10-23,30,C,135.0,0.599135,NVDA261023C00135000,86.07,95.57,90.82,4,,,0.6683,0.9973,0.0002,-0.0203,0.0053,0.1101
2026-09-23,NVDA,225.325,2026-09-23T18:41:46.045102715Z,2026-10-23,30,C,140.0,0.621325,NVDA261023C00140000,83.11,89.46,86.285,11,,,,,,,,
2026-09-23,NVDA,225.325,2026-09-23T18:41:46.026678807Z,2026-10-23,30,C,145.0,0.643515,NVDA261023C00145000,75.79,86.49,81.14,1,,,0.7693,0.9832,0.0008,-0.0497,0.027,0.1154
2026-09-23,NVDA,225.325,2026-09-23T18:41:46.026678807Z,2026-10-23,30,C,150.0,0.665705,NVDA261023C00150000,71.17,81.55,76.36,3,,,0.7784,0.9744,0.0012,-0.0653,0.0385,0.1177
2026-09-23,NVDA,225.325,2026-09-23T18:41:46.026733123Z,2026-10-23,30,C,155.0,0.687895,NVDA261023C00155000,66.68,75.56,71.12,7,,,0.649,0.9831,0.001,-0.0455,0.0271,0.1236
2026-09-23,NVDA,225.325,2026-09-23T18:41:46.026252938Z,2026-10-23,30,C,295.0,1.30922,NVDA261023C00295000,0.03,0.04,0.035,38,,,0.3533,0.005,0.0006,-0.0056,0.0093,0.0009
2026-09-23,NVDA,225.325,2026-09-23T18:41:44.089112626Z,2026-10-23,30,C,300.0,1.33141,NVDA261023C00300000,0.01,0.08,0.045,12,,,0.3831,0.0059,0.0007,-0.007,0.0107,0.001
2026-09-23,NVDA,225.325,2026-09-23T18:41:46.032558154Z,2026-10-23,30,C,305.0,1.3536,NVDA261023C00305000,0.01,0.03,0.02,4,,,0.3708,0.0029,0.0004,-0.0036,0.0057,0.0005
2026-09-23,NVDA,225.325,2026-09-23T18:41:46.025722755Z,2026-10-23,30,C,310.0,1.375791,NVDA261023C00310000,0.04,0.06,0.05,15,,,0.4265,0.0059,0.0006,-0.0078,0.0108,0.001
2026-09-23,NVDA,225.325,2026-09-23T18:41:46.261393505Z,2026-10-23,30,C,315.0,1.397981,NVDA261023C00315000,0.01,0.02,0.015,3,,,0.3956,0.0021,0.0003,-0.0028,0.0042,0.0004
2026-09-23,NVDA,225.325,2026-09-23T18:41:46.261393505Z,2026-10-23,30,C,320.0,1.420171,NVDA261023C00320000,0.03,0.05,0.04,2,,,0.4531,0.0045,0.0005,-0.0066,0.0086,0.0008
2026-09-23,NVDA,225.325,2026-09-23T18:41:46.261393505Z,2026-10-23,30,C,325.0,1.442361,NVDA261023C00325000,0.01,0.05,0.03,58,,,0.4574,0.0034,0.0004,-0.0052,0.0067,0.0006
2026-09-23,NVDA,225.325,2026-09-23T18:41:46.025586016Z,2026-10-23,30,P,125.0,0.554754,NVDA261023P00125000,0.07,0.1,0.085,1,,,,,,,,
2026-09-23,NVDA,225.325,2026-09-23T18:41:46.686708447Z,2026-10-23,30,P,130.0,0.576944,NVDA261023P00130000,0.03,0.06,0.045,1,,,0.7295,-0.003,0.0002,-0.0071,0.0059,-0.0006
2026-09-23,NVDA,225.325,2026-09-23T18:41:46.686588443Z,2026-10-23,30,P,135.0,0.599135,NVDA261023P00135000,0.08,0.11,0.095,9,,,0.7435,-0.0058,0.0003,-0.013,0.0106,-0.0011
2026-09-23,NVDA,225.325,2026-09-23T18:41:46.025991131Z,2026-10-23,30,P,140.0,0.621325,NVDA261023P00140000,0.06,0.08,0.07,5,,,0.671,-0.0048,0.0003,-0.01,0.0091,-0.001
2026-09-23,NVDA,225.325,2026-09-23T18:41:46.564458017Z,2026-10-23,30,P,145.0,0.643515,NVDA261023P00145000,0.11,0.14,0.125,1,,,0.6721,-0.0082,0.0005,-0.0159,0.0144,-0.0016
2026-09-23,NVDA,225.325,2026-09-23T18:41:46.03157603Z,2026-10-23,30,P,150.0,0.665705,NVDA261023P00150000,0.09,0.1,0.095,12,,,0.6043,-0.0071,0.0005,-0.0126,0.0127,-0.0014
2026-09-23,NVDA,225.325,2026-09-23T18:41:46.076401162Z,2026-10-23,30,P,155.0,0.687895,NVDA261023P00155000,0.14,0.17,0.155,2,,,0.5979,-0.0111,0.0008,-0.0185,0.0188,-0.0022
2026-09-23,NVDA,225.325,2026-09-23T18:41:46.026721002Z,2026-10-23,30,P,295.0,1.30922,NVDA261023P00295000,66.61,74.29,70.45,,,,0.6589,-0.9056,0.004,-0.0899,0.1087,-0.2256
2026-09-23,NVDA,225.325,2026-09-23T18:41:46.026646544Z,2026-10-23,30,P,300.0,1.33141,NVDA261023P00300000,70.98,78.26,74.62,,,,0.5999,-0.9405,0.0031,-0.0457,0.0764,-0.2355
2026-09-23,NVDA,225.325,2026-09-23T18:41:46.026656281Z,2026-10-23,30,P,305.0,1.3536,NVDA261023P00305000,75.09,83.41,79.25,,,,0.5727,-0.9592,0.0024,-0.0223,0.0565,-0.2428
2026-09-23,NVDA,225.325,2026-09-23T18:41:46.026646544Z,2026-10-23,30,P,310.0,1.375791,NVDA261023P00310000,82.89,86.22,84.555,,,,0.6483,-0.9458,0.0026,-0.0448,0.071,-0.2447
2026-09-23,NVDA,225.325,2026-09-23T18:41:46.026711079Z,2026-10-23,30,P,315.0,1.397981,NVDA261023P00315000,86.68,93.13,89.905,,,,0.7215,-0.9332,0.0028,-0.0684,0.0837,-0.2467
2026-09-23,NVDA,225.325,2026-09-23T18:41:46.201121934Z,2026-10-23,30,P,320.0,1.420171,NVDA261023P00320000,94.2,96.43,95.315,,,,0.7954,-0.9207,0.0029,-0.094,0.0954,-0.2489
2026-09-23,NVDA,225.325,2026-09-23T18:41:46.026646544Z,2026-10-23,30,P,325.0,1.442361,NVDA261023P00325000,97.89,102.65,100.27,,,,0.8185,-0.9236,0.0027,-0.0935,0.0928,-0.2535
2026-09-23,NVDA,225.325,2026-09-23T18:41:46.028036282Z,2026-10-30,37,C,125.0,0.554754,NVDA261030C00125000,100.06,103.81,101.935,14,,,,,,,,
2026-09-23,NVDA,225.325,2026-09-23T18:41:44.088481297Z,2026-10-30,37,C,130.0,0.576944,NVDA261030C00130000,93.03,98.92,95.975,1,,,0.727,0.994,0.0003,-0.0258,0.0123,0.1298
2026-09-23,NVDA,225.325,2026-09-23T18:41:46.028250902Z,2026-10-30,37,C,135.0,0.599135,NVDA261030C00135000,89.74,92.25,90.995,1,,,0.6818,0.9936,0.0004,-0.0263,0.013,0.1347
2026-09-23,NVDA,225.325,2026-09-23T18:41:46.026427416Z,2026-10-30,37,C,140.0,0.621325,NVDA261030C00140000,81.11,89.12,85.115,,,,,,,,,
2026-09-23,NVDA,225.325,2026-09-23T18:41:46.026036194Z,2026-10-30,37,C,145.0,0.643515,NVDA261030C00145000,77.11,86.46,81.785,1,,,0.8223,0.9664,0.0013,-0.0742,0.0536,0.1379
2026-09-23,NVDA,225.325,2026-09-23T18:41:46.026036194Z,2026-10-30,37,C,150.0,0.665705,NVDA261030C00150000,72.58,80.75,76.665,2,,,0.7428,0.9683,0.0013,-0.0665,0.0511,0.1435
2026-09-23,NVDA,225.325,2026-09-23T18:41:46.030921474Z,2026-10-30,37,C,155.0,0.687895,NVDA261030C00155000,68.25,75.44,71.845,13,,,0.7202,0.9611,0.0016,-0.0743,0.0604,0.1467
2026-09-23,NVDA,225.325,2026-09-23T18:41:45.329370073Z,2026-10-30,37,C,295.0,1.30922,NVDA261030C00295000,0.09,0.11,0.1,21,,,0.3586,0.0117,0.0012,-0.0109,0.0219,0.0026
2026-09-23,NVDA,225.325,2026-09-23T18:41:46.030415867Z,2026-10-30,37,C,300.0,1.33141,NVDA261030C00300000,0.06,0.07,0.065,116,,,0.3587,0.0079,0.0008,-0.0077,0.0156,0.0017
2026-09-23,NVDA,225.325,2026-09-23T18:41:46.033241449Z,2026-10-30,37,C,305.0,1.3536,NVDA261030C00305000,0.06,0.11,0.085,10,,,0.389,0.0094,0.0009,-0.0097,0.0181,0.0021
2026-09-23,NVDA,225.325,2026-09-23T18:41:46.028705845Z,2026-10-30,37,C,310.0,1.375791,NVDA261030C00310000,0.03,0.16,0.095,3,,,0.4127,0.0099,0.0009,-0.0108,0.0189,0.0022
2026-09-23,NVDA,225.325,2026-09-23T18:41:46.177556735Z,2026-10-30,37,C,315.0,1.397981,NVDA261030C00315000,0.01,0.06,0.035,2,,,0.3855,0.0042,0.0004,-0.0047,0.0089,0.0009
2026-09-23,NVDA,225.325,2026-09-23T18:41:46.026457982Z,2026-10-30,37,C,320.0,1.420171,NVDA261030C00320000,0.01,0.1,0.055,,,,0.4212,0.0059,0.0006,-0.007,0.012,0.0013
2026-09-23,NVDA,225.325,2026-09-23T18:41:46.026457982Z,2026-10-30,37,C,325.0,1.442361,NVDA261030C00325000,0.03,0.13,0.08,7,,,0.4562,0.0077,0.0007,-0.0096,0.0153,0.0017
2026-09-23,NVDA,225.325,2026-09-23T18:41:46.686555728Z,2026-10-30,37,P,125.0,0.554754,NVDA261030P00125000,0.03,0.14,0.085,1,,,0.7515,-0.0047,0.0003,-0.0098,0.0098,-0.0012
2026-09-23,NVDA,225.325,2026-09-23T18:41:47.503856012Z,2026-10-30,37,P,130.0,0.576944,NVDA261030P00130000,0.03,0.16,0.095,10,,,0.7151,-0.0054,0.0003,-0.0106,0.0112,-0.0013
2026-09-23,NVDA,225.325,2026-09-23T18:41:46.53324073Z,2026-10-30,37,P,135.0,0.599135,NVDA261030P00135000,0.04,0.1,0.07,1,,,0.6469,-0.0045,0.0003,-0.0082,0.0095,-0.0011
2026-09-23,NVDA,225.325,2026-09-23T18:41:47.5057212Z,2026-10-30,37,P,140.0,0.621325,NVDA261030P00140000,0.05,0.15,0.1,6,,,0.6312,-0.0064,0.0004,-0.0109,0.0129,-0.0016
2026-09-23,NVDA,225.325,2026-09-23T18:41:46.533365674Z,2026-10-30,37,P,145.0,0.643515,NVDA261030P00145000,0.03,0.21,0.12,3,,,0.6029,-0.0079,0.0005,-0.0125,0.0156,-0.0019
2026-09-23,NVDA,225.325,2026-09-23T18:41:46.026556251Z,2026-10-30,37,P,150.0,0.665705,NVDA261030P00150000,0.16,0.2,0.18,9,,,0.5929,-0.0116,0.0007,-0.0171,0.0217,-0.0028
2026-09-23,NVDA,225.325,2026-09-23T18:41:46.534471495Z,2026-10-30,37,P,155.0,0.687895,NVDA261030P00155000,0.19,0.22,0.205,11,,,0.5611,-0.0137,0.0009,-0.0187,0.0251,-0.0033
2026-09-23,NVDA,225.325,2026-09-23T18:41:47.422861061Z,2026-10-30,37,P,295.0,1.30922,NVDA261030P00295000,64.93,74.72,69.825,,,,0.5567,-0.9205,0.0037,-0.0501,0.1062,-0.2811
2026-09-23,NVDA,225.325,2026-09-23T18:41:46.026460437Z,2026-10-30,37,P,300.0,1.33141,NVDA261030P00300000,69.99,78.74,74.365,45,,,0.5357,-0.9417,0.003,-0.0297,0.0836,-0.2905
2026-09-23,NVDA,225.325,2026-09-23T18:41:46.030695774Z,2026-10-30,37,P,305.0,1.3536,NVDA261030P00305000,76.78,84.53,80.655,,,,0.6838,-0.8967,0.0037,-0.0887,0.1289,-0.2866
2026-09-23,NVDA,225.325,2026-09-23T18:41:46.026311167Z,2026-10-30,37,P,310.0,1.375791,NVDA261030P00310000,79.79,88.41,84.1,,,,0.5525,-0.9557,0.0024,-0.018,0.0672,-0.3036
2026-09-23,NVDA,225.325,2026-09-23T18:41:46.028695398Z,2026-10-30,37,P,315.0,1.397981,NVDA261030P00315000,83.96,93.67,88.815,,,,0.528,-0.9703,0.0018,-0.0015,0.0485,-0.3117
2026-09-23,NVDA,225.325,2026-09-23T18:41:46.026399145Z,2026-10-30,37,P,320.0,1.420171,NVDA261030P00320000,89.5,99.53,94.515,,,,0.6569,-0.9398,0.0025,-0.0432,0.0857,-0.3105
2026-09-23,NVDA,225.325,2026-09-23T18:41:46.02635646Z,2026-10-30,37,P,325.0,1.442361,NVDA261030P00325000,95.98,102.65,99.315,,,,0.6568,-0.9482,0.0023,-0.0339,0.0761,-0.3173
2026-09-23,TSLA,379.77,2026-09-23T18:41:47.606568162Z,2026-10-23,30,C,160.0,0.421308,TSLA261023C00160000,214.74,224.17,219.455,1,,,,,,,,
2026-09-23,TSLA,379.77,2026-09-23T18:41:47.606578217Z,2026-10-23,30,C,170.0,0.447639,TSLA261023C00170000,204.39,212.31,208.35,1,,,,,,,,
2026-09-23,TSLA,379.77,2026-09-23T18:41:47.606578217Z,2026-10-23,30,C,180.0,0.473971,TSLA261023C00180000,197.8,203.41,200.605,1,,,,,,,,
2026-09-23,TSLA,379.77,2026-09-23T18:41:49.606947142Z,2026-10-23,30,C,190.0,0.500303,TSLA261023C00190000,190.84,196.12,193.48,1,,,,,,,,
2026-09-23,TSLA,379.77,2026-09-23T18:41:47.10694703Z,2026-10-23,30,C,200.0,0.526635,TSLA261023C00200000,176.24,182.33,179.285,1,,,,,,,,
2026-09-23,TSLA,379.77,2026-09-23T18:41:47.606458158Z,2026-10-23,30,C,210.0,0.552966,TSLA261023C00210000,168.61,170.87,169.74,3,,,,,,,,
2026-09-23,TSLA,379.77,2026-09-23T18:41:49.606947142Z,2026-10-23,30,C,220.0,0.579298,TSLA261023C00220000,157.16,167.78,162.47,1,,,,,,,,
2026-09-23,TSLA,379.77,2026-09-23T18:41:46.61088102Z,2026-10-23,30,C,230.0,0.60563,TSLA261023C00230000,148.38,155.19,151.785,2,,,,,,,,
2026-09-23,TSLA,379.77,2026-09-23T18:41:46.468430708Z,2026-10-23,30,C,235.0,0.618796,TSLA261023C00235000,140.69,148.02,144.355,1,,,,,,,,
2026-09-23,TSLA,379.77,2026-09-23T18:41:44.283546212Z,2026-10-23,30,C,240.0,0.631961,TSLA261023C00240000,137.32,145.22,141.27,,,,0.8239,0.981,0.0005,-0.0941,0.0504,0.1901
2026-09-23,TSLA,379.77,2026-09-23T18:41:47.544293001Z,2026-10-23,30,C,250.0,0.658293,TSLA261023C00250000,126.36,136.94,131.65,18,,,0.8165,0.9724,0.0007,-0.1196,0.0691,0.1954
2026-09-23,TSLA,379.77,2026-09-23T18:41:44.956792913Z,2026-10-23,30,C,255.0,0.671459,TSLA261023C00255000,120.81,129.43,125.12,1,,,,,,,,
2026-09-23,TSLA,379.77,2026-09-23T18:41:46.580786037Z,2026-10-23,30,C,260.0,0.684625,TSLA261023C00260000,116.83,126.78,121.805,6,,,0.7672,0.9677,0.0009,-0.1271,0.0788,0.202
2026-09-23,TSLA,379.77,2026-09-23T18:41:48.985865944Z,2026-10-23,30,C,500.0,1.316586,TSLA261023C00500000,0.75,0.82,0.785,44,,,0.5104,0.0372,0.0015,-0.0767,0.0885,0.011
2026-09-23,TSLA,379.77,2026-09-23T18:41:46.165730088Z,2026-10-23,30,C,505.0,1.329752,TSLA261023C00505000,0.71,0.74,0.725,2,,,0.5182,0.0343,0.0013,-0.0728,0.0827,0.0101
2026-09-23,TSLA,379.77,2026-09-23T18:41:50.611129229Z,2026-10-23,30,C,510.0,1.342918,TSLA261023C00510000,0.64,0.67,0.655,52,,,0.524,0.0311,0.0012,-0.0678,0.0763,0.0092
2026-09-23,TSLA,379.77,2026-09-23T18:41:50.611514439Z,2026-10-23,30,C,515.0,1.356084,TSLA261023C00515000,0.54,0.57,0.555,2,,,0.5241,0.0268,0.0011,-0.06,0.0675,0.0079
2026-09-23,TSLA,379.77,2026-09-23T18:41:46.693001233Z,2026-10-23,30,C,525.0,1.382416,TSLA261023C00525000,0.49,0.51,0.5,41,,,0.5427,0.0237,0.0009,-0.056,0.061,0.007
2026-09-23,TSLA,379.77,2026-09-23T18:41:50.610204256Z,2026-10-23,30,C,530.0,1.395582,TSLA261023C00530000,0.45,0.48,0.465,1,,,0.55,0.022,0.0009,-0.0533,0.0572,0.0065
2026-09-23,TSLA,379.77,2026-09-23T18:41:50.517514294Z,2026-10-23,30,C,535.0,1.408747,TSLA261023C00535000,0.41,0.44,0.425,4,,,0.5556,0.0201,0.0008,-0.0499,0.053,0.0059
2026-09-23,TSLA,379.77,2026-09-23T18:41:50.61162426Z,2026-10-23,30,C,540.0,1.421913,TSLA261023C00540000,0.38,0.41,0.395,5,,,0.5623,0.0187,0.0007,-0.0473,0.0497,0.0055
2026-09-23,TSLA,379.77,2026-09-23T18:41:46.686881176Z,2026-10-23,30,C,545.0,1.435079,TSLA261023C00545000,0.32,0.34,0.33,1,,,0.5606,0.0159,0.0007,-0.0412,0.0434,0.0047
2026-09-23,TSLA,379.77,2026-09-23T18:41:46.209575155Z,2026-10-23,30,C,550.0,1.448245,TSLA261023C00550000,0.3,0.36,0.33,20,,,0.5727,0.0156,0.0006,-0.0414,0.0428,0.0046
2026-09-23,TSLA,379.77,2026-09-23T18:41:46.689456187Z,2026-10-23,30,C,560.0,1.474577,TSLA261023C00560000,0.26,0.32,0.29,10,,,0.5862,0.0137,0.0005,-0.0377,0.038,0.004
2026-09-23,TSLA,379.77,2026-09-23T18:41:46.361075498Z,2026-10-23,30,C,565.0,1.487743,TSLA261023C00565000,0.28,0.3,0.29,2,,,0.5976,0.0134,0.0005,-0.0379,0.0375,0.004
2026-09-23,TSLA,379.77,2026-09-23T18:41:50.610204256Z,2026-10-23,30,C,570.0,1.500908,TSLA261023C00570000,0.26,0.29,0.275,1,,,0.6047,0.0127,0.0005,-0.0364,0.0357,0.0037
2026-09-23,TSLA,379.77,2026-09-23T18:41:46.691491221Z,2026-10-23,30,C,575.0,1.514074,TSLA261023C00575000,0.21,0.23,0.22,1,,,0.599,0.0104,0.0004,-0.0305,0.0301,0.0031
2026-09-23,TSLA,379.77,2026-09-23T18:41:46.68922621Z,2026-10-23,30,C,580.0,1.52724,TSLA261023C00580000,0.24,0.26,0.25,1,,,0.6194,0.0114,0.0004,-0.034,0.0325,0.0034
2026-09-23,TSLA,379.77,2026-09-23T18:41:46.689496159Z,2026-10-23,30,C,585.0,1.540406,TSLA261023C00585000,0.19,0.21,0.2,1,,,0.6133,0.0094,0.0004,-0.0284,0.0275,0.0028
2026-09-23,TSLA,379.77,2026-09-23T18:41:50.520549016Z,2026-10-23,30,C,595.0,1.566738,TSLA261023C00595000,0.21,0.23,0.22,1,,,0.6413,0.0098,0.0004,-0.031,0.0286,0.0029
2026-09-23,TSLA,379.77,2026-09-23T18:41:46.209415808Z,2026-10-23,30,C,600.0,1.579904,TSLA261023C00600000,0.2,0.22,0.21,1,,,0.6479,0.0094,0.0004,-0.0299,0.0274,0.0027
2026-09-23,TSLA,379.77,2026-09-23T18:41:46.547035913Z,2026-10-23,30,C,605.0,1.593069,TSLA261023C00605000,0.19,0.21,0.2,13,,,0.6543,0.0089,0.0003,-0.0289,0.0262,0.0026
2026-09-23,TSLA,379.77,2026-09-23T18:41:51.0353454Z,2026-10-23,30,P,160.0,0.421308,TSLA261023P00160000,0.04,0.1,0.07,2,,,,,,,,
2026-09-23,TSLA,379.77,2026-09-23T18:41:51.03552462Z,2026-10-23,30,P,170.0,0.447639,TSLA261023P00170000,0.09,0.12,0.105,17,,,,,,,,
2026-09-23,TSLA,379.77,2026-09-23T18:41:51.035529381Z,2026-10-23,30,P,180.0,0.473971,TSLA261023P00180000,0.11,0.14,0.125,5,,,,,,,,
2026-09-23,TSLA,379.77,2026-09-23T18:41:51.035264437Z,2026-10-23,30,P,190.0,0.500303,TSLA261023P00190000,0.13,0.16,0.145,1,,,,,,,,
2026-09-23,TSLA,379.77,2026-09-23T18:41:51.046829542Z,2026-10-23,30,P,200.0,0.526635,TSLA261023P00200000,0.12,0.15,0.135,44,,,,,,,,
2026-09-23,TSLA,379.77,2026-09-23T18:41:46.547246405Z,2026-10-23,30,P,210.0,0.552966,TSLA261023P00210000,0.15,0.22,0.185,2,,,,,,,,
2026-09-23,TSLA,379.77,2026-09-23T18:41:51.039944363Z,2026-10-23,30,P,220.0,0.579298,TSLA261023P00220000,0.19,0.26,0.225,6,,,,,,,,
2026-09-23,TSLA,379.77,2026-09-23T18:41:51.02819005Z,2026-10-23,30,P,230.0,0.60563,TSLA261023P00230000,0.24,0.26,0.25,1,,,0.7715,-0.0083,0.0003,-0.0315,0.0248,-0.0028
2026-09-23,TSLA,379.77,2026-09-23T18:41:51.029499536Z,2026-10-23,30,P,235.0,0.618796,TSLA261023P00235000,0.26,0.29,0.275,21,,,0.7512,-0.0093,0.0003,-0.0338,0.0273,-0.0031
2026-09-23,TSLA,379.77,2026-09-23T18:41:51.032519498Z,2026-10-23,30,P,240.0,0.631961,TSLA261023P00240000,0.29,0.35,0.32,2,,,0.7369,-0.0109,0.0004,-0.0379,0.0313,-0.0037
2026-09-23,TSLA,379.77,2026-09-23T18:41:50.611185173Z,2026-10-23,30,P,250.0,0.658293,TSLA261023P00250000,0.39,0.41,0.4,11,,,0.7007,-0.0139,0.0005,-0.0446,0.0387,-0.0047
2026-09-23,TSLA,379.77,2026-09-23T18:41:51.028165545Z,2026-10-23,30,P,255.0,0.671459,TSLA261023P00255000,0.38,0.45,0.415,2,,,0.6753,-0.0149,0.0005,-0.0456,0.0411,-0.005
2026-09-23,TSLA,379.77,2026-09-23T18:41:51.029339681Z,2026-10-23,30,P,260.0,0.684625,TSLA261023P00260000,0.42,0.49,0.455,2,,,0.6556,-0.0167,0.0006,-0.0486,0.0451,-0.0056
2026-09-23,TSLA,379.77,2026-09-23T18:41:51.035719395Z,2026-10-23,30,P,500.0,1.316586,TSLA261023P00500000,119.52,125.31,122.415,1,,,0.7172,-0.8884,0.0024,-0.198,0.2069,-0.378
2026-09-23,TSLA,379.77,2026-09-23T18:41:50.611385074Z,2026-10-23,30,P,505.0,1.329752,TSLA261023P00505000,123.38,131.35,127.365,,,,0.734,-0.8912,0.0023,-0.1986,0.2032,-0.3829
2026-09-23,TSLA,379.77,2026-09-23T18:41:51.035719395Z,2026-10-23,30,P,510.0,1.342918,TSLA261023P00510000,126.14,136.62,131.38,,,,0.7005,-0.9116,0.0021,-0.1525,0.1745,-0.3926
2026-09-23,TSLA,379.77,2026-09-23T18:41:51.035715042Z,2026-10-23,30,P,515.0,1.356084,TSLA261023P00515000,132.06,139.72,135.89,,,,0.6888,-0.9231,0.0019,-0.1282,0.1571,-0.3999
2026-09-23,TSLA,379.77,2026-09-23T18:41:45.045528043Z,2026-10-23,30,P,525.0,1.382416,TSLA261023P00525000,142.93,148.38,145.655,,,,0.7078,-0.9302,0.0017,-0.1186,0.1459,-0.4101
2026-09-23,TSLA,379.77,2026-09-23T18:41:51.036144392Z,2026-10-23,30,P,530.0,1.395582,TSLA261023P00530000,145.31,154.41,149.86,,,,0.663,-0.9495,0.0014,-0.0703,0.1131,-0.4196
2026-09-23,TSLA,379.77,2026-09-23T18:41:51.03577475Z,2026-10-23,30,P,535.0,1.408747,TSLA261023P00535000,149.14,156.4,152.77,,,,,,,,,
2026-09-23,TSLA,379.77,2026-09-23T18:41:51.035669863Z,2026-10-23,30,P,540.0,1.421913,TSLA261023P00540000,154.19,163.98,159.085,,,,0.6097,-0.9717,0.001,-0.0151,0.0706,-0.4341
2026-09-23,TSLA,379.77,2026-09-23T18:41:51.035770109Z,2026-10-23,30,P,545.0,1.435079,TSLA261023P00545000,160.21,166.49,163.35,,,,,,,,,
2026-09-23,TSLA,379.77,2026-09-23T18:41:46.341151631Z,2026-10-23,30,P,550.0,1.448245,TSLA261023P00550000,166.33,173.96,170.145,,,,0.7511,-0.9448,0.0014,-0.0954,0.1215,-0.4348
2026-09-23,TSLA,379.77,2026-09-23T18:41:51.035715042Z,2026-10-23,30,P,560.0,1.474577,TSLA261023P00560000,175.99,181.32,178.655,,,,0.5922,-0.9854,0.0006,0.0197,0.0402,-0.4545
2026-09-23,TSLA,379.77,2026-09-23T18:41:51.03572517Z,2026-10-23,30,P,565.0,1.487743,TSLA261023P00565000,180.24,188.58,184.41,,,,0.7264,-0.963,0.001,-0.0475,0.088,-0.4522
2026-09-23,TSLA,379.77,2026-09-23T18:41:51.035770109Z,2026-10-23,30,P,570.0,1.500908,TSLA261023P00570000,186.53,192.64,189.585,,,,0.7602,-0.9589,0.0011,-0.0621,0.0959,-0.4552
2026-09-23,TSLA,379.77,2026-09-23T18:41:51.03572517Z,2026-10-23,30,P,575.0,1.514074,TSLA261023P00575000,188.26,200.6,194.43,,,,0.7581,-0.9628,0.001,-0.0517,0.0885,-0.4604
2026-09-23,TSLA,379.77,2026-09-23T18:41:51.03572517Z,2026-10-23,30,P,580.0,1.52724,TSLA261023P00580000,194,204.12,199.06,,,,0.7257,-0.9722,0.0008,-0.023,0.0695,-0.4672
2026-09-23,TSLA,379.77,2026-09-23T18:41:51.035809844Z,2026-10-23,30,P,585.0,1.540406,TSLA261023P00585000,202.36,212.92,207.64,,,,,,,,,
2026-09-23,TSLA,379.77,2026-09-23T18:41:51.03572517Z,2026-10-23,30,P,595.0,1.566738,TSLA261023P00595000,213.95,216.52,215.235,,,,0.8935,-0.9464,0.0011,-0.115,0.1186,-0.4724
2026-09-23,TSLA,379.77,2026-09-23T18:41:51.035729479Z,2026-10-23,30,P,600.0,1.579904,TSLA261023P00600000,219.59,222,220.795,,,,,,,,,
2026-09-23,TSLA,379.77,2026-09-23T18:41:50.854379699Z,2026-10-23,30,P,605.0,1.593069,TSLA261023P00605000,221.46,225.25,223.355,,,,0.6371,-0.9926,0.0003,0.0408,0.0222,-0.4935
2026-09-23,TSLA,379.77,2026-09-23T18:41:46.982872322Z,2026-10-30,37,C,160.0,0.421308,TSLA261030C00160000,219.58,222.86,221.22,,,,,,,,,
2026-09-23,TSLA,379.77,2026-09-23T18:41:46.855573048Z,2026-10-30,37,C,170.0,0.447639,TSLA261030C00170000,206.34,210.44,208.39,,,,,,,,,
2026-09-23,TSLA,379.77,2026-09-23T18:41:46.982872322Z,2026-10-30,37,C,180.0,0.473971,TSLA261030C00180000,193.54,205.13,199.335,6,,,,,,,,
2026-09-23,TSLA,379.77,2026-09-23T18:41:50.619538204Z,2026-10-30,37,C,190.0,0.500303,TSLA261030C00190000,186.91,188.9,187.905,1,,,,,,,,
2026-09-23,TSLA,379.77,2026-09-23T18:41:44.763019007Z,2026-10-30,37,C,200.0,0.526635,TSLA261030C00200000,177.05,180.88,178.965,1,,,,,,,,
2026-09-23,TSLA,379.77,2026-09-23T18:41:44.767854054Z,2026-10-30,37,C,210.0,0.552966,TSLA261030C00210000,166.52,169.26,167.89,,,,,,,,,
2026-09-23,TSLA,379.77,2026-09-23T18:41:44.357966041Z,2026-10-30,37,C,220.0,0.579298,TSLA261030C00220000,154.42,162.78,158.6,,,,,,,,,
2026-09-23,TSLA,379.77,2026-09-23T18:41:46.378000565Z,2026-10-30,37,C,230.0,0.60563,TSLA261030C00230000,147.06,149.35,148.205,,,,,,,,,
2026-09-23,TSLA,379.77,2026-09-23T18:41:49.706558146Z,2026-10-30,37,C,235.0,0.618796,TSLA261030C00235000,145.46,148.59,147.025,3,,,0.8617,0.9714,0.0006,-0.116,0.0791,0.225
2026-09-23,TSLA,379.77,2026-09-23T18:41:47.545934431Z,2026-10-30,37,C,240.0,0.631961,TSLA261030C00240000,135.53,142.32,138.925,,,,,,,,,
2026-09-23,TSLA,379.77,2026-09-23T18:41:47.545949391Z,2026-10-30,37,C,250.0,0.658293,TSLA261030C00250000,128.37,132.22,130.295,,,,,,,,,
2026-09-23,TSLA,379.77,2026-09-23T18:41:46.793413344Z,2026-10-30,37,C,255.0,0.671459,TSLA261030C00255000,124.95,125.29,125.12,6,,,,,,,,
2026-09-23,TSLA,379.77,2026-09-23T18:41:49.58369888Z,2026-10-30,37,C,260.0,0.684625,TSLA261030C00260000,116.98,127.36,122.17,,,,0.7105,0.9646,0.0009,-0.1169,0.0944,0.2475
2026-09-23,TSLA,379.77,2026-09-23T18:41:48.297150642Z,2026-10-30,37,C,500.0,1.316586,TSLA261030C00500000,1.24,1.25,1.245,128,,,0.499,0.052,0.0018,-0.0888,0.1287,0.0188
2026-09-23,TSLA,379.77,2026-09-23T18:41:48.29829551Z,2026-10-30,37,C,505.0,1.329752,TSLA261030C00505000,1.08,1.16,1.12,22,,,0.5031,0.0471,0.0016,-0.0827,0.119,0.017
2026-09-23,TSLA,379.77,2026-09-23T18:41:49.355405185Z,2026-10-30,37,C,510.0,1.342918,TSLA261030C00510000,1.01,1.05,1.03,22,,,0.5091,0.0434,0.0015,-0.0782,0.1113,0.0157
2026-09-23,TSLA,379.77,2026-09-23T18:41:50.611498992Z,2026-10-30,37,C,515.0,1.356084,TSLA261030C00515000,0.88,0.96,0.92,2,,,0.5122,0.0391,0.0014,-0.0723,0.1023,0.0141
2026-09-23,TSLA,379.77,2026-09-23T18:41:50.106366053Z,2026-10-30,37,C,525.0,1.382416,TSLA261030C00525000,0.77,0.81,0.79,325,,,0.5245,0.0335,0.0012,-0.0652,0.0902,0.0121
2026-09-23,TSLA,379.77,2026-09-23T18:41:46.412990327Z,2026-10-30,37,C,530.0,1.395582,TSLA261030C00530000,0.7,0.74,0.72,1,,,0.5289,0.0307,0.0011,-0.0611,0.0839,0.0111
2026-09-23,TSLA,379.77,2026-09-23T18:41:44.954788571Z,2026-10-30,37,C,535.0,1.408747,TSLA261030C00535000,0.65,0.69,0.67,1,,,0.5349,0.0285,0.001,-0.0582,0.0789,0.0103
2026-09-23,TSLA,379.77,2026-09-23T18:41:46.688348962Z,2026-10-30,37,C,540.0,1.421913,TSLA261030C00540000,0.56,0.6,0.58,2,,,0.5348,0.0251,0.0009,-0.0522,0.071,0.0091
2026-09-23,TSLA,379.77,2026-09-23T18:41:50.610463856Z,2026-10-30,37,C,545.0,1.435079,TSLA261030C00545000,0.56,0.59,0.575,2,,,0.5457,0.0245,0.0009,-0.0522,0.0695,0.0089
2026-09-23,TSLA,379.77,2026-09-23T18:41:50.610463856Z,2026-10-30,37,C,550.0,1.448245,TSLA261030C00550000,0.52,0.55,0.535,6,,,0.5512,0.0228,0.0008,-0.0496,0.0654,0.0082
2026-09-23,TSLA,379.77,2026-09-23T18:41:46.691738943Z,2026-10-30,37,C,560.0,1.474577,TSLA261030C00560000,0.45,0.49,0.47,1,,,0.5628,0.0199,0.0007,-0.0452,0.0584,0.0072
2026-09-23,TSLA,379.77,2026-09-23T18:41:44.962978283Z,2026-10-30,37,C,565.0,1.487743,TSLA261030C00565000,0.39,0.42,0.405,,,,0.5618,0.0175,0.0006,-0.0403,0.0522,0.0063
2026-09-23,TSLA,379.77,2026-09-23T18:41:50.610463856Z,2026-10-30,37,C,570.0,1.500908,TSLA261030C00570000,0.4,0.43,0.415,3,,,0.5742,0.0175,0.0006,-0.0413,0.0524,0.0063
2026-09-23,TSLA,379.77,2026-09-23T18:41:44.54065511Z,2026-10-30,37,C,580.0,1.52724,TSLA261030C00580000,0.36,0.39,0.375,1,,,0.5868,0.0157,0.0006,-0.0384,0.0477,0.0057
2026-09-23,TSLA,379.77,2026-09-23T18:41:47.611845344Z,2026-10-30,37,C,590.0,1.553572,TSLA261030C00590000,0.32,0.35,0.335,1,,,0.5978,0.014,0.0005,-0.0354,0.0431,0.005
2026-09-23,TSLA,379.77,2026-09-23T18:41:49.859637384Z,2026-10-30,37,C,600.0,1.579904,TSLA261030C00600000,0.29,0.32,0.305,34,,,0.6098,0.0126,0.0004,-0.033,0.0395,0.0046
2026-09-23,TSLA,379.77,2026-09-23T18:41:51.035483612Z,2026-10-30,37,P,160.0,0.421308,TSLA261030P00160000,0.05,0.12,0.085,12,,,,,,,,
2026-09-23,TSLA,379.77,2026-09-23T18:41:51.035518533Z,2026-10-30,37,P,170.0,0.447639,TSLA261030P00170000,0.11,0.14,0.125,5,,,,,,,,
2026-09-23,TSLA,379.77,2026-09-23T18:41:51.03998353Z,2026-10-30,37,P,180.0,0.473971,TSLA261030P00180000,0.09,0.16,0.125,27,,,,,,,,
2026-09-23,TSLA,379.77,2026-09-23T18:41:51.040738502Z,2026-10-30,37,P,190.0,0.500303,TSLA261030P00190000,0.16,0.19,0.175,42,,,,,,,,
2026-09-23,TSLA,379.77,2026-09-23T18:41:51.035448537Z,2026-10-30,37,P,200.0,0.526635,TSLA261030P00200000,0.16,0.23,0.195,19,,,,,,,,
2026-09-23,TSLA,379.77,2026-09-23T18:41:51.034918948Z,2026-10-30,37,P,210.0,0.552966,TSLA261030P00210000,0.26,0.27,0.265,7,,,0.8144,-0.0075,0.0002,-0.0273,0.0251,-0.0032
2026-09-23,TSLA,379.77,2026-09-23T18:41:51.178190245Z,2026-10-30,37,P,220.0,0.579298,TSLA261030P00220000,0.26,0.33,0.295,50,,,0.7673,-0.0088,0.0003,-0.0295,0.0288,-0.0037
2026-09-23,TSLA,379.77,2026-09-23T18:41:51.028399258Z,2026-10-30,37,P,230.0,0.60563,TSLA261030P00230000,0.35,0.38,0.365,18,,,0.7323,-0.0111,0.0003,-0.0346,0.0354,-0.0047
2026-09-23,TSLA,379.77,2026-09-23T18:41:50.62992708Z,2026-10-30,37,P,235.0,0.618796,TSLA261030P00235000,0.35,0.38,0.365,10,,,0.7044,-0.0116,0.0004,-0.0343,0.0366,-0.0048
2026-09-23,TSLA,379.77,2026-09-23T18:41:50.611517208Z,2026-10-30,37,P,240.0,0.631961,TSLA261030P00240000,0.42,0.45,0.435,10,,,0.6944,-0.0137,0.0004,-0.0392,0.0424,-0.0057
2026-09-23,TSLA,379.77,2026-09-23T18:41:51.359275029Z,2026-10-30,37,P,250.0,0.658293,TSLA261030P00250000,0.5,0.53,0.515,18,,,0.6566,-0.0168,0.0005,-0.0441,0.0505,-0.007
2026-09-23,TSLA,379.77,2026-09-23T18:41:50.53658608Z,2026-10-30,37,P,255.0,0.671459,TSLA261030P00255000,0.51,0.58,0.545,1,,,0.6352,-0.0182,0.0006,-0.0457,0.0541,-0.0076
2026-09-23,TSLA,379.77,2026-09-23T18:41:51.028028659Z,2026-10-30,37,P,260.0,0.684625,TSLA261030P00260000,0.56,0.64,0.6,36,,,0.6178,-0.0204,0.0007,-0.0488,0.0595,-0.0085
2026-09-23,TSLA,379.77,2026-09-23T18:41:51.033188498Z,2026-10-30,37,P,500.0,1.316586,TSLA261030P00500000,116.67,126.66,121.665,,,,0.628,-0.8952,0.0024,-0.1368,0.2197,-0.468
2026-09-23,TSLA,379.77,2026-09-23T18:41:51.061708635Z,2026-10-30,37,P,505.0,1.329752,TSLA261030P00505000,122.03,129.1,125.565,,,,0.5901,-0.9193,0.0021,-0.0933,0.181,-0.4813
2026-09-23,TSLA,379.77,2026-09-23T18:41:51.035544293Z,2026-10-30,37,P,510.0,1.342918,TSLA261030P00510000,128.389,133.5,130.9445,,,,0.627,-0.9125,0.0021,-0.1116,0.1924,-0.4841
2026-09-23,TSLA,379.77,2026-09-23T18:41:51.035589622Z,2026-10-30,37,P,515.0,1.356084,TSLA261030P00515000,130.1,141.29,135.695,,,,0.63,-0.9188,0.002,-0.1026,0.1818,-0.4914
2026-09-23,TSLA,379.77,2026-09-23T18:41:51.035589622Z,2026-10-30,37,P,525.0,1.382416,TSLA261030P00525000,142.54,148.89,145.715,,,,0.663,-0.9205,0.0018,-0.1071,0.1789,-0.5022
2026-09-23,TSLA,379.77,2026-09-23T18:41:45.044929569Z,2026-10-30,37,P,530.0,1.395582,TSLA261030P00530000,145.44,152.21,148.825,,,,0.5368,-0.9671,0.0011,-0.0089,0.0887,-0.5233
2026-09-23,TSLA,379.77,2026-09-23T18:41:51.108753853Z,2026-10-30,37,P,535.0,1.408747,TSLA261030P00535000,151.17,157.42,154.295,,,,0.5972,-0.954,0.0013,-0.0386,0.1166,-0.5238
2026-09-23,TSLA,379.77,2026-09-23T18:41:51.035688977Z,2026-10-30,37,P,540.0,1.421913,TSLA261030P00540000,159.32,166.87,163.095,,,,0.8248,-0.8836,0.002,-0.2103,0.2368,-0.5056
2026-09-23,TSLA,379.77,2026-09-23T18:41:51.035568749Z,2026-10-30,37,P,545.0,1.435079,TSLA261030P00545000,164.61,168.38,166.495,,,,0.7667,-0.9099,0.0018,-0.1485,0.1965,-0.5192
2026-09-23,TSLA,379.77,2026-09-23T18:41:51.035814761Z,2026-10-30,37,P,550.0,1.448245,TSLA261030P00550000,169.36,174.21,171.785,,,,0.7966,-0.9061,0.0017,-0.1628,0.2027,-0.523
2026-09-23,TSLA,379.77,2026-09-23T18:41:51.081699392Z,2026-10-30,37,P,560.0,1.474577,TSLA261030P00560000,176.89,186.11,181.5,,,,0.8122,-0.9125,0.0016,-0.1543,0.1923,-0.5354
2026-09-23,TSLA,379.77,2026-09-23T18:41:51.035563534Z,2026-10-30,37,P,565.0,1.487743,TSLA261030P00565000,183.12,187.87,185.495,,,,0.7699,-0.9307,0.0014,-0.1097,0.1612,-0.5464
2026-09-23,TSLA,379.77,2026-09-23T18:41:47.607447017Z,2026-10-30,37,P,570.0,1.500908,TSLA261030P00570000,185.48,193.53,189.505,,,,0.7142,-0.9509,0.0012,-0.0594,0.1229,-0.5583
2026-09-23,TSLA,379.77,2026-09-23T18:41:51.035584024Z,2026-10-30,37,P,580.0,1.52724,TSLA261030P00580000,197.12,203.04,200.08,,,,0.7846,-0.9398,0.0013,-0.0932,0.1444,-0.5647
2026-09-23,TSLA,379.77,2026-09-23T18:41:51.035548486Z,2026-10-30,37,P,590.0,1.553572,TSLA261030P00590000,208.15,211.2,209.675,,,,0.7818,-0.9483,0.0011,-0.0741,0.1281,-0.5777
2026-09-23,TSLA,379.77,2026-09-23T18:41:51.035584024Z,2026-10-30,37,P,600.0,1.579904,TSLA261030P00600000,213.4,222.74,218.07,,,,0.6114,-0.9871,0.0004,0.0306,0.0401,-0.6012
2026-09-23,USO,149.29,2026-09-23T18:41:52.325962731Z,2026-10-23,30,C,60.0,0.401902,USO261023C00060000,86.46,89.72,88.09,,,,,,,,,
2026-09-23,USO,149.29,2026-09-23T18:41:52.325962731Z,2026-10-23,30,C,65.0,0.435394,USO261023C00065000,81.96,86.87,84.415,,,,,,,,,
2026-09-23,USO,149.29,2026-09-23T18:41:52.326008683Z,2026-10-23,30,C,70.0,0.468886,USO261023C00070000,77.89,80.93,79.41,,,,,,,,,
2026-09-23,USO,149.29,2026-09-23T18:41:52.325962731Z,2026-10-23,30,C,75.0,0.502378,USO261023C00075000,71.17,75.28,73.225,,,,,,,,,
2026-09-23,USO,149.29,2026-09-23T18:41:52.326004642Z,2026-10-23,30,C,80.0,0.53587,USO261023C00080000,67.28,72.27,69.775,,,,,,,,,
2026-09-23,USO,149.29,2026-09-23T18:41:52.326017887Z,2026-10-23,30,C,85.0,0.569362,USO261023C00085000,63.06,66.62,64.84,2,,,,,,,,
2026-09-23,USO,149.29,2026-09-23T18:41:52.326012664Z,2026-10-23,30,C,90.0,0.602854,USO261023C00090000,57.09,61.95,59.52,2,,,0.7885,0.9909,0.0007,-0.0233,0.0105,0.0725
2026-09-23,USO,149.29,2026-09-23T18:41:52.326017887Z,2026-10-23,30,C,95.0,0.636345,USO261023C00095000,53.24,56.27,54.755,,,,0.8414,0.9774,0.0015,-0.0419,0.0229,0.0748
2026-09-23,USO,149.29,2026-09-23T18:41:52.326008683Z,2026-10-23,30,C,100.0,0.669837,USO261023C00100000,48.23,51.82,50.025,5,,,0.8438,0.963,0.0022,-0.0587,0.0346,0.0769
2026-09-23,USO,149.29,2026-09-23T18:41:52.351107569Z,2026-10-23,30,C,195.0,1.306183,USO261023C00195000,0.49,1.53,1.01,18,,,0.6364,0.0867,0.0058,-0.0729,0.0675,0.0098
2026-09-23,USO,149.29,2026-09-23T18:41:52.673642192Z,2026-10-23,30,C,200.0,1.339674,USO261023C00200000,0.53,0.83,0.68,19,,,0.6246,0.0628,0.0046,-0.0558,0.0528,0.0071
2026-09-23,USO,149.29,2026-09-23T18:41:40.034660619Z,2026-10-23,30,C,205.0,1.373166,USO261023C00205000,0.43,0.5,0.465,63,,,0.618,0.0456,0.0036,-0.0428,0.0409,0.0052
2026-09-23,USO,149.29,2026-09-23T18:41:52.72326212Z,2026-10-23,30,C,210.0,1.406658,USO261023C00210000,0.39,0.53,0.46,32,,,0.6537,0.0431,0.0033,-0.0433,0.0391,0.0049
2026-09-23,USO,149.29,2026-09-23T18:41:52.326302779Z,2026-10-23,30,C,215.0,1.44015,USO261023C00215000,0,0.62,0.31,3,,,,,,,,
2026-09-23,USO,149.29,2026-09-23T18:41:38.046923795Z,2026-10-23,30,C,220.0,1.473642,USO261023C00220000,0.26,0.29,0.275,21,,,0.6653,0.027,0.0022,-0.03,0.0267,0.0031
2026-09-23,USO,149.29,2026-09-23T18:41:47.85774471Z,2026-10-23,30,P,60.0,0.401902,USO261023P00060000,0,2.15,1.075,,,,,,,,,
2026-09-23,USO,149.29,2026-09-23T18:31:23.920236087Z,2026-10-23,30,P,65.0,0.435394,USO261023P00065000,0,2.1,1.05,,,,,,,,,
2026-09-23,USO,149.29,2026-09-23T18:07:16.675072654Z,2026-10-23,30,P,70.0,0.468886,USO261023P00070000,0,2.15,1.075,,,,,,,,,
2026-09-23,USO,149.29,2026-09-23T18:22:43.094860925Z,2026-10-23,30,P,75.0,0.502378,USO261023P00075000,0,2.15,1.075,,,,,,,,,
2026-09-23,USO,149.29,2026-09-23T18:37:14.110852609Z,2026-10-23,30,P,80.0,0.53587,USO261023P00080000,0,2.16,1.08,,,,,,,,,
2026-09-23,USO,149.29,2026-09-23T18:41:52.326004642Z,2026-10-23,30,P,85.0,0.569362,USO261023P00085000,0,2.17,1.085,,,,,,,,,
2026-09-23,USO,149.29,2026-09-23T18:05:43.021480608Z,2026-10-23,30,P,90.0,0.602854,USO261023P00090000,0,1.11,0.555,1,,,,,,,,
2026-09-23,USO,149.29,2026-09-23T18:41:53.668921161Z,2026-10-23,30,P,95.0,0.636345,USO261023P00095000,0,0.27,0.135,3,,,,,,,,
2026-09-23,USO,149.29,2026-09-23T18:41:53.47868108Z,2026-10-23,30,P,100.0,0.669837,USO261023P00100000,0.01,0.3,0.155,3,,,0.6718,-0.0143,0.0013,-0.0172,0.0156,-0.0019
2026-09-23,USO,149.29,2026-09-23T18:41:52.326302779Z,2026-10-23,30,P,195.0,1.306183,USO261023P00195000,45.37,48.29,46.83,1,,,0.7113,-0.8845,0.0064,-0.0795,0.0833,-0.1469
2026-09-23,USO,149.29,2026-09-23T18:41:52.326854088Z,2026-10-23,30,P,200.0,1.339674,USO261023P00200000,49.6,54.02,51.81,,,,0.758,-0.8902,0.0058,-0.0816,0.0803,-0.1517
2026-09-23,USO,149.29,2026-09-23T18:41:52.326307559Z,2026-10-23,30,P,205.0,1.373166,USO261023P00205000,53.8,58.34,56.07,,,,0.6962,-0.9304,0.0045,-0.0454,0.0572,-0.1601
2026-09-23,USO,149.29,2026-09-23T18:41:52.326302779Z,2026-10-23,30,P,210.0,1.406658,USO261023P00210000,58.43,61.71,60.07,,,,,,,,,
2026-09-23,USO,149.29,2026-09-23T18:41:52.326854088Z,2026-10-23,30,P,215.0,1.44015,USO261023P00215000,64.18,68.88,66.53,3,,,0.8554,-0.9125,0.0043,-0.0752,0.068,-0.1665
2026-09-23,USO,149.29,2026-09-23T18:41:52.326329155Z,2026-10-23,30,P,220.0,1.473642,USO261023P00220000,69.6,73.33,71.465,,,,0.8873,-0.9176,0.004,-0.0738,0.065,-0.1712
2026-09-23,USO,149.29,2026-09-23T18:41:52.3263529Z,2026-10-30,37,C,60.0,0.401902,USO261030C00060000,85.88,92.68,89.28,1,,,,,,,,
2026-09-23,USO,149.29,2026-09-23T18:41:52.326728064Z,2026-10-30,37,C,65.0,0.435394,USO261030C00065000,81.52,84.83,83.175,,,,,,,,,
2026-09-23,USO,149.29,2026-09-23T18:41:52.326383002Z,2026-10-30,37,C,70.0,0.468886,USO261030C00070000,75.91,80.43,78.17,,,,,,,,,
2026-09-23,USO,149.29,2026-09-23T18:41:52.326387474Z,2026-10-30,37,C,75.0,0.502378,USO261030C00075000,71.17,76.57,73.87,,,,,,,,,
2026-09-23,USO,149.29,2026-09-23T18:41:52.326734638Z,2026-10-30,37,C,80.0,0.53587,USO261030C00080000,67.07,72.05,69.56,,,,,,,,,
2026-09-23,USO,149.29,2026-09-23T18:41:52.326383002Z,2026-10-30,37,C,85.0,0.569362,USO261030C00085000,63.2,66.57,64.885,,,,,,,,,
2026-09-23,USO,149.29,2026-09-23T18:41:52.326383002Z,2026-10-30,37,C,90.0,0.602854,USO261030C00090000,58.05,61.38,59.715,1,,,0.7938,0.9838,0.0011,-0.0299,0.0192,0.0882
2026-09-23,USO,149.29,2026-09-23T18:41:52.326737406Z,2026-10-30,37,C,95.0,0.636345,USO261030C00095000,52.12,57,54.56,1,,,0.5974,0.9935,0.0006,-0.017,0.0086,0.0949
2026-09-23,USO,149.29,2026-09-23T18:41:52.326383002Z,2026-10-30,37,C,100.0,0.669837,USO261030C00100000,47.72,52.26,49.99,2,,,0.7305,0.968,0.0021,-0.0438,0.0341,0.0956
2026-09-23,USO,149.29,2026-09-23T18:41:40.004720697Z,2026-10-30,37,C,195.0,1.306183,USO261030C00195000,1.05,1.37,1.21,5,,,0.5973,0.0977,0.0061,-0.0676,0.0819,0.0135
2026-09-23,USO,149.29,2026-09-23T18:41:37.985638885Z,2026-10-30,37,C,200.0,1.339674,USO261030C00200000,0.82,0.9,0.86,5,,,0.5901,0.0739,0.005,-0.0541,0.0664,0.0103
2026-09-23,USO,149.29,2026-09-23T18:41:37.990068878Z,2026-10-30,37,C,205.0,1.373166,USO261030C00205000,0.66,0.72,0.69,3,,,0.5994,0.0604,0.0042,-0.0469,0.0568,0.0084
2026-09-23,USO,149.29,2026-09-23T18:41:52.326892739Z,2026-10-30,37,C,210.0,1.406658,USO261030C00210000,0.23,1.77,1.0,155,,,0.6852,0.0747,0.0043,-0.0631,0.067,0.0103
2026-09-23,USO,149.29,2026-09-23T18:41:37.989874815Z,2026-10-30,37,C,215.0,1.44015,USO261030C00215000,0.47,0.54,0.505,100,,,0.6302,0.0442,0.0031,-0.0385,0.0444,0.0062
2026-09-23,USO,149.29,2026-09-23T18:41:52.326667069Z,2026-10-30,37,C,220.0,1.473642,USO261030C00220000,0,0.94,0.47,203,,,,,,,,
2026-09-23,USO,149.29,2026-09-23T18:41:52.336357727Z,2026-10-30,37,P,60.0,0.401902,USO261030P00060000,0,2.11,1.055,,,,,,,,,
2026-09-23,USO,149.29,2026-09-23T18:41:52.326387474Z,2026-10-30,37,P,65.0,0.435394,USO261030P00065000,0,2.17,1.085,,,,,,,,,
2026-09-23,USO,149.29,2026-09-23T18:36:14.290414607Z,2026-10-30,37,P,70.0,0.468886,USO261030P00070000,0,2.18,1.09,,,,,,,,,
2026-09-23,USO,149.29,2026-09-23T18:41:52.326383002Z,2026-10-30,37,P,75.0,0.502378,USO261030P00075000,0,2.13,1.065,1,,,,,,,,
2026-09-23,USO,149.29,2026-09-23T18:36:05.096826762Z,2026-10-30,37,P,80.0,0.53587,USO261030P00080000,0,2.22,1.11,4,,,,,,,,
2026-09-23,USO,149.29,2026-09-23T18:41:52.326734638Z,2026-10-30,37,P,85.0,0.569362,USO261030P00085000,0,1.99,0.995,1,,,,,,,,
2026-09-23,USO,149.29,2026-09-23T18:41:52.326383002Z,2026-10-30,37,P,90.0,0.602854,USO261030P00090000,0,2.26,1.13,21,,,,,,,,
2026-09-23,USO,149.29,2026-09-23T18:41:52.326387474Z,2026-10-30,37,P,95.0,0.636345,USO261030P00095000,0,0.71,0.355,105,,,,,,,,
2026-09-23,USO,149.29,2026-09-23T18:41:52.326737406Z,2026-10-30,37,P,100.0,0.669837,USO261030P00100000,0.13,0.36,0.245,40,,,0.6506,-0.0201,0.0016,-0.0199,0.0231,-0.0033
2026-09-23,USO,149.29,2026-09-23T18:41:52.326638831Z,2026-10-30,37,P,195.0,1.306183,USO261030P00195000,45.63,48.69,47.16,4,,,0.6879,-0.8637,0.0067,-0.0775,0.1038,-0.1784
2026-09-23,USO,149.29,2026-09-23T18:41:52.32688774Z,2026-10-30,37,P,200.0,1.339674,USO261030P00200000,49.61,52.78,51.195,,,,0.6251,-0.9124,0.0054,-0.0437,0.0756,-0.1898
2026-09-23,USO,149.29,2026-09-23T18:41:52.326657139Z,2026-10-30,37,P,205.0,1.373166,USO261030P00205000,53.57,58.87,56.22,,,,0.6699,-0.9142,0.0049,-0.0467,0.0744,-0.1952
2026-09-23,USO,149.29,2026-09-23T18:41:52.326657139Z,2026-10-30,37,P,210.0,1.406658,USO261030P00210000,60.57,62.1,61.335,,,,0.7255,-0.9114,0.0047,-0.0535,0.0762,-0.1999
2026-09-23,USO,149.29,2026-09-23T18:41:52.326892739Z,2026-10-30,37,P,215.0,1.44015,USO261030P00215000,63.19,67.71,65.45,,,,0.6108,-0.9611,0.0029,-0.0106,0.04,-0.2116
2026-09-23,USO,149.29,2026-09-23T18:41:52.326667069Z,2026-10-30,37,P,220.0,1.473642,USO261030P00220000,69.28,74.28,71.78,,,,0.8592,-0.898,0.0044,-0.076,0.0845,-0.2085
2026-09-24,AAPL,337.36,2026-09-24T18:42:49.034560805Z,2026-10-23,29,C,230.0,0.681764,AAPL261023C00230000,105.29,108.34,106.815,86,,,,,,,,
2026-09-24,AAPL,337.36,2026-09-24T18:42:46.736489458Z,2026-10-23,29,P,230.0,0.681764,AAPL261023P00230000,0.01,0.12,0.065,28,,,0.5315,-0.004,0.0002,-0.0101,0.0112,-0.0011
2026-09-24,AAPL,337.36,2026-09-24T18:42:50.326595588Z,2026-10-30,36,C,230.0,0.681764,AAPL261030C00230000,105.99,109.15,107.57,,,,,,,,,
2026-09-24,AAPL,337.36,2026-09-24T18:42:49.033469184Z,2026-10-30,36,P,230.0,0.681764,AAPL261030P00230000,0,0.14,0.07,,,,,,,,,
2026-09-24,NVDA,223.96,2026-09-24T18:42:37.776612008Z,2026-10-23,29,C,125.0,0.558135,NVDA261023C00125000,95.42,101.84,98.63,,,,,,,,,
2026-09-24,NVDA,223.96,2026-09-24T18:42:37.776618378Z,2026-10-23,29,C,130.0,0.580461,NVDA261023C00130000,91.89,98.1,94.995,9,,,,,,,,
2026-09-24,NVDA,223.96,2026-09-24T18:42:52.123201081Z,2026-10-23,29,C,135.0,0.602786,NVDA261023C00135000,88.01,91.48,89.745,4,,,,,,,,
2026-09-24,NVDA,223.96,2026-09-24T18:42:37.776612008Z,2026-10-23,29,C,140.0,0.625112,NVDA261023C00140000,83.16,89.65,86.405,11,,,,,,,,
2026-09-24,NVDA,223.96,2026-09-24T18:42:37.776618378Z,2026-10-23,29,C,145.0,0.647437,NVDA261023C00145000,75.48,84.79,80.135,1,,,0.8878,0.9696,0.0012,-0.0812,0.0434,0.1089
2026-09-24,NVDA,223.96,2026-09-24T18:42:37.7781652Z,2026-10-23,29,C,150.0,0.669762,NVDA261023C00150000,71.31,78.35,74.83,3,,,0.7469,0.9785,0.0011,-0.0573,0.0325,0.1147
2026-09-24,NVDA,223.96,2026-09-24T18:42:37.776697265Z,2026-10-23,29,C,155.0,0.692088,NVDA261023C00155000,66.62,74.87,70.745,7,,,0.8721,0.9487,0.0019,-0.1151,0.0664,0.1126
2026-09-24,NVDA,223.96,2026-09-24T18:42:50.190044224Z,2026-10-23,29,C,295.0,1.317199,NVDA261023C00295000,0.01,0.07,0.04,13,,,0.3724,0.0055,0.0007,-0.0065,0.0099,0.0009
2026-09-24,NVDA,223.96,2026-09-24T18:42:50.189999371Z,2026-10-23,29,C,300.0,1.339525,NVDA261023C00300000,0.03,0.06,0.045,6,,,0.3975,0.0058,0.0007,-0.0073,0.0104,0.001
2026-09-24,NVDA,223.96,2026-09-24T18:42:50.189939274Z,2026-10-23,29,C,305.0,1.36185,NVDA261023C00305000,0.01,0.02,0.015,4,,,0.3743,0.0022,0.0003,-0.0029,0.0044,0.0004
2026-09-24,NVDA,223.96,2026-09-24T18:42:50.189939274Z,2026-10-23,29,C,310.0,1.384176,NVDA261023C00310000,0.01,0.05,0.03,15,,,0.4188,0.0038,0.0004,-0.0053,0.0072,0.0007
2026-09-24,NVDA,223.96,2026-09-24T18:42:50.190124728Z,2026-10-23,29,C,315.0,1.406501,NVDA261023C00315000,0.03,0.05,0.04,3,,,0.4501,0.0047,0.0005,-0.0067,0.0086,0.0008
2026-09-24,NVDA,223.96,2026-09-24T18:42:50.189999371Z,2026-10-23,29,C,320.0,1.428827,NVDA261023C00320000,0.03,0.05,0.04,2,,,0.4685,0.0045,0.0004,-0.0068,0.0083,0.0008
2026-09-24,NVDA,223.96,2026-09-24T18:42:50.189887531Z,2026-10-23,29,P,125.0,0.558135,NVDA261023P00125000,0.09,0.12,0.105,35,,,,,,,,
2026-09-24,NVDA,223.96,2026-09-24T18:42:50.190323243Z,2026-10-23,29,P,130.0,0.580461,NVDA261023P00130000,0.1,0.13,0.115,20,,,,,,,,
2026-09-24,NVDA,223.96,2026-09-24T18:42:50.190132592Z,2026-10-23,29,P,135.0,0.602786,NVDA261023P00135000,0.07,0.14,0.105,15,,,0.7575,-0.0064,0.0004,-0.0146,0.0113,-0.0012
2026-09-24,NVDA,223.96,2026-09-24T18:42:50.190243225Z,2026-10-23,29,P,140.0,0.625112,NVDA261023P00140000,0.13,0.15,0.14,1273,,,0.7347,-0.0085,0.0005,-0.0182,0.0146,-0.0016
2026-09-24,NVDA,223.96,2026-09-24T18:42:50.190292703Z,2026-10-23,29,P,145.0,0.647437,NVDA261023P00145000,0.1,0.18,0.14,5,,,0.6854,-0.0091,0.0006,-0.018,0.0155,-0.0017
2026-09-24,NVDA,223.96,2026-09-24T18:42:51.62801336Z,2026-10-23,29,P,150.0,0.669762,NVDA261023P00150000,0.12,0.18,0.15,42,,,0.6436,-0.0103,0.0007,-0.0188,0.0172,-0.0019
2026-09-24,NVDA,223.96,2026-09-24T18:42:50.190128442Z,2026-10-23,29,P,155.0,0.692088,NVDA261023P00155000,0.18,0.21,0.195,8,,,0.6194,-0.0134,0.0009,-0.0229,0.0218,-0.0025
2026-09-24,NVDA,223.96,2026-09-24T18:42:37.774704702Z,2026-10-23,29,P,295.0,1.317199,NVDA261023P00295000,69.2,73.92,71.56,,,,0.6512,-0.9181,0.0037,-0.0775,0.0955,-0.2202
2026-09-24,NVDA,223.96,2026-09-24T18:42:37.77463944Z,2026-10-23,29,P,300.0,1.339525,NVDA261023P00300000,73.44,77.35,75.395,,,,0.5025,-0.9757,0.0018,0.0003,0.0361,-0.2335
2026-09-24,NVDA,223.96,2026-09-24T18:42:37.774650247Z,2026-10-23,29,P,305.0,1.36185,NVDA261023P00305000,80.53,84.75,82.64,,,,0.8146,-0.8882,0.0037,-0.1385,0.1201,-0.2237
2026-09-24,NVDA,223.96,2026-09-24T18:42:37.77463944Z,2026-10-23,29,P,310.0,1.384176,NVDA261023P00310000,83.87,87.15,85.51,,,,0.5866,-0.9689,0.0019,-0.0123,0.0442,-0.2403
2026-09-24,NVDA,223.96,2026-09-24T18:42:37.7746802Z,2026-10-23,29,P,315.0,1.406501,NVDA261023P00315000,89.18,95.13,92.155,,,,0.8333,-0.9069,0.0032,-0.1194,0.1051,-0.2346
2026-09-24,NVDA,223.96,2026-09-24T18:42:32.082722153Z,2026-10-23,29,P,320.0,1.428827,NVDA261023P00320000,92.53,98.43,95.48,,,,0.6334,-0.9708,0.0017,-0.0123,0.042,-0.2486
2026-09-24,NVDA,223.96,2026-09-24T18:42:37.776184762Z,2026-10-30,36,C,125.0,0.558135,NVDA261030C00125000,94.91,104.82,99.865,14,,,,,,,,
2026-09-24,NVDA,223.96,2026-09-24T18:42:37.776184762Z,2026-10-30,36,C,130.0,0.580461,NVDA261030C00130000,91.01,98.79,94.9,1,,,,,,,,
2026-09-24,NVDA,223.96,2026-09-24T18:42:37.776169671Z,2026-10-30,36,C,135.0,0.602786,NVDA261030C00135000,88.48,91.95,90.215,1,,,,,,,,
2026-09-24,NVDA,223.96,2026-09-24T18:42:37.776179945Z,2026-10-30,36,C,140.0,0.625112,NVDA261030C00140000,79.76,88.67,84.215,,,,,,,,,
2026-09-24,NVDA,223.96,2026-09-24T18:42:37.776164375Z,2026-10-30,36,C,145.0,0.647437,NVDA261030C00145000,77.21,83.9,80.555,1,,,0.8557,0.9613,0.0014,-0.0846,0.059,0.1329
2026-09-24,NVDA,223.96,2026-09-24T18:42:42.344171123Z,2026-10-30,36,C,150.0,0.669762,NVDA261030C00150000,70.37,78.28,74.325,2,,,,,,,,
2026-09-24,NVDA,223.96,2026-09-24T18:42:37.776380196Z,2026-10-30,36,C,155.0,0.692088,NVDA261030C00155000,67.5,73.39,70.445,13,,,0.7219,0.9603,0.0017,-0.076,0.0603,0.1426
2026-09-24,NVDA,223.96,2026-09-24T18:42:50.190031534Z,2026-10-30,36,C,295.0,1.317199,NVDA261030C00295000,0.08,0.12,0.1,1,,,0.3712,0.0115,0.0012,-0.0112,0.0212,0.0025
2026-09-24,NVDA,223.96,2026-09-24T18:42:50.190091485Z,2026-10-30,36,C,300.0,1.339525,NVDA261030C00300000,0.07,0.1,0.085,26,,,0.383,0.0097,0.001,-0.0099,0.0182,0.0021
2026-09-24,NVDA,223.96,2026-09-24T18:42:40.994527502Z,2026-10-30,36,C,305.0,1.36185,NVDA261030C00305000,0.01,0.05,0.03,1,,,0.3582,0.004,0.0005,-0.0042,0.0083,0.0008
2026-09-24,NVDA,223.96,2026-09-24T18:42:50.205301185Z,2026-10-30,36,C,310.0,1.384176,NVDA261030C00310000,0.01,0.09,0.05,3,,,0.3956,0.0058,0.0006,-0.0065,0.0116,0.0012
2026-09-24,NVDA,223.96,2026-09-24T18:42:41.000042527Z,2026-10-30,36,C,315.0,1.406501,NVDA261030C00315000,0.03,0.08,0.055,2,,,0.4171,0.0061,0.0006,-0.0071,0.0121,0.0013
2026-09-24,NVDA,223.96,2026-09-24T18:42:40.142445365Z,2026-10-30,36,C,320.0,1.428827,NVDA261030C00320000,0.01,0.08,0.045,,,,0.4248,0.005,0.0005,-0.0061,0.0101,0.0011
2026-09-24,NVDA,223.96,2026-09-24T18:42:40.14248347Z,2026-10-30,36,P,125.0,0.558135,NVDA261030P00125000,0.08,0.14,0.11,1,,,0.7784,-0.0058,0.0003,-0.0124,0.0116,-0.0014
2026-09-24,NVDA,223.96,2026-09-24T18:42:44.33376523Z,2026-10-30,36,P,130.0,0.580461,NVDA261030P00130000,0.06,0.1,0.08,10,,,0.7035,-0.0048,0.0003,-0.0095,0.0098,-0.0011
2026-09-24,NVDA,223.96,2026-09-24T18:42:33.404530225Z,2026-10-30,36,P,135.0,0.602786,NVDA261030P00135000,0.12,0.14,0.13,1,,,0.6993,-0.0075,0.0004,-0.014,0.0146,-0.0018
2026-09-24,NVDA,223.96,2026-09-24T18:42:40.999678593Z,2026-10-30,36,P,140.0,0.625112,NVDA261030P00140000,0.12,0.16,0.14,6,,,0.6603,-0.0085,0.0005,-0.0147,0.0162,-0.002
2026-09-24,NVDA,223.96,2026-09-24T18:42:50.190003275Z,2026-10-30,36,P,145.0,0.647437,NVDA261030P00145000,0.1,0.2,0.15,1,,,0.6218,-0.0096,0.0006,-0.0153,0.018,-0.0023
2026-09-24,NVDA,223.96,2026-09-24T18:42:46.287011363Z,2026-10-30,36,P,150.0,0.669762,NVDA261030P00150000,0.17,0.22,0.195,241,,,0.6001,-0.0125,0.0008,-0.0187,0.0228,-0.003
2026-09-24,NVDA,223.96,2026-09-24T18:42:55.285085685Z,2026-10-30,36,P,155.0,0.692088,NVDA261030P00155000,0.16,0.2,0.18,134,,,0.5505,-0.0126,0.0008,-0.0172,0.023,-0.003
2026-09-24,NVDA,223.96,2026-09-24T18:42:37.774547563Z,2026-10-30,36,P,295.0,1.317199,NVDA261030P00295000,69.95,75.9,72.925,,,,0.706,-0.8675,0.0043,-0.1191,0.1508,-0.2635
2026-09-24,NVDA,223.96,2026-09-24T18:42:37.774512844Z,2026-10-30,36,P,300.0,1.339525,NVDA261030P00300000,75.11,80.31,77.71,45,,,0.722,-0.8767,0.004,-0.1143,0.1434,-0.2703
2026-09-24,NVDA,223.96,2026-09-24T18:42:37.774472164Z,2026-10-30,36,P,305.0,1.36185,NVDA261030P00305000,78.7,84.7,81.7,,,,0.673,-0.9095,0.0034,-0.0765,0.1147,-0.2815
2026-09-24,NVDA,223.96,2026-09-24T18:42:21.339839179Z,2026-10-30,36,P,310.0,1.384176,NVDA261030P00310000,83.77,89.52,86.645,,,,0.6958,-0.9132,0.0032,-0.0761,0.1111,-0.2872
2026-09-24,NVDA,223.96,2026-09-24T18:42:41.829069701Z,2026-10-30,36,P,315.0,1.406501,NVDA261030P00315000,86.98,93.73,90.355,,,,0.566,-0.9647,0.002,-0.01,0.0547,-0.3022
2026-09-24,NVDA,223.96,2026-09-24T18:42:37.774437216Z,2026-10-30,36,P,320.0,1.428827,NVDA261030P00320000,94.28,98.79,96.535,,,,0.7389,-0.92,0.0029,-0.0747,0.1045,-0.2984
2026-09-24,TSLA,379.57,2026-09-24T18:42:32.014421655Z,2026-10-23,29,C,160.0,0.42153,TSLA261023C00160000,214.21,223.82,219.015,1,,,,,,,,
2026-09-24,TSLA,379.57,2026-09-24T18:42:37.249405059Z,2026-10-23,29,C,170.0,0.447875,TSLA261023C00170000,205.77,213.09,209.43,1,,,,,,,,
2026-09-24,TSLA,379.57,2026-09-24T18:42:37.249389675Z,2026-10-23,29,C,180.0,0.474221,TSLA261023C00180000,195.29,202.67,198.98,1,,,,,,,,
2026-09-24,TSLA,379.57,2026-09-24T18:42:37.249389675Z,2026-10-23,29,C,190.0,0.500566,TSLA261023C00190000,187.85,198.33,193.09,1,,,,,,,,
2026-09-24,TSLA,379.57,2026-09-24T18:42:37.2532241Z,2026-10-23,29,C,200.0,0.526912,TSLA261023C00200000,180.2,181.84,181.02,1,,,,,,,,
2026-09-24,TSLA,379.57,2026-09-24T18:42:37.249389675Z,2026-10-23,29,C,210.0,0.553258,TSLA261023C00210000,167,175.05,171.025,3,,,,,,,,
2026-09-24,TSLA,379.57,2026-09-24T18:42:37.24945436Z,2026-10-23,29,C,220.0,0.579603,TSLA261023C00220000,160.34,166.64,163.49,16,,,,,,,,
2026-09-24,TSLA,379.57,2026-09-24T18:42:37.249434221Z,2026-10-23,29,C,230.0,0.605949,TSLA261023C00230000,149.27,156.5,152.885,2,,,,,,,,
2026-09-24,TSLA,379.57,2026-09-24T18:42:37.249434221Z,2026-10-23,29,C,235.0,0.619122,TSLA261023C00235000,141.01,149.71,145.36,1,,,,,,,,
2026-09-24,TSLA,379.57,2026-09-24T18:42:37.249374291Z,2026-10-23,29,C,240.0,0.632294,TSLA261023C00240000,138.47,145.45,141.96,,,,,,,,,
2026-09-24,TSLA,379.57,2026-09-24T18:42:32.012290035Z,2026-10-23,29,C,250.0,0.65864,TSLA261023C00250000,126.46,133.47,129.965,18,,,,,,,,
2026-09-24,TSLA,379.57,2026-09-24T18:42:37.25129983Z,2026-10-23,29,C,255.0,0.671813,TSLA261023C00255000,124.08,128.32,126.2,1,,,0.7576,0.9764,0.0007,-0.104,0.0595,0.1942
2026-09-24,TSLA,379.57,2026-09-24T18:42:55.505887494Z,2026-10-23,29,C,260.0,0.684986,TSLA261023C00260000,116.89,125.61,121.25,6,,,0.7313,0.9747,0.0008,-0.1064,0.0632,0.1977
2026-09-24,TSLA,379.57,2026-09-24T18:42:53.172817379Z,2026-10-23,29,C,500.0,1.31728,TSLA261023C00500000,0.69,0.72,0.705,9,,,0.5105,0.0344,0.0014,-0.073,0.0815,0.0098
2026-09-24,TSLA,379.57,2026-09-24T18:42:50.884217641Z,2026-10-23,29,C,505.0,1.330453,TSLA261023C00505000,0.58,0.61,0.595,16,,,0.5111,0.0296,0.0012,-0.0645,0.0719,0.0084
2026-09-24,TSLA,379.57,2026-09-24T18:42:53.142037276Z,2026-10-23,29,C,510.0,1.343626,TSLA261023C00510000,0.52,0.59,0.555,10,,,0.5198,0.0274,0.0011,-0.0616,0.0676,0.0078
2026-09-24,TSLA,379.57,2026-09-24T18:42:57.631551668Z,2026-10-23,29,C,515.0,1.356798,TSLA261023C00515000,0.51,0.54,0.525,9,,,0.5294,0.0257,0.0011,-0.0594,0.064,0.0073
2026-09-24,TSLA,379.57,2026-09-24T18:42:31.993303632Z,2026-10-23,29,C,525.0,1.383144,TSLA261023C00525000,0.43,0.45,0.44,41,,,0.5425,0.0215,0.0009,-0.0524,0.0551,0.0061
2026-09-24,TSLA,379.57,2026-09-24T18:42:32.011246451Z,2026-10-23,29,C,530.0,1.396317,TSLA261023C00530000,0.39,0.42,0.405,2,,,0.5491,0.0198,0.0008,-0.0493,0.0513,0.0056
2026-09-24,TSLA,379.57,2026-09-24T18:42:51.035533024Z,2026-10-23,29,C,535.0,1.40949,TSLA261023C00535000,0.32,0.39,0.355,1,,,0.5517,0.0175,0.0007,-0.0447,0.0463,0.005
2026-09-24,TSLA,379.57,2026-09-24T18:42:50.190206138Z,2026-10-23,29,C,540.0,1.422662,TSLA261023C00540000,0.34,0.36,0.35,1,,,0.5632,0.017,0.0007,-0.0444,0.0451,0.0048
2026-09-24,TSLA,379.57,2026-09-24T18:42:53.892223817Z,2026-10-23,29,C,545.0,1.435835,TSLA261023C00545000,0.28,0.3,0.29,1,,,0.5613,0.0144,0.0006,-0.0384,0.0391,0.0041
2026-09-24,TSLA,379.57,2026-09-24T18:42:53.694299004Z,2026-10-23,29,C,550.0,1.449008,TSLA261023C00550000,0.26,0.32,0.29,103,,,0.5733,0.0141,0.0006,-0.0386,0.0385,0.004
2026-09-24,TSLA,379.57,2026-09-24T18:42:31.996924237Z,2026-10-23,29,C,560.0,1.475354,TSLA261023C00560000,0.22,0.29,0.255,10,,,0.5872,0.0123,0.0005,-0.0351,0.0342,0.0035
2026-09-24,TSLA,379.57,2026-09-24T18:42:31.996924237Z,2026-10-23,29,C,565.0,1.488526,TSLA261023C00565000,0.21,0.23,0.22,2,,,0.5878,0.0108,0.0005,-0.0313,0.0304,0.0031
2026-09-24,TSLA,379.57,2026-09-24T18:42:31.996928308Z,2026-10-23,29,C,570.0,1.501699,TSLA261023C00570000,0.24,0.26,0.25,1,,,0.6085,0.0117,0.0005,-0.0349,0.0328,0.0033
2026-09-24,TSLA,379.57,2026-09-24T18:42:52.381275685Z,2026-10-23,29,C,575.0,1.514872,TSLA261023C00575000,0.22,0.25,0.235,1,,,0.615,0.011,0.0004,-0.0333,0.031,0.0031
2026-09-24,TSLA,379.57,2026-09-24T18:42:55.636287553Z,2026-10-23,29,C,580.0,1.528045,TSLA261023C00580000,0.17,0.2,0.185,1,,,0.6082,0.0089,0.0004,-0.0275,0.0259,0.0025
2026-09-24,TSLA,379.57,2026-09-24T18:42:55.635647539Z,2026-10-23,29,C,585.0,1.541218,TSLA261023C00585000,0.16,0.19,0.175,1,,,0.6149,0.0084,0.0003,-0.0263,0.0245,0.0024
2026-09-24,TSLA,379.57,2026-09-24T18:42:53.142107221Z,2026-10-23,29,C,595.0,1.567563,TSLA261023C00595000,0.15,0.17,0.16,1,,,0.6292,0.0076,0.0003,-0.0246,0.0224,0.0022
2026-09-24,TSLA,379.57,2026-09-24T18:42:32.007136477Z,2026-10-23,29,C,600.0,1.580736,TSLA261023C00600000,0.14,0.2,0.17,1,,,0.6438,0.0079,0.0003,-0.026,0.0231,0.0022
2026-09-24,TSLA,379.57,2026-09-24T18:42:43.264592021Z,2026-10-23,29,C,605.0,1.593909,TSLA261023C00605000,0.13,0.19,0.16,13,,,0.6494,0.0074,0.0003,-0.0248,0.0219,0.0021
2026-09-24,TSLA,379.57,2026-09-24T18:42:31.998238996Z,2026-10-23,29,P,160.0,0.42153,TSLA261023P00160000,0.03,0.09,0.06,2,,,,,,,,
2026-09-24,TSLA,379.57,2026-09-24T18:42:43.746391508Z,2026-10-23,29,P,170.0,0.447875,TSLA261023P00170000,0.05,0.07,0.06,18,,,,,,,,
2026-09-24,TSLA,379.57,2026-09-24T18:42:32.114393714Z,2026-10-23,29,P,180.0,0.474221,TSLA261023P00180000,0.1,0.12,0.11,3,,,,,,,,
2026-09-24,TSLA,379.57,2026-09-24T18:42:41.689554477Z,2026-10-23,29,P,190.0,0.500566,TSLA261023P00190000,0.12,0.14,0.13,2,,,,,,,,
2026-09-24,TSLA,379.57,2026-09-24T18:42:34.059505241Z,2026-10-23,29,P,200.0,0.526912,TSLA261023P00200000,0.1,0.17,0.135,6,,,,,,,,
2026-09-24,TSLA,379.57,2026-09-24T18:42:33.316541282Z,2026-10-23,29,P,210.0,0.553258,TSLA261023P00210000,0.17,0.19,0.18,1,,,,,,,,
2026-09-24,TSLA,379.57,2026-09-24T18:42:32.011368015Z,2026-10-23,29,P,220.0,0.579603,TSLA261023P00220000,0.16,0.22,0.19,2447,,,,,,,,
2026-09-24,TSLA,379.57,2026-09-24T18:42:59.806949658Z,2026-10-23,29,P,230.0,0.605949,TSLA261023P00230000,0.2,0.22,0.21,1,,,0.7664,-0.0073,0.0002,-0.0283,0.0216,-0.0024
2026-09-24,TSLA,379.57,2026-09-24T18:42:59.806804844Z,2026-10-23,29,P,235.0,0.619122,TSLA261023P00235000,0.26,0.28,0.27,88,,,0.7613,-0.0092,0.0003,-0.0344,0.0265,-0.003
2026-09-24,TSLA,379.57,2026-09-24T18:42:59.806824434Z,2026-10-23,29,P,240.0,0.632294,TSLA261023P00240000,0.28,0.3,0.29,1,,,0.7385,-0.0101,0.0003,-0.0362,0.0288,-0.0033
2026-09-24,TSLA,379.57,2026-09-24T18:42:59.806664478Z,2026-10-23,29,P,250.0,0.65864,TSLA261023P00250000,0.33,0.36,0.345,11,,,0.6966,-0.0125,0.0004,-0.041,0.0346,-0.004
2026-09-24,TSLA,379.57,2026-09-24T18:42:59.806689509Z,2026-10-23,29,P,255.0,0.671813,TSLA261023P00255000,0.36,0.39,0.375,2,,,0.6756,-0.0139,0.0005,-0.0435,0.0379,-0.0045
2026-09-24,TSLA,379.57,2026-09-24T18:42:32.006553032Z,2026-10-23,29,P,260.0,0.684986,TSLA261023P00260000,0.39,0.42,0.405,4,,,0.6541,-0.0153,0.0006,-0.0458,0.0412,-0.0049
2026-09-24,TSLA,379.57,2026-09-24T18:42:37.249385831Z,2026-10-23,29,P,500.0,1.31728,TSLA261023P00500000,115.51,125.92,120.715,1,,,0.6172,-0.9303,0.002,-0.1015,0.1432,-0.3765
2026-09-24,TSLA,379.57,2026-09-24T18:42:37.249372106Z,2026-10-23,29,P,505.0,1.330453,TSLA261023P00505000,123.29,129.759,126.5245,,,,0.6874,-0.9131,0.0022,-0.1499,0.1694,-0.3759
2026-09-24,TSLA,379.57,2026-09-24T18:42:37.249385831Z,2026-10-23,29,P,510.0,1.343626,TSLA261023P00510000,126.15,134.46,130.305,,,,0.622,-0.9428,0.0017,-0.0793,0.1228,-0.3879
2026-09-24,TSLA,379.57,2026-09-24T18:42:37.249372106Z,2026-10-23,29,P,515.0,1.356798,TSLA261023P00515000,129.74,137.75,133.745,,,,,,,,,
2026-09-24,TSLA,379.57,2026-09-24T18:42:39.514252813Z,2026-10-23,29,P,525.0,1.383144,TSLA261023P00525000,143.61,148.5,146.055,,,,0.7294,-0.9277,0.0018,-0.1318,0.1473,-0.3959
2026-09-24,TSLA,379.57,2026-09-24T18:42:54.269892124Z,2026-10-23,29,P,530.0,1.396317,TSLA261023P00530000,143.64,156.5,150.07,,,,0.669,-0.9514,0.0014,-0.0696,0.1079,-0.4062
2026-09-24,TSLA,379.57,2026-09-24T18:42:37.249445845Z,2026-10-23,29,P,535.0,1.40949,TSLA261023P00535000,152.39,157.37,154.88,,,,0.6668,-0.9568,0.0013,-0.0573,0.0982,-0.4117
2026-09-24,TSLA,379.57,2026-09-24T18:42:40.085166791Z,2026-10-23,29,P,540.0,1.422662,TSLA261023P00540000,158.34,166.19,162.265,,,,0.8558,-0.9078,0.0018,-0.2067,0.177,-0.4027
2026-09-24,TSLA,379.57,2026-09-24T18:42:38.931733419Z,2026-10-23,29,P,545.0,1.435835,TSLA261023P00545000,162.88,171.36,167.12,,,,0.8647,-0.9113,0.0017,-0.2012,0.1719,-0.4077
2026-09-24,TSLA,379.57,2026-09-24T18:42:44.220845768Z,2026-10-23,29,P,550.0,1.449008,TSLA261023P00550000,170.8,174.69,172.745,,,,0.9168,-0.902,0.0018,-0.2371,0.185,-0.4093
2026-09-24,TSLA,379.57,2026-09-24T18:42:38.124829513Z,2026-10-23,29,P,560.0,1.475354,TSLA261023P00560000,179.86,181.39,180.625,,,,0.8128,-0.9416,0.0013,-0.1171,0.1248,-0.4275
2026-09-24,TSLA,379.57,2026-09-24T18:42:32.012723416Z,2026-10-23,29,P,565.0,1.488526,TSLA261023P00565000,179.61,191.28,185.445,,,,0.8135,-0.9458,0.0013,-0.1065,0.1176,-0.4326
2026-09-24,TSLA,379.57,2026-09-24T18:42:32.015488006Z,2026-10-23,29,P,570.0,1.501699,TSLA261023P00570000,186.04,195.65,190.845,,,,0.8612,-0.9382,0.0013,-0.1349,0.1304,-0.4346
2026-09-24,TSLA,379.57,2026-09-24T18:42:32.007818828Z,2026-10-23,29,P,575.0,1.514872,TSLA261023P00575000,190.53,195.76,193.145,,,,,,,,,
2026-09-24,TSLA,379.57,2026-09-24T18:42:39.763072244Z,2026-10-23,29,P,580.0,1.528045,TSLA261023P00580000,197.39,203.6,200.495,,,,0.8633,-0.946,0.0012,-0.1146,0.1174,-0.4446
2026-09-24,TSLA,379.57,2026-09-24T18:42:37.249445845Z,2026-10-23,29,P,585.0,1.541218,TSLA261023P00585000,203.64,210.9,207.27,,,,,,,,,
2026-09-24,TSLA,379.57,2026-09-24T18:42:37.249385831Z,2026-10-23,29,P,595.0,1.567563,TSLA261023P00595000,211.51,215.42,213.465,,,,,,,,,
2026-09-24,TSLA,379.57,2026-09-24T18:42:43.235152195Z,2026-10-23,29,P,600.0,1.580736,TSLA261023P00600000,219.89,225.35,222.62,,,,,,,,,
2026-09-24,TSLA,379.57,2026-09-24T18:42:37.249421221Z,2026-10-23,29,P,605.0,1.593909,TSLA261023P00605000,224.45,225.09,224.77,,,,0.8648,-0.9622,0.0009,-0.0679,0.088,-0.4688
2026-09-24,TSLA,379.57,2026-09-24T18:42:37.249324495Z,2026-10-30,36,C,160.0,0.42153,TSLA261030C00160000,213.78,228.33,221.055,,,,,,,,,
2026-09-24,TSLA,379.57,2026-09-24T18:42:41.113394106Z,2026-10-30,36,C,170.0,0.447875,TSLA261030C00170000,203.13,215.78,209.455,,,,,,,,,
2026-09-24,TSLA,379.57,2026-09-24T18:42:40.301283292Z,2026-10-30,36,C,180.0,0.474221,TSLA261030C00180000,194.62,206.99,200.805,6,,,,,,,,
2026-09-24,TSLA,379.57,2026-09-24T18:42:37.249259386Z,2026-10-30,36,C,190.0,0.500566,TSLA261030C00190000,188.35,192.86,190.605,1,,,,,,,,
2026-09-24,TSLA,379.57,2026-09-24T18:42:37.249279553Z,2026-10-30,36,C,200.0,0.526912,TSLA261030C00200000,174.68,181.88,178.28,1,,,,,,,,
2026-09-24,TSLA,379.57,2026-09-24T18:42:37.249295771Z,2026-10-30,36,C,210.0,0.553258,TSLA261030C00210000,166.93,176.61,171.77,,,,,,,,,
2026-09-24,TSLA,379.57,2026-09-24T18:42:32.007846413Z,2026-10-30,36,C,220.0,0.579603,TSLA261030C00220000,157.65,164.02,160.835,,,,0.7951,0.99,0.0003,-0.0583,0.0319,0.212
2026-09-24,TSLA,379.57,2026-09-24T18:42:32.015487243Z,2026-10-30,36,C,230.0,0.605949,TSLA261030C00230000,149.03,156.68,152.855,,,,,,,,,
2026-09-24,TSLA,379.57,2026-09-24T18:42:55.507184538Z,2026-10-30,36,C,235.0,0.619122,TSLA261030C00235000,141.51,152.51,147.01,3,,,0.8972,0.9683,0.0007,-0.1295,0.0848,0.2176
2026-09-24,TSLA,379.57,2026-09-24T18:42:37.249307232Z,2026-10-30,36,C,240.0,0.632294,TSLA261030C00240000,139.21,142.11,140.66,,,,0.5799,0.9957,0.0002,-0.0376,0.015,0.2341
2026-09-24,TSLA,379.57,2026-09-24T18:42:55.507184538Z,2026-10-30,36,C,250.0,0.65864,TSLA261030C00250000,127.78,132.02,129.9,,,,,,,,,
2026-09-24,TSLA,379.57,2026-09-24T18:42:55.507184538Z,2026-10-30,36,C,255.0,0.671813,TSLA261030C00255000,124.13,130.139,127.1345,6,,,0.7715,0.9624,0.0009,-0.1303,0.0976,0.235
2026-09-24,TSLA,379.57,2026-09-24T18:42:37.257594775Z,2026-10-30,36,C,260.0,0.684986,TSLA261030C00260000,119.08,124.77,121.925,,,,0.7163,0.965,0.0009,-0.1179,0.0921,0.2411
2026-09-24,TSLA,379.57,2026-09-24T18:42:53.926442535Z,2026-10-30,36,C,500.0,1.31728,TSLA261030C00500000,1.07,1.15,1.11,338,,,0.4958,0.0479,0.0017,-0.0836,0.1188,0.0168
2026-09-24,TSLA,379.57,2026-09-24T18:42:50.190872279Z,2026-10-30,36,C,505.0,1.330453,TSLA261030C00505000,0.96,1,0.98,38,,,0.4985,0.0428,0.0015,-0.0767,0.1085,0.015
2026-09-24,TSLA,379.57,2026-09-24T18:42:57.132825922Z,2026-10-30,36,C,510.0,1.343626,TSLA261030C00510000,0.86,0.94,0.9,102,,,0.5047,0.0393,0.0014,-0.0725,0.1013,0.0138
2026-09-24,TSLA,379.57,2026-09-24T18:42:58.594273443Z,2026-10-30,36,C,515.0,1.356798,TSLA261030C00515000,0.78,0.82,0.8,3,,,0.5077,0.0353,0.0013,-0.0667,0.0927,0.0124
2026-09-24,TSLA,379.57,2026-09-24T18:42:57.132641698Z,2026-10-30,36,C,525.0,1.383144,TSLA261030C00525000,0.69,0.72,0.705,171,,,0.5227,0.0308,0.0011,-0.0614,0.0829,0.0108
2026-09-24,TSLA,379.57,2026-09-24T18:42:57.631358351Z,2026-10-30,36,C,530.0,1.396317,TSLA261030C00530000,0.63,0.66,0.645,1,,,0.5277,0.0282,0.001,-0.0576,0.0772,0.0099
2026-09-24,TSLA,379.57,2026-09-24T18:42:53.141456728Z,2026-10-30,36,C,535.0,1.40949,TSLA261030C00535000,0.58,0.61,0.595,110,,,0.5331,0.0261,0.001,-0.0544,0.0722,0.0092
2026-09-24,TSLA,379.57,2026-09-24T18:42:50.190197017Z,2026-10-30,36,C,540.0,1.422662,TSLA261030C00540000,0.54,0.57,0.555,2,,,0.5393,0.0243,0.0009,-0.0518,0.068,0.0085
2026-09-24,TSLA,379.57,2026-09-24T18:42:50.190098445Z,2026-10-30,36,C,545.0,1.435835,TSLA261030C00545000,0.5,0.53,0.515,2,,,0.5449,0.0225,0.0008,-0.0491,0.0638,0.0079
2026-09-24,TSLA,379.57,2026-09-24T18:42:51.035417589Z,2026-10-30,36,C,550.0,1.449008,TSLA261030C00550000,0.47,0.49,0.48,7,,,0.5507,0.021,0.0008,-0.0467,0.06,0.0074
2026-09-24,TSLA,379.57,2026-09-24T18:42:33.316679568Z,2026-10-30,36,C,560.0,1.475354,TSLA261030C00560000,0.41,0.43,0.42,1,,,0.5623,0.0183,0.0007,-0.0424,0.0535,0.0064
2026-09-24,TSLA,379.57,2026-09-24T18:42:33.318384494Z,2026-10-30,36,C,565.0,1.488526,TSLA261030C00565000,0.38,0.41,0.395,,,,0.5683,0.0171,0.0006,-0.0406,0.0506,0.006
2026-09-24,TSLA,379.57,2026-09-24T18:42:53.142406679Z,2026-10-30,36,C,570.0,1.501699,TSLA261030C00570000,0.32,0.35,0.335,3,,,0.5662,0.0148,0.0006,-0.0357,0.0447,0.0052
2026-09-24,TSLA,379.57,2026-09-24T18:42:53.14645168Z,2026-10-30,36,C,580.0,1.528045,TSLA261030C00580000,0.32,0.35,0.335,1,,,0.5868,0.0144,0.0005,-0.036,0.0435,0.0051
2026-09-24,TSLA,379.57,2026-09-24T18:42:42.31909801Z,2026-10-30,36,C,590.0,1.55439,TSLA261030C00590000,0.25,0.28,0.265,1,,,0.589,0.0116,0.0004,-0.03,0.0362,0.0041
2026-09-24,TSLA,379.57,2026-09-24T18:42:53.141506656Z,2026-10-30,36,C,600.0,1.580736,TSLA261030C00600000,0.26,0.29,0.275,34,,,0.611,0.0116,0.0004,-0.0312,0.0362,0.0041
2026-09-24,TSLA,379.57,2026-09-24T18:42:32.008061879Z,2026-10-30,36,P,160.0,0.42153,TSLA261030P00160000,0.09,0.11,0.1,12,,,,,,,,
2026-09-24,TSLA,379.57,2026-09-24T18:42:32.011347416Z,2026-10-30,36,P,170.0,0.447875,TSLA261030P00170000,0.1,0.13,0.115,6,,,,,,,,
2026-09-24,TSLA,379.57,2026-09-24T18:42:32.008037547Z,2026-10-30,36,P,180.0,0.474221,TSLA261030P00180000,0.08,0.15,0.115,3,,,,,,,,
2026-09-24,TSLA,379.57,2026-09-24T18:42:33.318948886Z,2026-10-30,36,P,190.0,0.500566,TSLA261030P00190000,0.11,0.14,0.125,42,,,,,,,,
2026-09-24,TSLA,379.57,2026-09-24T18:42:53.142024061Z,2026-10-30,36,P,200.0,0.526912,TSLA261030P00200000,0.18,0.21,0.195,19,,,,,,,,
2026-09-24,TSLA,379.57,2026-09-24T18:42:43.264641085Z,2026-10-30,36,P,210.0,0.553258,TSLA261030P00210000,0.17,0.24,0.205,7,,,0.7985,-0.0062,0.0002,-0.0228,0.0208,-0.0025
2026-09-24,TSLA,379.57,2026-09-24T18:42:33.319243315Z,2026-10-30,36,P,220.0,0.579603,TSLA261030P00220000,0.26,0.29,0.275,50,,,0.7699,-0.0083,0.0002,-0.0286,0.0271,-0.0034
2026-09-24,TSLA,379.57,2026-09-24T18:42:59.807036122Z,2026-10-30,36,P,230.0,0.605949,TSLA261030P00230000,0.3,0.33,0.315,1,,,0.7265,-0.01,0.0003,-0.0315,0.0317,-0.004
2026-09-24,TSLA,379.57,2026-09-24T18:42:59.806946458Z,2026-10-30,36,P,235.0,0.619122,TSLA261030P00235000,0.29,0.32,0.305,10,,,0.6956,-0.0101,0.0003,-0.0305,0.0321,-0.0041
2026-09-24,TSLA,379.57,2026-09-24T18:42:59.807145987Z,2026-10-30,36,P,240.0,0.632294,TSLA261030P00240000,0.32,0.39,0.355,182,,,0.6827,-0.0118,0.0004,-0.0342,0.0367,-0.0048
2026-09-24,TSLA,379.57,2026-09-24T18:42:59.806852234Z,2026-10-30,36,P,250.0,0.65864,TSLA261030P00250000,0.39,0.46,0.425,271,,,0.6456,-0.0146,0.0005,-0.0389,0.0441,-0.0059
2026-09-24,TSLA,379.57,2026-09-24T18:42:59.806820935Z,2026-10-30,36,P,255.0,0.671813,TSLA261030P00255000,0.47,0.5,0.485,1,,,0.6314,-0.0168,0.0006,-0.0428,0.0497,-0.0068
2026-09-24,TSLA,379.57,2026-09-24T18:42:59.807036122Z,2026-10-30,36,P,260.0,0.684986,TSLA261030P00260000,0.52,0.54,0.53,1,,,0.6131,-0.0187,0.0006,-0.0455,0.0544,-0.0075
2026-09-24,TSLA,379.57,2026-09-24T18:42:37.24934712Z,2026-10-30,36,P,500.0,1.31728,TSLA261030P00500000,120.34,121.49,120.915,,,,0.5866,-0.9165,0.0022,-0.0987,0.1831,-0.4624
2026-09-24,TSLA,379.57,2026-09-24T18:42:37.249268784Z,2026-10-30,36,P,505.0,1.330453,TSLA261030P00505000,121.01,127.15,124.08,,,,0.4665,-0.9677,0.0013,-0.003,0.0862,-0.4847
2026-09-24,TSLA,379.57,2026-09-24T18:42:37.249268784Z,2026-10-30,36,P,510.0,1.343626,TSLA261030P00510000,126.53,136.11,131.32,,,,0.642,-0.9106,0.0021,-0.1205,0.1927,-0.4705
2026-09-24,TSLA,379.57,2026-09-24T18:42:32.007891901Z,2026-10-30,36,P,515.0,1.356798,TSLA261030P00515000,132.15,137.31,134.73,,,,0.5586,-0.9483,0.0016,-0.0447,0.1263,-0.488
2026-09-24,TSLA,379.57,2026-09-24T18:42:58.640915369Z,2026-10-30,36,P,525.0,1.383144,TSLA261030P00525000,143.23,151.74,147.485,,,,0.7486,-0.8934,0.0021,-0.1755,0.2192,-0.48
2026-09-24,TSLA,379.57,2026-09-24T18:42:50.41638061Z,2026-10-30,36,P,530.0,1.396317,TSLA261030P00530000,148.37,153.27,150.82,,,,0.6791,-0.925,0.0017,-0.1051,0.1687,-0.4951
2026-09-24,TSLA,379.57,2026-09-24T18:42:39.415342593Z,2026-10-30,36,P,535.0,1.40949,TSLA261030P00535000,152.35,157.13,154.74,,,,0.6203,-0.9499,0.0014,-0.0507,0.1232,-0.5083
2026-09-24,TSLA,379.57,2026-09-24T18:42:37.249337079Z,2026-10-30,36,P,540.0,1.422662,TSLA261030P00540000,154.7,163.73,159.215,,,,0.5867,-0.964,0.0011,-0.0203,0.0943,-0.518
2026-09-24,TSLA,379.57,2026-09-24T18:42:32.174087933Z,2026-10-30,36,P,545.0,1.435835,TSLA261030P00545000,164.76,166.54,165.65,,,,0.7147,-0.9308,0.0016,-0.1017,0.1587,-0.5119
2026-09-24,TSLA,379.57,2026-09-24T18:42:37.249289011Z,2026-10-30,36,P,550.0,1.449008,TSLA261030P00550000,167.97,175.42,171.695,,,,0.7897,-0.9123,0.0017,-0.1525,0.1899,-0.5109
2026-09-24,TSLA,379.57,2026-09-24T18:42:39.766029206Z,2026-10-30,36,P,560.0,1.475354,TSLA261030P00560000,176.5,183.66,180.08,,,,0.7197,-0.9441,0.0013,-0.0764,0.1344,-0.5311
2026-09-24,TSLA,379.57,2026-09-24T18:42:32.015791944Z,2026-10-30,36,P,565.0,1.488526,TSLA261030P00565000,183.17,189.03,186.1,,,,0.8013,-0.9249,0.0015,-0.1302,0.1689,-0.5299
2026-09-24,TSLA,379.57,2026-09-24T18:42:41.662618535Z,2026-10-30,36,P,570.0,1.501699,TSLA261030P00570000,189.5,193.19,191.345,,,,0.83,-0.9213,0.0015,-0.1436,0.175,-0.5337
2026-09-24,TSLA,379.57,2026-09-24T18:42:50.835027623Z,2026-10-30,36,P,580.0,1.528045,TSLA261030P00580000,198.39,203.52,200.955,,,,0.8354,-0.9292,0.0014,-0.1279,0.1616,-0.5461
2026-09-24,TSLA,379.57,2026-09-24T18:42:57.755026133Z,2026-10-30,36,P,590.0,1.55439,TSLA261030P00590000,207.68,215.17,211.425,,,,0.8914,-0.9224,0.0014,-0.154,0.1732,-0.5539
2026-09-24,TSLA,379.57,2026-09-24T18:42:32.015492677Z,2026-10-30,36,P,600.0,1.580736,TSLA261030P00600000,218.55,226.1,222.325,,,,0.9681,-0.91,0.0014,-0.1993,0.1936,-0.56
2026-09-24,USO,151.735,2026-09-24T18:41:33.318289688Z,2026-10-23,29,C,65.0,0.428378,USO261023C00065000,84.73,87.33,86.03,,,,,,,,,
2026-09-24,USO,151.735,2026-09-24T18:43:00.939787584Z,2026-10-23,29,C,70.0,0.461331,USO261023C00070000,80.91,85.4,83.155,,,,,,,,,
2026-09-24,USO,151.735,2026-09-24T18:42:10.743482506Z,2026-10-23,29,C,75.0,0.494283,USO261023C00075000,76.02,77.6,76.81,,,,,,,,,
2026-09-24,USO,151.735,2026-09-24T18:41:30.923682556Z,2026-10-23,29,C,80.0,0.527235,USO261023C00080000,69.03,74.83,71.93,,,,,,,,,
2026-09-24,USO,151.735,2026-09-24T18:42:47.086292395Z,2026-10-23,29,C,85.0,0.560187,USO261023C00085000,65.97,68.44,67.205,2,,,,,,,,
2026-09-24,USO,151.735,2026-09-24T18:41:39.150041602Z,2026-10-23,29,C,90.0,0.593139,USO261023C00090000,60.34,63.83,62.085,2,,,,,,,,
2026-09-24,USO,151.735,2026-09-24T18:41:04.142400609Z,2026-10-23,29,C,95.0,0.626092,USO261023C00095000,54.23,57.88,56.055,,,,,,,,,
2026-09-24,USO,151.735,2026-09-24T18:42:10.75379275Z,2026-10-23,29,C,100.0,0.659044,USO261023C00100000,50.2,54.36,52.28,2,,,0.661,0.9907,0.0009,-0.0228,0.0107,0.078
2026-09-24,USO,151.735,2026-09-24T18:41:04.142381957Z,2026-10-23,29,C,105.0,0.691996,USO261023C00105000,44.46,48.58,46.52,5,,,,,,,,
2026-09-24,USO,151.735,2026-09-24T18:42:56.85170835Z,2026-10-23,29,C,200.0,1.318087,USO261023C00200000,0.42,1.07,0.745,57,,,0.6141,0.0687,0.005,-0.061,0.0566,0.0077
2026-09-24,USO,151.735,2026-09-24T18:42:58.143754077Z,2026-10-23,29,C,205.0,1.35104,USO261023C00205000,0.3,0.94,0.62,34,,,0.6318,0.0573,0.0042,-0.0545,0.0492,0.0064
2026-09-24,USO,151.735,2026-09-24T18:42:54.128182232Z,2026-10-23,29,C,210.0,1.383992,USO261023C00210000,0.08,2.51,1.295,53,,,0.786,0.0905,0.0048,-0.0959,0.0698,0.0099
2026-09-24,USO,151.735,2026-09-24T18:42:53.742792771Z,2026-10-23,29,C,215.0,1.416944,USO261023C00215000,0,2.44,1.22,3,,,,,,,,
2026-09-24,USO,151.735,2026-09-24T18:42:58.509545837Z,2026-10-23,29,C,220.0,1.449896,USO261023C00220000,0.23,0.45,0.34,11,,,0.671,0.0323,0.0025,-0.0363,0.031,0.0036
2026-09-24,USO,151.735,2026-09-24T18:41:04.173755253Z,2026-10-23,29,P,65.0,0.428378,USO261023P00065000,0,2.15,1.075,,,,,,,,,
2026-09-24,USO,151.735,2026-09-24T18:42:32.890666625Z,2026-10-23,29,P,70.0,0.461331,USO261023P00070000,0,2.09,1.045,,,,,,,,,
2026-09-24,USO,151.735,2026-09-24T18:42:53.742593266Z,2026-10-23,29,P,75.0,0.494283,USO261023P00075000,0,2.12,1.06,,,,,,,,,
2026-09-24,USO,151.735,2026-09-24T18:42:58.143701709Z,2026-10-23,29,P,80.0,0.527235,USO261023P00080000,0,2.17,1.085,2,,,,,,,,
2026-09-24,USO,151.735,2026-09-24T18:42:58.143901555Z,2026-10-23,29,P,85.0,0.560187,USO261023P00085000,0,2.11,1.055,,,,,,,,,
2026-09-24,USO,151.735,2026-09-24T18:42:57.876406768Z,2026-10-23,29,P,90.0,0.593139,USO261023P00090000,0,2.15,1.075,1,,,,,,,,
2026-09-24,USO,151.735,2026-09-24T18:43:01.567081641Z,2026-10-23,29,P,95.0,0.626092,USO261023P00095000,0,0.28,0.14,1,,,,,,,,
2026-09-24,USO,151.735,2026-09-24T18:43:00.121033955Z,2026-10-23,29,P,100.0,0.659044,USO261023P00100000,0.15,0.21,0.18,2,,,0.7246,-0.0153,0.0012,-0.0203,0.0164,-0.002
2026-09-24,USO,151.735,2026-09-24T18:42:53.718612778Z,2026-10-23,29,P,105.0,0.691996,USO261023P00105000,0.16,2.28,1.22,11,,,0.9429,-0.0626,0.0031,-0.0845,0.0527,-0.0085
2026-09-24,USO,151.735,2026-09-24T18:41:04.15616209Z,2026-10-23,29,P,200.0,1.318087,USO261023P00200000,47.7,51.48,49.59,,,,0.792,-0.866,0.0064,-0.1069,0.0925,-0.1439
2026-09-24,USO,151.735,2026-09-24T18:41:04.143765543Z,2026-10-23,29,P,205.0,1.35104,USO261023P00205000,51.69,55.72,53.705,,,,0.7318,-0.9092,0.0052,-0.0677,0.07,-0.1524
2026-09-24,USO,151.735,2026-09-24T18:41:59.343234568Z,2026-10-23,29,P,210.0,1.383992,USO261023P00210000,55.93,61.23,58.58,,,,0.7582,-0.9185,0.0046,-0.0631,0.0646,-0.1574
2026-09-24,USO,151.735,2026-09-24T18:41:59.329503551Z,2026-10-23,29,P,215.0,1.416944,USO261023P00215000,62.35,65.99,64.17,3,,,0.8852,-0.8954,0.0048,-0.097,0.0776,-0.159
2026-09-24,USO,151.735,2026-09-24T18:41:04.142925841Z,2026-10-23,29,P,220.0,1.449896,USO261023P00220000,67.51,70.92,69.215,,,,0.9348,-0.8967,0.0045,-0.102,0.0769,-0.1632
2026-09-24,USO,151.735,2026-09-24T18:42:20.28766556Z,2026-10-30,36,C,65.0,0.428378,USO261030C00065000,83.98,89.08,86.53,,,,,,,,,
2026-09-24,USO,151.735,2026-09-24T18:42:20.300446003Z,2026-10-30,36,C,70.0,0.461331,USO261030C00070000,80.78,83.48,82.13,,,,,,,,,
2026-09-24,USO,151.735,2026-09-24T18:42:20.280355575Z,2026-10-30,36,C,75.0,0.494283,USO261030C00075000,73.47,79.5,76.485,,,,,,,,,
2026-09-24,USO,151.735,2026-09-24T18:42:20.280275773Z,2026-10-30,36,C,80.0,0.527235,USO261030C00080000,71.11,72.64,71.875,,,,,,,,,
2026-09-24,USO,151.735,2026-09-24T18:42:58.111397674Z,2026-10-30,36,C,85.0,0.560187,USO261030C00085000,65.91,68.92,67.415,,,,,,,,,
2026-09-24,USO,151.735,2026-09-24T18:41:04.142853388Z,2026-10-30,36,C,90.0,0.593139,USO261030C00090000,59.56,62.98,61.27,1,,,,,,,,
2026-09-24,USO,151.735,2026-09-24T18:42:19.845397384Z,2026-10-30,36,C,95.0,0.626092,USO261030C00095000,54,58.14,56.07,1,,,,,,,,
2026-09-24,USO,151.735,2026-09-24T18:41:58.436474925Z,2026-10-30,36,C,100.0,0.659044,USO261030C00100000,50.45,54.4,52.425,2,,,0.6418,0.9859,0.0012,-0.0258,0.0172,0.096
2026-09-24,USO,151.735,2026-09-24T18:41:04.142902592Z,2026-10-30,36,C,105.0,0.691996,USO261030C00105000,44.77,49.06,46.915,1,,,,,,,,
2026-09-24,USO,151.735,2026-09-24T18:42:57.72148436Z,2026-10-30,36,C,200.0,1.318087,USO261030C00200000,0.61,0.98,0.795,48,,,0.5577,0.0719,0.0052,-0.0517,0.0654,0.01
2026-09-24,USO,151.735,2026-09-24T18:42:19.440800341Z,2026-10-30,36,C,205.0,1.35104,USO261030C00205000,0.71,0.84,0.775,3,,,0.5925,0.067,0.0046,-0.052,0.0619,0.0093
2026-09-24,USO,151.735,2026-09-24T18:42:57.721514313Z,2026-10-30,36,C,210.0,1.383992,USO261030C00210000,0.19,0.66,0.425,2,,,0.5603,0.0417,0.0033,-0.0337,0.0425,0.0058
2026-09-24,USO,151.735,2026-09-24T18:42:19.440810543Z,2026-10-30,36,C,215.0,1.416944,USO261030C00215000,0.51,0.58,0.545,16,,,0.62,0.0477,0.0034,-0.0415,0.0474,0.0066
2026-09-24,USO,151.735,2026-09-24T18:42:19.440595361Z,2026-10-30,36,C,220.0,1.449896,USO261030C00220000,0.43,0.45,0.44,22,,,0.6279,0.0391,0.0028,-0.0358,0.0404,0.0054
2026-09-24,USO,151.735,2026-09-24T18:41:04.176789767Z,2026-10-30,36,P,65.0,0.428378,USO261030P00065000,0,2.12,1.06,,,,,,,,,
2026-09-24,USO,151.735,2026-09-24T18:41:33.315787729Z,2026-10-30,36,P,70.0,0.461331,USO261030P00070000,0,2.19,1.095,,,,,,,,,
2026-09-24,USO,151.735,2026-09-24T18:41:04.189232938Z,2026-10-30,36,P,75.0,0.494283,USO261030P00075000,0,2.2,1.1,1,,,,,,,,
2026-09-24,USO,151.735,2026-09-24T18:41:33.315317625Z,2026-10-30,36,P,80.0,0.527235,USO261030P00080000,0,2.2,1.1,4,,,,,,,,
2026-09-24,USO,151.735,2026-09-24T18:41:33.315787729Z,2026-10-30,36,P,85.0,0.560187,USO261030P00085000,0,2.18,1.09,1,,,,,,,,
2026-09-24,USO,151.735,2026-09-24T18:43:02.258274796Z,2026-10-30,36,P,90.0,0.593139,USO261030P00090000,0,2.21,1.105,21,,,,,,,,
2026-09-24,USO,151.735,2026-09-24T18:42:57.721374306Z,2026-10-30,36,P,95.0,0.626092,USO261030P00095000,0.11,0.15,0.13,20,,,0.6881,-0.0108,0.0009,-0.0128,0.0136,-0.0017
2026-09-24,USO,151.735,2026-09-24T18:43:00.459582409Z,2026-10-30,36,P,100.0,0.659044,USO261030P00100000,0.18,0.47,0.325,3,,,0.7164,-0.0235,0.0016,-0.0259,0.0264,-0.0038
2026-09-24,USO,151.735,2026-09-24T18:42:55.833422496Z,2026-10-30,36,P,105.0,0.691996,USO261030P00105000,0,1.53,0.765,1,,,,,,,,
2026-09-24,USO,151.735,2026-09-24T18:41:15.474339341Z,2026-10-30,36,P,200.0,1.318087,USO261030P00200000,47.09,51.09,49.09,,,,0.6744,-0.8801,0.0062,-0.0697,0.0954,-0.1802
2026-09-24,USO,151.735,2026-09-24T18:41:04.143108569Z,2026-10-30,36,P,205.0,1.35104,USO261030P00205000,52.42,56.49,54.455,,,,0.7565,-0.8702,0.0059,-0.0858,0.1008,-0.1841
2026-09-24,USO,151.735,2026-09-24T18:41:15.754998201Z,2026-10-30,36,P,210.0,1.383992,USO261030P00210000,57.72,60.86,59.29,,,,0.7831,-0.8808,0.0053,-0.0825,0.095,-0.1904
2026-09-24,USO,151.735,2026-09-24T18:41:04.146844331Z,2026-10-30,36,P,215.0,1.416944,USO261030P00215000,61.99,64.8,63.395,,,,0.715,-0.9219,0.0043,-0.0472,0.0696,-0.2006
2026-09-24,USO,151.735,2026-09-24T18:41:04.143186881Z,2026-10-30,36,P,220.0,1.449896,USO261030P00220000,66.79,70.99,68.89,,,,0.819,-0.9027,0.0044,-0.0712,0.082,-0.2032
2026-09-25,NVDA,224.055,2026-09-25T18:58:15.243102749Z,2026-10-23,28,C,125.0,0.557899,NVDA261023C00125000,97.34,103.06,100.2,,,,,,,,,
2026-09-25,NVDA,224.055,2026-09-25T18:58:26.332219254Z,2026-10-23,28,C,130.0,0.580215,NVDA261023C00130000,92.49,99.75,96.12,9,,,,,,,,
2026-09-25,NVDA,224.055,2026-09-25T18:58:15.248667778Z,2026-10-23,28,C,135.0,0.602531,NVDA261023C00135000,89.59,93.53,91.56,4,,,,,,,,
2026-09-25,NVDA,224.055,2026-09-25T18:58:15.243102749Z,2026-10-23,28,C,140.0,0.624847,NVDA261023C00140000,83.19,88.67,85.93,11,,,,,,,,
2026-09-25,NVDA,224.055,2026-09-25T18:58:22.478668252Z,2026-10-23,28,C,145.0,0.647163,NVDA261023C00145000,77.44,84.4,80.92,1,,,,,,,,
2026-09-25,NVDA,224.055,2026-09-25T18:58:26.33534877Z,2026-10-23,28,C,150.0,0.669478,NVDA261023C00150000,73.68,76.72,75.2,1,,,0.8448,0.9674,0.0014,-0.0832,0.0452,0.1086
2026-09-25,NVDA,224.055,2026-09-25T18:58:15.243153619Z,2026-10-23,28,C,155.0,0.691794,NVDA261023C00155000,69.1,74.71,71.905,7,,,1.0331,0.9252,0.0022,-0.1762,0.0877,0.1038
2026-09-25,NVDA,224.055,2026-09-25T18:58:20.736217253Z,2026-10-23,28,C,295.0,1.316641,NVDA261023C00295000,0.04,0.06,0.05,39,,,0.3882,0.0066,0.0008,-0.0081,0.0115,0.0011
2026-09-25,NVDA,224.055,2026-09-25T18:58:21.849670999Z,2026-10-23,28,C,300.0,1.338957,NVDA261023C00300000,0.03,0.06,0.045,5,,,0.4043,0.0058,0.0007,-0.0075,0.0102,0.001
2026-09-25,NVDA,224.055,2026-09-25T18:58:15.231637879Z,2026-10-23,28,C,305.0,1.361273,NVDA261023C00305000,0.01,0.05,0.03,1,,,0.4069,0.004,0.0005,-0.0054,0.0073,0.0007
2026-09-25,NVDA,224.055,2026-09-25T18:58:21.898411254Z,2026-10-23,28,C,310.0,1.383589,NVDA261023C00310000,0.03,0.05,0.04,1,,,0.4387,0.0048,0.0005,-0.0069,0.0087,0.0008
2026-09-25,NVDA,224.055,2026-09-25T18:58:15.231492907Z,2026-10-23,28,C,315.0,1.405905,NVDA261023C00315000,0.01,0.03,0.02,3,,,0.4276,0.0026,0.0003,-0.0039,0.005,0.0004
2026-09-25,NVDA,224.055,2026-09-25T18:58:15.231637879Z,2026-10-23,28,C,320.0,1.428221,NVDA261023C00320000,0,0.01,0.005,2,,,,,,,,
2026-09-25,NVDA,224.055,2026-09-25T18:58:16.42392968Z,2026-10-23,28,P,125.0,0.557899,NVDA261023P00125000,0.08,0.12,0.1,45,,,,,,,,
2026-09-25,NVDA,224.055,2026-09-25T18:58:26.332453308Z,2026-10-23,28,P,130.0,0.580215,NVDA261023P00130000,0.1,0.13,0.115,20,,,,,,,,
2026-09-25,NVDA,224.055,2026-09-25T18:58:25.236953788Z,2026-10-23,28,P,135.0,0.602531,NVDA261023P00135000,0.11,0.15,0.13,1,,,0.7921,-0.0075,0.0004,-0.018,0.0129,-0.0014
2026-09-25,NVDA,224.055,2026-09-25T18:58:25.359559674Z,2026-10-23,28,P,140.0,0.624847,NVDA261023P00140000,0.09,0.16,0.125,9,,,0.7371,-0.0078,0.0005,-0.0172,0.0133,-0.0014
2026-09-25,NVDA,224.055,2026-09-25T18:58:28.532771985Z,2026-10-23,28,P,145.0,0.647163,NVDA261023P00145000,0.15,0.18,0.165,5,,,0.7134,-0.0103,0.0006,-0.0213,0.017,-0.0019
2026-09-25,NVDA,224.055,2026-09-25T18:58:28.532981358Z,2026-10-23,28,P,150.0,0.669478,NVDA261023P00150000,0.17,0.21,0.19,9,,,0.6772,-0.0123,0.0008,-0.0236,0.0198,-0.0023
2026-09-25,NVDA,224.055,2026-09-25T18:58:29.57569543Z,2026-10-23,28,P,155.0,0.691794,NVDA261023P00155000,0.19,0.23,0.21,4,,,0.6375,-0.0142,0.0009,-0.0252,0.0224,-0.0026
2026-09-25,NVDA,224.055,2026-09-25T18:58:15.243145996Z,2026-10-23,28,P,295.0,1.316641,NVDA261023P00295000,69.3,71.95,70.625,,,,0.5422,-0.9589,0.0026,-0.0226,0.0547,-0.219
2026-09-25,NVDA,224.055,2026-09-25T18:58:15.243100381Z,2026-10-23,28,P,300.0,1.338957,NVDA261023P00300000,73.35,77.34,75.345,,,,0.508,-0.9764,0.0018,-0.0001,0.0346,-0.2256
2026-09-25,NVDA,224.055,2026-09-25T18:58:15.243100381Z,2026-10-23,28,P,305.0,1.361273,NVDA261023P00305000,77.71,81.89,79.8,,,,,,,,,
2026-09-25,NVDA,224.055,2026-09-25T18:58:28.532112187Z,2026-10-23,28,P,310.0,1.383589,NVDA261023P00310000,84.23,89.89,87.06,,,,0.8114,-0.9065,0.0033,-0.1193,0.1036,-0.2226
2026-09-25,NVDA,224.055,2026-09-25T18:58:15.243111937Z,2026-10-23,28,P,315.0,1.405905,NVDA261023P00315000,88.57,91.42,89.995,,,,,,,,,
2026-09-25,NVDA,224.055,2026-09-25T18:57:59.236929523Z,2026-10-23,28,P,320.0,1.428221,NVDA261023P00320000,94.99,100.09,97.54,,,,0.9172,-0.897,0.0032,-0.1505,0.1112,-0.229
2026-09-25,NVDA,224.055,2026-09-25T18:58:15.250639231Z,2026-10-30,35,C,125.0,0.557899,NVDA261030C00125000,96.58,103.57,100.075,14,,,,,,,,
2026-09-25,NVDA,224.055,2026-09-25T18:58:15.250639231Z,2026-10-30,35,C,130.0,0.580215,NVDA261030C00130000,93.56,100.33,96.945,1,,,,,,,,
2026-09-25,NVDA,224.055,2026-09-25T18:58:15.250474479Z,2026-10-30,35,C,135.0,0.602531,NVDA261030C00135000,86.43,93.25,89.84,1,,,0.8012,0.9854,0.0007,-0.0434,0.0257,0.1255
2026-09-25,NVDA,224.055,2026-09-25T18:58:15.255584355Z,2026-10-30,35,C,140.0,0.624847,NVDA261030C00140000,82.83,89.94,86.385,,,,,,,,,
2026-09-25,NVDA,224.055,2026-09-25T18:58:15.242894182Z,2026-10-30,35,C,145.0,0.647163,NVDA261030C00145000,77.45,84.16,80.805,1,,,0.9017,0.9565,0.0015,-0.0967,0.064,0.128
2026-09-25,NVDA,224.055,2026-09-25T18:58:15.242972271Z,2026-10-30,35,C,150.0,0.669478,NVDA261030C00150000,74.14,77.96,76.05,4,,,0.8755,0.9483,0.0017,-0.1064,0.0734,0.1308
2026-09-25,NVDA,224.055,2026-09-25T18:58:15.243059695Z,2026-10-30,35,C,155.0,0.691794,NVDA261030C00155000,69.06,73.76,71.41,13,,,0.8589,0.9372,0.0021,-0.1198,0.0856,0.1329
2026-09-25,NVDA,224.055,2026-09-25T18:58:26.337053237Z,2026-10-30,35,C,295.0,1.316641,NVDA261030C00295000,0.04,0.11,0.075,12,,,0.3631,0.0092,0.001,-0.0091,0.0172,0.0019
2026-09-25,NVDA,224.055,2026-09-25T18:58:26.304727251Z,2026-10-30,35,C,300.0,1.338957,NVDA261030C00300000,0.07,0.09,0.08,48,,,0.3854,0.0092,0.0009,-0.0097,0.0172,0.0019
2026-09-25,NVDA,224.055,2026-09-25T18:58:20.735188109Z,2026-10-30,35,C,305.0,1.361273,NVDA261030C00305000,0.02,0.05,0.035,1,,,0.3689,0.0045,0.0005,-0.0049,0.0092,0.0009
2026-09-25,NVDA,224.055,2026-09-25T18:58:25.118054319Z,2026-10-30,35,C,310.0,1.383589,NVDA261030C00310000,0.03,0.08,0.055,3,,,0.4053,0.0063,0.0006,-0.0073,0.0123,0.0013
2026-09-25,NVDA,224.055,2026-09-25T18:58:25.118054319Z,2026-10-30,35,C,315.0,1.405905,NVDA261030C00315000,0.01,0.08,0.045,2,,,0.4138,0.0051,0.0005,-0.0062,0.0103,0.0011
2026-09-25,NVDA,224.055,2026-09-25T18:58:15.231679355Z,2026-10-30,35,C,320.0,1.428221,NVDA261030C00320000,0.03,0.06,0.045,17,,,0.4307,0.005,0.0005,-0.0062,0.01,0.001
2026-09-25,NVDA,224.055,2026-09-25T18:58:16.380939975Z,2026-10-30,35,P,125.0,0.557899,NVDA261030P00125000,0.08,0.1,0.09,1,,,0.771,-0.005,0.0003,-0.0108,0.01,-0.0012
2026-09-25,NVDA,224.055,2026-09-25T18:58:25.118028275Z,2026-10-30,35,P,130.0,0.580215,NVDA261030P00130000,0.09,0.12,0.105,7,,,0.7371,-0.006,0.0003,-0.0122,0.0117,-0.0014
2026-09-25,NVDA,224.055,2026-09-25T18:58:28.558229207Z,2026-10-30,35,P,135.0,0.602531,NVDA261030P00135000,0.12,0.16,0.14,1,,,0.7162,-0.0079,0.0004,-0.0153,0.0151,-0.0018
2026-09-25,NVDA,224.055,2026-09-25T18:58:25.118028275Z,2026-10-30,35,P,140.0,0.624847,NVDA261030P00140000,0.13,0.2,0.165,6,,,0.6847,-0.0096,0.0005,-0.0172,0.0179,-0.0022
2026-09-25,NVDA,224.055,2026-09-25T18:58:25.118048325Z,2026-10-30,35,P,145.0,0.647163,NVDA261030P00145000,0.12,0.19,0.155,1,,,0.6337,-0.0098,0.0006,-0.0162,0.0182,-0.0023
2026-09-25,NVDA,224.055,2026-09-25T18:58:29.589604637Z,2026-10-30,35,P,150.0,0.669478,NVDA261030P00150000,0.15,0.2,0.175,13,,,0.5997,-0.0115,0.0007,-0.0176,0.0209,-0.0026
2026-09-25,NVDA,224.055,2026-09-25T18:58:26.80782354Z,2026-10-30,35,P,155.0,0.691794,NVDA261030P00155000,0.17,0.26,0.215,1,,,0.5732,-0.0144,0.0009,-0.0205,0.0254,-0.0033
2026-09-25,NVDA,224.055,2026-09-25T18:58:28.532874168Z,2026-10-30,35,P,295.0,1.316641,NVDA261030P00295000,68.96,73.55,71.255,,,,0.5871,-0.9196,0.0037,-0.0573,0.1035,-0.2659
2026-09-25,NVDA,224.055,2026-09-25T18:58:28.532729217Z,2026-10-30,35,P,300.0,1.338957,NVDA261030P00300000,73.41,79.9,76.655,45,,,0.6527,-0.9074,0.0037,-0.0774,0.115,-0.2684
2026-09-25,NVDA,224.055,2026-09-25T18:58:28.531819372Z,2026-10-30,35,P,305.0,1.361273,NVDA261030P00305000,79.23,84.8,82.015,,,,0.7119,-0.8984,0.0036,-0.0951,0.1232,-0.2716
2026-09-25,NVDA,224.055,2026-09-25T18:58:28.5325146Z,2026-10-30,35,P,310.0,1.383589,NVDA261030P00310000,81.79,88.48,85.135,,,,0.5096,-0.9747,0.0017,0.0026,0.0409,-0.291
2026-09-25,NVDA,224.055,2026-09-25T18:58:15.248864706Z,2026-10-30,35,P,315.0,1.405905,NVDA261030P00315000,85.95,95.08,90.515,,,,0.6066,-0.9555,0.0022,-0.024,0.0652,-0.2921
2026-09-25,NVDA,224.055,2026-09-25T18:58:28.532674283Z,2026-10-30,35,P,320.0,1.428221,NVDA261030P00320000,94.16,99.59,96.875,,,,0.7836,-0.9087,0.003,-0.0954,0.1139,-0.2881
2026-09-25,TSLA,372.11,2026-09-25T18:58:28.564303878Z,2026-10-23,28,C,150.0,0.403107,TSLA261023C00150000,216.98,226.12,221.55,4,,,,,,,,
2026-09-25,TSLA,372.11,2026-09-25T18:58:30.523980932Z,2026-10-23,28,C,160.0,0.42998,TSLA261023C00160000,209.41,219.74,214.575,1,,,,,,,,
2026-09-25,TSLA,372.11,2026-09-25T18:58:28.563142111Z,2026-10-23,28,C,170.0,0.456854,TSLA261023C00170000,199.5,202.68,201.09,1,,,,,,,,
2026-09-25,TSLA,372.11,2026-09-25T18:58:30.907946603Z,2026-10-23,28,C,180.0,0.483728,TSLA261023C00180000,193.53,198.19,195.86,1,,,,,,,,
2026-09-25,TSLA,372.11,2026-09-25T18:58:30.656516231Z,2026-10-23,28,C,190.0,0.510602,TSLA261023C00190000,181.73,184.93,183.33,1,,,,,,,,
2026-09-25,TSLA,372.11,2026-09-25T18:58:27.304504516Z,2026-10-23,28,C,200.0,0.537475,TSLA261023C00200000,168.4,176.7,172.55,1,,,,,,,,
2026-09-25,TSLA,372.11,2026-09-25T18:58:30.656521359Z,2026-10-23,28,C,210.0,0.564349,TSLA261023C00210000,159.3,165.59,162.445,3,,,,,,,,
2026-09-25,TSLA,372.11,2026-09-25T18:58:30.565121046Z,2026-10-23,28,C,220.0,0.591223,TSLA261023C00220000,153.97,157.7,155.835,1,,,,,,,,
2026-09-25,TSLA,372.11,2026-09-25T18:58:30.656726333Z,2026-10-23,28,C,230.0,0.618097,TSLA261023C00230000,142.51,149.28,145.895,2,,,,,,,,
2026-09-25,TSLA,372.11,2026-09-25T18:58:28.564097086Z,2026-10-23,28,C,240.0,0.644971,TSLA261023C00240000,133.69,138.9,136.295,,,,,,,,,
2026-09-25,TSLA,372.11,2026-09-25T18:58:30.56909602Z,2026-10-23,28,C,245.0,0.658407,TSLA261023C00245000,126.32,132.22,129.27,,,,0.9321,0.9605,0.0009,-0.1704,0.0878,0.1748
2026-09-25,TSLA,372.11,2026-09-25T18:58:28.563117139Z,2026-10-23,28,C,250.0,0.671844,TSLA261023C00250000,121.62,129.28,125.45,18,,,1.0055,0.9424,0.0011,-0.2371,0.1187,0.1726
2026-09-25,TSLA,372.11,2026-09-25T18:58:28.56306716Z,2026-10-23,28,C,255.0,0.685281,TSLA261023C00255000,114.93,120.61,117.77,1,,,0.5826,0.9926,0.0003,-0.0487,0.0211,0.1928
2026-09-25,TSLA,372.11,2026-09-25T18:58:31.912219439Z,2026-10-23,28,C,490.0,1.316815,TSLA261023C00490000,0.62,0.64,0.63,21,,,0.5126,0.0321,0.0014,-0.069,0.074,0.0087
2026-09-25,TSLA,372.11,2026-09-25T18:58:32.318034483Z,2026-10-23,28,C,495.0,1.330252,TSLA261023C00495000,0.5,0.53,0.515,15,,,0.5112,0.0269,0.0012,-0.0594,0.064,0.0073
2026-09-25,TSLA,372.11,2026-09-25T18:58:32.317629423Z,2026-10-23,28,C,500.0,1.343689,TSLA261023C00500000,0.45,0.52,0.485,39,,,0.5212,0.0251,0.0011,-0.0571,0.0604,0.0068
2026-09-25,TSLA,372.11,2026-09-25T18:58:32.435164644Z,2026-10-23,28,C,505.0,1.357126,TSLA261023C00505000,0.44,0.47,0.455,2,,,0.5306,0.0234,0.001,-0.0547,0.0568,0.0063
2026-09-25,TSLA,372.11,2026-09-25T18:58:32.505554765Z,2026-10-23,28,C,510.0,1.370562,TSLA261023C00510000,0.4,0.43,0.415,3,,,0.5374,0.0213,0.0009,-0.0512,0.0526,0.0058
2026-09-25,TSLA,372.11,2026-09-25T18:58:32.319749415Z,2026-10-23,28,C,520.0,1.397436,TSLA261023C00520000,0.34,0.36,0.35,1,,,0.5514,0.0179,0.0008,-0.0453,0.0453,0.0048
2026-09-25,TSLA,372.11,2026-09-25T18:58:27.333779536Z,2026-10-23,28,C,525.0,1.410873,TSLA261023C00525000,0.27,0.29,0.28,41,,,0.5478,0.0147,0.0007,-0.0381,0.0384,0.004
2026-09-25,TSLA,372.11,2026-09-25T18:58:31.910858647Z,2026-10-23,28,C,530.0,1.42431,TSLA261023C00530000,0.29,0.31,0.3,126,,,0.5658,0.0152,0.0007,-0.0405,0.0395,0.0041
2026-09-25,TSLA,372.11,2026-09-25T18:58:31.294827643Z,2026-10-23,28,C,535.0,1.437747,TSLA261023C00535000,0.23,0.29,0.26,1,,,0.5677,0.0134,0.0006,-0.0363,0.0353,0.0036
2026-09-25,TSLA,372.11,2026-09-25T18:58:31.684113341Z,2026-10-23,28,C,540.0,1.451184,TSLA261023C00540000,0.21,0.28,0.245,1,,,0.5757,0.0125,0.0005,-0.0347,0.0333,0.0034
2026-09-25,TSLA,372.11,2026-09-25T18:58:13.569582506Z,2026-10-23,28,C,545.0,1.464621,TSLA261023C00545000,0.2,0.22,0.21,1,,,0.5766,0.0109,0.0005,-0.0308,0.0295,0.0029
2026-09-25,TSLA,372.11,2026-09-25T18:58:31.292112435Z,2026-10-23,28,C,550.0,1.478058,TSLA261023C00550000,0.22,0.25,0.235,8,,,0.5967,0.0117,0.0005,-0.0339,0.0314,0.0032
2026-09-25,TSLA,372.11,2026-09-25T18:58:13.567607757Z,2026-10-23,28,C,560.0,1.504931,TSLA261023C00560000,0.2,0.22,0.21,10,,,0.6117,0.0103,0.0004,-0.0312,0.0282,0.0028
2026-09-25,TSLA,372.11,2026-09-25T18:58:13.568041781Z,2026-10-23,28,C,565.0,1.518368,TSLA261023C00565000,0.15,0.21,0.18,2,,,0.6117,0.009,0.0004,-0.0276,0.025,0.0024
2026-09-25,TSLA,372.11,2026-09-25T18:58:17.348749493Z,2026-10-23,28,C,570.0,1.531805,TSLA261023C00570000,0.18,0.2,0.19,1,,,0.6268,0.0092,0.0004,-0.029,0.0256,0.0025
2026-09-25,TSLA,372.11,2026-09-25T18:58:13.722562071Z,2026-10-23,28,C,575.0,1.545242,TSLA261023C00575000,0.13,0.2,0.165,1,,,0.6275,0.0081,0.0003,-0.0259,0.0229,0.0022
2026-09-25,TSLA,372.11,2026-09-25T18:58:17.349119187Z,2026-10-23,28,C,580.0,1.558679,TSLA261023C00580000,0.13,0.19,0.16,1,,,0.636,0.0078,0.0003,-0.0254,0.0221,0.0021
2026-09-25,TSLA,372.11,2026-09-25T18:58:31.91095369Z,2026-10-23,28,C,585.0,1.572116,TSLA261023C00585000,0.16,0.18,0.17,2,,,0.6512,0.0081,0.0003,-0.0268,0.0228,0.0022
2026-09-25,TSLA,372.11,2026-09-25T18:58:13.569666985Z,2026-10-23,28,C,595.0,1.59899,TSLA261023C00595000,0.11,0.17,0.14,1,,,0.6578,0.0067,0.0003,-0.0229,0.0193,0.0018
2026-09-25,TSLA,372.11,2026-09-25T18:58:08.13858774Z,2026-10-23,28,P,150.0,0.403107,TSLA261023P00150000,0.02,0.05,0.035,4,,,,,,,,
2026-09-25,TSLA,372.11,2026-09-25T18:58:08.138282228Z,2026-10-23,28,P,160.0,0.42998,TSLA261023P00160000,0.04,0.06,0.05,2,,,,,,,,
2026-09-25,TSLA,372.11,2026-09-25T18:58:17.349819268Z,2026-10-23,28,P,170.0,0.456854,TSLA261023P00170000,0.09,0.11,0.1,3,,,,,,,,
2026-09-25,TSLA,372.11,2026-09-25T18:58:17.34974434Z,2026-10-23,28,P,180.0,0.483728,TSLA261023P00180000,0.11,0.13,0.12,6,,,,,,,,
2026-09-25,TSLA,372.11,2026-09-25T18:58:33.488096571Z,2026-10-23,28,P,190.0,0.510602,TSLA261023P00190000,0.13,0.15,0.14,1,,,,,,,,
2026-09-25,TSLA,372.11,2026-09-25T18:58:27.367800242Z,2026-10-23,28,P,200.0,0.537475,TSLA261023P00200000,0.15,0.17,0.16,2,,,,,,,,
2026-09-25,TSLA,372.11,2026-09-25T18:58:17.348564288Z,2026-10-23,28,P,210.0,0.564349,TSLA261023P00210000,0.14,0.16,0.15,1,,,,,,,,
2026-09-25,TSLA,372.11,2026-09-25T18:58:34.059925735Z,2026-10-23,28,P,220.0,0.591223,TSLA261023P00220000,0.17,0.19,0.18,19,,,0.7997,-0.0063,0.0002,-0.0259,0.0183,-0.0019
2026-09-25,TSLA,372.11,2026-09-25T18:58:33.657571371Z,2026-10-23,28,P,230.0,0.618097,TSLA261023P00230000,0.25,0.27,0.26,2,,,0.774,-0.0091,0.0003,-0.0345,0.0252,-0.0028
2026-09-25,TSLA,372.11,2026-09-25T18:58:34.054975919Z,2026-10-23,28,P,240.0,0.644971,TSLA261023P00240000,0.25,0.32,0.285,13,,,0.7215,-0.0105,0.0004,-0.0366,0.0288,-0.0032
2026-09-25,TSLA,372.11,2026-09-25T18:58:27.297805497Z,2026-10-23,28,P,245.0,0.658407,TSLA261023P00245000,0.28,0.31,0.295,4,,,0.6946,-0.0113,0.0004,-0.0373,0.0305,-0.0034
2026-09-25,TSLA,372.11,2026-09-25T18:58:32.317708331Z,2026-10-23,28,P,250.0,0.671844,TSLA261023P00250000,0.31,0.33,0.32,10,,,0.6725,-0.0125,0.0005,-0.0395,0.0334,-0.0038
2026-09-25,TSLA,372.11,2026-09-25T18:58:27.297805497Z,2026-10-23,28,P,255.0,0.685281,TSLA261023P00255000,0.38,0.41,0.395,1,,,0.6631,-0.0153,0.0006,-0.0463,0.0397,-0.0047
2026-09-25,TSLA,372.11,2026-09-25T18:58:26.44511147Z,2026-10-23,28,P,490.0,1.316815,TSLA261023P00490000,112.37,121.67,117.02,,,,0.467,-0.9796,0.001,0.0088,0.0508,-0.3692
2026-09-25,TSLA,372.11,2026-09-25T18:58:30.584615783Z,2026-10-23,28,P,495.0,1.330252,TSLA261023P00495000,118.95,123.47,121.21,2,,,,,,,,
2026-09-25,TSLA,372.11,2026-09-25T18:58:26.445066529Z,2026-10-23,28,P,500.0,1.343689,TSLA261023P00500000,125.07,131.47,128.27,1,,,0.6456,-0.9394,0.0018,-0.0918,0.1237,-0.3664
2026-09-25,TSLA,372.11,2026-09-25T18:58:34.054960741Z,2026-10-23,28,P,505.0,1.357126,TSLA261023P00505000,130.259,135.61,132.9345,,,,0.6344,-0.9492,0.0016,-0.0703,0.1077,-0.3727
2026-09-25,TSLA,372.11,2026-09-25T18:58:26.445116454Z,2026-10-23,28,P,510.0,1.370562,TSLA261023P00510000,133.74,141.75,137.745,,,,0.6333,-0.9551,0.0015,-0.0579,0.0975,-0.3781
2026-09-25,TSLA,372.11,2026-09-25T18:58:09.010696013Z,2026-10-23,28,P,520.0,1.397436,TSLA261023P00520000,144.28,148.47,146.375,,,,,,,,,
2026-09-25,TSLA,372.11,2026-09-25T18:58:25.762912514Z,2026-10-23,28,P,525.0,1.410873,TSLA261023P00525000,152.13,157,154.565,,,,0.8268,-0.916,0.0018,-0.182,0.1589,-0.3799
2026-09-25,TSLA,372.11,2026-09-25T18:58:28.563109488Z,2026-10-23,28,P,530.0,1.42431,TSLA261023P00530000,157.47,162.5,159.985,,,,0.8704,-0.9094,0.0018,-0.2083,0.1681,-0.3821
2026-09-25,TSLA,372.11,2026-09-25T18:58:27.584054933Z,2026-10-23,28,P,535.0,1.437747,TSLA261023P00535000,160.76,163.83,162.295,,,,0.6622,-0.9696,0.001,-0.0282,0.0708,-0.4011
2026-09-25,TSLA,372.11,2026-09-25T18:58:22.765092334Z,2026-10-23,28,P,540.0,1.451184,TSLA261023P00540000,167.6,172.83,170.215,,,,0.9194,-0.9076,0.0017,-0.2261,0.1706,-0.3895
2026-09-25,TSLA,372.11,2026-09-25T18:58:07.797967657Z,2026-10-23,28,P,545.0,1.464621,TSLA261023P00545000,169.32,173.02,171.17,,,,,,,,,
2026-09-25,TSLA,372.11,2026-09-25T18:58:27.31291023Z,2026-10-23,28,P,550.0,1.478058,TSLA261023P00550000,173.26,177.78,175.52,,,,,,,,,
2026-09-25,TSLA,372.11,2026-09-25T18:56:34.226829015Z,2026-10-23,28,P,560.0,1.504931,TSLA261023P00560000,185.77,190.08,187.925,,,,0.815,-0.9543,0.0011,-0.0863,0.0989,-0.4164
2026-09-25,TSLA,372.11,2026-09-25T18:58:28.393529974Z,2026-10-23,28,P,565.0,1.518368,TSLA261023P00565000,190.24,194.75,192.495,,,,0.7823,-0.9647,0.001,-0.0533,0.0801,-0.4229
2026-09-25,TSLA,372.11,2026-09-25T18:57:22.950500378Z,2026-10-23,28,P,570.0,1.531805,TSLA261023P00570000,191.07,204.57,197.82,,,,0.8348,-0.9572,0.0011,-0.081,0.0938,-0.4248
2026-09-25,TSLA,372.11,2026-09-25T18:58:27.582784913Z,2026-10-23,28,P,575.0,1.545242,TSLA261023P00575000,197.23,202.75,199.99,,,,,,,,,
2026-09-25,TSLA,372.11,2026-09-25T18:56:34.226829015Z,2026-10-23,28,P,580.0,1.558679,TSLA261023P00580000,206.39,214.43,210.41,,,,,,,,,
2026-09-25,TSLA,372.11,2026-09-25T18:58:30.584201533Z,2026-10-23,28,P,585.0,1.572116,TSLA261023P00585000,208.62,218.99,213.805,,,,0.9701,-0.9383,0.0012,-0.1573,0.1254,-0.4317
2026-09-25,TSLA,372.11,2026-09-25T18:56:34.226769457Z,2026-10-23,28,P,595.0,1.59899,TSLA261023P00595000,221.45,229.3,225.375,,,,,,,,,
2026-09-25,TSLA,372.11,2026-09-25T18:58:31.660052118Z,2026-10-30,35,C,150.0,0.403107,TSLA261030C00150000,216.45,226.22,221.335,,,,,,,,,
2026-09-25,TSLA,372.11,2026-09-25T18:58:30.908212018Z,2026-10-30,35,C,160.0,0.42998,TSLA261030C00160000,210.58,214.31,212.445,,,,,,,,,
2026-09-25,TSLA,372.11,2026-09-25T18:58:28.562213381Z,2026-10-30,35,C,170.0,0.456854,TSLA261030C00170000,198.77,209.68,204.225,2,,,,,,,,
2026-09-25,TSLA,372.11,2026-09-25T18:58:30.563973154Z,2026-10-30,35,C,180.0,0.483728,TSLA261030C00180000,189.22,197.44,193.33,6,,,,,,,,
2026-09-25,TSLA,372.11,2026-09-25T18:58:30.656682485Z,2026-10-30,35,C,190.0,0.510602,TSLA261030C00190000,183.19,186.07,184.63,1,,,,,,,,
2026-09-25,TSLA,372.11,2026-09-25T18:58:30.65671327Z,2026-10-30,35,C,200.0,0.537475,TSLA261030C00200000,173.49,173.83,173.66,1,,,,,,,,
2026-09-25,TSLA,372.11,2026-09-25T18:58:30.564027912Z,2026-10-30,35,C,210.0,0.564349,TSLA261030C00210000,162.03,164.19,163.11,,,,,,,,,
2026-09-25,TSLA,372.11,2026-09-25T18:58:31.660052118Z,2026-10-30,35,C,220.0,0.591223,TSLA261030C00220000,150.66,158.08,154.37,,,,,,,,,
2026-09-25,TSLA,372.11,2026-09-25T18:58:28.562198368Z,2026-10-30,35,C,230.0,0.618097,TSLA261030C00230000,139.18,149.49,144.335,,,,,,,,,
2026-09-25,TSLA,372.11,2026-09-25T18:58:32.687557926Z,2026-10-30,35,C,240.0,0.644971,TSLA261030C00240000,130.69,136.94,133.815,,,,0.7955,0.9723,0.0007,-0.1076,0.0733,0.2184
2026-09-25,TSLA,372.11,2026-09-25T18:58:32.687557926Z,2026-10-30,35,C,245.0,0.658407,TSLA261030C00245000,126.28,134.69,130.485,,,,0.927,0.9463,0.001,-0.19,0.1257,0.2123
2026-09-25,TSLA,372.11,2026-09-25T18:58:28.562223379Z,2026-10-30,35,C,250.0,0.671844,TSLA261030C00250000,119.91,126.11,123.01,,,,0.5721,0.9906,0.0004,-0.0499,0.029,0.2353
2026-09-25,TSLA,372.11,2026-09-25T18:58:28.562203315Z,2026-10-30,35,C,255.0,0.685281,TSLA261030C00255000,119.16,124.75,121.955,6,,,0.951,0.9252,0.0013,-0.2447,0.1627,0.213
2026-09-25,TSLA,372.11,2026-09-25T18:58:27.330349594Z,2026-10-30,35,C,490.0,1.316815,TSLA261030C00490000,0.96,1.04,1.0,18,,,0.496,0.045,0.0017,-0.0791,0.1092,0.0151
2026-09-25,TSLA,372.11,2026-09-25T18:58:32.31969372Z,2026-10-30,35,C,495.0,1.330252,TSLA261030C00495000,0.85,0.89,0.87,92,,,0.498,0.0397,0.0015,-0.0717,0.0987,0.0133
2026-09-25,TSLA,372.11,2026-09-25T18:58:27.298264765Z,2026-10-30,35,C,500.0,1.343689,TSLA261030C00500000,0.81,0.84,0.825,142,,,0.5074,0.0373,0.0014,-0.0694,0.0938,0.0125
2026-09-25,TSLA,372.11,2026-09-25T18:58:31.911070828Z,2026-10-30,35,C,505.0,1.357126,TSLA261030C00505000,0.69,0.73,0.71,15,,,0.5081,0.0327,0.0012,-0.0623,0.0841,0.011
2026-09-25,TSLA,372.11,2026-09-25T18:58:27.32579972Z,2026-10-30,35,C,510.0,1.370562,TSLA261030C00510000,0.62,0.65,0.635,95,,,0.5121,0.0294,0.0011,-0.0575,0.0771,0.0099
2026-09-25,TSLA,372.11,2026-09-25T18:58:31.724086804Z,2026-10-30,35,C,520.0,1.397436,TSLA261030C00520000,0.51,0.58,0.545,24,,,0.5253,0.0252,0.001,-0.0517,0.0677,0.0085
2026-09-25,TSLA,372.11,2026-09-25T18:58:32.318853663Z,2026-10-30,35,C,525.0,1.410873,TSLA261030C00525000,0.46,0.54,0.5,1,,,0.5308,0.0231,0.0009,-0.0486,0.063,0.0078
2026-09-25,TSLA,372.11,2026-09-25T18:58:32.655031938Z,2026-10-30,35,C,530.0,1.42431,TSLA261030C00530000,0.46,0.5,0.48,1,,,0.5396,0.022,0.0008,-0.0474,0.0604,0.0074
2026-09-25,TSLA,372.11,2026-09-25T18:58:32.305303774Z,2026-10-30,35,C,535.0,1.437747,TSLA261030C00535000,0.43,0.46,0.445,110,,,0.5456,0.0203,0.0008,-0.0449,0.0566,0.0068
2026-09-25,TSLA,372.11,2026-09-25T18:58:27.322905222Z,2026-10-30,35,C,540.0,1.451184,TSLA261030C00540000,0.4,0.43,0.415,2,,,0.5517,0.0189,0.0007,-0.0427,0.0532,0.0064
2026-09-25,TSLA,372.11,2026-09-25T18:58:31.292745238Z,2026-10-30,35,C,545.0,1.464621,TSLA261030C00545000,0.37,0.4,0.385,2,,,0.5573,0.0176,0.0007,-0.0404,0.0499,0.0059
2026-09-25,TSLA,372.11,2026-09-25T18:58:31.911016021Z,2026-10-30,35,C,550.0,1.478058,TSLA261030C00550000,0.31,0.38,0.345,109,,,0.5601,0.0158,0.0006,-0.0372,0.0457,0.0053
2026-09-25,TSLA,372.11,2026-09-25T18:58:12.640850714Z,2026-10-30,35,C,560.0,1.504931,TSLA261030C00560000,0.27,0.34,0.305,1,,,0.5725,0.0139,0.0005,-0.034,0.0409,0.0047
2026-09-25,TSLA,372.11,2026-09-25T18:58:31.442363305Z,2026-10-30,35,C,565.0,1.518368,TSLA261030C00565000,0.29,0.32,0.305,,,,0.5831,0.0137,0.0005,-0.0341,0.0403,0.0046
2026-09-25,TSLA,372.11,2026-09-25T18:58:24.025467061Z,2026-10-30,35,C,570.0,1.531805,TSLA261030C00570000,0.28,0.3,0.29,3,,,0.5897,0.013,0.0005,-0.0329,0.0385,0.0043
2026-09-25,TSLA,372.11,2026-09-25T18:58:31.159229819Z,2026-10-30,35,C,580.0,1.558679,TSLA261030C00580000,0.25,0.28,0.265,1,,,0.6033,0.0117,0.0004,-0.0308,0.0352,0.0039
2026-09-25,TSLA,372.11,2026-09-25T18:58:13.580586214Z,2026-10-30,35,C,590.0,1.585553,TSLA261030C00590000,0.19,0.21,0.2,1,,,0.6023,0.0091,0.0004,-0.0246,0.0282,0.0031
2026-09-25,TSLA,372.11,2026-09-25T18:58:09.014028417Z,2026-10-30,35,P,150.0,0.403107,TSLA261030P00150000,0.08,0.1,0.09,7,,,,,,,,
2026-09-25,TSLA,372.11,2026-09-25T18:58:09.014028417Z,2026-10-30,35,P,160.0,0.42998,TSLA261030P00160000,0.09,0.12,0.105,12,,,,,,,,
2026-09-25,TSLA,372.11,2026-09-25T18:58:09.014028417Z,2026-10-30,35,P,170.0,0.456854,TSLA261030P00170000,0.11,0.14,0.125,6,,,,,,,,
2026-09-25,TSLA,372.11,2026-09-25T18:58:27.380887844Z,2026-10-30,35,P,180.0,0.483728,TSLA261030P00180000,0.09,0.16,0.125,3,,,,,,,,
2026-09-25,TSLA,372.11,2026-09-25T18:58:31.293362042Z,2026-10-30,35,P,190.0,0.510602,TSLA261030P00190000,0.16,0.18,0.17,6,,,,,,,,
2026-09-25,TSLA,372.11,2026-09-25T18:58:33.660198453Z,2026-10-30,35,P,200.0,0.537475,TSLA261030P00200000,0.15,0.22,0.185,10,,,,,,,,
2026-09-25,TSLA,372.11,2026-09-25T18:58:27.380628684Z,2026-10-30,35,P,210.0,0.564349,TSLA261030P00210000,0.18,0.21,0.195,30,,,0.7811,-0.0062,0.0002,-0.0223,0.0202,-0.0024
2026-09-25,TSLA,372.11,2026-09-25T18:58:32.319698153Z,2026-10-30,35,P,220.0,0.591223,TSLA261030P00220000,0.23,0.26,0.245,3,,,0.7447,-0.008,0.0003,-0.0266,0.0253,-0.0031
2026-09-25,TSLA,372.11,2026-09-25T18:58:34.053845338Z,2026-10-30,35,P,230.0,0.618097,TSLA261030P00230000,0.32,0.35,0.335,19,,,0.7177,-0.011,0.0004,-0.0338,0.0334,-0.0042
2026-09-25,TSLA,372.11,2026-09-25T18:58:31.909795201Z,2026-10-30,35,P,240.0,0.644971,TSLA261030P00240000,0.38,0.41,0.395,182,,,0.6769,-0.0135,0.0004,-0.0379,0.0398,-0.0052
2026-09-25,TSLA,372.11,2026-09-25T18:58:31.292831974Z,2026-10-30,35,P,245.0,0.658407,TSLA261030P00245000,0.41,0.45,0.43,1,,,0.6571,-0.015,0.0005,-0.0402,0.0435,-0.0058
2026-09-25,TSLA,372.11,2026-09-25T18:58:33.034020419Z,2026-10-30,35,P,250.0,0.671844,TSLA261030P00250000,0.45,0.49,0.47,29,,,0.6379,-0.0167,0.0006,-0.0428,0.0477,-0.0064
2026-09-25,TSLA,372.11,2026-09-25T18:58:33.65702846Z,2026-10-30,35,P,255.0,0.685281,TSLA261030P00255000,0.46,0.53,0.495,12,,,0.6151,-0.0181,0.0006,-0.0442,0.0511,-0.0069
2026-09-25,TSLA,372.11,2026-09-25T18:58:28.562243777Z,2026-10-30,35,P,490.0,1.316815,TSLA261030P00490000,112.44,121.11,116.775,,,,0.4365,-0.9742,0.0012,0.0079,0.0692,-0.4593
2026-09-25,TSLA,372.11,2026-09-25T18:58:27.814920048Z,2026-10-30,35,P,495.0,1.330252,TSLA261030P00495000,117.35,123.12,120.235,,,,,,,,,
2026-09-25,TSLA,372.11,2026-09-25T18:58:30.656714014Z,2026-10-30,35,P,500.0,1.343689,TSLA261030P00500000,122.58,130.199,126.3895,1,,,0.3864,-0.9914,0.0005,0.038,0.0269,-0.4747
2026-09-25,TSLA,372.11,2026-09-25T18:58:28.562208626Z,2026-10-30,35,P,505.0,1.357126,TSLA261030P00505000,126.99,134.01,130.5,,,,,,,,,
2026-09-25,TSLA,372.11,2026-09-25T18:58:34.053825792Z,2026-10-30,35,P,510.0,1.370562,TSLA261030P00510000,135.7,140.96,138.33,,,,0.639,-0.9304,0.0018,-0.0889,0.154,-0.4644
2026-09-25,TSLA,372.11,2026-09-25T18:58:28.562249147Z,2026-10-30,35,P,520.0,1.397436,TSLA261030P00520000,145.71,147.55,146.63,,,,0.5083,-0.9787,0.0009,0.0118,0.0588,-0.4896
2026-09-25,TSLA,372.11,2026-09-25T18:58:03.783997787Z,2026-10-30,35,P,525.0,1.410873,TSLA261030P00525000,149.56,156.55,153.055,,,,0.6682,-0.9389,0.0016,-0.0793,0.1392,-0.4815
2026-09-25,TSLA,372.11,2026-09-25T18:58:30.908525102Z,2026-10-30,35,P,530.0,1.42431,TSLA261030P00530000,152.69,163.56,158.125,,,,0.6887,-0.9379,0.0015,-0.0846,0.1409,-0.4861
2026-09-25,TSLA,372.11,2026-09-25T18:58:25.074316722Z,2026-10-30,35,P,535.0,1.437747,TSLA261030P00535000,156.88,168.95,162.915,,,,0.6886,-0.9431,0.0014,-0.0746,0.1315,-0.4925
2026-09-25,TSLA,372.11,2026-09-25T18:58:28.564250689Z,2026-10-30,35,P,540.0,1.451184,TSLA261030P00540000,164.7,174.2,169.45,,,,0.8019,-0.9136,0.0017,-0.1535,0.1814,-0.4883
2026-09-25,TSLA,372.11,2026-09-25T18:58:34.05379035Z,2026-10-30,35,P,545.0,1.464621,TSLA261030P00545000,169.66,179.71,174.685,,,,0.8303,-0.9104,0.0017,-0.1662,0.1863,-0.4922
2026-09-25,TSLA,372.11,2026-09-25T18:58:24.173432276Z,2026-10-30,35,P,550.0,1.478058,TSLA261030P00550000,177.52,183.3,180.41,,,,0.8833,-0.8998,0.0017,-0.2004,0.2024,-0.4939
2026-09-25,TSLA,372.11,2026-09-25T18:58:30.582888516Z,2026-10-30,35,P,560.0,1.504931,TSLA261030P00560000,181.56,190.3,185.93,,,,,,,,,
2026-09-25,TSLA,372.11,2026-09-25T18:58:24.159582542Z,2026-10-30,35,P,565.0,1.518368,TSLA261030P00565000,186.4,200.3,193.35,,,,0.8091,-0.9369,0.0013,-0.1071,0.1427,-0.5195
2026-09-25,TSLA,372.11,2026-09-25T18:58:27.464628277Z,2026-10-30,35,P,570.0,1.531805,TSLA261030P00570000,193.41,202.3,197.855,,,,0.7862,-0.9471,0.0012,-0.0809,0.1242,-0.5274
2026-09-25,TSLA,372.11,2026-09-25T18:58:27.449053137Z,2026-10-30,35,P,580.0,1.558679,TSLA261030P00580000,206.22,213.47,209.845,,,,0.9443,-0.9133,0.0015,-0.1868,0.1819,-0.5269
2026-09-25,TSLA,372.11,2026-09-25T18:58:30.582773433Z,2026-10-30,35,P,590.0,1.585553,TSLA261030P00590000,213.76,222.56,218.16,,,,0.8654,-0.9423,0.0012,-0.1038,0.133,-0.5452
2026-09-25,USO,148.18,2026-09-25T18:58:28.625408893Z,2026-10-23,28,C,60.0,0.404913,USO261023C00060000,86.91,91.84,89.375,,,,,,,,,
2026-09-25,USO,148.18,2026-09-25T18:58:15.812397956Z,2026-10-23,28,C,65.0,0.438656,USO261023C00065000,81.58,85.56,83.57,,,,,,,,,
2026-09-25,USO,148.18,2026-09-25T18:58:15.812981973Z,2026-10-23,28,C,70.0,0.472398,USO261023C00070000,76.07,79.21,77.64,,,,,,,,,
2026-09-25,USO,148.18,2026-09-25T18:58:15.812151921Z,2026-10-23,28,C,75.0,0.506141,USO261023C00075000,70.52,75.21,72.865,,,,,,,,,
2026-09-25,USO,148.18,2026-09-25T18:57:49.045689649Z,2026-10-23,28,C,80.0,0.539884,USO261023C00080000,65.03,70.86,67.945,,,,,,,,,
2026-09-25,USO,148.18,2026-09-25T18:58:15.808376754Z,2026-10-23,28,C,85.0,0.573627,USO261023C00085000,61.2,64.269,62.7345,2,,,,,,,,
2026-09-25,USO,148.18,2026-09-25T18:58:24.837469265Z,2026-10-23,28,C,90.0,0.607369,USO261023C00090000,56.33,59.34,57.835,2,,,,,,,,
2026-09-25,USO,148.18,2026-09-25T18:58:30.848210905Z,2026-10-23,28,C,95.0,0.641112,USO261023C00095000,52.37,56.47,54.42,,,,,,,,,
2026-09-25,USO,148.18,2026-09-25T18:58:15.812406198Z,2026-10-23,28,C,100.0,0.674855,USO261023C00100000,45.62,51.22,48.42,2,,,,,,,,
2026-09-25,USO,148.18,2026-09-25T18:56:05.233279986Z,2026-10-23,28,C,195.0,1.315967,USO261023C00195000,0.56,0.63,0.595,1,,,0.5961,0.06,0.0049,-0.053,0.049,0.0064
2026-09-25,USO,148.18,2026-09-25T18:56:05.235399178Z,2026-10-23,28,C,200.0,1.34971,USO261023C00200000,0.45,0.48,0.465,5,,,0.609,0.0476,0.004,-0.045,0.0408,0.0051
2026-09-25,USO,148.18,2026-09-25T18:58:33.995181824Z,2026-10-23,28,C,205.0,1.383453,USO261023C00205000,0.32,0.74,0.53,34,,,0.6647,0.0497,0.0038,-0.0508,0.0422,0.0052
2026-09-25,USO,148.18,2026-09-25T18:57:26.164061198Z,2026-10-23,28,C,210.0,1.417195,USO261023C00210000,0.25,0.37,0.31,100,,,0.6408,0.032,0.0027,-0.0342,0.0295,0.0034
2026-09-25,USO,148.18,2026-09-25T18:58:33.998231537Z,2026-10-23,28,C,215.0,1.450938,USO261023C00215000,0,2.36,1.18,3,,,,,,,,
2026-09-25,USO,148.18,2026-09-25T18:57:49.285118725Z,2026-10-23,28,C,220.0,1.484681,USO261023C00220000,0.21,0.22,0.215,2,,,0.6715,0.0223,0.0019,-0.0264,0.0218,0.0024
2026-09-25,USO,148.18,2026-09-25T18:58:12.782905904Z,2026-10-23,28,P,60.0,0.404913,USO261023P00060000,0,2.15,1.075,,,,,,,,,
2026-09-25,USO,148.18,2026-09-25T18:58:12.782905904Z,2026-10-23,28,P,65.0,0.438656,USO261023P00065000,0,2.11,1.055,,,,,,,,,
2026-09-25,USO,148.18,2026-09-25T18:58:12.782560918Z,2026-10-23,28,P,70.0,0.472398,USO261023P00070000,0,2.17,1.085,,,,,,,,,
2026-09-25,USO,148.18,2026-09-25T18:51:22.902364029Z,2026-10-23,28,P,75.0,0.506141,USO261023P00075000,0,2.15,1.075,,,,,,,,,
2026-09-25,USO,148.18,2026-09-25T18:58:35.653169069Z,2026-10-23,28,P,80.0,0.539884,USO261023P00080000,0,2.11,1.055,2,,,,,,,,
2026-09-25,USO,148.18,2026-09-25T18:55:41.969449419Z,2026-10-23,28,P,85.0,0.573627,USO261023P00085000,0,2.17,1.085,,,,,,,,,
2026-09-25,USO,148.18,2026-09-25T18:58:15.812308536Z,2026-10-23,28,P,90.0,0.607369,USO261023P00090000,0,2.2,1.1,1,,,,,,,,
2026-09-25,USO,148.18,2026-09-25T18:56:05.226465914Z,2026-10-23,28,P,95.0,0.641112,USO261023P00095000,0,0.17,0.085,1,,,,,,,,
2026-09-25,USO,148.18,2026-09-25T18:58:15.821266907Z,2026-10-23,28,P,100.0,0.674855,USO261023P00100000,0.01,0.8,0.405,2,,,0.806,-0.0292,0.002,-0.0389,0.0274,-0.0036
2026-09-25,USO,148.18,2026-09-25T18:58:15.808567192Z,2026-10-23,28,P,195.0,1.315967,USO261023P00195000,45.76,48.98,47.37,1,,,0.714,-0.8976,0.0061,-0.0744,0.0734,-0.1385
2026-09-25,USO,148.18,2026-09-25T18:58:15.808512772Z,2026-10-23,28,P,200.0,1.34971,USO261023P00200000,49.95,53.49,51.72,,,,0.6571,-0.9374,0.0046,-0.0391,0.0506,-0.1464
2026-09-25,USO,148.18,2026-09-25T18:58:15.808616733Z,2026-10-23,28,P,205.0,1.383453,USO261023P00205000,54.3,58.55,56.425,,,,0.6326,-0.9591,0.0034,-0.0196,0.036,-0.1525
2026-09-25,USO,148.18,2026-09-25T18:58:15.808371931Z,2026-10-23,28,P,210.0,1.417195,USO261023P00210000,59.51,62.66,61.085,,,,0.5273,-0.9888,0.0014,0.0108,0.012,-0.1594
2026-09-25,USO,148.18,2026-09-25T18:58:19.734821888Z,2026-10-23,28,P,215.0,1.450938,USO261023P00215000,64.55,69.72,67.135,3,,,0.8645,-0.9218,0.0041,-0.071,0.0601,-0.1564
2026-09-25,USO,148.18,2026-09-25T18:58:15.808172203Z,2026-10-23,28,P,220.0,1.484681,USO261023P00220000,70.93,74.56,72.745,,,,0.9993,-0.8987,0.0043,-0.108,0.0728,-0.1581
2026-09-25,USO,148.18,2026-09-25T18:58:15.811399611Z,2026-10-30,35,C,60.0,0.404913,USO261030C00060000,86.13,90.5,88.315,1,,,,,,,,
2026-09-25,USO,148.18,2026-09-25T18:58:15.807733933Z,2026-10-30,35,C,65.0,0.438656,USO261030C00065000,80.04,85.01,82.525,,,,,,,,,
2026-09-25,USO,148.18,2026-09-25T18:58:15.807655011Z,2026-10-30,35,C,70.0,0.472398,USO261030C00070000,75.11,80.23,77.67,,,,,,,,,
2026-09-25,USO,148.18,2026-09-25T18:58:15.807719462Z,2026-10-30,35,C,75.0,0.506141,USO261030C00075000,70.84,74.13,72.485,,,,,,,,,
2026-09-25,USO,148.18,2026-09-25T18:58:15.811299161Z,2026-10-30,35,C,80.0,0.539884,USO261030C00080000,67.09,70.11,68.6,,,,,,,,,
2026-09-25,USO,148.18,2026-09-25T18:58:15.807623943Z,2026-10-30,35,C,85.0,0.573627,USO261030C00085000,60.41,65.25,62.83,,,,,,,,,
2026-09-25,USO,148.18,2026-09-25T18:58:30.993594311Z,2026-10-30,35,C,90.0,0.607369,USO261030C00090000,56.97,59.96,58.465,1,,,,,,,,
2026-09-25,USO,148.18,2026-09-25T18:58:15.807899568Z,2026-10-30,35,C,95.0,0.641112,USO261030C00095000,51.74,55.66,53.7,1,,,,,,,,
2026-09-25,USO,148.18,2026-09-25T18:58:15.807873958Z,2026-10-30,35,C,100.0,0.674855,USO261030C00100000,47.28,50.66,48.97,2,,,0.6539,0.9807,0.0016,-0.0305,0.0216,0.0926
2026-09-25,USO,148.18,2026-09-25T18:58:30.123172861Z,2026-10-30,35,C,195.0,1.315967,USO261030C00195000,0.85,1.46,1.155,3,,,0.6167,0.0941,0.0059,-0.0693,0.0771,0.0123
2026-09-25,USO,148.18,2026-09-25T18:56:05.234749273Z,2026-10-30,35,C,200.0,1.34971,USO261030C00200000,0.7,0.73,0.715,14,,,0.5919,0.0646,0.0046,-0.05,0.058,0.0085
2026-09-25,USO,148.18,2026-09-25T18:58:33.994511142Z,2026-10-30,35,C,205.0,1.383453,USO261030C00205000,0.55,1.18,0.865,5,,,0.6549,0.0702,0.0045,-0.0588,0.0618,0.0092
2026-09-25,USO,148.18,2026-09-25T18:58:33.994526504Z,2026-10-30,35,C,210.0,1.417195,USO261030C00210000,0.4,2.61,1.505,5,,,0.7837,0.0977,0.0048,-0.0901,0.0793,0.0125
2026-09-25,USO,148.18,2026-09-25T18:58:33.994491445Z,2026-10-30,35,C,215.0,1.450938,USO261030C00215000,0.37,1.16,0.765,2,,,0.7096,0.0592,0.0036,-0.0558,0.0542,0.0077
2026-09-25,USO,148.18,2026-09-25T18:58:33.166014644Z,2026-10-30,35,C,220.0,1.484681,USO261030C00220000,0.31,0.61,0.46,100,,,0.677,0.0395,0.0027,-0.0385,0.0392,0.0052
2026-09-25,USO,148.18,2026-09-25T18:26:37.326541503Z,2026-10-30,35,P,60.0,0.404913,USO261030P00060000,0,2.16,1.08,,,,,,,,,
2026-09-25,USO,148.18,2026-09-25T18:26:37.790784639Z,2026-10-30,35,P,65.0,0.438656,USO261030P00065000,0,2.17,1.085,,,,,,,,,
2026-09-25,USO,148.18,2026-09-25T18:26:36.809609495Z,2026-10-30,35,P,70.0,0.472398,USO261030P00070000,0,2.2,1.1,,,,,,,,,
2026-09-25,USO,148.18,2026-09-25T18:26:37.329836601Z,2026-10-30,35,P,75.0,0.506141,USO261030P00075000,0,2.19,1.095,1,,,,,,,,
2026-09-25,USO,148.18,2026-09-25T18:26:36.809559034Z,2026-10-30,35,P,80.0,0.539884,USO261030P00080000,0,2.2,1.1,4,,,,,,,,
2026-09-25,USO,148.18,2026-09-25T18:26:37.791484989Z,2026-10-30,35,P,85.0,0.573627,USO261030P00085000,0,2.24,1.12,1,,,,,,,,
2026-09-25,USO,148.18,2026-09-25T18:26:37.33318649Z,2026-10-30,35,P,90.0,0.607369,USO261030P00090000,0,2.26,1.13,21,,,,,,,,
2026-09-25,USO,148.18,2026-09-25T18:58:35.65177671Z,2026-10-30,35,P,95.0,0.641112,USO261030P00095000,0,2.21,1.105,20,,,,,,,,
2026-09-25,USO,148.18,2026-09-25T18:58:15.811990567Z,2026-10-30,35,P,100.0,0.674855,USO261030P00100000,0.21,0.22,0.215,107,,,0.6481,-0.0185,0.0015,-0.019,0.0209,-0.0028
2026-09-25,USO,148.18,2026-09-25T18:58:15.80794965Z,2026-10-30,35,P,195.0,1.315967,USO261030P00195000,45.18,49.39,47.285,4,,,0.6448,-0.8944,0.0062,-0.0581,0.0839,-0.1726
2026-09-25,USO,148.18,2026-09-25T18:58:15.80792427Z,2026-10-30,35,P,200.0,1.34971,USO261030P00200000,49.92,53.67,51.795,,,,0.6234,-0.9238,0.005,-0.0385,0.0658,-0.1811
2026-09-25,USO,148.18,2026-09-25T18:58:15.80792427Z,2026-10-30,35,P,205.0,1.383453,USO261030P00205000,54.83,59.68,57.255,,,,0.7294,-0.9035,0.0051,-0.0614,0.0785,-0.1834
2026-09-25,USO,148.18,2026-09-25T18:58:35.645959931Z,2026-10-30,35,P,210.0,1.417195,USO261030P00210000,61.02,64.209,62.6145,,,,0.8155,-0.8915,0.005,-0.0789,0.0855,-0.1869
2026-09-25,USO,148.18,2026-09-25T18:58:15.807977388Z,2026-10-30,35,P,215.0,1.450938,USO261030P00215000,63.93,69.24,66.585,,,,0.708,-0.9412,0.0036,-0.0325,0.0538,-0.1978
2026-09-25,USO,148.18,2026-09-25T18:58:15.808039585Z,2026-10-30,35,P,220.0,1.484681,USO261030P00220000,69.45,73.92,71.685,,,,0.7636,-0.9372,0.0035,-0.0394,0.0567,-0.2021
2026-09-28,AAPL,338.4,2026-09-28T19:59:59.274205953Z,2026-10-23,25,C,220.0,0.650118,AAPL261023C00220000,117.8,119.11,118.455,1,,,,,,,,
2026-09-28,AAPL,338.4,2026-09-28T19:59:59.607701577Z,2026-10-23,25,C,225.0,0.664894,AAPL261023C00225000,114.28,116.38,115.33,1,,,,,,,,
2026-09-28,AAPL,338.4,2026-09-28T19:59:59.935852386Z,2026-10-23,25,C,230.0,0.679669,AAPL261023C00230000,107.32,112.72,110.02,86,,,0.8578,0.9674,0.001,-0.1339,0.0646,0.1488
2026-09-28,AAPL,338.4,2026-09-28T19:59:59.103830538Z,2026-10-23,25,P,220.0,0.650118,AAPL261023P00220000,0,0.39,0.195,1,,,,,,,,
2026-09-28,AAPL,338.4,2026-09-28T19:47:25.194360261Z,2026-10-23,25,P,225.0,0.664894,AAPL261023P00225000,0.03,0.04,0.035,131,,,0.5676,-0.0023,0.0001,-0.007,0.0063,-0.0005
2026-09-28,AAPL,338.4,2026-09-28T19:59:59.199032546Z,2026-10-23,25,P,230.0,0.679669,AAPL261023P00230000,0.03,0.32,0.175,5,,,0.6472,-0.0087,0.0004,-0.0266,0.0208,-0.0021
2026-09-28,AAPL,338.4,2026-09-28T19:59:59.438523502Z,2026-10-30,32,C,220.0,0.650118,AAPL261030C00220000,118.72,119.29,119.005,1,,,,,,,,
2026-09-28,AAPL,338.4,2026-09-28T19:59:59.325692875Z,2026-10-30,32,C,225.0,0.664894,AAPL261030C00225000,112.11,115.1,113.605,1,,,,,,,,
2026-09-28,AAPL,338.4,2026-09-28T19:59:59.264167585Z,2026-10-30,32,C,230.0,0.679669,AAPL261030C00230000,109.44,110.97,110.205,,,,0.7611,0.9672,0.001,-0.1105,0.0734,0.1903
2026-09-28,AAPL,338.4,2026-09-28T19:59:59.309373163Z,2026-10-30,32,P,220.0,0.650118,AAPL261030P00220000,0,0.14,0.07,2,,,,,,,,
2026-09-28,AAPL,338.4,2026-09-28T19:59:59.256612468Z,2026-10-30,32,P,225.0,0.664894,AAPL261030P00225000,0,0.14,0.07,10,,,,,,,,
2026-09-28,AAPL,338.4,2026-09-28T19:59:59.363793119Z,2026-10-30,32,P,230.0,0.679669,AAPL261030P00230000,0,0.17,0.085,,,,,,,,,
2026-09-28,GLD,377.92,2026-09-28T19:59:59.062073761Z,2026-10-23,25,C,260.0,0.687976,GLD261023C00260000,118.93,120.51,119.72,,,,0.9342,0.9508,0.0011,-0.2132,0.1005,0.1635
2026-09-28,GLD,377.92,2026-09-28T19:59:59.577497514Z,2026-10-23,25,C,495.0,1.309801,GLD261023C00495000,0.07,0.1,0.085,40,,,0.4081,0.0067,0.0005,-0.0154,0.0185,0.0017
2026-09-28,GLD,377.92,2026-09-28T19:59:59.821986525Z,2026-10-23,25,P,260.0,0.687976,GLD261023P00260000,0.01,0.08,0.045,2,,,0.5284,-0.0028,0.0002,-0.0088,0.0084,-0.0007
2026-09-28,GLD,377.92,2026-09-28T19:59:59.070348556Z,2026-10-23,25,P,495.0,1.309801,GLD261023P00495000,115.47,116.9,116.185,,,,,,,,,
2026-09-28,GLD,377.92,2026-09-28T19:59:58.70660551Z,2026-10-30,32,C,260.0,0.687976,GLD261030C00260000,117.79,122.53,120.16,,,,0.848,0.9472,0.0011,-0.1845,0.1202,0.2077
2026-09-28,GLD,377.92,2026-09-28T19:59:59.643729231Z,2026-10-30,32,C,495.0,1.309801,GLD261030C00495000,0.11,0.12,0.115,2,,,0.3726,0.0086,0.0006,-0.0155,0.026,0.0027
2026-09-28,GLD,377.92,2026-09-28T19:59:59.657874242Z,2026-10-30,32,P,260.0,0.687976,GLD261030P00260000,0.03,0.12,0.075,22,,,0.4939,-0.0042,0.0002,-0.0105,0.0138,-0.0015
2026-09-28,GLD,377.92,2026-09-28T19:59:58.414686373Z,2026-10-30,32,P,495.0,1.309801,GLD261030P00495000,114.07,117.5,115.785,,,,,,,,,
2026-09-28,NVDA,228.89,2026-09-28T19:59:59.37409533Z,2026-10-23,25,C,130.0,0.567958,NVDA261023C00130000,96.5,103.93,100.215,9,,,,,,,,
2026-09-28,NVDA,228.89,2026-09-28T19:59:59.296279105Z,2026-10-23,25,C,135.0,0.589803,NVDA261023C00135000,92.57,97.55,95.06,1,,,,,,,,
2026-09-28,NVDA,228.89,2026-09-28T19:59:59.681140455Z,2026-10-23,25,C,140.0,0.611648,NVDA261023C00140000,86.92,94.52,90.72,1,,,,,,,,
2026-09-28,NVDA,228.89,2026-09-28T19:59:59.442639716Z,2026-10-23,25,C,145.0,0.633492,NVDA261023C00145000,80.5,87.81,84.155,1,,,0.7738,0.9909,0.0005,-0.0378,0.0146,0.0975
2026-09-28,NVDA,228.89,2026-09-28T19:59:59.375454636Z,2026-10-23,25,C,150.0,0.655337,NVDA261023C00150000,76.94,83.71,80.325,3,,,,,,,,
2026-09-28,NVDA,228.89,2026-09-28T19:59:59.681140455Z,2026-10-23,25,C,155.0,0.677181,NVDA261023C00155000,69.75,78.48,74.115,7,,,0.6234,0.9934,0.0005,-0.03,0.011,0.1048
2026-09-28,NVDA,228.89,2026-09-28T19:59:59.786265914Z,2026-10-23,25,C,300.0,1.310673,NVDA261023C00300000,0.03,0.06,0.045,60,,,0.401,0.006,0.0007,-0.0083,0.0102,0.0009
2026-09-28,NVDA,228.89,2026-09-28T19:59:59.998381579Z,2026-10-23,25,C,305.0,1.332518,NVDA261023C00305000,0.01,0.02,0.015,1,,,0.3785,0.0023,0.0003,-0.0033,0.0043,0.0004
2026-09-28,NVDA,228.89,2026-09-28T19:59:59.388724431Z,2026-10-23,25,C,310.0,1.354362,NVDA261023C00310000,0.01,0.03,0.02,1416,,,0.4086,0.0028,0.0004,-0.0043,0.0052,0.0004
2026-09-28,NVDA,228.89,2026-09-28T19:59:59.267034219Z,2026-10-23,25,C,315.0,1.376207,NVDA261023C00315000,0.01,0.03,0.02,60,,,0.4278,0.0027,0.0003,-0.0043,0.005,0.0004
2026-09-28,NVDA,228.89,2026-09-28T19:59:59.592450106Z,2026-10-23,25,C,320.0,1.398051,NVDA261023C00320000,0.01,0.03,0.02,2,,,0.4467,0.0026,0.0003,-0.0043,0.0048,0.0004
2026-09-28,NVDA,228.89,2026-09-28T19:59:59.534794954Z,2026-10-23,25,C,325.0,1.419896,NVDA261023C00325000,0,0.01,0.005,58,,,,,,,,
2026-09-28,NVDA,228.89,2026-09-28T19:59:59.534219997Z,2026-10-23,25,C,330.0,1.441741,NVDA261023C00330000,0,0.05,0.025,1,,,,,,,,
2026-09-28,NVDA,228.89,2026-09-28T19:59:59.516570472Z,2026-10-23,25,P,130.0,0.567958,NVDA261023P00130000,0.03,0.1,0.065,4,,,,,,,,
2026-09-28,NVDA,228.89,2026-09-28T19:59:59.420780164Z,2026-10-23,25,P,135.0,0.589803,NVDA261023P00135000,0.03,0.11,0.07,1,,,,,,,,
2026-09-28,NVDA,228.89,2026-09-28T19:59:59.514050448Z,2026-10-23,25,P,140.0,0.611648,NVDA261023P00140000,0.04,0.12,0.08,1,,,0.7649,-0.0052,0.0003,-0.0135,0.0089,-0.0009
2026-09-28,NVDA,228.89,2026-09-28T19:59:59.496035366Z,2026-10-23,25,P,145.0,0.633492,NVDA261023P00145000,0.05,0.13,0.09,3,,,0.7253,-0.0061,0.0004,-0.0148,0.0103,-0.001
2026-09-28,NVDA,228.89,2026-09-28T19:59:59.437715867Z,2026-10-23,25,P,150.0,0.655337,NVDA261023P00150000,0.08,0.1,0.09,75,,,0.6765,-0.0065,0.0005,-0.0146,0.0109,-0.0011
2026-09-28,NVDA,228.89,2026-09-28T19:59:59.853921771Z,2026-10-23,25,P,155.0,0.677181,NVDA261023P00155000,0.08,0.15,0.115,12,,,0.6488,-0.0084,0.0006,-0.0176,0.0137,-0.0014
2026-09-28,NVDA,228.89,2026-09-28T19:59:59.523255465Z,2026-10-23,25,P,300.0,1.310673,NVDA261023P00300000,69.11,74.78,71.945,,,,0.6843,-0.9212,0.0036,-0.0904,0.088,-0.1935
2026-09-28,NVDA,228.89,2026-09-28T19:59:59.383984919Z,2026-10-23,25,P,305.0,1.332518,NVDA261023P00305000,73.2,79.63,76.415,,,,0.6475,-0.9453,0.0029,-0.0548,0.0663,-0.2004
2026-09-28,NVDA,228.89,2026-09-28T19:59:59.383969936Z,2026-10-23,25,P,310.0,1.354362,NVDA261023P00310000,78,83.32,80.66,,,,0.4879,-0.9893,0.001,0.0161,0.0169,-0.2102
2026-09-28,NVDA,228.89,2026-09-28T19:59:59.75649159Z,2026-10-23,25,P,315.0,1.376207,NVDA261023P00315000,82.49,90.22,86.355,,,,0.6983,-0.9503,0.0025,-0.0535,0.0614,-0.208
2026-09-28,NVDA,228.89,2026-09-28T19:59:59.530605981Z,2026-10-23,25,P,320.0,1.398051,NVDA261023P00320000,88.54,95.13,91.835,,,,0.7968,-0.9326,0.0027,-0.0919,0.078,-0.2089
2026-09-28,NVDA,228.89,2026-09-28T19:59:59.384514926Z,2026-10-23,25,P,325.0,1.419896,NVDA261023P00325000,93.09,99.19,96.14,,,,0.7169,-0.9614,0.002,-0.0382,0.0501,-0.2164
2026-09-28,NVDA,228.89,2026-09-28T19:59:59.530295467Z,2026-10-23,25,P,330.0,1.441741,NVDA261023P00330000,98.38,105.36,101.87,,,,0.86,-0.934,0.0025,-0.0985,0.0768,-0.216
2026-09-28,NVDA,228.89,2026-09-28T19:59:59.675000029Z,2026-10-30,32,C,130.0,0.567958,NVDA261030C00130000,95.03,105.13,100.08,1,,,,,,,,
2026-09-28,NVDA,228.89,2026-09-28T19:59:59.78866244Z,2026-10-30,32,C,135.0,0.589803,NVDA261030C00135000,89.03,96.69,92.86,1,,,,,,,,
2026-09-28,NVDA,228.89,2026-09-28T19:59:59.391664372Z,2026-10-30,32,C,140.0,0.611648,NVDA261030C00140000,86.96,94.51,90.735,,,,,,,,,
2026-09-28,NVDA,228.89,2026-09-28T19:59:59.777655229Z,2026-10-30,32,C,145.0,0.633492,NVDA261030C00145000,79.9,90.45,85.175,1,,,,,,,,
2026-09-28,NVDA,228.89,2026-09-28T19:59:59.392094475Z,2026-10-30,32,C,150.0,0.655337,NVDA261030C00150000,76.07,84.8,80.435,4,,,0.9241,0.9544,0.0015,-0.1083,0.0648,0.1208
2026-09-28,NVDA,228.89,2026-09-28T19:59:59.37375923Z,2026-10-30,32,C,155.0,0.677181,NVDA261030C00155000,71.93,81.11,76.52,1,,,0.9982,0.9298,0.002,-0.1566,0.0911,0.1193
2026-09-28,NVDA,228.89,2026-09-28T19:59:59.244333938Z,2026-10-30,32,C,300.0,1.310673,NVDA261030C00300000,0.04,0.06,0.05,75,,,0.3577,0.0066,0.0008,-0.0071,0.0125,0.0013
2026-09-28,NVDA,228.89,2026-09-28T19:59:59.516024924Z,2026-10-30,32,C,305.0,1.332518,NVDA261030C00305000,0.01,0.06,0.035,32,,,0.3627,0.0047,0.0006,-0.0053,0.0092,0.0009
2026-09-28,NVDA,228.89,2026-09-28T19:59:59.426354503Z,2026-10-30,32,C,310.0,1.354362,NVDA261030C00310000,0.01,0.1,0.055,3,,,0.3998,0.0065,0.0007,-0.0079,0.0123,0.0013
2026-09-28,NVDA,228.89,2026-09-28T19:59:59.742355672Z,2026-10-30,32,C,315.0,1.376207,NVDA261030C00315000,0.03,0.05,0.04,25,,,0.4042,0.0048,0.0005,-0.0061,0.0094,0.0009
2026-09-28,NVDA,228.89,2026-09-28T19:59:59.742355672Z,2026-10-30,32,C,320.0,1.398051,NVDA261030C00320000,0.03,0.07,0.05,1,,,0.4319,0.0056,0.0005,-0.0074,0.0108,0.0011
2026-09-28,NVDA,228.89,2026-09-28T19:59:59.519779562Z,2026-10-30,32,C,325.0,1.419896,NVDA261030C00325000,0,0.05,0.025,7,,,,,,,,
2026-09-28,NVDA,228.89,2026-09-28T19:59:59.52423532Z,2026-10-30,32,C,330.0,1.441741,NVDA261030C00330000,0,0.08,0.04,1,,,,,,,,
2026-09-28,NVDA,228.89,2026-09-28T19:59:59.533050649Z,2026-10-30,32,P,130.0,0.567958,NVDA261030P00130000,0.06,0.14,0.1,7,,,,,,,,
2026-09-28,NVDA,228.89,2026-09-28T19:59:59.532500617Z,2026-10-30,32,P,135.0,0.589803,NVDA261030P00135000,0.03,0.12,0.075,5,,,0.7171,-0.0046,0.0003,-0.0101,0.0091,-0.001
2026-09-28,NVDA,228.89,2026-09-28T19:59:59.894320817Z,2026-10-30,32,P,140.0,0.611648,NVDA261030P00140000,0.08,0.16,0.12,6,,,0.7112,-0.0071,0.0004,-0.0147,0.0134,-0.0015
2026-09-28,NVDA,228.89,2026-09-28T19:59:59.30646627Z,2026-10-30,32,P,145.0,0.633492,NVDA261030P00145000,0.1,0.18,0.14,1,,,0.6787,-0.0086,0.0005,-0.0165,0.0158,-0.0018
2026-09-28,NVDA,228.89,2026-09-28T19:59:59.321925555Z,2026-10-30,32,P,150.0,0.655337,NVDA261030P00150000,0.12,0.17,0.145,105,,,0.6364,-0.0094,0.0006,-0.0168,0.0171,-0.002
2026-09-28,NVDA,228.89,2026-09-28T19:59:59.243110597Z,2026-10-30,32,P,155.0,0.677181,NVDA261030P00155000,0.1,0.22,0.16,2,,,0.6002,-0.0109,0.0007,-0.0179,0.0194,-0.0023
2026-09-28,NVDA,228.89,2026-09-28T19:59:59.398240521Z,2026-10-30,32,P,300.0,1.310673,NVDA261030P00300000,67.68,75.92,71.8,45,,,0.6115,-0.9179,0.0037,-0.068,0.1026,-0.2469
2026-09-28,NVDA,228.89,2026-09-28T19:59:59.407430579Z,2026-10-30,32,P,305.0,1.332518,NVDA261030P00305000,71.03,81.21,76.12,,,,0.5622,-0.9482,0.0028,-0.0318,0.0718,-0.2568
2026-09-28,NVDA,228.89,2026-09-28T19:59:59.681365773Z,2026-10-30,32,P,310.0,1.354362,NVDA261030P00310000,76.95,86.31,81.63,,,,0.652,-0.9283,0.0031,-0.063,0.0926,-0.2576
2026-09-28,NVDA,228.89,2026-09-28T19:59:59.39521059Z,2026-10-30,32,P,315.0,1.376207,NVDA261030P00315000,81.17,87.97,84.57,,,,,,,,,
2026-09-28,NVDA,228.89,2026-09-28T19:59:59.399110546Z,2026-10-30,32,P,320.0,1.398051,NVDA261030P00320000,86.69,95.43,91.06,,,,0.6338,-0.9535,0.0023,-0.0323,0.0659,-0.2709
2026-09-28,NVDA,228.89,2026-09-28T19:59:59.681365773Z,2026-10-30,32,P,325.0,1.419896,NVDA261030P00325000,91.31,98.78,95.045,,,,,,,,,
2026-09-28,NVDA,228.89,2026-09-28T19:59:59.38903155Z,2026-10-30,32,P,330.0,1.441741,NVDA261030P00330000,98.67,104.37,101.52,,,,0.747,-0.9374,0.0024,-0.0636,0.0833,-0.2769
2026-09-28,TSLA,357.36,2026-09-28T19:59:59.431861216Z,2026-10-23,25,C,150.0,0.419745,TSLA261023C00150000,202.97,211.69,207.33,4,,,,,,,,
2026-09-28,TSLA,357.36,2026-09-28T19:59:59.427006268Z,2026-10-23,25,C,160.0,0.447728,TSLA261023C00160000,193.04,199.11,196.075,1,,,,,,,,
2026-09-28,TSLA,357.36,2026-09-28T19:59:59.426981285Z,2026-10-23,25,C,170.0,0.475711,TSLA261023C00170000,187.1,190.2,188.65,1,,,,,,,,
2026-09-28,TSLA,357.36,2026-09-28T19:59:59.426941259Z,2026-10-23,25,C,180.0,0.503694,TSLA261023C00180000,176.19,181.58,178.885,1,,,,,,,,
2026-09-28,TSLA,357.36,2026-09-28T19:59:58.772509607Z,2026-10-23,25,C,190.0,0.531677,TSLA261023C00190000,165.17,171.42,168.295,1,,,,,,,,
2026-09-28,TSLA,357.36,2026-09-28T19:59:59.285195995Z,2026-10-23,25,C,200.0,0.55966,TSLA261023C00200000,156.51,164.68,160.595,1,,,,,,,,
2026-09-28,TSLA,357.36,2026-09-28T19:59:59.426932384Z,2026-10-23,25,C,210.0,0.587643,TSLA261023C00210000,146.24,149.85,148.045,3,,,,,,,,
2026-09-28,TSLA,357.36,2026-09-28T19:59:59.427047878Z,2026-10-23,25,C,220.0,0.615626,TSLA261023C00220000,136.12,139.52,137.82,1,,,,,,,,
2026-09-28,TSLA,357.36,2026-09-28T19:59:58.778849543Z,2026-10-23,25,C,230.0,0.643609,TSLA261023C00230000,126.19,130.289,128.2395,2,,,0.8061,0.9863,0.0005,-0.0767,0.0328,0.1535
2026-09-28,TSLA,357.36,2026-09-28T19:59:59.427033588Z,2026-10-23,25,C,235.0,0.6576,TSLA261023C00235000,119.46,129.229,124.3445,1,,,0.9714,0.9629,0.0009,-0.1707,0.0758,0.1504
2026-09-28,TSLA,357.36,2026-09-28T19:59:59.295425972Z,2026-10-23,25,C,240.0,0.671592,TSLA261023C00240000,117.12,123.57,120.345,,,,1.0395,0.9461,0.0011,-0.236,0.1024,0.1491
2026-09-28,TSLA,357.36,2026-09-28T19:59:59.295420988Z,2026-10-23,25,C,245.0,0.685583,TSLA261023C00245000,109.01,117.61,113.31,,,,0.7119,0.9835,0.0006,-0.08,0.0385,0.163
2026-09-28,TSLA,357.36,2026-09-28T19:59:59.942984723Z,2026-10-23,25,C,470.0,1.3152,TSLA261023C00470000,0.6,0.62,0.61,43,,,0.5412,0.0324,0.0014,-0.0745,0.0677,0.0075
2026-09-28,TSLA,357.36,2026-09-28T19:59:59.962587475Z,2026-10-23,25,C,475.0,1.329192,TSLA261023C00475000,0.54,0.61,0.575,43,,,0.5529,0.0302,0.0013,-0.0717,0.0639,0.007
2026-09-28,TSLA,357.36,2026-09-28T19:59:59.465211903Z,2026-10-23,25,C,480.0,1.343183,TSLA261023C00480000,0.53,0.56,0.545,95,,,0.5647,0.0283,0.0012,-0.0694,0.0605,0.0065
2026-09-28,TSLA,357.36,2026-09-28T19:59:59.923134899Z,2026-10-23,25,C,485.0,1.357175,TSLA261023C00485000,0.48,0.51,0.495,7,,,0.5723,0.0257,0.0011,-0.0649,0.0559,0.0059
2026-09-28,TSLA,357.36,2026-09-28T19:59:59.946817419Z,2026-10-23,25,C,490.0,1.371166,TSLA261023C00490000,0.4,0.43,0.415,108,,,0.5727,0.0219,0.001,-0.0568,0.0489,0.0051
2026-09-28,TSLA,357.36,2026-09-28T19:59:59.486271344Z,2026-10-23,25,C,500.0,1.399149,TSLA261023C00500000,0.37,0.4,0.385,74,,,0.5967,0.0198,0.0009,-0.0543,0.0449,0.0046
2026-09-28,TSLA,357.36,2026-09-28T19:59:59.677792369Z,2026-10-23,25,C,505.0,1.413141,TSLA261023C00505000,0.34,0.37,0.355,2,,,0.6045,0.0182,0.0008,-0.0512,0.0418,0.0042
2026-09-28,TSLA,357.36,2026-09-28T19:59:59.489676372Z,2026-10-23,25,C,510.0,1.427132,TSLA261023C00510000,0.28,0.35,0.315,110,,,0.6089,0.0163,0.0007,-0.0468,0.038,0.0038
2026-09-28,TSLA,357.36,2026-09-28T19:59:59.947892521Z,2026-10-23,25,C,515.0,1.441124,TSLA261023C00515000,0.26,0.32,0.29,2,,,0.6161,0.015,0.0007,-0.044,0.0353,0.0035
2026-09-28,TSLA,357.36,2026-09-28T19:59:59.942852481Z,2026-10-23,25,C,520.0,1.455115,TSLA261023C00520000,0.24,0.26,0.25,1,,,0.6178,0.013,0.0006,-0.0393,0.0314,0.003
2026-09-28,TSLA,357.36,2026-09-28T19:59:59.486771365Z,2026-10-23,25,C,525.0,1.469107,TSLA261023C00525000,0.22,0.25,0.235,41,,,0.6262,0.0122,0.0005,-0.0375,0.0296,0.0028
2026-09-28,TSLA,357.36,2026-09-28T19:59:59.486561404Z,2026-10-23,25,C,530.0,1.483098,TSLA261023C00530000,0.2,0.27,0.235,126,,,0.6394,0.012,0.0005,-0.0377,0.0292,0.0028
2026-09-28,TSLA,357.36,2026-09-28T19:59:59.822407458Z,2026-10-23,25,C,535.0,1.49709,TSLA261023C00535000,0.19,0.21,0.2,10,,,0.6395,0.0104,0.0005,-0.0332,0.0257,0.0024
2026-09-28,TSLA,357.36,2026-09-28T19:59:59.946802651Z,2026-10-23,25,C,540.0,1.511081,TSLA261023C00540000,0.17,0.24,0.205,68,,,0.6541,0.0104,0.0005,-0.0341,0.0257,0.0024
2026-09-28,TSLA,357.36,2026-09-28T19:59:58.948945462Z,2026-10-23,25,C,545.0,1.525073,TSLA261023C00545000,0.2,0.23,0.215,2,,,0.6705,0.0106,0.0004,-0.0356,0.0262,0.0024
2026-09-28,TSLA,357.36,2026-09-28T19:59:59.486706358Z,2026-10-23,25,C,555.0,1.553056,TSLA261023C00555000,0.14,0.21,0.175,39,,,0.6784,0.0087,0.0004,-0.0303,0.0221,0.002
2026-09-28,TSLA,357.36,2026-09-28T19:59:58.967265108Z,2026-10-23,25,C,560.0,1.567047,TSLA261023C00560000,0.13,0.2,0.165,10,,,0.6857,0.0082,0.0003,-0.029,0.0209,0.0019
2026-09-28,TSLA,357.36,2026-09-28T19:59:59.74647293Z,2026-10-23,25,C,565.0,1.581039,TSLA261023C00565000,0.16,0.19,0.175,2,,,0.7021,0.0085,0.0004,-0.0305,0.0215,0.002
2026-09-28,TSLA,357.36,2026-09-28T19:59:59.946802651Z,2026-10-23,25,C,570.0,1.59503,TSLA261023C00570000,0.12,0.14,0.13,1,,,0.6903,0.0065,0.0003,-0.0239,0.0172,0.0015
2026-09-28,TSLA,357.36,2026-09-28T19:59:59.948760394Z,2026-10-23,25,P,150.0,0.419745,TSLA261023P00150000,0.06,0.09,0.075,4,,,,,,,,
2026-09-28,TSLA,357.36,2026-09-28T19:59:59.613414881Z,2026-10-23,25,P,160.0,0.447728,TSLA261023P00160000,0.03,0.1,0.065,3,,,,,,,,
2026-09-28,TSLA,357.36,2026-09-28T19:59:59.612424517Z,2026-10-23,25,P,170.0,0.475711,TSLA261023P00170000,0.09,0.12,0.105,3,,,,,,,,
2026-09-28,TSLA,357.36,2026-09-28T19:59:59.603334654Z,2026-10-23,25,P,180.0,0.503694,TSLA261023P00180000,0.1,0.12,0.11,5,,,,,,,,
2026-09-28,TSLA,357.36,2026-09-28T19:59:59.942234221Z,2026-10-23,25,P,190.0,0.531677,TSLA261023P00190000,0.12,0.15,0.135,13,,,,,,,,
2026-09-28,TSLA,357.36,2026-09-28T19:59:59.695914434Z,2026-10-23,25,P,200.0,0.55966,TSLA261023P00200000,0.14,0.17,0.155,37,,,,,,,,
2026-09-28,TSLA,357.36,2026-09-28T19:59:59.706794458Z,2026-10-23,25,P,210.0,0.587643,TSLA261023P00210000,0.17,0.2,0.185,2,,,,,,,,
2026-09-28,TSLA,357.36,2026-09-28T19:59:59.555134629Z,2026-10-23,25,P,220.0,0.615626,TSLA261023P00220000,0.16,0.19,0.175,130,,,0.7883,-0.0068,0.0003,-0.0279,0.0178,-0.0018
2026-09-28,TSLA,357.36,2026-09-28T19:59:59.688975135Z,2026-10-23,25,P,230.0,0.643609,TSLA261023P00230000,0.2,0.27,0.235,27,,,0.7511,-0.0093,0.0004,-0.0349,0.0235,-0.0024
2026-09-28,TSLA,357.36,2026-09-28T19:59:59.931954298Z,2026-10-23,25,P,235.0,0.6576,TSLA261023P00235000,0.26,0.28,0.27,9,,,0.7321,-0.0108,0.0004,-0.0387,0.0267,-0.0028
2026-09-28,TSLA,357.36,2026-09-28T19:59:59.946669191Z,2026-10-23,25,P,240.0,0.671592,TSLA261023P00240000,0.29,0.32,0.305,12,,,0.7115,-0.0124,0.0005,-0.0423,0.0301,-0.0033
2026-09-28,TSLA,357.36,2026-09-28T19:59:59.934579215Z,2026-10-23,25,P,245.0,0.685583,TSLA261023P00245000,0.27,0.31,0.29,17,,,0.6741,-0.0125,0.0005,-0.0403,0.0303,-0.0033
2026-09-28,TSLA,357.36,2026-09-28T19:59:59.701309609Z,2026-10-23,25,P,470.0,1.3152,TSLA261023P00470000,108.6,116.61,112.605,,,,0.6003,-0.9506,0.0018,-0.0666,0.0955,-0.3097
2026-09-28,TSLA,357.36,2026-09-28T19:59:59.431964755Z,2026-10-23,25,P,475.0,1.329192,TSLA261023P00475000,113.39,118.8,116.095,,,,,,,,,
2026-09-28,TSLA,357.36,2026-09-28T19:59:59.427164711Z,2026-10-23,25,P,480.0,1.343183,TSLA261023P00480000,119.98,124.8,122.39,2,,,0.615,-0.9589,0.0015,-0.0518,0.0823,-0.3185
2026-09-28,TSLA,357.36,2026-09-28T19:59:59.699689437Z,2026-10-23,25,P,485.0,1.357175,TSLA261023P00485000,125.84,131.38,128.61,,,,0.7488,-0.9263,0.002,-0.1467,0.1306,-0.3147
2026-09-28,TSLA,357.36,2026-09-28T19:59:59.699689437Z,2026-10-23,25,P,490.0,1.371166,TSLA261023P00490000,127.95,137.56,132.755,,,,0.6934,-0.9491,0.0016,-0.0856,0.0979,-0.3231
2026-09-28,TSLA,357.36,2026-09-28T19:59:58.998690269Z,2026-10-23,25,P,500.0,1.399149,TSLA261023P00500000,137.48,148.73,143.105,1,,,0.765,-0.9413,0.0016,-0.1165,0.1095,-0.3283
2026-09-28,TSLA,357.36,2026-09-28T19:59:58.992305728Z,2026-10-23,25,P,505.0,1.413141,TSLA261023P00505000,142.89,148.96,145.925,,,,,,,,,
2026-09-28,TSLA,357.36,2026-09-28T19:59:59.427164711Z,2026-10-23,25,P,510.0,1.427132,TSLA261023P00510000,149.61,156.48,153.045,,,,0.7966,-0.9442,0.0015,-0.1156,0.1053,-0.3358
2026-09-28,TSLA,357.36,2026-09-28T19:59:59.171740077Z,2026-10-23,25,P,515.0,1.441124,TSLA261023P00515000,154.96,159.48,157.22,,,,0.7197,-0.9666,0.0011,-0.0465,0.0694,-0.3442
2026-09-28,TSLA,357.36,2026-09-28T19:59:59.427229758Z,2026-10-23,25,P,520.0,1.455115,TSLA261023P00520000,158.42,166.84,162.63,,,,0.7893,-0.9555,0.0013,-0.085,0.0878,-0.3452
2026-09-28,TSLA,357.36,2026-09-28T19:59:59.42720972Z,2026-10-23,25,P,525.0,1.469107,TSLA261023P00525000,160.95,170.1,165.525,,,,,,,,,
2026-09-28,TSLA,357.36,2026-09-28T19:59:59.699179488Z,2026-10-23,25,P,530.0,1.483098,TSLA261023P00530000,166.36,173.48,169.92,,,,,,,,,
2026-09-28,TSLA,357.36,2026-09-28T19:59:59.431964755Z,2026-10-23,25,P,535.0,1.49709,TSLA261023P00535000,175.96,182.36,179.16,,,,,,,,,
2026-09-28,TSLA,357.36,2026-09-28T19:59:59.427229758Z,2026-10-23,25,P,540.0,1.511081,TSLA261023P00540000,176.32,186.88,181.6,,,,0.678,-0.9869,0.0005,0.0142,0.0314,-0.3659
2026-09-28,TSLA,357.36,2026-09-28T19:59:59.701150879Z,2026-10-23,25,P,545.0,1.525073,TSLA261023P00545000,185.81,190.64,188.225,,,,,,,,,
2026-09-28,TSLA,357.36,2026-09-28T19:59:59.699374501Z,2026-10-23,25,P,555.0,1.553056,TSLA261023P00555000,194.57,197.02,195.795,,,,,,,,,
2026-09-28,TSLA,357.36,2026-09-28T19:59:59.698520225Z,2026-10-23,25,P,560.0,1.567047,TSLA261023P00560000,198.08,202.34,200.21,,,,,,,,,
2026-09-28,TSLA,357.36,2026-09-28T19:59:59.699239424Z,2026-10-23,25,P,565.0,1.581039,TSLA261023P00565000,207.44,209.52,208.48,,,,,,,,,
2026-09-28,TSLA,357.36,2026-09-28T19:59:59.005890264Z,2026-10-23,25,P,570.0,1.59503,TSLA261023P00570000,211.8,213.3,212.55,,,,,,,,,
2026-09-28,TSLA,357.36,2026-09-28T19:59:59.426764621Z,2026-10-30,32,C,150.0,0.419745,TSLA261030C00150000,208.25,211.92,210.085,,,,,,,,,
2026-09-28,TSLA,357.36,2026-09-28T19:59:59.426874133Z,2026-10-30,32,C,160.0,0.447728,TSLA261030C00160000,191.45,200.41,195.93,,,,,,,,,
2026-09-28,TSLA,357.36,2026-09-28T19:59:59.426748492Z,2026-10-30,32,C,170.0,0.475711,TSLA261030C00170000,188.27,193.98,191.125,2,,,,,,,,
2026-09-28,TSLA,357.36,2026-09-28T19:59:59.431718754Z,2026-10-30,32,C,180.0,0.503694,TSLA261030C00180000,175.37,185.15,180.26,6,,,,,,,,
2026-09-28,TSLA,357.36,2026-09-28T19:59:59.999815377Z,2026-10-30,32,C,190.0,0.531677,TSLA261030C00190000,167.61,174.98,171.295,1,,,,,,,,
2026-09-28,TSLA,357.36,2026-09-28T19:59:59.42677839Z,2026-10-30,32,C,200.0,0.55966,TSLA261030C00200000,152.8,164.52,158.66,1,,,,,,,,
2026-09-28,TSLA,357.36,2026-09-28T19:59:59.431694791Z,2026-10-30,32,C,210.0,0.587643,TSLA261030C00210000,145.86,151.83,148.845,,,,,,,,,
2026-09-28,TSLA,357.36,2026-09-28T19:59:59.998786077Z,2026-10-30,32,C,220.0,0.615626,TSLA261030C00220000,133.16,140.15,136.655,,,,,,,,,
2026-09-28,TSLA,357.36,2026-09-28T19:59:59.295554047Z,2026-10-30,32,C,230.0,0.643609,TSLA261030C00230000,125.91,130.759,128.3345,,,,0.691,0.9884,0.0004,-0.0585,0.032,0.1971
2026-09-28,TSLA,357.36,2026-09-28T19:59:59.295554047Z,2026-10-30,32,C,235.0,0.6576,TSLA261030C00235000,122.58,129.25,125.915,3,,,0.9945,0.9431,0.0011,-0.2104,0.1209,0.185
2026-09-28,TSLA,357.36,2026-09-28T19:59:59.607063206Z,2026-10-30,32,C,240.0,0.671592,TSLA261030C00240000,117.13,120.91,119.02,,,,0.7581,0.9712,0.0008,-0.1066,0.0695,0.1998
2026-09-28,TSLA,357.36,2026-09-28T19:59:59.607057755Z,2026-10-30,32,C,245.0,0.685583,TSLA261030C00245000,109.95,119.33,114.64,,,,0.7971,0.9582,0.0011,-0.1419,0.0944,0.1996
2026-09-28,TSLA,357.36,2026-09-28T19:59:59.930901471Z,2026-10-30,32,C,470.0,1.3152,TSLA261030C00470000,0.93,0.98,0.955,49,,,0.5163,0.045,0.0017,-0.0824,0.1002,0.0132
2026-09-28,TSLA,357.36,2026-09-28T19:59:59.428353383Z,2026-10-30,32,C,475.0,1.329192,TSLA261030C00475000,0.8,0.89,0.845,121,,,0.5206,0.0401,0.0016,-0.0758,0.0914,0.0118
2026-09-28,TSLA,357.36,2026-09-28T19:59:59.442363477Z,2026-10-30,32,C,480.0,1.343183,TSLA261030C00480000,0.76,0.77,0.765,65,,,0.5268,0.0364,0.0014,-0.0708,0.0844,0.0107
2026-09-28,TSLA,357.36,2026-09-28T19:59:59.651948029Z,2026-10-30,32,C,485.0,1.357175,TSLA261030C00485000,0.65,0.7,0.675,33,,,0.5305,0.0324,0.0013,-0.0648,0.0768,0.0096
2026-09-28,TSLA,357.36,2026-09-28T19:59:59.929596227Z,2026-10-30,32,C,490.0,1.371166,TSLA261030C00490000,0.63,0.68,0.655,11,,,0.5424,0.031,0.0012,-0.0638,0.074,0.0091
2026-09-28,TSLA,357.36,2026-09-28T19:59:59.46281814Z,2026-10-30,32,C,500.0,1.399149,TSLA261030C00500000,0.5,0.58,0.54,248,,,0.5536,0.0257,0.001,-0.0556,0.0633,0.0076
2026-09-28,TSLA,357.36,2026-09-28T19:59:59.928356627Z,2026-10-30,32,C,505.0,1.413141,TSLA261030C00505000,0.5,0.53,0.515,9,,,0.5631,0.0243,0.001,-0.054,0.0603,0.0072
2026-09-28,TSLA,357.36,2026-09-28T19:59:59.928356627Z,2026-10-30,32,C,510.0,1.427132,TSLA261030C00510000,0.46,0.5,0.48,113,,,0.5704,0.0226,0.0009,-0.0514,0.0567,0.0066
2026-09-28,TSLA,357.36,2026-09-28T19:59:59.989385784Z,2026-10-30,32,C,515.0,1.441124,TSLA261030C00515000,0.43,0.47,0.45,10,,,0.5779,0.0211,0.0008,-0.0491,0.0535,0.0062
2026-09-28,TSLA,357.36,2026-09-28T19:59:59.989380479Z,2026-10-30,32,C,520.0,1.455115,TSLA261030C00520000,0.36,0.4,0.38,10,,,0.5766,0.0181,0.0007,-0.0431,0.0472,0.0054
2026-09-28,TSLA,357.36,2026-09-28T19:59:59.92818171Z,2026-10-30,32,C,525.0,1.469107,TSLA261030C00525000,0.33,0.37,0.35,6,,,0.5823,0.0167,0.0007,-0.0406,0.044,0.0049
2026-09-28,TSLA,357.36,2026-09-28T19:59:59.983960416Z,2026-10-30,32,C,530.0,1.483098,TSLA261030C00530000,0.35,0.39,0.37,8,,,0.599,0.0172,0.0007,-0.0427,0.045,0.005
2026-09-28,TSLA,357.36,2026-09-28T19:59:59.928175765Z,2026-10-30,32,C,535.0,1.49709,TSLA261030C00535000,0.29,0.32,0.305,10,,,0.5953,0.0145,0.0006,-0.0367,0.0389,0.0043
2026-09-28,TSLA,357.36,2026-09-28T19:59:59.928160997Z,2026-10-30,32,C,540.0,1.511081,TSLA261030C00540000,0.31,0.34,0.325,123,,,0.6121,0.015,0.0006,-0.0388,0.04,0.0044
2026-09-28,TSLA,357.36,2026-09-28T19:59:59.863056137Z,2026-10-30,32,C,545.0,1.525073,TSLA261030C00545000,0.25,0.33,0.29,2,,,0.6144,0.0135,0.0005,-0.0356,0.0366,0.004
2026-09-28,TSLA,357.36,2026-09-28T19:59:59.634457943Z,2026-10-30,32,C,555.0,1.553056,TSLA261030C00555000,0.22,0.26,0.24,1,,,0.6219,0.0112,0.0004,-0.0308,0.0312,0.0033
2026-09-28,TSLA,357.36,2026-09-28T19:59:59.641988015Z,2026-10-30,32,C,560.0,1.567047,TSLA261030C00560000,0.21,0.24,0.225,1,,,0.6278,0.0105,0.0004,-0.0293,0.0295,0.0031
2026-09-28,TSLA,357.36,2026-09-28T19:59:59.928150933Z,2026-10-30,32,C,565.0,1.581039,TSLA261030C00565000,0.2,0.23,0.215,2,,,0.6349,0.01,0.0004,-0.0283,0.0282,0.0029
2026-09-28,TSLA,357.36,2026-09-28T19:59:58.892486066Z,2026-10-30,32,C,570.0,1.59503,TSLA261030C00570000,0.22,0.26,0.24,3,,,0.6541,0.0108,0.0004,-0.0311,0.0301,0.0032
2026-09-28,TSLA,357.36,2026-09-28T19:59:59.929516453Z,2026-10-30,32,P,150.0,0.419745,TSLA261030P00150000,0.03,0.11,0.07,7,,,,,,,,
2026-09-28,TSLA,357.36,2026-09-28T19:59:59.611524569Z,2026-10-30,32,P,160.0,0.447728,TSLA261030P00160000,0.05,0.08,0.065,1,,,,,,,,
2026-09-28,TSLA,357.36,2026-09-28T19:59:59.806040052Z,2026-10-30,32,P,170.0,0.475711,TSLA261030P00170000,0.06,0.14,0.1,2,,,,,,,,
2026-09-28,TSLA,357.36,2026-09-28T19:59:59.590824303Z,2026-10-30,32,P,180.0,0.503694,TSLA261030P00180000,0.08,0.12,0.1,1,,,,,,,,
2026-09-28,TSLA,357.36,2026-09-28T19:59:59.678259331Z,2026-10-30,32,P,190.0,0.531677,TSLA261030P00190000,0.11,0.19,0.15,6,,,,,,,,
2026-09-28,TSLA,357.36,2026-09-28T19:59:59.923875574Z,2026-10-30,32,P,200.0,0.55966,TSLA261030P00200000,0.14,0.18,0.16,9,,,,,,,,
2026-09-28,TSLA,357.36,2026-09-28T19:59:59.539688619Z,2026-10-30,32,P,210.0,0.587643,TSLA261030P00210000,0.17,0.24,0.205,7,,,0.7731,-0.0071,0.0002,-0.025,0.021,-0.0024
2026-09-28,TSLA,357.36,2026-09-28T19:59:59.989666666Z,2026-10-30,32,P,220.0,0.615626,TSLA261030P00220000,0.22,0.26,0.24,18,,,0.7266,-0.0087,0.0003,-0.0281,0.025,-0.0029
2026-09-28,TSLA,357.36,2026-09-28T19:59:59.476564046Z,2026-10-30,32,P,230.0,0.643609,TSLA261030P00230000,0.26,0.31,0.285,31,,,0.6826,-0.0108,0.0004,-0.0318,0.0302,-0.0036
2026-09-28,TSLA,357.36,2026-09-28T19:59:59.57784381Z,2026-10-30,32,P,235.0,0.6576,TSLA261030P00235000,0.29,0.37,0.33,1,,,0.6666,-0.0126,0.0005,-0.0354,0.0345,-0.0042
2026-09-28,TSLA,357.36,2026-09-28T19:59:59.925906649Z,2026-10-30,32,P,240.0,0.671592,TSLA261030P00240000,0.32,0.37,0.345,7,,,0.6412,-0.0136,0.0005,-0.0364,0.0369,-0.0046
2026-09-28,TSLA,357.36,2026-09-28T19:59:59.989605899Z,2026-10-30,32,P,245.0,0.685583,TSLA261030P00245000,0.4,0.41,0.405,5,,,0.6269,-0.0161,0.0006,-0.0409,0.0425,-0.0054
2026-09-28,TSLA,357.36,2026-09-28T19:59:59.673689893Z,2026-10-30,32,P,470.0,1.3152,TSLA261030P00470000,111.66,117.23,114.445,1,,,0.6747,-0.8955,0.0025,-0.1557,0.1917,-0.3808
2026-09-28,TSLA,357.36,2026-09-28T19:59:59.276007197Z,2026-10-30,32,P,475.0,1.329192,TSLA261030P00475000,113.74,118.47,116.105,6,,,,,,,,
2026-09-28,TSLA,357.36,2026-09-28T19:59:59.516429591Z,2026-10-30,32,P,480.0,1.343183,TSLA261030P00480000,117.17,125.93,121.55,,,,0.4792,-0.9765,0.0011,0.0063,0.0586,-0.4124
2026-09-28,TSLA,357.36,2026-09-28T19:59:59.898140382Z,2026-10-30,32,P,485.0,1.357175,TSLA261030P00485000,123.16,129.03,126.095,,,,,,,,,
2026-09-28,TSLA,357.36,2026-09-28T19:59:58.866335679Z,2026-10-30,32,P,490.0,1.371166,TSLA261030P00490000,131.23,137.88,134.555,,,,0.7573,-0.9001,0.0022,-0.1709,0.1855,-0.3999
2026-09-28,TSLA,357.36,2026-09-28T19:59:59.426863196Z,2026-10-30,32,P,500.0,1.399149,TSLA261030P00500000,141.03,145.22,143.125,1,,,0.7051,-0.9318,0.0018,-0.1025,0.1391,-0.4173
2026-09-28,TSLA,357.36,2026-09-28T19:59:58.969200768Z,2026-10-30,32,P,505.0,1.413141,TSLA261030P00505000,141.22,149.12,145.17,,,,,,,,,
2026-09-28,TSLA,357.36,2026-09-28T19:59:58.622194267Z,2026-10-30,32,P,510.0,1.427132,TSLA261030P00510000,149.72,154.14,151.93,,,,0.631,-0.9636,0.0012,-0.0304,0.0845,-0.435
2026-09-28,TSLA,357.36,2026-09-28T19:59:58.993055884Z,2026-10-30,32,P,515.0,1.441124,TSLA261030P00515000,154.03,157.88,155.955,,,,,,,,,
2026-09-28,TSLA,357.36,2026-09-28T19:59:58.622229026Z,2026-10-30,32,P,520.0,1.455115,TSLA261030P00520000,159.13,167.48,163.305,,,,0.7854,-0.931,0.0016,-0.1195,0.1404,-0.4348
2026-09-28,TSLA,357.36,2026-09-28T19:59:59.431718658Z,2026-10-30,32,P,525.0,1.469107,TSLA261030P00525000,162.69,172.57,167.63,,,,0.7489,-0.9463,0.0014,-0.0812,0.1155,-0.4433
2026-09-28,TSLA,357.36,2026-09-28T19:59:59.426813777Z,2026-10-30,32,P,530.0,1.483098,TSLA261030P00530000,167.99,174.88,171.435,,,,0.6214,-0.979,0.0008,0.0037,0.0534,-0.4569
2026-09-28,TSLA,357.36,2026-09-28T19:59:59.426848112Z,2026-10-30,32,P,535.0,1.49709,TSLA261030P00535000,171.26,182.71,176.985,,,,0.7159,-0.9627,0.0011,-0.0407,0.0861,-0.4567
2026-09-28,TSLA,357.36,2026-09-28T19:59:59.431708061Z,2026-10-30,32,P,540.0,1.511081,TSLA261030P00540000,180.66,188.05,184.355,,,,0.9194,-0.9145,0.0016,-0.183,0.1653,-0.448
2026-09-28,TSLA,357.36,2026-09-28T19:59:59.469598675Z,2026-10-30,32,P,545.0,1.525073,TSLA261030P00545000,184.48,193.79,189.135,,,,0.9219,-0.919,0.0015,-0.1735,0.1587,-0.4536
2026-09-28,TSLA,357.36,2026-09-28T19:59:58.990810784Z,2026-10-30,32,P,555.0,1.553056,TSLA261030P00555000,192.49,199,195.745,,,,,,,,,
2026-09-28,TSLA,357.36,2026-09-28T19:59:59.494243448Z,2026-10-30,32,P,560.0,1.567047,TSLA261030P00560000,197.55,203.45,200.5,,,,,,,,,
2026-09-28,TSLA,357.36,2026-09-28T19:59:59.517233419Z,2026-10-30,32,P,565.0,1.581039,TSLA261030P00565000,206.29,208.05,207.17,,,,0.8259,-0.9589,0.001,-0.0616,0.0931,-0.482
2026-09-28,TSLA,357.36,2026-09-28T19:59:59.426723428Z,2026-10-30,32,P,570.0,1.59503,TSLA261030P00570000,205.71,218.61,212.16,,,,0.8393,-0.9593,0.001,-0.0622,0.0925,-0.4864
2026-09-28,USO,149.99,2026-09-28T19:59:59.369734798Z,2026-10-23,25,C,60.0,0.400027,USO261023C00060000,87.14,92.6,89.87,,,,,,,,,
2026-09-28,USO,149.99,2026-09-28T19:59:59.475445235Z,2026-10-23,25,C,65.0,0.433362,USO261023C00065000,81.81,88.19,85.0,,,,,,,,,
2026-09-28,USO,149.99,2026-09-28T19:59:59.808279594Z,2026-10-23,25,C,70.0,0.466698,USO261023C00070000,76.7,81.94,79.32,,,,,,,,,
2026-09-28,USO,149.99,2026-09-28T19:59:59.467576857Z,2026-10-23,25,C,75.0,0.500033,USO261023C00075000,73.73,76.21,74.97,,,,,,,,,
2026-09-28,USO,149.99,2026-09-28T19:59:59.720074763Z,2026-10-23,25,C,80.0,0.533369,USO261023C00080000,68.12,73.18,70.65,,,,,,,,,
2026-09-28,USO,149.99,2026-09-28T19:59:59.476311019Z,2026-10-23,25,C,85.0,0.566704,USO261023C00085000,63.52,67.28,65.4,2,,,,,,,,
2026-09-28,USO,149.99,2026-09-28T19:59:59.371934584Z,2026-10-23,25,C,90.0,0.60004,USO261023C00090000,58.7,61.57,60.135,2,,,,,,,,
2026-09-28,USO,149.99,2026-09-28T19:59:59.373510209Z,2026-10-23,25,C,95.0,0.633376,USO261023C00095000,52.38,56.59,54.485,,,,,,,,,
2026-09-28,USO,149.99,2026-09-28T19:59:59.470465355Z,2026-10-23,25,C,100.0,0.666711,USO261023C00100000,47.33,51.96,49.645,28,,,,,,,,
2026-09-28,USO,149.99,2026-09-28T19:59:59.971523858Z,2026-10-23,25,C,195.0,1.300087,USO261023C00195000,0.54,0.68,0.61,34,,,0.6105,0.0623,0.0051,-0.0598,0.0482,0.006
2026-09-28,USO,149.99,2026-09-28T19:59:59.718529309Z,2026-10-23,25,C,200.0,1.333422,USO261023C00200000,0.47,0.52,0.495,106,,,0.6296,0.0507,0.0042,-0.0524,0.041,0.0049
2026-09-28,USO,149.99,2026-09-28T19:59:59.71978507Z,2026-10-23,25,C,205.0,1.366758,USO261023C00205000,0.19,0.42,0.305,56,,,0.6169,0.0338,0.0031,-0.0369,0.0295,0.0033
2026-09-28,USO,149.99,2026-09-28T19:59:59.977418858Z,2026-10-23,25,C,210.0,1.400093,USO261023C00210000,0.28,0.35,0.315,112,,,0.6591,0.0329,0.0028,-0.0385,0.0289,0.0032
2026-09-28,USO,149.99,2026-09-28T19:59:59.418489851Z,2026-10-23,25,C,215.0,1.433429,USO261023C00215000,0.17,0.33,0.25,3,,,0.6716,0.0264,0.0023,-0.0327,0.024,0.0025
2026-09-28,USO,149.99,2026-09-28T19:59:59.84474918Z,2026-10-23,25,C,220.0,1.466764,USO261023C00220000,0.18,0.33,0.255,4,,,0.709,0.0257,0.0021,-0.0337,0.0235,0.0025
2026-09-28,USO,149.99,2026-09-28T19:59:58.815515277Z,2026-10-23,25,P,60.0,0.400027,USO261023P00060000,0,2.1,1.05,,,,,,,,,
2026-09-28,USO,149.99,2026-09-28T19:59:58.815175271Z,2026-10-23,25,P,65.0,0.433362,USO261023P00065000,0,2.11,1.055,,,,,,,,,
2026-09-28,USO,149.99,2026-09-28T19:59:58.649095901Z,2026-10-23,25,P,70.0,0.466698,USO261023P00070000,0,2.11,1.055,,,,,,,,,
2026-09-28,USO,149.99,2026-09-28T19:59:58.825415258Z,2026-10-23,25,P,75.0,0.500033,USO261023P00075000,0,2.15,1.075,,,,,,,,,
2026-09-28,USO,149.99,2026-09-28T19:24:49.642377562Z,2026-10-23,25,P,80.0,0.533369,USO261023P00080000,0,0.03,0.015,2,,,,,,,,
2026-09-28,USO,149.99,2026-09-28T19:24:43.947705338Z,2026-10-23,25,P,85.0,0.566704,USO261023P00085000,0,0.03,0.015,,,,,,,,,
2026-09-28,USO,149.99,2026-09-28T19:59:59.402239658Z,2026-10-23,25,P,90.0,0.60004,USO261023P00090000,0,0.2,0.1,1,,,,,,,,
2026-09-28,USO,149.99,2026-09-28T19:59:59.373510209Z,2026-10-23,25,P,95.0,0.633376,USO261023P00095000,0.01,0.17,0.09,1,,,0.7689,-0.0084,0.0008,-0.0137,0.009,-0.0009
2026-09-28,USO,149.99,2026-09-28T19:59:59.921314101Z,2026-10-23,25,P,100.0,0.666711,USO261023P00100000,0.09,0.15,0.12,1,,,0.7192,-0.0116,0.0011,-0.0169,0.0119,-0.0013
2026-09-28,USO,149.99,2026-09-28T19:59:59.297989909Z,2026-10-23,25,P,195.0,1.300087,USO261023P00195000,45.64,47.58,46.61,1,,,0.8561,-0.8509,0.0069,-0.1378,0.0913,-0.1195
2026-09-28,USO,149.99,2026-09-28T19:59:58.425135797Z,2026-10-23,25,P,200.0,1.333422,USO261023P00200000,50.15,51.22,50.685,,,,0.7975,-0.8951,0.0058,-0.0943,0.0715,-0.1268
2026-09-28,USO,149.99,2026-09-28T19:59:59.403009951Z,2026-10-23,25,P,205.0,1.366758,USO261023P00205000,54.09,57.11,55.6,,,,0.836,-0.903,0.0052,-0.0925,0.0675,-0.131
2026-09-28,USO,149.99,2026-09-28T19:59:59.297989909Z,2026-10-23,25,P,210.0,1.400093,USO261023P00210000,59.63,61.41,60.52,,,,0.8725,-0.9101,0.0047,-0.0904,0.0638,-0.1351
2026-09-28,USO,149.99,2026-09-28T19:59:59.297989909Z,2026-10-23,25,P,215.0,1.433429,USO261023P00215000,63.65,67.7,65.675,3,,,0.9435,-0.9062,0.0045,-0.1028,0.0658,-0.1382
2026-09-28,USO,149.99,2026-09-28T19:59:59.944568817Z,2026-10-23,25,P,220.0,1.466764,USO261023P00220000,68.26,72.48,70.37,,,,0.9393,-0.9219,0.004,-0.0856,0.0574,-0.1431
2026-09-28,USO,149.99,2026-09-28T19:59:59.470319807Z,2026-10-30,32,C,60.0,0.400027,USO261030C00060000,87.78,90.58,89.18,1,,,,,,,,
2026-09-28,USO,149.99,2026-09-28T19:59:59.470038756Z,2026-10-30,32,C,65.0,0.433362,USO261030C00065000,83.93,86.94,85.435,,,,,,,,,
2026-09-28,USO,149.99,2026-09-28T19:59:59.530654001Z,2026-10-30,32,C,70.0,0.466698,USO261030C00070000,77.74,82.09,79.915,,,,,,,,,
2026-09-28,USO,149.99,2026-09-28T19:59:59.431170055Z,2026-10-30,32,C,75.0,0.500033,USO261030C00075000,73.08,75.27,74.175,,,,,,,,,
2026-09-28,USO,149.99,2026-09-28T19:59:59.469994357Z,2026-10-30,32,C,80.0,0.533369,USO261030C00080000,67.12,71.35,69.235,,,,,,,,,
2026-09-28,USO,149.99,2026-09-28T19:59:59.719497892Z,2026-10-30,32,C,85.0,0.566704,USO261030C00085000,62.04,65.91,63.975,,,,,,,,,
2026-09-28,USO,149.99,2026-09-28T19:59:59.720883652Z,2026-10-30,32,C,90.0,0.60004,USO261030C00090000,57.81,61.46,59.635,1,,,,,,,,
2026-09-28,USO,149.99,2026-09-28T19:59:59.915706975Z,2026-10-30,32,C,95.0,0.633376,USO261030C00095000,53.77,57.76,55.765,1,,,0.7682,0.984,0.0012,-0.0312,0.0178,0.0807
2026-09-28,USO,149.99,2026-09-28T19:59:59.722895115Z,2026-10-30,32,C,100.0,0.666711,USO261030C00100000,48.72,51.67,50.195,2,,,,,,,,
2026-09-28,USO,149.99,2026-09-28T19:59:59.986857278Z,2026-10-30,32,C,195.0,1.300087,USO261030C00195000,0.85,0.95,0.9,21,,,0.5861,0.0813,0.0058,-0.0625,0.0669,0.0099
2026-09-28,USO,149.99,2026-09-28T19:59:59.986857278Z,2026-10-30,32,C,200.0,1.333422,USO261030C00200000,0.65,0.81,0.73,7,,,0.6005,0.0667,0.0048,-0.055,0.0575,0.0081
2026-09-28,USO,149.99,2026-09-28T19:59:59.298234426Z,2026-10-30,32,C,205.0,1.366758,USO261030C00205000,0.42,0.75,0.585,8,,,0.6123,0.0542,0.004,-0.0476,0.0489,0.0066
2026-09-28,USO,149.99,2026-09-28T19:59:59.924642453Z,2026-10-30,32,C,210.0,1.400093,USO261030C00210000,0.23,0.58,0.405,21,,,0.607,0.0396,0.0032,-0.0367,0.0381,0.0049
2026-09-28,USO,149.99,2026-09-28T19:59:58.589568627Z,2026-10-30,32,C,215.0,1.433429,USO261030C00215000,0.35,0.72,0.535,5,,,0.6736,0.0464,0.0032,-0.0462,0.0432,0.0056
2026-09-28,USO,149.99,2026-09-28T19:59:59.956686767Z,2026-10-30,32,C,220.0,1.466764,USO261030C00220000,0.31,0.38,0.345,60,,,0.6563,0.0323,0.0025,-0.0335,0.0322,0.004
2026-09-28,USO,149.99,2026-09-28T19:59:59.044296053Z,2026-10-30,32,P,60.0,0.400027,USO261030P00060000,0,2.09,1.045,,,,,,,,,
2026-09-28,USO,149.99,2026-09-28T19:59:58.813581834Z,2026-10-30,32,P,65.0,0.433362,USO261030P00065000,0,2.16,1.08,,,,,,,,,
2026-09-28,USO,149.99,2026-09-28T19:25:04.93567175Z,2026-10-30,32,P,70.0,0.466698,USO261030P00070000,0,0.07,0.035,,,,,,,,,
2026-09-28,USO,149.99,2026-09-28T19:25:04.931562649Z,2026-10-30,32,P,75.0,0.500033,USO261030P00075000,0,0.03,0.015,1,,,,,,,,
2026-09-28,USO,149.99,2026-09-28T19:25:22.262283247Z,2026-10-30,32,P,80.0,0.533369,USO261030P00080000,0,0.07,0.035,4,,,,,,,,
2026-09-28,USO,149.99,2026-09-28T19:59:57.121783704Z,2026-10-30,32,P,85.0,0.566704,USO261030P00085000,0,2.14,1.07,1,,,,,,,,
2026-09-28,USO,149.99,2026-09-28T19:59:59.467583974Z,2026-10-30,32,P,90.0,0.60004,USO261030P00090000,0,2.21,1.105,21,,,,,,,,
2026-09-28,USO,149.99,2026-09-28T19:59:59.938277429Z,2026-10-30,32,P,95.0,0.633376,USO261030P00095000,0.01,0.38,0.195,1,,,0.7587,-0.0151,0.0011,-0.0198,0.0169,-0.0022
2026-09-28,USO,149.99,2026-09-28T19:59:59.937336927Z,2026-10-30,32,P,100.0,0.666711,USO261030P00100000,0.17,0.44,0.305,212,,,0.7354,-0.0231,0.0017,-0.0275,0.0243,-0.0033
2026-09-28,USO,149.99,2026-09-28T19:59:59.298085325Z,2026-10-30,32,P,195.0,1.300087,USO261030P00195000,44.38,46.41,45.395,4,,,0.6391,-0.8972,0.0063,-0.0603,0.0797,-0.158
2026-09-28,USO,149.99,2026-09-28T19:59:59.298085325Z,2026-10-30,32,P,200.0,1.333422,USO261030P00200000,49.27,51.92,50.595,,,,0.7109,-0.8921,0.0059,-0.0719,0.0825,-0.1619
2026-09-28,USO,149.99,2026-09-28T19:59:59.298085325Z,2026-10-30,32,P,205.0,1.366758,USO261030P00205000,54.49,58.2,56.345,,,,0.8417,-0.8663,0.0058,-0.1063,0.0959,-0.1635
2026-09-28,USO,149.99,2026-09-28T19:59:59.298085325Z,2026-10-30,32,P,210.0,1.400093,USO261030P00210000,59.57,61.68,60.625,,,,0.8046,-0.8984,0.005,-0.0784,0.079,-0.1715
2026-09-28,USO,149.99,2026-09-28T19:59:59.298085325Z,2026-10-30,32,P,215.0,1.433429,USO261030P00215000,64.4,66.82,65.61,,,,0.8454,-0.902,0.0046,-0.0801,0.0769,-0.1763
2026-09-28,USO,149.99,2026-09-28T19:59:58.634892368Z,2026-10-30,32,P,220.0,1.466764,USO261030P00220000,70.22,71.19,70.705,,,,0.8991,-0.9009,0.0044,-0.087,0.0775,-0.1806
2026-09-29,AAPL,329.605,2026-09-29T19:41:16.632815878Z,2026-10-23,24,C,210.0,0.637126,AAPL261023C00210000,121.02,122.45,121.735,1,,,,,,,,
2026-09-29,AAPL,329.605,2026-09-29T19:41:16.631636549Z,2026-10-23,24,C,215.0,0.652296,AAPL261023C00215000,113.54,117.7,115.62,16,,,0.8377,0.9825,0.0006,-0.0859,0.0365,0.1369
2026-09-29,AAPL,329.605,2026-09-29T19:41:16.631505971Z,2026-10-23,24,C,220.0,0.667466,AAPL261023C00220000,108.69,113.17,110.93,1,,,0.8652,0.9741,0.0008,-0.1141,0.0509,0.1382
2026-09-29,AAPL,329.605,2026-09-29T19:41:16.631505971Z,2026-10-23,24,C,225.0,0.682635,AAPL261023C00225000,103.5,109.02,106.26,1,,,0.8781,0.9656,0.001,-0.1404,0.0644,0.1394
2026-09-29,AAPL,329.605,2026-09-29T19:41:11.36243483Z,2026-10-23,24,P,210.0,0.637126,AAPL261023P00210000,0,0.4,0.2,,,,,,,,,
2026-09-29,AAPL,329.605,2026-09-29T19:41:16.639326573Z,2026-10-23,24,P,215.0,0.652296,AAPL261023P00215000,0,0.38,0.19,5,,,,,,,,
2026-09-29,AAPL,329.605,2026-09-29T19:41:16.63932099Z,2026-10-23,24,P,220.0,0.667466,AAPL261023P00220000,0.01,0.09,0.05,64,,,0.5969,-0.0031,0.0002,-0.0099,0.008,-0.0007
2026-09-29,AAPL,329.605,2026-09-29T19:38:37.562607849Z,2026-10-23,24,P,225.0,0.682635,AAPL261023P00225000,0.03,0.07,0.05,132,,,0.5667,-0.0033,0.0002,-0.0098,0.0084,-0.0007
2026-09-29,AAPL,329.605,2026-09-29T19:41:16.769835976Z,2026-10-30,31,C,210.0,0.637126,AAPL261030C00210000,119.19,124.21,121.7,1,,,,,,,,
2026-09-29,AAPL,329.605,2026-09-29T19:41:16.645350566Z,2026-10-30,31,C,215.0,0.652296,AAPL261030C00215000,116.63,118.2,117.415,20,,,0.9743,0.9514,0.0011,-0.1732,0.0969,0.1666
2026-09-29,AAPL,329.605,2026-09-29T19:41:15.984947134Z,2026-10-30,31,C,220.0,0.667466,AAPL261030C00220000,111.41,114.08,112.745,20,,,0.9613,0.9446,0.0012,-0.1878,0.1074,0.1687
2026-09-29,AAPL,329.605,2026-09-29T19:41:16.635791629Z,2026-10-30,31,C,225.0,0.682635,AAPL261030C00225000,104.8,108.28,106.54,1,,,0.7886,0.9633,0.0011,-0.1207,0.0772,0.1792
2026-09-29,AAPL,329.605,2026-09-29T19:41:16.637111098Z,2026-10-30,31,P,210.0,0.637126,AAPL261030P00210000,0,0.19,0.095,,,,,,,,,
2026-09-29,AAPL,329.605,2026-09-29T19:41:16.639300343Z,2026-10-30,31,P,215.0,0.652296,AAPL261030P00215000,0,0.15,0.075,3,,,,,,,,
2026-09-29,AAPL,329.605,2026-09-29T19:41:16.65608074Z,2026-10-30,31,P,220.0,0.667466,AAPL261030P00220000,0.03,0.05,0.04,16,,,0.5142,-0.0026,0.0002,-0.0063,0.0077,-0.0008
2026-09-29,AAPL,329.605,2026-09-29T19:41:08.791471751Z,2026-10-30,31,P,225.0,0.682635,AAPL261030P00225000,0.03,0.09,0.06,10,,,0.5093,-0.0038,0.0002,-0.0088,0.0109,-0.0011
2026-09-29,NVDA,228.03,2026-09-29T19:41:22.68843888Z,2026-10-23,24,C,130.0,0.5701,NVDA261023C00130000,95.08,103.19,99.135,9,,,,,,,,
2026-09-29,NVDA,228.03,2026-09-29T19:41:22.689181943Z,2026-10-23,24,C,135.0,0.592027,NVDA261023C00135000,91.96,96.07,94.015,1,,,,,,,,
2026-09-29,NVDA,228.03,2026-09-29T19:41:22.688187121Z,2026-10-23,24,C,140.0,0.613954,NVDA261023C00140000,88.54,93.42,90.98,1,,,,,,,,
2026-09-29,NVDA,228.03,2026-09-29T19:41:22.688187121Z,2026-10-23,24,C,145.0,0.635881,NVDA261023C00145000,83.49,88.61,86.05,1,,,,,,,,
2026-09-29,NVDA,228.03,2026-09-29T19:41:22.942247823Z,2026-10-23,24,C,150.0,0.657808,NVDA261023C00150000,76.67,81.84,79.255,3,,,0.9859,0.9634,0.0014,-0.1111,0.0468,0.0923
2026-09-29,NVDA,228.03,2026-09-29T19:41:22.688187121Z,2026-10-23,24,C,155.0,0.679735,NVDA261023C00155000,71.31,78.34,74.825,7,,,,,,,,
2026-09-29,NVDA,228.03,2026-09-29T19:41:22.395871191Z,2026-10-23,24,C,300.0,1.315616,NVDA261023C00300000,0.01,0.06,0.035,60,,,0.4024,0.0049,0.0006,-0.007,0.0082,0.0007
2026-09-29,NVDA,228.03,2026-09-29T19:41:22.217150036Z,2026-10-23,24,C,305.0,1.337543,NVDA261023C00305000,0.03,0.06,0.045,1,,,0.4353,0.0057,0.0006,-0.0088,0.0095,0.0008
2026-09-29,NVDA,228.03,2026-09-29T19:41:22.723302168Z,2026-10-23,24,C,310.0,1.35947,NVDA261023C00310000,0.01,0.05,0.03,1416,,,0.4379,0.0039,0.0005,-0.0063,0.0068,0.0006
2026-09-29,NVDA,228.03,2026-09-29T19:41:22.724907348Z,2026-10-23,24,C,315.0,1.381397,NVDA261023C00315000,0,0.01,0.005,60,,,,,,,,
2026-09-29,NVDA,228.03,2026-09-29T18:10:45.27591314Z,2026-10-23,24,C,320.0,1.403324,NVDA261023C00320000,0,0.03,0.015,63,,,,,,,,
2026-09-29,NVDA,228.03,2026-09-29T18:09:51.330844402Z,2026-10-23,24,C,325.0,1.425251,NVDA261023C00325000,0,0.01,0.005,58,,,,,,,,
2026-09-29,NVDA,228.03,2026-09-29T18:23:01.464502263Z,2026-10-23,24,C,330.0,1.447178,NVDA261023C00330000,0,0.01,0.005,10,,,,,,,,
2026-09-29,NVDA,228.03,2026-09-29T19:41:21.190263609Z,2026-10-23,24,P,130.0,0.5701,NVDA261023P00130000,0.06,0.09,0.075,4,,,,,,,,
2026-09-29,NVDA,228.03,2026-09-29T19:41:21.671235676Z,2026-10-23,24,P,135.0,0.592027,NVDA261023P00135000,0.07,0.1,0.085,1,,,,,,,,
2026-09-29,NVDA,228.03,2026-09-29T19:41:21.190093546Z,2026-10-23,24,P,140.0,0.613954,NVDA261023P00140000,0.04,0.1,0.07,1,,,0.7646,-0.0047,0.0003,-0.0126,0.008,-0.0008
2026-09-29,NVDA,228.03,2026-09-29T19:41:22.571224015Z,2026-10-23,24,P,145.0,0.635881,NVDA261023P00145000,0.09,0.11,0.1,10,,,0.7455,-0.0067,0.0004,-0.0168,0.0109,-0.0011
2026-09-29,NVDA,228.03,2026-09-29T19:41:23.391897317Z,2026-10-23,24,P,150.0,0.657808,NVDA261023P00150000,0.06,0.13,0.095,1,,,0.6906,-0.0068,0.0005,-0.0159,0.0112,-0.0011
2026-09-29,NVDA,228.03,2026-09-29T19:41:22.727739647Z,2026-10-23,24,P,155.0,0.679735,NVDA261023P00155000,0.11,0.14,0.125,4,,,0.6649,-0.0091,0.0006,-0.0196,0.0143,-0.0014
2026-09-29,NVDA,228.03,2026-09-29T19:41:22.395874057Z,2026-10-23,24,P,300.0,1.315616,NVDA261023P00300000,69.13,73.86,71.495,,,,0.4964,-0.981,0.0016,0.0033,0.0271,-0.194
2026-09-29,NVDA,228.03,2026-09-29T19:41:22.397883274Z,2026-10-23,24,P,305.0,1.337543,NVDA261023P00305000,73.58,79.8,76.69,,,,0.5832,-0.9683,0.0021,-0.019,0.0417,-0.1955
2026-09-29,NVDA,228.03,2026-09-29T19:41:22.407883311Z,2026-10-23,24,P,310.0,1.35947,NVDA261023P00310000,80.02,84.41,82.215,,,,0.7104,-0.9433,0.0027,-0.0669,0.0666,-0.1954
2026-09-29,NVDA,228.03,2026-09-29T19:41:22.69606453Z,2026-10-23,24,P,315.0,1.381397,NVDA261023P00315000,84.37,89.01,86.69,,,,0.642,-0.9691,0.0019,-0.0218,0.0408,-0.2022
2026-09-29,NVDA,228.03,2026-09-29T19:41:22.404418434Z,2026-10-23,24,P,320.0,1.403324,NVDA261023P00320000,88.16,93.9,91.03,,,,,,,,,
2026-09-29,NVDA,228.03,2026-09-29T19:41:22.695749736Z,2026-10-23,24,P,325.0,1.425251,NVDA261023P00325000,93.12,97.9,95.51,,,,,,,,,
2026-09-29,NVDA,228.03,2026-09-29T19:41:22.698399439Z,2026-10-23,24,P,330.0,1.447178,NVDA261023P00330000,101.16,104.79,102.975,,,,0.9319,-0.922,0.0027,-0.1323,0.0853,-0.2059
2026-09-29,NVDA,228.03,2026-09-29T19:41:22.68823577Z,2026-10-30,31,C,130.0,0.5701,NVDA261030C00130000,94.53,104.18,99.355,1,,,,,,,,
2026-09-29,NVDA,228.03,2026-09-29T19:41:22.707650498Z,2026-10-30,31,C,135.0,0.592027,NVDA261030C00135000,93.05,95.99,94.52,1,,,,,,,,
2026-09-29,NVDA,228.03,2026-09-29T19:41:22.695701103Z,2026-10-30,31,C,140.0,0.613954,NVDA261030C00140000,85.68,93.2,89.44,,,,,,,,,
2026-09-29,NVDA,228.03,2026-09-29T19:41:22.68823577Z,2026-10-30,31,C,145.0,0.635881,NVDA261030C00145000,82.85,86.28,84.565,1,,,,,,,,
2026-09-29,NVDA,228.03,2026-09-29T19:41:22.69037067Z,2026-10-30,31,C,150.0,0.657808,NVDA261030C00150000,78.62,78.74,78.68,4,,,0.6874,0.9863,0.0008,-0.0414,0.0233,0.1241
2026-09-29,NVDA,228.03,2026-09-29T19:41:22.68823577Z,2026-10-30,31,C,155.0,0.679735,NVDA261030C00155000,71.72,79.32,75.52,1,,,0.9727,0.935,0.002,-0.1468,0.0842,0.1169
2026-09-29,NVDA,228.03,2026-09-29T19:41:22.389769763Z,2026-10-30,31,C,300.0,1.315616,NVDA261030C00300000,0.04,0.09,0.065,33,,,0.3784,0.0081,0.0009,-0.0091,0.0147,0.0015
2026-09-29,NVDA,228.03,2026-09-29T19:41:23.12668271Z,2026-10-30,31,C,305.0,1.337543,NVDA261030C00305000,0.01,0.05,0.03,32,,,0.3662,0.0041,0.0005,-0.0048,0.008,0.0008
2026-09-29,NVDA,228.03,2026-09-29T19:41:22.866286031Z,2026-10-30,31,C,310.0,1.35947,NVDA261030C00310000,0.01,0.09,0.05,1,,,0.4056,0.006,0.0006,-0.0075,0.0113,0.0011
2026-09-29,NVDA,228.03,2026-09-29T19:41:22.866210889Z,2026-10-30,31,C,315.0,1.381397,NVDA261030C00315000,0.03,0.05,0.04,25,,,0.4143,0.0048,0.0005,-0.0063,0.0092,0.0009
2026-09-29,NVDA,228.03,2026-09-29T19:41:22.72663096Z,2026-10-30,31,C,320.0,1.403324,NVDA261030C00320000,0.01,0.07,0.04,1,,,0.4321,0.0046,0.0005,-0.0063,0.0089,0.0009
2026-09-29,NVDA,228.03,2026-09-29T19:41:22.72589615Z,2026-10-30,31,C,325.0,1.425251,NVDA261030C00325000,0.03,0.04,0.035,7,,,0.4436,0.004,0.0004,-0.0057,0.0078,0.0007
2026-09-29,NVDA,228.03,2026-09-29T19:41:22.624181296Z,2026-10-30,31,C,330.0,1.447178,NVDA261030C00330000,0.01,0.05,0.03,2,,,0.4536,0.0034,0.0003,-0.005,0.0068,0.0006
2026-09-29,NVDA,228.03,2026-09-29T19:41:22.937129755Z,2026-10-30,31,P,130.0,0.5701,NVDA261030P00130000,0.07,0.12,0.095,11,,,0.794,-0.0053,0.0003,-0.0128,0.0101,-0.0011
2026-09-29,NVDA,228.03,2026-09-29T19:41:22.966205525Z,2026-10-30,31,P,135.0,0.592027,NVDA261030P00135000,0.03,0.06,0.045,1,,,0.6853,-0.0031,0.0002,-0.0068,0.0062,-0.0006
2026-09-29,NVDA,228.03,2026-09-29T19:41:22.721399618Z,2026-10-30,31,P,140.0,0.613954,NVDA261030P00140000,0.04,0.11,0.075,25,,,0.679,-0.005,0.0003,-0.0103,0.0095,-0.001
2026-09-29,NVDA,228.03,2026-09-29T19:41:22.384779386Z,2026-10-30,31,P,145.0,0.635881,NVDA261030P00145000,0.06,0.09,0.075,23,,,0.6346,-0.0053,0.0004,-0.0102,0.0101,-0.0011
2026-09-29,NVDA,228.03,2026-09-29T19:41:23.81659538Z,2026-10-30,31,P,150.0,0.657808,NVDA261030P00150000,0.13,0.16,0.145,4,,,0.6426,-0.0095,0.0006,-0.0173,0.0169,-0.002
2026-09-29,NVDA,228.03,2026-09-29T19:41:23.871955351Z,2026-10-30,31,P,155.0,0.679735,NVDA261030P00155000,0.11,0.15,0.13,2,,,0.5891,-0.0094,0.0006,-0.0156,0.0167,-0.0019
2026-09-29,NVDA,228.03,2026-09-29T19:41:22.690389595Z,2026-10-30,31,P,300.0,1.315616,NVDA261030P00300000,68.32,75.88,72.1,45,,,0.5818,-0.9352,0.0033,-0.0484,0.084,-0.2423
2026-09-29,NVDA,228.03,2026-09-29T19:41:22.698424524Z,2026-10-30,31,P,305.0,1.337543,NVDA261030P00305000,73.67,81.54,77.605,,,,0.6657,-0.9173,0.0034,-0.0781,0.1012,-0.2435
2026-09-29,NVDA,228.03,2026-09-29T19:41:22.695020354Z,2026-10-30,31,P,310.0,1.35947,NVDA261030P00310000,78.39,85.42,81.905,,,,0.6135,-0.9465,0.0027,-0.0397,0.0723,-0.2528
2026-09-29,NVDA,228.03,2026-09-29T19:41:22.698480171Z,2026-10-30,31,P,315.0,1.381397,NVDA261030P00315000,82.84,90.95,86.895,,,,0.6394,-0.9479,0.0025,-0.0406,0.0707,-0.2573
2026-09-29,NVDA,228.03,2026-09-29T19:41:22.688970313Z,2026-10-30,31,P,320.0,1.403324,NVDA261030P00320000,89.58,96.64,93.11,,,,0.8005,-0.9072,0.0031,-0.1105,0.1104,-0.2547
2026-09-29,NVDA,228.03,2026-09-29T19:41:22.698475997Z,2026-10-30,31,P,325.0,1.425251,NVDA261030P00325000,94.55,99.82,97.185,,,,0.7312,-0.9386,0.0025,-0.0619,0.0806,-0.2642
2026-09-29,NVDA,228.03,2026-09-29T19:41:22.695469699Z,2026-10-30,31,P,330.0,1.447178,NVDA261030P00330000,99.45,105.11,102.28,,,,0.7691,-0.9363,0.0024,-0.0692,0.083,-0.2681
2026-09-29,TSLA,352.91,2026-09-29T19:41:25.936835028Z,2026-10-23,24,C,150.0,0.425038,TSLA261023C00150000,198.9,208.36,203.63,4,,,,,,,,
2026-09-29,TSLA,352.91,2026-09-29T19:41:25.528840433Z,2026-10-23,24,C,160.0,0.453373,TSLA261023C00160000,191.75,199.36,195.555,1,,,,,,,,
2026-09-29,TSLA,352.91,2026-09-29T19:41:27.041757103Z,2026-10-23,24,C,170.0,0.481709,TSLA261023C00170000,181.34,185.89,183.615,1,,,,,,,,
2026-09-29,TSLA,352.91,2026-09-29T19:41:25.936746606Z,2026-10-23,24,C,180.0,0.510045,TSLA261023C00180000,168.36,178.31,173.335,1,,,,,,,,
2026-09-29,TSLA,352.91,2026-09-29T19:41:25.528845035Z,2026-10-23,24,C,190.0,0.538381,TSLA261023C00190000,163.11,167.62,165.365,1,,,,,,,,
2026-09-29,TSLA,352.91,2026-09-29T19:41:26.057125686Z,2026-10-23,24,C,200.0,0.566717,TSLA261023C00200000,151.81,154.83,153.32,2,,,0.6673,0.9997,0,-0.0227,0.001,0.1311
2026-09-29,TSLA,352.91,2026-09-29T19:41:25.528840433Z,2026-10-23,24,C,210.0,0.595053,TSLA261023C00210000,139.32,148.44,143.88,3,,,,,,,,
2026-09-29,TSLA,352.91,2026-09-29T19:41:27.042052121Z,2026-10-23,24,C,220.0,0.623388,TSLA261023C00220000,130,138.34,134.17,1,,,,,,,,
2026-09-29,TSLA,352.91,2026-09-29T19:41:25.528834199Z,2026-10-23,24,C,230.0,0.651724,TSLA261023C00230000,120.01,129.3,124.655,2,,,,,,,,
2026-09-29,TSLA,352.91,2026-09-29T19:41:25.528799057Z,2026-10-23,24,C,235.0,0.665892,TSLA261023C00235000,114.05,121.2,117.625,1,,,,,,,,
2026-09-29,TSLA,352.91,2026-09-29T19:41:25.936684809Z,2026-10-23,24,C,240.0,0.68006,TSLA261023C00240000,110.46,118.45,114.455,,,,0.8645,0.9686,0.0009,-0.1393,0.0639,0.1494
2026-09-29,TSLA,352.91,2026-09-29T19:41:27.171347638Z,2026-10-23,24,C,465.0,1.317616,TSLA261023C00465000,0.58,0.6,0.59,9,,,0.5536,0.0317,0.0014,-0.0754,0.0644,0.007
2026-09-29,TSLA,352.91,2026-09-29T19:41:26.68639136Z,2026-10-23,24,C,470.0,1.331784,TSLA261023C00470000,0.48,0.54,0.51,105,,,0.5578,0.0277,0.0013,-0.0679,0.0576,0.0061
2026-09-29,TSLA,352.91,2026-09-29T19:41:25.926966015Z,2026-10-23,24,C,475.0,1.345952,TSLA261023C00475000,0.47,0.49,0.48,73,,,0.5694,0.0258,0.0012,-0.0653,0.0543,0.0057
2026-09-29,TSLA,352.91,2026-09-29T19:41:26.723847693Z,2026-10-23,24,C,480.0,1.36012,TSLA261023C00480000,0.42,0.44,0.43,10,,,0.5762,0.0232,0.0011,-0.0604,0.0496,0.0051
2026-09-29,TSLA,352.91,2026-09-29T19:41:26.723291462Z,2026-10-23,24,C,485.0,1.374288,TSLA261023C00485000,0.39,0.41,0.4,2,,,0.5861,0.0214,0.001,-0.0574,0.0464,0.0047
2026-09-29,TSLA,352.91,2026-09-29T19:41:26.723506511Z,2026-10-23,24,C,490.0,1.388456,TSLA261023C00490000,0.31,0.37,0.34,57,,,0.5879,0.0185,0.0009,-0.0508,0.0409,0.0041
2026-09-29,TSLA,352.91,2026-09-29T19:41:25.926389792Z,2026-10-23,24,C,495.0,1.402624,TSLA261023C00495000,0.28,0.3,0.29,33,,,0.5901,0.016,0.0007,-0.045,0.0361,0.0035
2026-09-29,TSLA,352.91,2026-09-29T19:41:26.723838683Z,2026-10-23,24,C,500.0,1.416792,TSLA261023C00500000,0.3,0.31,0.305,229,,,0.6091,0.0163,0.0007,-0.0472,0.0367,0.0036
2026-09-29,TSLA,352.91,2026-09-29T19:41:26.723291462Z,2026-10-23,24,C,510.0,1.445128,TSLA261023C00510000,0.21,0.23,0.22,31,,,0.6116,0.0121,0.0006,-0.0366,0.0284,0.0027
2026-09-29,TSLA,352.91,2026-09-29T19:41:25.475683854Z,2026-10-23,24,C,515.0,1.459296,TSLA261023C00515000,0.23,0.25,0.24,2,,,0.6324,0.0127,0.0006,-0.0395,0.0297,0.0028
2026-09-29,TSLA,352.91,2026-09-29T19:41:25.926445399Z,2026-10-23,24,C,520.0,1.473463,TSLA261023C00520000,0.22,0.23,0.225,40,,,0.6409,0.0118,0.0005,-0.0377,0.0279,0.0026
2026-09-29,TSLA,352.91,2026-09-29T19:41:25.930145623Z,2026-10-23,24,C,525.0,1.487631,TSLA261023C00525000,0.16,0.22,0.19,41,,,0.641,0.0102,0.0005,-0.033,0.0244,0.0022
2026-09-29,TSLA,352.91,2026-09-29T19:41:25.938376645Z,2026-10-23,24,C,530.0,1.501799,TSLA261023C00530000,0.19,0.21,0.2,1,,,0.6582,0.0104,0.0005,-0.0346,0.0249,0.0023
2026-09-29,TSLA,352.91,2026-09-29T19:41:25.933206196Z,2026-10-23,24,C,535.0,1.515967,TSLA261023C00535000,0.18,0.2,0.19,10,,,0.6671,0.0098,0.0004,-0.0333,0.0237,0.0022
2026-09-29,TSLA,352.91,2026-09-29T19:41:25.926430967Z,2026-10-23,24,C,540.0,1.530135,TSLA261023C00540000,0.17,0.18,0.175,1,,,0.6733,0.009,0.0004,-0.0313,0.0221,0.002
2026-09-29,TSLA,352.91,2026-09-29T19:41:27.05106213Z,2026-10-23,24,C,545.0,1.544303,TSLA261023C00545000,0.16,0.18,0.17,1,,,0.6835,0.0087,0.0004,-0.0306,0.0213,0.0019
2026-09-29,TSLA,352.91,2026-09-29T19:41:27.071367115Z,2026-10-23,24,C,550.0,1.558471,TSLA261023C00550000,0.15,0.17,0.16,103,,,0.691,0.0081,0.0004,-0.0293,0.0201,0.0018
2026-09-29,TSLA,352.91,2026-09-29T19:41:27.271337581Z,2026-10-23,24,C,555.0,1.572639,TSLA261023C00555000,0.14,0.16,0.15,4,,,0.6981,0.0076,0.0003,-0.0279,0.019,0.0017
2026-09-29,TSLA,352.91,2026-09-29T19:41:25.93115625Z,2026-10-23,24,C,560.0,1.586807,TSLA261023C00560000,0.09,0.11,0.1,10,,,0.6793,0.0054,0.0003,-0.0199,0.014,0.0012
2026-09-29,TSLA,352.91,2026-09-29T19:41:16.673568827Z,2026-10-23,24,P,150.0,0.425038,TSLA261023P00150000,0.06,0.08,0.07,30,,,,,,,,
2026-09-29,TSLA,352.91,2026-09-29T19:41:27.636774243Z,2026-10-23,24,P,160.0,0.453373,TSLA261023P00160000,0.03,0.09,0.06,3,,,,,,,,
2026-09-29,TSLA,352.91,2026-09-29T19:41:25.933596131Z,2026-10-23,24,P,170.0,0.481709,TSLA261023P00170000,0.05,0.1,0.075,3,,,,,,,,
2026-09-29,TSLA,352.91,2026-09-29T19:41:27.637309203Z,2026-10-23,24,P,180.0,0.510045,TSLA261023P00180000,0.06,0.08,0.07,5,,,,,,,,
2026-09-29,TSLA,352.91,2026-09-29T19:41:27.637089178Z,2026-10-23,24,P,190.0,0.538381,TSLA261023P00190000,0.12,0.14,0.13,3,,,,,,,,
2026-09-29,TSLA,352.91,2026-09-29T19:41:26.867190204Z,2026-10-23,24,P,200.0,0.566717,TSLA261023P00200000,0.1,0.12,0.11,4,,,,,,,,
2026-09-29,TSLA,352.91,2026-09-29T19:41:27.636264475Z,2026-10-23,24,P,210.0,0.595053,TSLA261023P00210000,0.16,0.18,0.17,2,,,,,,,,
2026-09-29,TSLA,352.91,2026-09-29T19:41:26.793020313Z,2026-10-23,24,P,220.0,0.623388,TSLA261023P00220000,0.19,0.21,0.2,9,,,,,,,,
2026-09-29,TSLA,352.91,2026-09-29T19:41:26.798950232Z,2026-10-23,24,P,230.0,0.651724,TSLA261023P00230000,0.18,0.2,0.19,2,,,0.7278,-0.0082,0.0003,-0.0304,0.0203,-0.002
2026-09-29,TSLA,352.91,2026-09-29T19:41:27.635419379Z,2026-10-23,24,P,235.0,0.665892,TSLA261023P00235000,0.24,0.26,0.25,9,,,0.7209,-0.0106,0.0004,-0.0377,0.0254,-0.0026
2026-09-29,TSLA,352.91,2026-09-29T19:41:26.8714002Z,2026-10-23,24,P,240.0,0.68006,TSLA261023P00240000,0.26,0.28,0.27,1,,,0.6952,-0.0117,0.0005,-0.0397,0.0277,-0.0029
2026-09-29,TSLA,352.91,2026-09-29T19:41:27.267274698Z,2026-10-23,24,P,465.0,1.317616,TSLA261023P00465000,108.6,116.85,112.725,,,,0.6791,-0.931,0.0022,-0.1231,0.1201,-0.2901
2026-09-29,TSLA,352.91,2026-09-29T19:41:27.09928991Z,2026-10-23,24,P,470.0,1.331784,TSLA261023P00470000,112.43,120.63,116.53,,,,0.5674,-0.97,0.0013,-0.0241,0.0616,-0.3017
2026-09-29,TSLA,352.91,2026-09-29T19:41:25.528772826Z,2026-10-23,24,P,475.0,1.345952,TSLA261023P00475000,116.8,126.64,121.72,,,,0.6151,-0.9633,0.0014,-0.0441,0.0727,-0.3035
2026-09-29,TSLA,352.91,2026-09-29T19:41:27.638639237Z,2026-10-23,24,P,480.0,1.36012,TSLA261023P00480000,123.6,131.51,127.555,2,,,0.7264,-0.9389,0.0018,-0.1167,0.1094,-0.3017
2026-09-29,TSLA,352.91,2026-09-29T19:41:27.208904841Z,2026-10-23,24,P,485.0,1.374288,TSLA261023P00485000,128.699,138.42,133.5595,,,,0.8276,-0.9163,0.0021,-0.1913,0.1391,-0.3004
2026-09-29,TSLA,352.91,2026-09-29T19:41:26.028421031Z,2026-10-23,24,P,490.0,1.388456,TSLA261023P00490000,134.41,143.4,138.905,,,,0.8727,-0.9106,0.002,-0.2169,0.1462,-0.3026
2026-09-29,TSLA,352.91,2026-09-29T19:41:25.530596815Z,2026-10-23,24,P,495.0,1.402624,TSLA261023P00495000,137.85,145.87,141.86,2,,,0.7098,-0.9604,0.0013,-0.0633,0.0774,-0.3161
2026-09-29,TSLA,352.91,2026-09-29T19:41:25.528721808Z,2026-10-23,24,P,500.0,1.416792,TSLA261023P00500000,144.97,149.3,147.135,1,,,0.7615,-0.953,0.0014,-0.0895,0.0888,-0.3178
2026-09-29,TSLA,352.91,2026-09-29T19:41:25.528822004Z,2026-10-23,24,P,510.0,1.445128,TSLA261023P00510000,154.27,159.15,156.71,,,,0.744,-0.9658,0.0011,-0.0534,0.0686,-0.3271
2026-09-29,TSLA,352.91,2026-09-29T19:41:27.041754969Z,2026-10-23,24,P,515.0,1.459296,TSLA261023P00515000,160.56,166.79,163.675,,,,0.9562,-0.9206,0.0017,-0.2144,0.1337,-0.3212
2026-09-29,TSLA,352.91,2026-09-29T19:41:25.936771145Z,2026-10-23,24,P,520.0,1.473463,TSLA261023P00520000,162.4,173.22,167.81,,,,0.9038,-0.939,0.0015,-0.1524,0.1092,-0.3282
2026-09-29,TSLA,352.91,2026-09-29T19:41:25.528822004Z,2026-10-23,24,P,525.0,1.487631,TSLA261023P00525000,171.56,174.25,172.905,,,,0.9307,-0.9376,0.0015,-0.1618,0.1111,-0.3312
2026-09-29,TSLA,352.91,2026-09-29T19:41:27.130039898Z,2026-10-23,24,P,530.0,1.501799,TSLA261023P00530000,174.24,184.54,179.39,,,,,,,,,
2026-09-29,TSLA,352.91,2026-09-29T19:41:25.933732114Z,2026-10-23,24,P,535.0,1.515967,TSLA261023P00535000,177.79,185.05,181.42,,,,0.7827,-0.9751,0.0008,-0.0302,0.0528,-0.3455
2026-09-29,TSLA,352.91,2026-09-29T19:41:25.528822004Z,2026-10-23,24,P,540.0,1.530135,TSLA261023P00540000,186.96,193.01,189.985,,,,,,,,,
2026-09-29,TSLA,352.91,2026-09-29T19:41:27.410849569Z,2026-10-23,24,P,545.0,1.544303,TSLA261023P00545000,186.95,199.08,193.015,,,,,,,,,
2026-09-29,TSLA,352.91,2026-09-29T19:41:26.617905513Z,2026-10-23,24,P,550.0,1.558471,TSLA261023P00550000,194.98,201.35,198.165,,,,,,,,,
2026-09-29,TSLA,352.91,2026-09-29T19:41:25.936751443Z,2026-10-23,24,P,555.0,1.572639,TSLA261023P00555000,195.24,205.55,200.395,,,,,,,,,
2026-09-29,TSLA,352.91,2026-09-29T19:41:25.528811864Z,2026-10-23,24,P,560.0,1.586807,TSLA261023P00560000,203.1,215.07,209.085,,,,,,,,,
2026-09-29,TSLA,352.91,2026-09-29T19:41:25.52822934Z,2026-10-30,31,C,150.0,0.425038,TSLA261030C00150000,200.73,210.34,205.535,,,,,,,,,
2026-09-29,TSLA,352.91,2026-09-29T19:41:25.52822934Z,2026-10-30,31,C,160.0,0.453373,TSLA261030C00160000,188.36,199.68,194.02,,,,,,,,,
2026-09-29,TSLA,352.91,2026-09-29T19:41:25.528209778Z,2026-10-30,31,C,170.0,0.481709,TSLA261030C00170000,182.37,189.95,186.16,2,,,,,,,,
2026-09-29,TSLA,352.91,2026-09-29T19:41:25.528209778Z,2026-10-30,31,C,180.0,0.510045,TSLA261030C00180000,173.58,181.27,177.425,6,,,,,,,,
2026-09-29,TSLA,352.91,2026-09-29T19:41:25.528239357Z,2026-10-30,31,C,190.0,0.538381,TSLA261030C00190000,159.68,165.42,162.55,1,,,,,,,,
2026-09-29,TSLA,352.91,2026-09-29T19:41:25.528239357Z,2026-10-30,31,C,200.0,0.566717,TSLA261030C00200000,151.64,157.27,154.455,1,,,,,,,,
2026-09-29,TSLA,352.91,2026-09-29T19:41:25.936608156Z,2026-10-30,31,C,210.0,0.595053,TSLA261030C00210000,142.83,147.55,145.19,,,,,,,,,
2026-09-29,TSLA,352.91,2026-09-29T19:41:25.528239357Z,2026-10-30,31,C,220.0,0.623388,TSLA261030C00220000,130.82,140.68,135.75,,,,,,,,,
2026-09-29,TSLA,352.91,2026-09-29T19:41:25.931197768Z,2026-10-30,31,C,230.0,0.651724,TSLA261030C00230000,121.94,127.76,124.85,,,,0.8669,0.9666,0.0008,-0.13,0.0765,0.1836
2026-09-29,TSLA,352.91,2026-09-29T19:41:25.931202509Z,2026-10-30,31,C,235.0,0.665892,TSLA261030C00235000,117.49,125.12,121.305,3,,,0.9761,0.9432,0.0011,-0.2072,0.1173,0.1796
2026-09-29,TSLA,352.91,2026-09-29T19:41:25.931197768Z,2026-10-30,31,C,240.0,0.68006,TSLA261030C00240000,112.49,116.7,114.595,,,,0.7562,0.9695,0.0009,-0.1108,0.0709,0.1932
2026-09-29,TSLA,352.91,2026-09-29T19:41:26.859749584Z,2026-10-30,31,C,465.0,1.317616,TSLA261030C00465000,0.8,0.86,0.83,19,,,0.5154,0.0408,0.0017,-0.0763,0.0901,0.0115
2026-09-29,TSLA,352.91,2026-09-29T19:41:26.85987278Z,2026-10-30,31,C,470.0,1.331784,TSLA261030C00470000,0.71,0.78,0.745,106,,,0.5215,0.0368,0.0015,-0.0709,0.0827,0.0104
2026-09-29,TSLA,352.91,2026-09-29T19:41:26.977871873Z,2026-10-30,31,C,475.0,1.345952,TSLA261030C00475000,0.68,0.71,0.695,85,,,0.5308,0.0341,0.0014,-0.0678,0.0777,0.0096
2026-09-29,TSLA,352.91,2026-09-29T19:41:26.859617478Z,2026-10-30,31,C,480.0,1.36012,TSLA261030C00480000,0.58,0.64,0.61,26,,,0.5344,0.0302,0.0012,-0.0617,0.0704,0.0085
2026-09-29,TSLA,352.91,2026-09-29T19:41:25.929193928Z,2026-10-30,31,C,485.0,1.374288,TSLA261030C00485000,0.52,0.59,0.555,6,,,0.541,0.0275,0.0011,-0.0578,0.0651,0.0078
2026-09-29,TSLA,352.91,2026-09-29T19:41:25.931487265Z,2026-10-30,31,C,490.0,1.388456,TSLA261030C00490000,0.51,0.53,0.52,72,,,0.5498,0.0256,0.0011,-0.0553,0.0613,0.0072
2026-09-29,TSLA,352.91,2026-09-29T19:41:25.122656543Z,2026-10-30,31,C,495.0,1.402624,TSLA261030C00495000,0.47,0.5,0.485,62,,,0.5579,0.0238,0.001,-0.0527,0.0576,0.0067
2026-09-29,TSLA,352.91,2026-09-29T19:41:25.92681027Z,2026-10-30,31,C,500.0,1.416792,TSLA261030C00500000,0.43,0.46,0.445,63,,,0.5644,0.0218,0.0009,-0.0495,0.0536,0.0062
2026-09-29,TSLA,352.91,2026-09-29T19:41:26.723519115Z,2026-10-30,31,C,510.0,1.445128,TSLA261030C00510000,0.33,0.4,0.365,102,,,0.5746,0.018,0.0007,-0.0428,0.0455,0.0051
2026-09-29,TSLA,352.91,2026-09-29T19:41:25.930782565Z,2026-10-30,31,C,515.0,1.459296,TSLA261030C00515000,0.3,0.37,0.335,10,,,0.5805,0.0165,0.0007,-0.0402,0.0423,0.0047
2026-09-29,TSLA,352.91,2026-09-29T19:41:25.557889261Z,2026-10-30,31,C,520.0,1.473463,TSLA261030C00520000,0.28,0.3,0.29,10,,,0.5817,0.0145,0.0006,-0.036,0.0378,0.0041
2026-09-29,TSLA,352.91,2026-09-29T19:41:25.930992205Z,2026-10-30,31,C,525.0,1.487631,TSLA261030C00525000,0.3,0.32,0.31,2,,,0.5992,0.015,0.0006,-0.0382,0.0389,0.0042
2026-09-29,TSLA,352.91,2026-09-29T19:41:26.871397598Z,2026-10-30,31,C,530.0,1.501799,TSLA261030C00530000,0.24,0.3,0.27,208,,,0.6003,0.0132,0.0006,-0.0343,0.0349,0.0037
2026-09-29,TSLA,352.91,2026-09-29T19:41:25.930367267Z,2026-10-30,31,C,535.0,1.515967,TSLA261030C00535000,0.26,0.29,0.275,20,,,0.6136,0.0132,0.0005,-0.035,0.0349,0.0037
2026-09-29,TSLA,352.91,2026-09-29T19:41:25.67596885Z,2026-10-30,31,C,540.0,1.530135,TSLA261030C00540000,0.21,0.23,0.22,42,,,0.608,0.0109,0.0005,-0.0293,0.0295,0.0031
2026-09-29,TSLA,352.91,2026-09-29T19:41:25.926827619Z,2026-10-30,31,C,545.0,1.544303,TSLA261030C00545000,0.23,0.26,0.245,10,,,0.6276,0.0117,0.0005,-0.0321,0.0313,0.0033
2026-09-29,TSLA,352.91,2026-09-29T19:41:27.054281482Z,2026-10-30,31,C,550.0,1.558471,TSLA261030C00550000,0.18,0.2,0.19,16,,,0.6194,0.0094,0.0004,-0.0262,0.0259,0.0026
2026-09-29,TSLA,352.91,2026-09-29T19:41:25.930722617Z,2026-10-30,31,C,555.0,1.572639,TSLA261030C00555000,0.21,0.23,0.22,1,,,0.6415,0.0104,0.0004,-0.0297,0.0283,0.0029
2026-09-29,TSLA,352.91,2026-09-29T19:41:25.933022225Z,2026-10-30,31,C,560.0,1.586807,TSLA261030C00560000,0.16,0.22,0.19,1,,,0.6411,0.0091,0.0004,-0.0264,0.0252,0.0026
2026-09-29,TSLA,352.91,2026-09-29T19:41:27.048801751Z,2026-10-30,31,P,150.0,0.425038,TSLA261030P00150000,0.03,0.1,0.065,2,,,,,,,,
2026-09-29,TSLA,352.91,2026-09-29T19:41:27.6363303Z,2026-10-30,31,P,160.0,0.453373,TSLA261030P00160000,0.09,0.11,0.1,1,,,,,,,,
2026-09-29,TSLA,352.91,2026-09-29T19:41:26.776230477Z,2026-10-30,31,P,170.0,0.481709,TSLA261030P00170000,0.1,0.13,0.115,3,,,,,,,,
2026-09-29,TSLA,352.91,2026-09-29T19:41:27.637079982Z,2026-10-30,31,P,180.0,0.510045,TSLA261030P00180000,0.08,0.1,0.09,1,,,,,,,,
2026-09-29,TSLA,352.91,2026-09-29T19:41:26.723765181Z,2026-10-30,31,P,190.0,0.538381,TSLA261030P00190000,0.14,0.16,0.15,1,,,,,,,,
2026-09-29,TSLA,352.91,2026-09-29T19:41:25.933986494Z,2026-10-30,31,P,200.0,0.566717,TSLA261030P00200000,0.13,0.19,0.16,9,,,,,,,,
2026-09-29,TSLA,352.91,2026-09-29T19:41:27.045991709Z,2026-10-30,31,P,210.0,0.595053,TSLA261030P00210000,0.2,0.22,0.21,5,,,0.7723,-0.0075,0.0003,-0.0262,0.0213,-0.0024
2026-09-29,TSLA,352.91,2026-09-29T19:41:27.635269626Z,2026-10-30,31,P,220.0,0.623388,TSLA261030P00220000,0.23,0.26,0.245,18,,,0.7243,-0.0092,0.0003,-0.0293,0.0254,-0.003
2026-09-29,TSLA,352.91,2026-09-29T19:41:26.671389962Z,2026-10-30,31,P,230.0,0.651724,TSLA261030P00230000,0.27,0.3,0.285,43,,,0.6772,-0.0112,0.0004,-0.0326,0.0302,-0.0036
2026-09-29,TSLA,352.91,2026-09-29T19:41:27.635254655Z,2026-10-30,31,P,235.0,0.665892,TSLA261030P00235000,0.26,0.29,0.275,6,,,0.6438,-0.0114,0.0005,-0.0314,0.0307,-0.0036
2026-09-29,TSLA,352.91,2026-09-29T19:41:25.543639621Z,2026-10-30,31,P,240.0,0.68006,TSLA261030P00240000,0.29,0.36,0.325,3,,,0.6291,-0.0135,0.0005,-0.0355,0.0356,-0.0043
2026-09-29,TSLA,352.91,2026-09-29T19:41:25.528209359Z,2026-10-30,31,P,465.0,1.317616,TSLA261030P00465000,108.27,116.67,112.47,,,,0.6032,-0.9283,0.0022,-0.0898,0.1406,-0.3737
2026-09-29,TSLA,352.91,2026-09-29T19:41:25.52821443Z,2026-10-30,31,P,470.0,1.331784,TSLA261030P00470000,114.93,121.7,118.315,1,,,0.6772,-0.9094,0.0023,-0.1364,0.1678,-0.373
2026-09-29,TSLA,352.91,2026-09-29T19:41:27.637819707Z,2026-10-30,31,P,475.0,1.345952,TSLA261030P00475000,118.81,127.43,123.12,6,,,0.6846,-0.9152,0.0022,-0.1287,0.1597,-0.3788
2026-09-29,TSLA,352.91,2026-09-29T19:41:27.057001964Z,2026-10-30,31,P,480.0,1.36012,TSLA261030P00480000,124.97,132.77,128.87,,,,0.748,-0.9011,0.0023,-0.1684,0.1791,-0.3795
2026-09-29,TSLA,352.91,2026-09-29T19:41:27.390363444Z,2026-10-30,31,P,485.0,1.374288,TSLA261030P00485000,128.759,135.44,132.0995,,,,0.6481,-0.9421,0.0017,-0.075,0.1192,-0.3945
2026-09-29,TSLA,352.91,2026-09-29T19:41:27.531869139Z,2026-10-30,31,P,490.0,1.388456,TSLA261030P00490000,134.35,139.31,136.83,,,,0.6417,-0.95,0.0016,-0.0594,0.1061,-0.4009
2026-09-29,TSLA,352.91,2026-09-29T19:41:27.636314971Z,2026-10-30,31,P,495.0,1.402624,TSLA261030P00495000,139,148.85,143.925,,,,0.8079,-0.9043,0.002,-0.1784,0.1748,-0.3932
2026-09-29,TSLA,352.91,2026-09-29T19:41:27.388068747Z,2026-10-30,31,P,500.0,1.416792,TSLA261030P00500000,142.06,153.68,147.87,1,,,0.7597,-0.9263,0.0018,-0.1253,0.1436,-0.4032
2026-09-29,TSLA,352.91,2026-09-29T19:41:25.528194431Z,2026-10-30,31,P,510.0,1.445128,TSLA261030P00510000,153.48,159.02,156.25,,,,0.6435,-0.9681,0.0011,-0.0234,0.0737,-0.4228
2026-09-29,TSLA,352.91,2026-09-29T19:41:25.936636509Z,2026-10-30,31,P,515.0,1.459296,TSLA261030P00515000,157.82,163.37,160.595,,,,0.5182,-0.992,0.0004,0.0355,0.0227,-0.4337
2026-09-29,TSLA,352.91,2026-09-29T19:41:25.936602848Z,2026-10-30,31,P,520.0,1.473463,TSLA261030P00520000,165.68,172.6,169.14,,,,0.9099,-0.9062,0.0018,-0.2006,0.1722,-0.4152
2026-09-29,TSLA,352.91,2026-09-29T19:41:27.222452579Z,2026-10-30,31,P,525.0,1.487631,TSLA261030P00525000,170.01,177.27,173.64,,,,0.8968,-0.9158,0.0017,-0.1769,0.1589,-0.4219
2026-09-29,TSLA,352.91,2026-09-29T19:41:25.936621796Z,2026-10-30,31,P,530.0,1.501799,TSLA261030P00530000,172.56,180.18,176.37,,,,0.7228,-0.9649,0.001,-0.0377,0.0796,-0.4389
2026-09-29,TSLA,352.91,2026-09-29T19:41:25.936642062Z,2026-10-30,31,P,535.0,1.515967,TSLA261030P00535000,178.46,188.74,183.6,,,,0.9277,-0.9181,0.0016,-0.1788,0.1557,-0.4311
2026-09-29,TSLA,352.91,2026-09-29T19:41:27.362658283Z,2026-10-30,31,P,540.0,1.530135,TSLA261030P00540000,183.3,190.48,186.89,,,,0.811,-0.9524,0.0012,-0.0777,0.102,-0.4441
2026-09-29,TSLA,352.91,2026-09-29T19:41:25.936606397Z,2026-10-30,31,P,545.0,1.544303,TSLA261030P00545000,189.46,195.13,192.295,,,,0.8637,-0.9439,0.0013,-0.1058,0.1162,-0.4462
2026-09-29,TSLA,352.91,2026-09-29T19:41:25.93659817Z,2026-10-30,31,P,550.0,1.558471,TSLA261030P00550000,196.82,199.25,198.035,,,,0.9375,-0.93,0.0014,-0.1525,0.138,-0.4469
2026-09-29,TSLA,352.91,2026-09-29T19:41:25.936636509Z,2026-10-30,31,P,555.0,1.572639,TSLA261030P00555000,199.82,206.62,203.22,,,,,,,,,
2026-09-29,TSLA,352.91,2026-09-29T19:40:49.499681761Z,2026-10-30,31,P,560.0,1.586807,TSLA261030P00560000,207.61,210.89,209.25,,,,,,,,,
2026-09-29,USO,143.42,2026-09-29T19:40:44.737611527Z,2026-10-23,24,C,60.0,0.418352,USO261023C00060000,81.25,86.8,84.025,,,,,,,,,
2026-09-29,USO,143.42,2026-09-29T19:41:03.063796662Z,2026-10-23,24,C,65.0,0.453214,USO261023C00065000,76.09,82.04,79.065,,,,,,,,,
2026-09-29,USO,143.42,2026-09-29T19:40:51.153823025Z,2026-10-23,24,C,70.0,0.488077,USO261023C00070000,72.81,75.4,74.105,,,,,,,,,
2026-09-29,USO,143.42,2026-09-29T19:41:07.785065271Z,2026-10-23,24,C,75.0,0.52294,USO261023C00075000,66.49,70.17,68.33,,,,,,,,,
2026-09-29,USO,143.42,2026-09-29T19:41:05.415843495Z,2026-10-23,24,C,80.0,0.557802,USO261023C00080000,60.86,66.51,63.685,,,,,,,,,
2026-09-29,USO,143.42,2026-09-29T19:40:44.737662815Z,2026-10-23,24,C,85.0,0.592665,USO261023C00085000,56.36,60.29,58.325,2,,,,,,,,
2026-09-29,USO,143.42,2026-09-29T19:41:02.171597793Z,2026-10-23,24,C,90.0,0.627528,USO261023C00090000,52,54.66,53.33,14,,,,,,,,
2026-09-29,USO,143.42,2026-09-29T19:41:02.066602919Z,2026-10-23,24,C,95.0,0.66239,USO261023C00095000,46.68,51.09,48.885,,,,0.7701,0.9861,0.0013,-0.0308,0.013,0.0609
2026-09-29,USO,143.42,2026-09-29T19:41:02.067322914Z,2026-10-23,24,C,100.0,0.697253,USO261023C00100000,42.88,46.11,44.495,28,,,0.9192,0.9516,0.003,-0.0806,0.037,0.0605
2026-09-29,USO,143.42,2026-09-29T19:41:00.716903752Z,2026-10-23,24,C,190.0,1.32478,USO261023C00190000,0.29,0.32,0.305,4,,,0.5844,0.0374,0.0038,-0.0371,0.03,0.0033
2026-09-29,USO,143.42,2026-09-29T19:41:14.262181617Z,2026-10-23,24,C,195.0,1.359643,USO261023C00195000,0.22,0.24,0.23,1,,,0.5993,0.0286,0.003,-0.0304,0.024,0.0025
2026-09-29,USO,143.42,2026-09-29T19:41:21.797321693Z,2026-10-23,24,C,200.0,1.394506,USO261023C00200000,0.15,0.26,0.205,27,,,0.6285,0.0248,0.0025,-0.0283,0.0214,0.0022
2026-09-29,USO,143.42,2026-09-29T19:41:18.80213565Z,2026-10-23,24,C,205.0,1.429368,USO261023C00205000,0.14,0.19,0.165,46,,,0.6462,0.02,0.002,-0.0242,0.0178,0.0018
2026-09-29,USO,143.42,2026-09-29T19:41:22.459045793Z,2026-10-23,24,C,210.0,1.464231,USO261023C00210000,0.13,0.2,0.165,41,,,0.6826,0.0191,0.0019,-0.0246,0.0171,0.0017
2026-09-29,USO,143.42,2026-09-29T19:41:26.323360631Z,2026-10-23,24,C,215.0,1.499094,USO261023C00215000,0,1.09,0.545,3,,,,,,,,
2026-09-29,USO,143.42,2026-09-29T19:41:26.32336569Z,2026-10-23,24,C,220.0,1.533956,USO261023C00220000,0,0.13,0.065,4,,,,,,,,
2026-09-29,USO,143.42,2026-09-29T19:41:20.779388162Z,2026-10-23,24,P,60.0,0.418352,USO261023P00060000,0,2.11,1.055,,,,,,,,,
2026-09-29,USO,143.42,2026-09-29T19:41:03.107856605Z,2026-10-23,24,P,65.0,0.453214,USO261023P00065000,0,2.1,1.05,,,,,,,,,
2026-09-29,USO,143.42,2026-09-29T19:41:21.071822659Z,2026-10-23,24,P,70.0,0.488077,USO261023P00070000,0,2.11,1.055,,,,,,,,,
2026-09-29,USO,143.42,2026-09-29T19:41:20.778448078Z,2026-10-23,24,P,75.0,0.52294,USO261023P00075000,0,2.11,1.055,,,,,,,,,
2026-09-29,USO,143.42,2026-09-29T19:40:47.062153908Z,2026-10-23,24,P,80.0,0.557802,USO261023P00080000,0,2.11,1.055,2,,,,,,,,
2026-09-29,USO,143.42,2026-09-29T19:41:25.41868208Z,2026-10-23,24,P,85.0,0.592665,USO261023P00085000,0,2.16,1.08,,,,,,,,,
2026-09-29,USO,143.42,2026-09-29T19:41:25.418401947Z,2026-10-23,24,P,90.0,0.627528,USO261023P00090000,0,1.01,0.505,1,,,,,,,,
2026-09-29,USO,143.42,2026-09-29T19:41:00.71540478Z,2026-10-23,24,P,95.0,0.66239,USO261023P00095000,0,0.17,0.085,1,,,,,,,,
2026-09-29,USO,143.42,2026-09-29T19:41:21.79924674Z,2026-10-23,24,P,100.0,0.697253,USO261023P00100000,0.06,0.15,0.105,4,,,0.6524,-0.012,0.0013,-0.0154,0.0115,-0.0012
2026-09-29,USO,143.42,2026-09-29T19:41:20.782629197Z,2026-10-23,24,P,190.0,1.32478,USO261023P00190000,44.07,46.69,45.38,2,,,,,,,,
2026-09-29,USO,143.42,2026-09-29T19:41:20.782623824Z,2026-10-23,24,P,195.0,1.359643,USO261023P00195000,50.12,52.34,51.23,1,,,0.596,-0.9722,0.0029,-0.0089,0.0235,-0.1254
2026-09-29,USO,143.42,2026-09-29T19:41:02.176597754Z,2026-10-23,24,P,200.0,1.394506,USO261023P00200000,54.37,59.07,56.72,,,,0.7855,-0.9376,0.0042,-0.0536,0.0452,-0.1258
2026-09-29,USO,143.42,2026-09-29T19:41:07.646455504Z,2026-10-23,24,P,205.0,1.429368,USO261023P00205000,58.76,63.87,61.315,,,,0.7201,-0.966,0.0028,-0.0203,0.0277,-0.1315
2026-09-29,USO,143.42,2026-09-29T19:41:20.83515294Z,2026-10-23,24,P,210.0,1.464231,USO261023P00210000,63.56,67.47,65.515,,,,,,,,,
2026-09-29,USO,143.42,2026-09-29T19:41:01.339159833Z,2026-10-23,24,P,215.0,1.499094,USO261023P00215000,69.95,72.32,71.135,3,,,0.7255,-0.9806,0.0018,-0.0037,0.0173,-0.1393
2026-09-29,USO,143.42,2026-09-29T19:41:05.415818477Z,2026-10-23,24,P,220.0,1.533956,USO261023P00220000,75.53,77.73,76.63,,,,0.9448,-0.9487,0.003,-0.0536,0.0387,-0.1399
2026-09-29,USO,143.42,2026-09-29T19:41:00.769922315Z,2026-10-30,31,C,60.0,0.418352,USO261030C00060000,81.89,85.83,83.86,1,,,,,,,,
2026-09-29,USO,143.42,2026-09-29T19:41:00.75721739Z,2026-10-30,31,C,65.0,0.453214,USO261030C00065000,76.99,79.22,78.105,,,,,,,,,
2026-09-29,USO,143.42,2026-09-29T19:41:14.317409477Z,2026-10-30,31,C,70.0,0.488077,USO261030C00070000,72.78,74.11,73.445,,,,,,,,,
2026-09-29,USO,143.42,2026-09-29T19:41:00.758322353Z,2026-10-30,31,C,75.0,0.52294,USO261030C00075000,66.01,69.67,67.84,,,,,,,,,
2026-09-29,USO,143.42,2026-09-29T19:41:11.891219863Z,2026-10-30,31,C,80.0,0.557802,USO261030C00080000,62.68,66.29,64.485,,,,,,,,,
2026-09-29,USO,143.42,2026-09-29T19:41:00.771527205Z,2026-10-30,31,C,85.0,0.592665,USO261030C00085000,56.19,61.58,58.885,,,,0.8042,0.991,0.0007,-0.0221,0.0102,0.0708
2026-09-29,USO,143.42,2026-09-29T19:40:51.154648448Z,2026-10-30,31,C,90.0,0.627528,USO261030C00090000,51.73,56.34,54.035,1,,,0.8158,0.9819,0.0013,-0.0337,0.0186,0.0738
2026-09-29,USO,143.42,2026-09-29T19:41:14.319049489Z,2026-10-30,31,C,95.0,0.66239,USO261030C00095000,47.56,51.05,49.305,1,,,0.8321,0.9668,0.0021,-0.0511,0.0309,0.076
2026-09-29,USO,143.42,2026-09-29T19:40:44.738216186Z,2026-10-30,31,C,100.0,0.697253,USO261030C00100000,41.74,45.04,43.39,2,,,,,,,,
2026-09-29,USO,143.42,2026-09-29T19:41:00.720893935Z,2026-10-30,31,C,190.0,1.32478,USO261030C00190000,0.51,0.62,0.565,9,,,0.5758,0.0583,0.0048,-0.0461,0.0487,0.0066
2026-09-29,USO,143.42,2026-09-29T19:41:20.785322778Z,2026-10-30,31,C,195.0,1.359643,USO261030C00195000,0.41,0.45,0.43,10,,,0.5858,0.0454,0.0039,-0.0383,0.0399,0.0052
2026-09-29,USO,143.42,2026-09-29T19:41:18.874550504Z,2026-10-30,31,C,200.0,1.394506,USO261030C00200000,0.33,0.35,0.34,319,,,0.599,0.0363,0.0032,-0.0327,0.0333,0.0041
2026-09-29,USO,143.42,2026-09-29T19:41:26.254228585Z,2026-10-30,31,C,205.0,1.429368,USO261030C00205000,0,0.62,0.31,7,,,,,,,,
2026-09-29,USO,143.42,2026-09-29T19:41:26.518302545Z,2026-10-30,31,C,210.0,1.464231,USO261030C00210000,0.2,0.26,0.23,4,,,0.6294,0.0246,0.0022,-0.0249,0.0241,0.0028
2026-09-29,USO,143.42,2026-09-29T19:41:00.721123461Z,2026-10-30,31,C,215.0,1.499094,USO261030C00215000,0.14,0.23,0.185,4,,,0.6408,0.02,0.0018,-0.0212,0.0202,0.0023
2026-09-29,USO,143.42,2026-09-29T19:41:18.874550504Z,2026-10-30,31,C,220.0,1.533956,USO261030C00220000,0.1,0.15,0.125,28,,,0.6364,0.0141,0.0014,-0.0157,0.0151,0.0016
2026-09-29,USO,143.42,2026-09-29T19:41:03.098872242Z,2026-10-30,31,P,60.0,0.418352,USO261030P00060000,0,2.15,1.075,,,,,,,,,
2026-09-29,USO,143.42,2026-09-29T19:41:03.026833556Z,2026-10-30,31,P,65.0,0.453214,USO261030P00065000,0,2.16,1.08,,,,,,,,,
2026-09-29,USO,143.42,2026-09-29T19:41:03.026827708Z,2026-10-30,31,P,70.0,0.488077,USO261030P00070000,0,2.09,1.045,,,,,,,,,
2026-09-29,USO,143.42,2026-09-29T19:37:51.554217555Z,2026-10-30,31,P,75.0,0.52294,USO261030P00075000,0,2.15,1.075,1,,,,,,,,
2026-09-29,USO,143.42,2026-09-29T19:40:44.738205451Z,2026-10-30,31,P,80.0,0.557802,USO261030P00080000,0,2.12,1.06,4,,,,,,,,
2026-09-29,USO,143.42,2026-09-29T13:48:05.543925424Z,2026-10-30,31,P,85.0,0.592665,USO261030P00085000,0,0.22,0.11,1,,,,,,,,
2026-09-29,USO,143.42,2026-09-29T19:40:44.738205451Z,2026-10-30,31,P,90.0,0.627528,USO261030P00090000,0,0.57,0.285,21,,,,,,,,
2026-09-29,USO,143.42,2026-09-29T19:41:27.704622547Z,2026-10-30,31,P,95.0,0.66239,USO261030P00095000,0.1,0.41,0.255,1,,,0.7389,-0.0208,0.0016,-0.0246,0.0209,-0.0027
2026-09-29,USO,143.42,2026-09-29T19:41:27.700367771Z,2026-10-30,31,P,100.0,0.697253,USO261030P00100000,0.19,0.26,0.225,18,,,0.6456,-0.0211,0.0019,-0.0217,0.0212,-0.0028
2026-09-29,USO,143.42,2026-09-29T19:41:18.335907364Z,2026-10-30,31,P,190.0,1.32478,USO261030P00190000,45.67,48.36,47.015,7,,,0.672,-0.9064,0.006,-0.0569,0.0699,-0.1504
2026-09-29,USO,143.42,2026-09-29T19:40:53.677017461Z,2026-10-30,31,P,195.0,1.359643,USO261030P00195000,49.77,53.82,51.795,4,,,0.6856,-0.922,0.0051,-0.0478,0.061,-0.1564
2026-09-29,USO,143.42,2026-09-29T19:41:09.994273008Z,2026-10-30,31,P,200.0,1.394506,USO261030P00200000,54.57,58.85,56.71,,,,0.716,-0.9294,0.0045,-0.045,0.0565,-0.1614
2026-09-29,USO,143.42,2026-09-29T19:41:10.321126597Z,2026-10-30,31,P,205.0,1.429368,USO261030P00205000,58.85,62.08,60.465,,,,,,,,,
2026-09-29,USO,143.42,2026-09-29T19:40:44.7384863Z,2026-10-30,31,P,210.0,1.464231,USO261030P00210000,63.7,68.64,66.17,,,,0.6754,-0.9656,0.0027,-0.0129,0.0319,-0.1739
2026-09-29,USO,143.42,2026-09-29T19:41:09.804093784Z,2026-10-30,31,P,215.0,1.499094,USO261030P00215000,70.34,73.18,71.76,,,,0.8509,-0.9323,0.0037,-0.0532,0.0547,-0.1746
2026-09-29,USO,143.42,2026-09-29T19:41:05.415898247Z,2026-10-30,31,P,220.0,1.533956,USO261030P00220000,73.09,76.98,75.035,,,,,,,,,
2026-09-30,AAPL,335.45,2026-09-30T19:40:24.120217737Z,2026-10-30,30,C,215.0,0.64093,AAPL261030C00215000,121.77,123.08,122.425,20,,,,,,,,
2026-09-30,AAPL,335.45,2026-09-30T19:40:24.120192284Z,2026-10-30,30,C,220.0,0.655835,AAPL261030C00220000,117.05,120.15,118.6,20,,,,,,,,
2026-09-30,AAPL,335.45,2026-09-30T19:40:24.26168308Z,2026-10-30,30,C,225.0,0.670741,AAPL261030C00225000,111.45,112.84,112.145,1,,,0.8203,0.9662,0.001,-0.1214,0.0722,0.1741
2026-09-30,AAPL,335.45,2026-09-30T19:40:24.120177337Z,2026-10-30,30,C,230.0,0.685646,AAPL261030C00230000,106.01,109.11,107.56,,,,0.8312,0.9568,0.0011,-0.145,0.0882,0.1753
2026-09-30,AAPL,335.45,2026-09-30T19:40:07.231379158Z,2026-10-30,30,P,215.0,0.64093,AAPL261030P00215000,0,0.22,0.11,3,,,,,,,,
2026-09-30,AAPL,335.45,2026-09-30T19:40:26.480254081Z,2026-10-30,30,P,220.0,0.655835,AAPL261030P00220000,0,0.11,0.055,16,,,,,,,,
2026-09-30,AAPL,335.45,2026-09-30T19:40:23.247328204Z,2026-10-30,30,P,225.0,0.670741,AAPL261030P00225000,0,0.15,0.075,100,,,,,,,,
2026-09-30,AAPL,335.45,2026-09-30T19:40:25.162497532Z,2026-10-30,30,P,230.0,0.685646,AAPL261030P00230000,0,0.17,0.085,100,,,,,,,,
2026-09-30,AAPL,335.45,2026-09-30T19:40:26.254928252Z,2026-11-06,37,C,215.0,0.64093,AAPL261106C00215000,119.59,122.59,121.09,,,,,,,,,
2026-09-30,AAPL,335.45,2026-09-30T19:40:24.21621278Z,2026-11-06,37,C,220.0,0.655835,AAPL261106C00220000,115.15,116.68,115.915,,,,,,,,,
2026-09-30,AAPL,335.45,2026-09-30T19:40:24.542384451Z,2026-11-06,37,C,225.0,0.670741,AAPL261106C00225000,110.61,111.08,110.845,201,,,,,,,,
2026-09-30,AAPL,335.45,2026-09-30T19:40:24.189947639Z,2026-11-06,37,C,230.0,0.685646,AAPL261106C00230000,106.63,107.42,107.025,1,,,0.665,0.9716,0.0009,-0.0858,0.0694,0.2217
2026-09-30,AAPL,335.45,2026-09-30T19:40:18.056327579Z,2026-11-06,37,P,215.0,0.64093,AAPL261106P00215000,0,0.17,0.085,2,,,,,,,,
2026-09-30,AAPL,335.45,2026-09-30T19:40:16.978657137Z,2026-11-06,37,P,220.0,0.655835,AAPL261106P00220000,0,0.19,0.095,2,,,,,,,,
2026-09-30,AAPL,335.45,2026-09-30T19:40:29.180612385Z,2026-11-06,37,P,225.0,0.670741,AAPL261106P00225000,0,0.07,0.035,10,,,,,,,,
2026-09-30,AAPL,335.45,2026-09-30T19:40:24.572119617Z,2026-11-06,37,P,230.0,0.685646,AAPL261106P00230000,0.03,0.16,0.095,2,,,0.485,-0.0055,0.0003,-0.0108,0.0168,-0.002
2026-09-30,NVDA,230.7,2026-09-30T19:40:24.119931247Z,2026-10-30,30,C,130.0,0.563502,NVDA261030C00130000,96.54,103.93,100.235,1,,,,,,,,
2026-09-30,NVDA,230.7,2026-09-30T19:40:21.857815649Z,2026-10-30,30,C,135.0,0.585176,NVDA261030C00135000,92.38,95.21,93.795,1,,,,,,,,
2026-09-30,NVDA,230.7,2026-09-30T19:40:20.077026341Z,2026-10-30,30,C,140.0,0.606849,NVDA261030C00140000,87.32,95.51,91.415,,,,0.8172,0.9882,0.0006,-0.0423,0.0204,0.1123
2026-09-30,NVDA,230.7,2026-09-30T19:40:21.818470506Z,2026-10-30,30,C,145.0,0.628522,NVDA261030C00145000,82.85,90.62,86.735,1,,,0.8723,0.977,0.0009,-0.0672,0.036,0.114
2026-09-30,NVDA,230.7,2026-09-30T19:40:32.373906882Z,2026-10-30,30,C,150.0,0.650195,NVDA261030C00150000,78.75,83.12,80.935,50,,,,,,,,
2026-09-30,NVDA,230.7,2026-09-30T19:40:20.077236328Z,2026-10-30,30,C,155.0,0.671868,NVDA261030C00155000,72.03,80.64,76.335,1,,,0.6012,0.9921,0.0005,-0.0307,0.0144,0.1254
2026-09-30,NVDA,230.7,2026-09-30T19:40:24.286551539Z,2026-10-30,30,C,160.0,0.693541,NVDA261030C00160000,68.44,74.7,71.57,7,,,0.6536,0.9805,0.0011,-0.0506,0.0313,0.1271
2026-09-30,NVDA,230.7,2026-09-30T19:40:30.382446892Z,2026-10-30,30,C,305.0,1.322063,NVDA261030C00305000,0.01,0.08,0.045,32,,,0.3738,0.0059,0.0007,-0.007,0.011,0.0011
2026-09-30,NVDA,230.7,2026-09-30T19:40:27.628720491Z,2026-10-30,30,C,310.0,1.343736,NVDA261030C00310000,0.03,0.09,0.06,1,,,0.4057,0.0071,0.0007,-0.009,0.013,0.0013
2026-09-30,NVDA,230.7,2026-09-30T19:40:27.627420087Z,2026-10-30,30,C,315.0,1.36541,NVDA261030C00315000,0.01,0.09,0.05,25,,,0.4165,0.0059,0.0006,-0.0078,0.011,0.0011
2026-09-30,NVDA,230.7,2026-09-30T19:40:32.632412523Z,2026-10-30,30,C,320.0,1.387083,NVDA261030C00320000,0.01,0.03,0.02,10,,,0.3968,0.0026,0.0003,-0.0036,0.0054,0.0005
2026-09-30,NVDA,230.7,2026-09-30T19:40:26.904898955Z,2026-10-30,30,C,325.0,1.408756,NVDA261030C00325000,0.01,0.08,0.045,7,,,0.4482,0.005,0.0005,-0.0072,0.0095,0.0009
2026-09-30,NVDA,230.7,2026-09-30T19:40:30.218952097Z,2026-10-30,30,C,330.0,1.430429,NVDA261030C00330000,0.01,0.03,0.02,2,,,0.4302,0.0024,0.0003,-0.0037,0.005,0.0004
2026-09-30,NVDA,230.7,2026-09-30T19:40:33.298071714Z,2026-10-30,30,P,130.0,0.563502,NVDA261030P00130000,0.06,0.12,0.09,11,,,,,,,,
2026-09-30,NVDA,230.7,2026-09-30T19:40:18.158353639Z,2026-10-30,30,P,135.0,0.585176,NVDA261030P00135000,0.08,0.12,0.1,1,,,0.7771,-0.0057,0.0003,-0.0137,0.0107,-0.0012
2026-09-30,NVDA,230.7,2026-09-30T19:40:32.610331107Z,2026-10-30,30,P,140.0,0.606849,NVDA261030P00140000,0.1,0.11,0.105,5,,,0.7335,-0.0063,0.0004,-0.0141,0.0117,-0.0013
2026-09-30,NVDA,230.7,2026-09-30T19:40:33.293717662Z,2026-10-30,30,P,145.0,0.628522,NVDA261030P00145000,0.11,0.15,0.13,17,,,0.7056,-0.0079,0.0005,-0.0167,0.0143,-0.0016
2026-09-30,NVDA,230.7,2026-09-30T19:40:32.610331107Z,2026-10-30,30,P,150.0,0.650195,NVDA261030P00150000,0.14,0.16,0.15,25,,,0.6719,-0.0094,0.0006,-0.0185,0.0167,-0.0019
2026-09-30,NVDA,230.7,2026-09-30T19:40:33.632712955Z,2026-10-30,30,P,155.0,0.671868,NVDA261030P00155000,0.12,0.18,0.15,2,,,0.6263,-0.0101,0.0006,-0.0183,0.0178,-0.002
2026-09-30,NVDA,230.7,2026-09-30T19:40:33.632702005Z,2026-10-30,30,P,160.0,0.693541,NVDA261030P00160000,0.19,0.21,0.2,79,,,0.6059,-0.0135,0.0009,-0.0227,0.0228,-0.0027
2026-09-30,NVDA,230.7,2026-09-30T19:40:33.471282607Z,2026-10-30,30,P,305.0,1.322063,NVDA261030P00305000,71.12,79.23,75.175,,,,0.6849,-0.9044,0.0037,-0.098,0.1124,-0.2333
2026-09-30,NVDA,230.7,2026-09-30T19:40:33.29742652Z,2026-10-30,30,P,310.0,1.343736,NVDA261030P00310000,76.32,84.13,80.225,,,,0.7199,-0.9053,0.0035,-0.103,0.1116,-0.2376
2026-09-30,NVDA,230.7,2026-09-30T19:40:33.4543969Z,2026-10-30,30,P,315.0,1.36541,NVDA261030P00315000,81.89,86.96,84.425,,,,0.6671,-0.9352,0.0029,-0.061,0.0837,-0.2467
2026-09-30,NVDA,230.7,2026-09-30T19:40:33.434526698Z,2026-10-30,30,P,320.0,1.387083,NVDA261030P00320000,86.43,93.75,90.09,,,,0.7661,-0.9138,0.0031,-0.1007,0.104,-0.2473
2026-09-30,NVDA,230.7,2026-09-30T19:40:33.391161631Z,2026-10-30,30,P,325.0,1.408756,NVDA261030P00325000,91.72,96.96,94.34,,,,0.7114,-0.9409,0.0025,-0.0592,0.0779,-0.256
2026-09-30,NVDA,230.7,2026-09-30T19:40:33.297581763Z,2026-10-30,30,P,330.0,1.430429,NVDA261030P00330000,97.22,104.82,101.02,,,,0.9052,-0.8919,0.0031,-0.1526,0.1228,-0.2522
2026-09-30,NVDA,230.7,2026-09-30T19:40:20.075856981Z,2026-11-06,37,C,130.0,0.563502,NVDA261106C00130000,99.36,106.91,103.135,,,,,,,,,
2026-09-30,NVDA,230.7,2026-09-30T19:40:20.075856981Z,2026-11-06,37,C,135.0,0.585176,NVDA261106C00135000,92.63,101.66,97.145,1,,,,,,,,
2026-09-30,NVDA,230.7,2026-09-30T19:39:56.271290976Z,2026-11-06,37,C,140.0,0.606849,NVDA261106C00140000,88.12,93.46,90.79,,,,,,,,,
2026-09-30,NVDA,230.7,2026-09-30T19:40:25.998855953Z,2026-11-06,37,C,145.0,0.628522,NVDA261106C00145000,82.47,90.94,86.705,2,,,0.7485,0.9815,0.0008,-0.0487,0.0333,0.1417
2026-09-30,NVDA,230.7,2026-09-30T19:40:20.075861926Z,2026-11-06,37,C,150.0,0.650195,NVDA261106C00150000,78.54,85.75,82.145,,,,0.7955,0.9673,0.0013,-0.0728,0.0537,0.143
2026-09-30,NVDA,230.7,2026-09-30T19:39:56.064530515Z,2026-11-06,37,C,155.0,0.671868,NVDA261106C00155000,76.48,81.02,78.75,1,,,0.9481,0.9308,0.0019,-0.1398,0.0977,0.1379
2026-09-30,NVDA,230.7,2026-09-30T19:40:25.998191025Z,2026-11-06,37,C,160.0,0.693541,NVDA261106C00160000,70.69,74.37,72.53,,,,0.7468,0.953,0.0018,-0.0885,0.0721,0.1494
2026-09-30,NVDA,230.7,2026-09-30T19:40:26.90594432Z,2026-11-06,37,C,305.0,1.322063,NVDA261106C00305000,0.02,0.13,0.075,2,,,0.3559,0.0089,0.0009,-0.0087,0.0176,0.002
2026-09-30,NVDA,230.7,2026-09-30T19:40:26.903733304Z,2026-11-06,37,C,310.0,1.343736,NVDA261106C00310000,0.03,0.12,0.075,,,,0.3741,0.0085,0.0008,-0.0088,0.017,0.0019
2026-09-30,NVDA,230.7,2026-09-30T19:40:26.904403711Z,2026-11-06,37,C,315.0,1.36541,NVDA261106C00315000,0.01,0.12,0.065,,,,0.3854,0.0073,0.0007,-0.0079,0.0148,0.0016
2026-09-30,NVDA,230.7,2026-09-30T19:40:26.904488284Z,2026-11-06,37,C,320.0,1.387083,NVDA261106C00320000,0.01,0.12,0.065,,,,0.4025,0.007,0.0007,-0.0079,0.0143,0.0016
2026-09-30,NVDA,230.7,2026-09-30T19:40:28.212821422Z,2026-11-06,37,C,325.0,1.408756,NVDA261106C00325000,0.03,0.15,0.09,,,,0.4352,0.0088,0.0007,-0.0105,0.0175,0.002
2026-09-30,NVDA,230.7,2026-09-30T19:40:26.904458232Z,2026-11-06,37,C,330.0,1.430429,NVDA261106C00330000,0.03,0.15,0.09,,,,0.4521,0.0085,0.0007,-0.0106,0.017,0.0019
2026-09-30,NVDA,230.7,2026-09-30T19:40:33.293786856Z,2026-11-06,37,P,130.0,0.563502,NVDA261106P00130000,0.03,0.2,0.115,16,,,0.758,-0.006,0.0003,-0.0126,0.0124,-0.0015
2026-09-30,NVDA,230.7,2026-09-30T19:40:33.293577037Z,2026-11-06,37,P,135.0,0.585176,NVDA261106P00135000,0.01,0.21,0.11,1,,,0.7088,-0.0061,0.0003,-0.012,0.0127,-0.0015
2026-09-30,NVDA,230.7,2026-09-30T19:40:33.293692424Z,2026-11-06,37,P,140.0,0.606849,NVDA261106P00140000,0.01,0.19,0.1,2,,,0.6575,-0.006,0.0004,-0.011,0.0126,-0.0015
2026-09-30,NVDA,230.7,2026-09-30T19:40:33.293651608Z,2026-11-06,37,P,145.0,0.628522,NVDA261106P00145000,0.07,0.22,0.145,1,,,0.6454,-0.0086,0.0005,-0.0147,0.0171,-0.0022
2026-09-30,NVDA,230.7,2026-09-30T19:40:33.446418497Z,2026-11-06,37,P,150.0,0.650195,NVDA261106P00150000,0.17,0.22,0.195,3,,,0.6281,-0.0115,0.0007,-0.0185,0.0221,-0.0029
2026-09-30,NVDA,230.7,2026-09-30T19:40:33.293676774Z,2026-11-06,37,P,155.0,0.671868,NVDA261106P00155000,0.15,0.27,0.21,23,,,0.592,-0.013,0.0008,-0.0193,0.0246,-0.0033
2026-09-30,NVDA,230.7,2026-09-30T19:40:33.303612418Z,2026-11-06,37,P,160.0,0.693541,NVDA261106P00160000,0.15,0.23,0.19,1,,,0.5425,-0.0129,0.0008,-0.0176,0.0245,-0.0032
2026-09-30,NVDA,230.7,2026-09-30T19:40:33.434246639Z,2026-11-06,37,P,305.0,1.322063,NVDA261106P00305000,70.94,78.5,74.72,,,,0.5969,-0.9119,0.0036,-0.0642,0.1174,-0.289
2026-09-30,NVDA,230.7,2026-09-30T19:40:33.51339175Z,2026-11-06,37,P,310.0,1.343736,NVDA261106P00310000,77.07,81.54,79.305,,,,0.5857,-0.9291,0.0032,-0.0474,0.0996,-0.2977
2026-09-30,NVDA,230.7,2026-09-30T19:40:33.29703187Z,2026-11-06,37,P,315.0,1.36541,NVDA261106P00315000,80.1,88.03,84.065,,,,0.586,-0.9399,0.0028,-0.0372,0.0876,-0.3051
2026-09-30,NVDA,230.7,2026-09-30T19:40:33.297016593Z,2026-11-06,37,P,320.0,1.387083,NVDA261106P00320000,85.29,92.39,88.84,,,,0.5835,-0.9502,0.0024,-0.0266,0.0756,-0.3123
2026-09-30,NVDA,230.7,2026-09-30T19:40:33.297001657Z,2026-11-06,37,P,325.0,1.408756,NVDA261106P00325000,90.98,96.29,93.635,,,,0.5783,-0.9597,0.002,-0.0161,0.0637,-0.3194
2026-09-30,NVDA,230.7,2026-09-30T19:40:33.296946526Z,2026-11-06,37,P,330.0,1.430429,NVDA261106P00330000,94.86,104.98,99.92,,,,0.7462,-0.9148,0.0028,-0.0822,0.1145,-0.3152
2026-09-30,TSLA,352.05,2026-09-30T19:40:35.576231231Z,2026-10-30,30,C,150.0,0.426076,TSLA261030C00150000,201.37,208.24,204.805,,,,,,,,,
2026-09-30,TSLA,352.05,2026-09-30T19:40:35.576299867Z,2026-10-30,30,C,160.0,0.454481,TSLA261030C00160000,190.46,196.1,193.28,,,,,,,,,
2026-09-30,TSLA,352.05,2026-09-30T19:40:36.981258986Z,2026-10-30,30,C,170.0,0.482886,TSLA261030C00170000,178.64,190.4,184.52,2,,,,,,,,
2026-09-30,TSLA,352.05,2026-09-30T19:40:35.579007429Z,2026-10-30,30,C,180.0,0.511291,TSLA261030C00180000,170.94,178.61,174.775,6,,,,,,,,
2026-09-30,TSLA,352.05,2026-09-30T19:40:35.580002521Z,2026-10-30,30,C,190.0,0.539696,TSLA261030C00190000,160.22,166.92,163.57,1,,,,,,,,
2026-09-30,TSLA,352.05,2026-09-30T19:40:35.576237774Z,2026-10-30,30,C,200.0,0.568101,TSLA261030C00200000,150.74,154.38,152.56,1,,,,,,,,
2026-09-30,TSLA,352.05,2026-09-30T19:40:35.576253396Z,2026-10-30,30,C,210.0,0.596506,TSLA261030C00210000,140.83,144.59,142.71,,,,,,,,,
2026-09-30,TSLA,352.05,2026-09-30T19:40:35.576277832Z,2026-10-30,30,C,220.0,0.624911,TSLA261030C00220000,128,136,132.0,,,,,,,,,
2026-09-30,TSLA,352.05,2026-09-30T19:40:35.574481146Z,2026-10-30,30,C,230.0,0.653316,TSLA261030C00230000,121.96,128.36,125.16,,,,,,,,,
2026-09-30,TSLA,352.05,2026-09-30T19:40:35.574481146Z,2026-10-30,30,C,235.0,0.667519,TSLA261030C00235000,116.23,123.47,119.85,3,,,0.9258,0.9523,0.0011,-0.1777,0.1003,0.177
2026-09-30,TSLA,352.05,2026-09-30T19:40:35.574481146Z,2026-10-30,30,C,240.0,0.681721,TSLA261030C00240000,112.62,117.99,115.305,,,,0.9265,0.9438,0.0012,-0.1995,0.1142,0.1783
2026-09-30,TSLA,352.05,2026-09-30T19:40:35.884139644Z,2026-10-30,30,C,465.0,1.320835,TSLA261030C00465000,0.76,0.79,0.775,55,,,0.5212,0.0387,0.0016,-0.0749,0.0846,0.0106
2026-09-30,TSLA,352.05,2026-09-30T19:40:35.876700234Z,2026-10-30,30,C,470.0,1.335038,TSLA261030C00470000,0.67,0.74,0.705,114,,,0.5287,0.0352,0.0015,-0.0702,0.0783,0.0096
2026-09-30,TSLA,352.05,2026-09-30T19:40:35.876394685Z,2026-10-30,30,C,475.0,1.34924,TSLA261030C00475000,0.6,0.63,0.615,69,,,0.5322,0.031,0.0013,-0.0637,0.0706,0.0085
2026-09-30,TSLA,352.05,2026-09-30T19:40:35.576197042Z,2026-10-30,30,C,480.0,1.363443,TSLA261030C00480000,0.58,0.61,0.595,71,,,0.5445,0.0296,0.0012,-0.0626,0.0678,0.0081
2026-09-30,TSLA,352.05,2026-09-30T19:40:35.581866187Z,2026-10-30,30,C,485.0,1.377645,TSLA261030C00485000,0.49,0.55,0.52,126,,,0.5477,0.0261,0.0011,-0.0567,0.0612,0.0071
2026-09-30,TSLA,352.05,2026-09-30T19:40:35.599661027Z,2026-10-30,30,C,490.0,1.391848,TSLA261030C00490000,0.48,0.5,0.49,61,,,0.5571,0.0244,0.001,-0.0545,0.0578,0.0067
2026-09-30,TSLA,352.05,2026-09-30T19:40:35.575541226Z,2026-10-30,30,C,495.0,1.40605,TSLA261030C00495000,0.44,0.46,0.45,4,,,0.5641,0.0224,0.0009,-0.0513,0.0538,0.0061
2026-09-30,TSLA,352.05,2026-09-30T19:40:35.846134824Z,2026-10-30,30,C,500.0,1.420253,TSLA261030C00500000,0.4,0.43,0.415,14,,,0.5711,0.0206,0.0009,-0.0485,0.0501,0.0056
2026-09-30,TSLA,352.05,2026-09-30T19:40:35.949799455Z,2026-10-30,30,C,505.0,1.434455,TSLA261030C00505000,0.37,0.4,0.385,8,,,0.5784,0.0191,0.0008,-0.0459,0.0469,0.0052
2026-09-30,TSLA,352.05,2026-09-30T19:40:35.625125931Z,2026-10-30,30,C,510.0,1.448658,TSLA261030C00510000,0.34,0.37,0.355,103,,,0.585,0.0176,0.0007,-0.0433,0.0438,0.0048
2026-09-30,TSLA,352.05,2026-09-30T19:40:35.574516251Z,2026-10-30,30,C,515.0,1.46286,TSLA261030C00515000,0.28,0.3,0.29,10,,,0.5819,0.0147,0.0006,-0.037,0.0376,0.004
2026-09-30,TSLA,352.05,2026-09-30T19:40:36.792894888Z,2026-10-30,30,C,525.0,1.491265,TSLA261030C00525000,0.24,0.3,0.27,2,,,0.6012,0.0134,0.0006,-0.0353,0.0347,0.0037
2026-09-30,TSLA,352.05,2026-09-30T19:40:36.027023929Z,2026-10-30,30,C,530.0,1.505468,TSLA261030C00530000,0.26,0.28,0.27,1,,,0.6133,0.0132,0.0005,-0.0354,0.0342,0.0036
2026-09-30,TSLA,352.05,2026-09-30T19:40:36.002618983Z,2026-10-30,30,C,535.0,1.519671,TSLA261030C00535000,0.2,0.27,0.235,20,,,0.6144,0.0116,0.0005,-0.0318,0.0307,0.0032
2026-09-30,TSLA,352.05,2026-09-30T19:40:35.92870943Z,2026-10-30,30,C,540.0,1.533873,TSLA261030C00540000,0.23,0.25,0.24,10,,,0.6277,0.0116,0.0005,-0.0325,0.0307,0.0032
2026-09-30,TSLA,352.05,2026-09-30T19:40:35.894979572Z,2026-10-30,30,C,545.0,1.548076,TSLA261030C00545000,0.18,0.24,0.21,10,,,0.6289,0.0103,0.0004,-0.0293,0.0276,0.0028
2026-09-30,TSLA,352.05,2026-09-30T19:40:35.794301289Z,2026-10-30,30,C,550.0,1.562278,TSLA261030C00550000,0.16,0.19,0.175,1,,,0.6265,0.0087,0.0004,-0.0253,0.0239,0.0024
2026-09-30,TSLA,352.05,2026-09-30T19:40:35.916599484Z,2026-10-30,30,C,555.0,1.576481,TSLA261030C00555000,0.15,0.22,0.185,1,,,0.6416,0.009,0.0004,-0.0266,0.0246,0.0025
2026-09-30,TSLA,352.05,2026-09-30T19:40:36.88592445Z,2026-10-30,30,C,560.0,1.590683,TSLA261030C00560000,0.18,0.21,0.195,1,,,0.6566,0.0093,0.0004,-0.0279,0.0252,0.0025
2026-09-30,TSLA,352.05,2026-09-30T19:40:35.577829065Z,2026-10-30,30,P,150.0,0.426076,TSLA261030P00150000,0.07,0.09,0.08,2,,,,,,,,
2026-09-30,TSLA,352.05,2026-09-30T19:40:32.158536875Z,2026-10-30,30,P,160.0,0.454481,TSLA261030P00160000,0.04,0.11,0.075,2,,,,,,,,
2026-09-30,TSLA,352.05,2026-09-30T19:40:35.5778788Z,2026-10-30,30,P,170.0,0.482886,TSLA261030P00170000,0.1,0.12,0.11,10,,,,,,,,
2026-09-30,TSLA,352.05,2026-09-30T19:40:35.596768804Z,2026-10-30,30,P,180.0,0.511291,TSLA261030P00180000,0.11,0.14,0.125,1,,,,,,,,
2026-09-30,TSLA,352.05,2026-09-30T19:40:35.57824967Z,2026-10-30,30,P,190.0,0.539696,TSLA261030P00190000,0.13,0.15,0.14,1,,,,,,,,
2026-09-30,TSLA,352.05,2026-09-30T19:40:32.992171028Z,2026-10-30,30,P,200.0,0.568101,TSLA261030P00200000,0.11,0.13,0.12,1,,,0.7932,-0.0045,0.0002,-0.0173,0.0132,-0.0014
2026-09-30,TSLA,352.05,2026-09-30T19:40:35.579208795Z,2026-10-30,30,P,210.0,0.596506,TSLA261030P00210000,0.13,0.2,0.165,47,,,0.7588,-0.0062,0.0002,-0.0222,0.0178,-0.0019
2026-09-30,TSLA,352.05,2026-09-30T19:40:37.232846883Z,2026-10-30,30,P,220.0,0.624911,TSLA261030P00220000,0.2,0.23,0.215,13,,,0.7207,-0.0083,0.0003,-0.0272,0.0229,-0.0026
2026-09-30,TSLA,352.05,2026-09-30T19:40:37.897795074Z,2026-10-30,30,P,230.0,0.653316,TSLA261030P00230000,0.24,0.26,0.25,26,,,0.6729,-0.0102,0.0004,-0.0303,0.0273,-0.0032
2026-09-30,TSLA,352.05,2026-09-30T19:40:36.252307046Z,2026-10-30,30,P,235.0,0.667519,TSLA261030P00235000,0.22,0.24,0.23,14,,,0.6355,-0.01,0.0004,-0.0281,0.0269,-0.0031
2026-09-30,TSLA,352.05,2026-09-30T19:40:35.579188753Z,2026-10-30,30,P,240.0,0.681721,TSLA261030P00240000,0.25,0.31,0.28,3,,,0.6228,-0.0121,0.0005,-0.0326,0.0318,-0.0037
2026-09-30,TSLA,352.05,2026-09-30T19:35:17.78227213Z,2026-10-30,30,P,465.0,1.320835,TSLA261030P00465000,108.95,116.67,112.81,,,,0.5765,-0.9432,0.002,-0.0632,0.1152,-0.3656
2026-09-30,TSLA,352.05,2026-09-30T19:40:35.576285676Z,2026-10-30,30,P,470.0,1.335038,TSLA261030P00470000,116.59,122.33,119.46,1,,,0.71,-0.9036,0.0024,-0.1574,0.1724,-0.3596
2026-09-30,TSLA,352.05,2026-09-30T19:40:35.576285676Z,2026-10-30,30,P,475.0,1.34924,TSLA261030P00475000,118.19,125.07,121.63,6,,,0.4453,-0.988,0.0007,0.0267,0.0315,-0.3858
2026-09-30,TSLA,352.05,2026-09-30T19:40:35.576214556Z,2026-10-30,30,P,480.0,1.363443,TSLA261030P00480000,125.81,129.94,127.875,,,,0.6376,-0.9438,0.0018,-0.0723,0.1142,-0.3782
2026-09-30,TSLA,352.05,2026-09-30T19:36:06.581688465Z,2026-10-30,30,P,485.0,1.377645,TSLA261030P00485000,129.789,136.42,133.1045,,,,0.6751,-0.9385,0.0018,-0.0884,0.1226,-0.381
2026-09-30,TSLA,352.05,2026-09-30T19:35:14.309485875Z,2026-10-30,30,P,490.0,1.391848,TSLA261030P00490000,133,138.54,135.77,,,,,,,,,
2026-09-30,TSLA,352.05,2026-09-30T19:40:31.14403178Z,2026-10-30,30,P,495.0,1.40605,TSLA261030P00495000,138.09,147.59,142.84,,,,0.6877,-0.9467,0.0016,-0.0747,0.1095,-0.3913
2026-09-30,TSLA,352.05,2026-09-30T19:40:37.686579025Z,2026-10-30,30,P,500.0,1.420253,TSLA261030P00500000,143.75,151.43,147.59,1,,,0.6808,-0.9539,0.0014,-0.0591,0.0976,-0.3973
2026-09-30,TSLA,352.05,2026-09-30T19:39:59.629491672Z,2026-10-30,30,P,505.0,1.434455,TSLA261030P00505000,147.4,153.97,150.685,,,,,,,,,
2026-09-30,TSLA,352.05,2026-09-30T19:39:59.629481758Z,2026-10-30,30,P,510.0,1.448658,TSLA261030P00510000,153.27,161.16,157.215,,,,0.6714,-0.9651,0.0011,-0.0341,0.0778,-0.4085
2026-09-30,TSLA,352.05,2026-09-30T19:40:35.576285676Z,2026-10-30,30,P,515.0,1.46286,TSLA261030P00515000,159.59,163.8,161.695,,,,0.6018,-0.9821,0.0007,0.0096,0.0444,-0.4171
2026-09-30,TSLA,352.05,2026-09-30T19:40:35.576285676Z,2026-10-30,30,P,525.0,1.491265,TSLA261030P00525000,168.41,175.77,172.09,,,,0.703,-0.969,0.001,-0.0279,0.0705,-0.4218
2026-09-30,TSLA,352.05,2026-09-30T19:40:35.576274299Z,2026-10-30,30,P,530.0,1.505468,TSLA261030P00530000,172.96,183.07,178.015,,,,0.8211,-0.946,0.0013,-0.097,0.1107,-0.42
2026-09-30,TSLA,352.05,2026-09-30T19:40:35.576285676Z,2026-10-30,30,P,535.0,1.519671,TSLA261030P00535000,177.76,183.4,180.58,,,,,,,,,
2026-09-30,TSLA,352.05,2026-09-30T19:40:35.576271308Z,2026-10-30,30,P,540.0,1.533873,TSLA261030P00540000,186.98,192.27,189.625,,,,0.9745,-0.9162,0.0016,-0.1976,0.1553,-0.421
2026-09-30,TSLA,352.05,2026-09-30T19:40:35.586813857Z,2026-10-30,30,P,545.0,1.548076,TSLA261030P00545000,187.37,193.16,190.265,,,,,,,,,
2026-09-30,TSLA,352.05,2026-09-30T19:40:35.576238733Z,2026-10-30,30,P,550.0,1.562278,TSLA261030P00550000,197,199.22,198.11,,,,0.8931,-0.9454,0.0012,-0.1094,0.1115,-0.4364
2026-09-30,TSLA,352.05,2026-09-30T19:40:35.576274299Z,2026-10-30,30,P,555.0,1.576481,TSLA261030P00555000,204.3,208,206.15,,,,,,,,,
2026-09-30,TSLA,352.05,2026-09-30T19:40:35.580003721Z,2026-10-30,30,P,560.0,1.590683,TSLA261030P00560000,202.58,209.09,205.835,,,,,,,,,
2026-09-30,TSLA,352.05,2026-09-30T19:40:35.574725179Z,2026-11-06,37,C,150.0,0.426076,TSLA261106C00150000,201.84,205.32,203.58,,,,,,,,,
2026-09-30,TSLA,352.05,2026-09-30T19:40:35.580110045Z,2026-11-06,37,C,160.0,0.454481,TSLA261106C00160000,186.55,198.89,192.72,,,,,,,,,
2026-09-30,TSLA,352.05,2026-09-30T19:40:36.844720413Z,2026-11-06,37,C,170.0,0.482886,TSLA261106C00170000,183.28,188.52,185.9,,,,,,,,,
2026-09-30,TSLA,352.05,2026-09-30T19:40:35.575289974Z,2026-11-06,37,C,180.0,0.511291,TSLA261106C00180000,168.01,174.51,171.26,,,,,,,,,
2026-09-30,TSLA,352.05,2026-09-30T19:40:35.575515069Z,2026-11-06,37,C,190.0,0.539696,TSLA261106C00190000,158.36,166.43,162.395,,,,,,,,,
2026-09-30,TSLA,352.05,2026-09-30T19:40:35.575195029Z,2026-11-06,37,C,200.0,0.568101,TSLA261106C00200000,149.45,155.39,152.42,1,,,,,,,,
2026-09-30,TSLA,352.05,2026-09-30T19:40:35.57488855Z,2026-11-06,37,C,210.0,0.596506,TSLA261106C00210000,139.76,144.51,142.135,,,,,,,,,
2026-09-30,TSLA,352.05,2026-09-30T19:40:35.574569977Z,2026-11-06,37,C,220.0,0.624911,TSLA261106C00220000,133.06,135.95,134.505,,,,0.897,0.9643,0.0008,-0.1287,0.088,0.2078
2026-09-30,TSLA,352.05,2026-09-30T19:40:35.574569977Z,2026-11-06,37,C,230.0,0.653316,TSLA261106C00230000,122.59,129.96,126.275,,,,0.9748,0.9382,0.0011,-0.2019,0.1367,0.2068
2026-09-30,TSLA,352.05,2026-09-30T19:40:35.574569977Z,2026-11-06,37,C,235.0,0.667519,TSLA261106C00235000,118.01,124.03,121.02,,,,0.9154,0.939,0.0012,-0.1898,0.1353,0.2124
2026-09-30,TSLA,352.05,2026-09-30T19:40:00.612114864Z,2026-11-06,37,C,240.0,0.681721,TSLA261106C00240000,114.35,117.34,115.845,,,,0.863,0.939,0.0012,-0.1808,0.1353,0.2177
2026-09-30,TSLA,352.05,2026-09-30T19:40:35.828014036Z,2026-11-06,37,C,465.0,1.320835,TSLA261106C00465000,1.1,1.17,1.135,68,,,0.5023,0.051,0.0019,-0.0815,0.1174,0.017
2026-09-30,TSLA,352.05,2026-09-30T19:40:35.977903646Z,2026-11-06,37,C,470.0,1.335038,TSLA261106C00470000,0.98,1.07,1.025,5,,,0.5077,0.0463,0.0017,-0.0762,0.1086,0.0155
2026-09-30,TSLA,352.05,2026-09-30T19:40:35.828014036Z,2026-11-06,37,C,475.0,1.34924,TSLA261106C00475000,0.88,0.98,0.93,1,,,0.5134,0.0421,0.0016,-0.0714,0.1007,0.0141
2026-09-30,TSLA,352.05,2026-09-30T19:40:36.572076259Z,2026-11-06,37,C,480.0,1.363443,TSLA261106C00480000,0.77,0.88,0.825,43,,,0.5168,0.0377,0.0014,-0.0656,0.0921,0.0126
2026-09-30,TSLA,352.05,2026-09-30T19:40:36.618137047Z,2026-11-06,37,C,485.0,1.377645,TSLA261106C00485000,0.7,0.83,0.765,3,,,0.524,0.0349,0.0013,-0.0624,0.0864,0.0117
2026-09-30,TSLA,352.05,2026-09-30T19:40:35.574870801Z,2026-11-06,37,C,490.0,1.391848,TSLA261106C00490000,0.63,0.72,0.675,118,,,0.5266,0.0311,0.0012,-0.057,0.0786,0.0104
2026-09-30,TSLA,352.05,2026-09-30T19:40:36.618137047Z,2026-11-06,37,C,495.0,1.40605,TSLA261106C00495000,0.58,0.65,0.615,,,,0.5319,0.0284,0.0011,-0.0534,0.0729,0.0095
2026-09-30,TSLA,352.05,2026-09-30T19:40:35.57750052Z,2026-11-06,37,C,500.0,1.420253,TSLA261106C00500000,0.51,0.64,0.575,19,,,0.5391,0.0265,0.001,-0.051,0.0687,0.0089
2026-09-30,TSLA,352.05,2026-09-30T19:40:37.179603892Z,2026-11-06,37,C,505.0,1.434455,TSLA261106C00505000,0.5,0.6,0.55,53,,,0.548,0.0251,0.001,-0.0496,0.0658,0.0084
2026-09-30,TSLA,352.05,2026-09-30T19:40:36.618137047Z,2026-11-06,37,C,510.0,1.448658,TSLA261106C00510000,0.46,0.51,0.485,10,,,0.5499,0.0224,0.0009,-0.0452,0.0597,0.0075
2026-09-30,TSLA,352.05,2026-09-30T19:40:36.618137047Z,2026-11-06,37,C,515.0,1.46286,TSLA261106C00515000,0.39,0.52,0.455,11,,,0.5568,0.0209,0.0008,-0.0432,0.0564,0.007
2026-09-30,TSLA,352.05,2026-09-30T19:40:35.575305078Z,2026-11-06,37,C,525.0,1.491265,TSLA261106C00525000,0.34,0.4,0.37,27,,,0.5636,0.0172,0.0007,-0.037,0.0478,0.0058
2026-09-30,TSLA,352.05,2026-09-30T19:40:36.697896005Z,2026-11-06,37,C,530.0,1.505468,TSLA261106C00530000,0.35,0.45,0.4,1,,,0.5811,0.018,0.0007,-0.0396,0.0496,0.006
2026-09-30,TSLA,352.05,2026-09-30T19:40:36.711435886Z,2026-11-06,37,C,535.0,1.519671,TSLA261106C00535000,0.32,0.39,0.355,11,,,0.5828,0.0161,0.0006,-0.0361,0.0452,0.0054
2026-09-30,TSLA,352.05,2026-09-30T19:40:36.885920763Z,2026-11-06,37,C,540.0,1.533873,TSLA261106C00540000,0.3,0.36,0.33,9,,,0.588,0.015,0.0006,-0.0342,0.0424,0.005
2026-09-30,TSLA,352.05,2026-09-30T19:40:36.618106229Z,2026-11-06,37,C,545.0,1.548076,TSLA261106C00545000,0.22,0.34,0.28,,,,0.5861,0.013,0.0005,-0.0301,0.0374,0.0043
2026-09-30,TSLA,352.05,2026-09-30T19:40:35.981858417Z,2026-11-06,37,C,550.0,1.562278,TSLA261106C00550000,0.21,0.31,0.26,,,,0.591,0.012,0.0005,-0.0284,0.0351,0.004
2026-09-30,TSLA,352.05,2026-09-30T19:40:36.618137047Z,2026-11-06,37,C,555.0,1.576481,TSLA261106C00555000,0.19,0.31,0.25,,,,0.5983,0.0115,0.0004,-0.0277,0.0337,0.0038
2026-09-30,TSLA,352.05,2026-09-30T19:40:36.692695863Z,2026-11-06,37,C,560.0,1.590683,TSLA261106C00560000,0.19,0.27,0.23,10,,,0.6022,0.0106,0.0004,-0.0259,0.0314,0.0035
2026-09-30,TSLA,352.05,2026-09-30T19:40:31.96148979Z,2026-11-06,37,P,150.0,0.426076,TSLA261106P00150000,0.03,0.1,0.065,,,,,,,,,
2026-09-30,TSLA,352.05,2026-09-30T19:40:37.595605699Z,2026-11-06,37,P,160.0,0.454481,TSLA261106P00160000,0.04,0.09,0.065,1,,,,,,,,
2026-09-30,TSLA,352.05,2026-09-30T19:40:35.590416147Z,2026-11-06,37,P,170.0,0.482886,TSLA261106P00170000,0.05,0.09,0.07,1,,,,,,,,
2026-09-30,TSLA,352.05,2026-09-30T19:40:37.59094573Z,2026-11-06,37,P,180.0,0.511291,TSLA261106P00180000,0.05,0.15,0.1,10,,,,,,,,
2026-09-30,TSLA,352.05,2026-09-30T19:40:35.874634705Z,2026-11-06,37,P,190.0,0.539696,TSLA261106P00190000,0.1,0.21,0.155,16,,,,,,,,
2026-09-30,TSLA,352.05,2026-09-30T19:40:35.872514662Z,2026-11-06,37,P,200.0,0.568101,TSLA261106P00200000,0.12,0.24,0.18,2,,,0.7504,-0.0062,0.0002,-0.0195,0.0195,-0.0024
2026-09-30,TSLA,352.05,2026-09-30T19:40:35.830022349Z,2026-11-06,37,P,210.0,0.596506,TSLA261106P00210000,0.16,0.24,0.2,1,,,0.7008,-0.0072,0.0003,-0.021,0.0225,-0.0028
2026-09-30,TSLA,352.05,2026-09-30T19:40:37.385671946Z,2026-11-06,37,P,220.0,0.624911,TSLA261106P00220000,0.2,0.28,0.24,187,,,0.6593,-0.0091,0.0003,-0.024,0.0274,-0.0035
2026-09-30,TSLA,352.05,2026-09-30T19:40:37.591075951Z,2026-11-06,37,P,230.0,0.653316,TSLA261106P00230000,0.21,0.35,0.28,7,,,0.6164,-0.0111,0.0004,-0.0268,0.0327,-0.0042
2026-09-30,TSLA,352.05,2026-09-30T19:40:36.020693881Z,2026-11-06,37,P,235.0,0.667519,TSLA261106P00235000,0.25,0.35,0.3,185,,,0.5946,-0.0122,0.0005,-0.0281,0.0356,-0.0047
2026-09-30,TSLA,352.05,2026-09-30T19:40:35.906839534Z,2026-11-06,37,P,240.0,0.681721,TSLA261106P00240000,0.31,0.4,0.355,3,,,0.5814,-0.0145,0.0006,-0.0318,0.0412,-0.0055
2026-09-30,TSLA,352.05,2026-09-30T19:40:37.974308722Z,2026-11-06,37,P,465.0,1.320835,TSLA261106P00465000,110.75,116.65,113.7,,,,0.5981,-0.9108,0.0024,-0.0997,0.1809,-0.4403
2026-09-30,TSLA,352.05,2026-09-30T19:40:36.707265399Z,2026-11-06,37,P,470.0,1.335038,TSLA261106P00470000,115.31,120.75,118.03,,,,0.5759,-0.9283,0.0021,-0.0718,0.1533,-0.4509
2026-09-30,TSLA,352.05,2026-09-30T19:40:37.741900072Z,2026-11-06,37,P,475.0,1.34924,TSLA261106P00475000,119.26,125.41,122.335,,,,0.5419,-0.9482,0.0017,-0.0383,0.119,-0.4624
2026-09-30,TSLA,352.05,2026-09-30T19:40:37.778304758Z,2026-11-06,37,P,480.0,1.363443,TSLA261106P00480000,127.3,132.88,130.09,,,,0.7231,-0.8877,0.0024,-0.1616,0.2139,-0.4487
2026-09-30,TSLA,352.05,2026-09-30T19:35:17.781728119Z,2026-11-06,37,P,485.0,1.377645,TSLA261106P00485000,129.88,137.57,133.725,,,,0.6704,-0.9156,0.0021,-0.1084,0.1735,-0.4623
2026-09-30,TSLA,352.05,2026-09-30T19:35:17.786733403Z,2026-11-06,37,P,490.0,1.391848,TSLA261106P00490000,134.56,141.18,137.87,,,,0.6328,-0.9359,0.0018,-0.0703,0.1406,-0.4737
2026-09-30,TSLA,352.05,2026-09-30T19:40:35.5752572Z,2026-11-06,37,P,495.0,1.40605,TSLA261106P00495000,140.12,147.88,144.0,,,,0.7201,-0.9122,0.002,-0.124,0.1786,-0.4715
2026-09-30,TSLA,352.05,2026-09-30T19:35:14.514360348Z,2026-11-06,37,P,500.0,1.420253,TSLA261106P00500000,142.48,148.9,145.69,1,,,,,,,,
2026-09-30,TSLA,352.05,2026-09-30T19:40:35.575486859Z,2026-11-06,37,P,505.0,1.434455,TSLA261106P00505000,149.85,157.89,153.87,,,,0.7459,-0.9168,0.0018,-0.122,0.1716,-0.4831
2026-09-30,TSLA,352.05,2026-09-30T19:40:35.584536169Z,2026-11-06,37,P,510.0,1.448658,TSLA261106P00510000,150.93,160.57,155.75,,,,,,,,,
2026-09-30,TSLA,352.05,2026-09-30T19:40:28.301253891Z,2026-11-06,37,P,515.0,1.46286,TSLA261106P00515000,156.03,164.01,160.02,,,,,,,,,
2026-09-30,TSLA,352.05,2026-09-30T19:40:35.575417322Z,2026-11-06,37,P,525.0,1.491265,TSLA261106P00525000,170.28,178,174.14,,,,0.8257,-0.9153,0.0017,-0.141,0.174,-0.5031
2026-09-30,TSLA,352.05,2026-09-30T19:40:35.5752572Z,2026-11-06,37,P,530.0,1.505468,TSLA261106P00530000,171.99,178.82,175.405,,,,,,,,,
2026-09-30,TSLA,352.05,2026-09-30T19:40:35.574862978Z,2026-11-06,37,P,535.0,1.519671,TSLA261106P00535000,180.89,188.58,184.735,,,,0.8898,-0.9069,0.0017,-0.1706,0.1867,-0.5109
2026-09-30,TSLA,352.05,2026-09-30T19:40:35.57506132Z,2026-11-06,37,P,540.0,1.533873,TSLA261106P00540000,185.95,192.05,189.0,,,,0.8636,-0.9199,0.0015,-0.1398,0.1668,-0.5198
2026-09-30,TSLA,352.05,2026-09-30T19:40:28.304444122Z,2026-11-06,37,P,545.0,1.548076,TSLA261106P00545000,187.92,199.64,193.78,,,,0.8651,-0.9243,0.0015,-0.1312,0.1597,-0.5263
2026-09-30,TSLA,352.05,2026-09-30T19:40:25.142870273Z,2026-11-06,37,P,550.0,1.562278,TSLA261106P00550000,196.37,197.73,197.05,,,,0.7448,-0.9596,0.001,-0.0407,0.0973,-0.5422
2026-09-30,TSLA,352.05,2026-09-30T19:40:35.57806656Z,2026-11-06,37,P,555.0,1.576481,TSLA261106P00555000,199.92,206.64,203.28,,,,0.8612,-0.9343,0.0013,-0.1098,0.1433,-0.5395
2026-09-30,TSLA,352.05,2026-09-30T19:40:37.254177479Z,2026-11-06,37,P,560.0,1.590683,TSLA261106P00560000,205.37,207.23,206.3,,,,0.6745,-0.9791,0.0007,0.0076,0.0563,-0.5585
2026-09-30,USO,145.505,2026-09-30T19:40:25.554258289Z,2026-10-30,30,C,60.0,0.412357,USO261030C00060000,82.04,88.95,85.495,1,,,,,,,,
2026-09-30,USO,145.505,2026-09-30T19:40:25.554253623Z,2026-10-30,30,C,65.0,0.44672,USO261030C00065000,77.36,81.97,79.665,,,,,,,,,
2026-09-30,USO,145.505,2026-09-30T19:40:19.487904859Z,2026-10-30,30,C,70.0,0.481083,USO261030C00070000,74.25,78.83,76.54,,,,,,,,,
2026-09-30,USO,145.505,2026-09-30T19:40:25.554258289Z,2026-10-30,30,C,75.0,0.515446,USO261030C00075000,67.39,72.17,69.78,,,,,,,,,
2026-09-30,USO,145.505,2026-09-30T19:40:19.487908459Z,2026-10-30,30,C,80.0,0.549809,USO261030C00080000,63.42,67.42,65.42,,,,,,,,,
2026-09-30,USO,145.505,2026-09-30T19:40:33.364979283Z,2026-10-30,30,C,85.0,0.584172,USO261030C00085000,58.84,63.61,61.225,,,,,,,,,
2026-09-30,USO,145.505,2026-09-30T19:40:25.554258289Z,2026-10-30,30,C,90.0,0.618535,USO261030C00090000,54.39,57.08,55.735,1,,,0.6398,0.9968,0.0004,-0.0138,0.0041,0.0733
2026-09-30,USO,145.505,2026-09-30T19:40:25.475864198Z,2026-10-30,30,C,95.0,0.652899,USO261030C00095000,48.74,52.59,50.665,1,,,,,,,,
2026-09-30,USO,145.505,2026-09-30T19:40:29.568025619Z,2026-10-30,30,C,100.0,0.687262,USO261030C00100000,44.16,48.74,46.45,2,,,0.8371,0.9548,0.0027,-0.0651,0.0396,0.0759
2026-09-30,USO,145.505,2026-09-30T19:40:33.296341834Z,2026-10-30,30,C,190.0,1.305797,USO261030C00190000,0.6,0.69,0.645,4,,,0.5778,0.0653,0.0053,-0.052,0.053,0.0073
2026-09-30,USO,145.505,2026-09-30T19:40:33.307686161Z,2026-10-30,30,C,195.0,1.34016,USO261030C00195000,0.53,0.57,0.55,4,,,0.6012,0.0551,0.0044,-0.0473,0.0464,0.0061
2026-09-30,USO,145.505,2026-09-30T19:40:33.307624525Z,2026-10-30,30,C,200.0,1.374523,USO261030C00200000,0.37,0.51,0.44,184,,,0.6153,0.0445,0.0037,-0.0408,0.0392,0.005
2026-09-30,USO,145.505,2026-09-30T19:40:38.94929065Z,2026-10-30,30,C,205.0,1.408886,USO261030C00205000,0.33,0.4,0.365,31,,,0.6321,0.037,0.0031,-0.036,0.0337,0.0041
2026-09-30,USO,145.505,2026-09-30T19:40:33.307334356Z,2026-10-30,30,C,210.0,1.443249,USO261030C00210000,0.26,0.35,0.305,1,,,0.6482,0.0309,0.0026,-0.0319,0.0291,0.0034
2026-09-30,USO,145.505,2026-09-30T19:40:38.948755367Z,2026-10-30,30,C,215.0,1.477612,USO261030C00215000,0.18,0.3,0.24,1,,,0.657,0.0247,0.0021,-0.0268,0.0241,0.0028
2026-09-30,USO,145.505,2026-09-30T19:40:38.94773544Z,2026-10-30,30,C,220.0,1.511976,USO261030C00220000,0.2,0.25,0.225,14,,,0.6823,0.0226,0.0019,-0.0258,0.0224,0.0025
2026-09-30,USO,145.505,2026-09-30T19:28:00.704937836Z,2026-10-30,30,P,60.0,0.412357,USO261030P00060000,0,2.17,1.085,,,,,,,,,
2026-09-30,USO,145.505,2026-09-30T19:18:43.700652311Z,2026-10-30,30,P,65.0,0.44672,USO261030P00065000,0,2.11,1.055,,,,,,,,,
2026-09-30,USO,145.505,2026-09-30T17:47:36.81560185Z,2026-10-30,30,P,70.0,0.481083,USO261030P00070000,0,2.09,1.045,,,,,,,,,
2026-09-30,USO,145.505,2026-09-30T13:35:26.735103131Z,2026-10-30,30,P,75.0,0.515446,USO261030P00075000,0,0.17,0.085,1,,,,,,,,
2026-09-30,USO,145.505,2026-09-30T19:40:33.513163586Z,2026-10-30,30,P,80.0,0.549809,USO261030P00080000,0,2.16,1.08,4,,,,,,,,
2026-09-30,USO,145.505,2026-09-30T19:40:25.547690116Z,2026-10-30,30,P,85.0,0.584172,USO261030P00085000,0,2.18,1.09,1,,,,,,,,
2026-09-30,USO,145.505,2026-09-30T19:40:39.517343718Z,2026-10-30,30,P,90.0,0.618535,USO261030P00090000,0,2.15,1.075,21,,,,,,,,
2026-09-30,USO,145.505,2026-09-30T19:40:39.331885078Z,2026-10-30,30,P,95.0,0.652899,USO261030P00095000,0.04,0.13,0.085,1,,,0.6558,-0.0088,0.0009,-0.0107,0.0099,-0.0011
2026-09-30,USO,145.505,2026-09-30T19:40:39.877947259Z,2026-10-30,30,P,100.0,0.687262,USO261030P00100000,0.13,0.22,0.175,28,,,0.649,-0.0169,0.0015,-0.0186,0.0175,-0.0022
2026-09-30,USO,145.505,2026-09-30T19:40:23.002478396Z,2026-10-30,30,P,190.0,1.305797,USO261030P00190000,42.98,46.93,44.955,7,,,0.6344,-0.9133,0.006,-0.0506,0.0658,-0.1461
2026-09-30,USO,145.505,2026-09-30T19:40:19.488548702Z,2026-10-30,30,P,195.0,1.34016,USO261030P00195000,48.71,51.38,50.045,4,,,0.6962,-0.9121,0.0055,-0.0577,0.0665,-0.1502
2026-09-30,USO,145.505,2026-09-30T19:40:19.488548702Z,2026-10-30,30,P,200.0,1.374523,USO261030P00200000,52.49,54.86,53.675,,,,,,,,,
2026-09-30,USO,145.505,2026-09-30T19:40:19.488563881Z,2026-10-30,30,P,205.0,1.408886,USO261030P00205000,57.5,61.51,59.505,,,,0.6873,-0.9482,0.0037,-0.0296,0.0442,-0.1622
2026-09-30,USO,145.505,2026-09-30T19:40:19.488574955Z,2026-10-30,30,P,210.0,1.443249,USO261030P00210000,63.5,66.69,65.095,,,,0.8394,-0.9183,0.0043,-0.0669,0.063,-0.1633
2026-09-30,USO,145.505,2026-09-30T19:40:25.549158334Z,2026-10-30,30,P,215.0,1.477612,USO261030P00215000,66.73,72.4,69.565,,,,0.7825,-0.947,0.0033,-0.0366,0.045,-0.1704
2026-09-30,USO,145.505,2026-09-30T19:40:25.549168648Z,2026-10-30,30,P,220.0,1.511976,USO261030P00220000,72.57,76.13,74.35,,,,0.7681,-0.9604,0.0027,-0.0228,0.0356,-0.1759
2026-09-30,USO,145.505,2026-09-30T19:40:24.192373513Z,2026-11-06,37,C,60.0,0.412357,USO261106C00060000,85.28,87.51,86.395,,,,,,,,,
2026-09-30,USO,145.505,2026-09-30T19:40:33.362054145Z,2026-11-06,37,C,65.0,0.44672,USO261106C00065000,78.41,81.6,80.005,,,,,,,,,
2026-09-30,USO,145.505,2026-09-30T19:40:32.637842251Z,2026-11-06,37,C,70.0,0.481083,USO261106C00070000,74.98,76.98,75.98,,,,,,,,,
2026-09-30,USO,145.505,2026-09-30T19:40:25.553962818Z,2026-11-06,37,C,75.0,0.515446,USO261106C00075000,68.09,72.51,70.3,,,,,,,,,
2026-09-30,USO,145.505,2026-09-30T19:40:33.362054145Z,2026-11-06,37,C,80.0,0.549809,USO261106C00080000,62.65,67.45,65.05,,,,,,,,,
2026-09-30,USO,145.505,2026-09-30T19:40:25.553962818Z,2026-11-06,37,C,85.0,0.584172,USO261106C00085000,59.92,62.76,61.34,,,,,,,,,
2026-09-30,USO,145.505,2026-09-30T19:40:25.553962818Z,2026-11-06,37,C,90.0,0.618535,USO261106C00090000,53.84,58.62,56.23,,,,0.8509,0.9726,0.0016,-0.0427,0.0292,0.0864
2026-09-30,USO,145.505,2026-09-30T19:40:34.439969729Z,2026-11-06,37,C,95.0,0.652899,USO261106C00095000,48.39,53.78,51.085,,,,0.7095,0.9781,0.0016,-0.033,0.0242,0.0924
2026-09-30,USO,145.505,2026-09-30T19:40:19.488779419Z,2026-11-06,37,C,100.0,0.687262,USO261106C00100000,44,47.89,45.945,28,,,0.56,0.9865,0.0013,-0.0225,0.016,0.0988
2026-09-30,USO,145.505,2026-09-30T19:40:34.244625505Z,2026-11-06,37,C,190.0,1.305797,USO261106C00190000,0.89,1,0.945,6,,,0.565,0.0846,0.0059,-0.056,0.0718,0.0115
2026-09-30,USO,145.505,2026-09-30T19:40:39.322484189Z,2026-11-06,37,C,195.0,1.34016,USO261106C00195000,0.75,1.09,0.92,1,,,0.602,0.0787,0.0053,-0.0564,0.068,0.0107
2026-09-30,USO,145.505,2026-09-30T19:40:39.097126488Z,2026-11-06,37,C,200.0,1.374523,USO261106C00200000,0.6,0.67,0.635,37,,,0.5931,0.0579,0.0042,-0.0438,0.0537,0.0079
2026-09-30,USO,145.505,2026-09-30T19:40:33.307320107Z,2026-11-06,37,C,205.0,1.408886,USO261106C00205000,0.5,0.57,0.535,13,,,0.6084,0.0489,0.0036,-0.0393,0.0469,0.0067
2026-09-30,USO,145.505,2026-09-30T19:40:36.069262575Z,2026-11-06,37,C,210.0,1.443249,USO261106C00210000,0.41,0.47,0.44,6,,,0.6198,0.0406,0.003,-0.0344,0.0404,0.0055
2026-09-30,USO,145.505,2026-09-30T19:40:39.32122676Z,2026-11-06,37,C,215.0,1.477612,USO261106C00215000,0.12,0.46,0.29,2,,,0.6082,0.0286,0.0023,-0.0253,0.0303,0.0039
2026-09-30,USO,145.505,2026-09-30T19:40:33.307294958Z,2026-11-06,37,C,220.0,1.511976,USO261106C00220000,0.26,0.35,0.305,12,,,0.6425,0.0286,0.0022,-0.0267,0.0302,0.0039
2026-09-30,USO,145.505,2026-09-30T17:47:36.812485634Z,2026-11-06,37,P,60.0,0.412357,USO261106P00060000,0,2.15,1.075,,,,,,,,,
2026-09-30,USO,145.505,2026-09-30T16:58:23.46154782Z,2026-11-06,37,P,65.0,0.44672,USO261106P00065000,0,2.11,1.055,,,,,,,,,
2026-09-30,USO,145.505,2026-09-30T17:58:49.95268228Z,2026-11-06,37,P,70.0,0.481083,USO261106P00070000,0,2.1,1.05,,,,,,,,,
2026-09-30,USO,145.505,2026-09-30T19:18:43.696392425Z,2026-11-06,37,P,75.0,0.515446,USO261106P00075000,0,2.1,1.05,,,,,,,,,
2026-09-30,USO,145.505,2026-09-30T19:40:25.547984334Z,2026-11-06,37,P,80.0,0.549809,USO261106P00080000,0,2.13,1.065,,,,,,,,,
2026-09-30,USO,145.505,2026-09-30T19:40:25.531018261Z,2026-11-06,37,P,85.0,0.584172,USO261106P00085000,0,2.12,1.06,,,,,,,,,
2026-09-30,USO,145.505,2026-09-30T19:40:25.547944203Z,2026-11-06,37,P,90.0,0.618535,USO261106P00090000,0,2.21,1.105,,,,,,,,,
2026-09-30,USO,145.505,2026-09-30T19:40:39.327302782Z,2026-11-06,37,P,95.0,0.652899,USO261106P00095000,0.11,1.05,0.58,,,,0.8054,-0.0356,0.0021,-0.0389,0.0363,-0.0058
2026-09-30,USO,145.505,2026-09-30T19:40:33.30774958Z,2026-11-06,37,P,100.0,0.687262,USO261106P00100000,0.14,0.29,0.215,3,,,0.6047,-0.0196,0.0017,-0.0177,0.0221,-0.0031
2026-09-30,USO,145.505,2026-09-30T19:40:22.344197363Z,2026-11-06,37,P,190.0,1.305797,USO261106P00190000,43.79,46.4,45.095,,,,0.6064,-0.8976,0.0064,-0.049,0.0827,-0.178
2026-09-30,USO,145.505,2026-09-30T19:40:22.344271486Z,2026-11-06,37,P,195.0,1.34016,USO261106P00195000,46.89,52.7,49.795,,,,0.6115,-0.9176,0.0054,-0.0386,0.0704,-0.1857
2026-09-30,USO,145.505,2026-09-30T19:40:19.48960444Z,2026-11-06,37,P,200.0,1.374523,USO261106P00200000,51.96,57.2,54.58,,,,0.6203,-0.9325,0.0045,-0.0303,0.0604,-0.1928
2026-09-30,USO,145.505,2026-09-30T19:40:19.489639843Z,2026-11-06,37,P,205.0,1.408886,USO261106P00205000,58.42,61.64,60.03,,,,0.7276,-0.9114,0.0048,-0.0525,0.0743,-0.1952
2026-09-30,USO,145.505,2026-09-30T19:40:19.48964375Z,2026-11-06,37,P,210.0,1.443249,USO261106P00210000,62.96,65.63,64.295,,,,0.6441,-0.9526,0.0033,-0.0182,0.0458,-0.2056
2026-09-30,USO,145.505,2026-09-30T19:40:24.494493809Z,2026-11-06,37,P,215.0,1.477612,USO261106P00215000,67.52,71.91,69.715,,,,0.7594,-0.9306,0.0038,-0.0415,0.0618,-0.2078
2026-09-30,USO,145.505,2026-09-30T19:40:25.553947825Z,2026-11-06,37,P,220.0,1.511976,USO261106P00220000,72.8,76.03,74.415,,,,0.7422,-0.9471,0.0031,-0.0274,0.05,-0.215
2026-10-01,AAPL,329.74,2026-10-01T18:40:55.906680366Z,2026-10-30,29,C,210.0,0.636865,AAPL261030C00210000,118.41,123.44,120.925,1,,,0.7977,0.9836,0.0006,-0.0741,0.0381,0.1617
2026-10-01,AAPL,329.74,2026-10-01T18:40:57.731104494Z,2026-10-30,29,C,215.0,0.652029,AAPL261030C00215000,111.52,115.12,113.32,20,,,,,,,,
2026-10-01,AAPL,329.74,2026-10-01T18:40:57.725794771Z,2026-10-30,29,C,220.0,0.667192,AAPL261030C00220000,109.51,111.04,110.275,1,,,,,,,,
2026-10-01,AAPL,329.74,2026-10-01T18:40:57.729104809Z,2026-10-30,29,C,225.0,0.682356,AAPL261030C00225000,104.48,108.52,106.5,1,,,0.7868,0.9678,0.001,-0.1137,0.0671,0.169
2026-10-01,AAPL,329.74,2026-10-01T18:40:39.790529944Z,2026-10-30,29,P,210.0,0.636865,AAPL261030P00210000,0,0.3,0.15,,,,,,,,,
2026-10-01,AAPL,329.74,2026-10-01T18:41:03.112011393Z,2026-10-30,29,P,215.0,0.652029,AAPL261030P00215000,0,0.2,0.1,3,,,,,,,,
2026-10-01,AAPL,329.74,2026-10-01T18:41:03.105011775Z,2026-10-30,29,P,220.0,0.667192,AAPL261030P00220000,0,0.13,0.065,18,,,,,,,,
2026-10-01,AAPL,329.74,2026-10-01T18:41:03.126346707Z,2026-10-30,29,P,225.0,0.682356,AAPL261030P00225000,0,0.1,0.05,1,,,,,,,,
2026-10-01,AAPL,329.74,2026-10-01T18:40:56.643913944Z,2026-11-06,36,C,210.0,0.636865,AAPL261106C00210000,117.47,121.41,119.44,19,,,,,,,,
2026-10-01,AAPL,329.74,2026-10-01T18:40:56.648648957Z,2026-11-06,36,C,215.0,0.652029,AAPL261106C00215000,112.86,114.82,113.84,,,,,,,,,
2026-10-01,AAPL,329.74,2026-10-01T18:40:57.740029556Z,2026-11-06,36,C,220.0,0.667192,AAPL261106C00220000,110.97,111.76,111.365,,,,0.6987,0.9757,0.0008,-0.0798,0.0591,0.2075
2026-10-01,AAPL,329.74,2026-10-01T18:40:57.74094485Z,2026-11-06,36,C,225.0,0.682356,AAPL261106C00225000,104.36,108.56,106.46,201,,,0.6775,0.9727,0.0009,-0.0843,0.0652,0.2114
2026-10-01,AAPL,329.74,2026-10-01T18:40:39.795639983Z,2026-11-06,36,P,210.0,0.636865,AAPL261106P00210000,0,0.19,0.095,22,,,,,,,,
2026-10-01,AAPL,329.74,2026-10-01T18:40:43.817320129Z,2026-11-06,36,P,215.0,0.652029,AAPL261106P00215000,0,0.19,0.095,2,,,,,,,,
2026-10-01,AAPL,329.74,2026-10-01T18:41:03.105146662Z,2026-11-06,36,P,220.0,0.667192,AAPL261106P00220000,0,0.21,0.105,2,,,,,,,,
2026-10-01,AAPL,329.74,2026-10-01T18:41:03.110037007Z,2026-11-06,36,P,225.0,0.682356,AAPL261106P00225000,0.01,0.09,0.05,2,,,0.4649,-0.0033,0.0002,-0.0065,0.0102,-0.0011
2026-10-01,NVDA,232.03,2026-10-01T18:41:03.12438746Z,2026-10-30,29,C,130.0,0.560272,NVDA261030C00130000,100.15,104.18,102.165,1,,,,,,,,
2026-10-01,NVDA,232.03,2026-10-01T18:41:05.626051011Z,2026-10-30,29,C,135.0,0.581821,NVDA261030C00135000,92.77,99.22,95.995,1,,,,,,,,
2026-10-01,NVDA,232.03,2026-10-01T18:41:03.122284717Z,2026-10-30,29,C,140.0,0.60337,NVDA261030C00140000,89.75,95.58,92.665,,,,0.8638,0.9864,0.0006,-0.0485,0.0228,0.1081
2026-10-01,NVDA,232.03,2026-10-01T18:41:03.124818959Z,2026-10-30,29,C,145.0,0.624919,NVDA261030C00145000,83.09,90.24,86.665,1,,,,,,,,
2026-10-01,NVDA,232.03,2026-10-01T18:41:03.122299228Z,2026-10-30,29,C,150.0,0.646468,NVDA261030C00150000,79.99,82.48,81.235,3,,,,,,,,
2026-10-01,NVDA,232.03,2026-10-01T18:41:03.122294054Z,2026-10-30,29,C,155.0,0.668017,NVDA261030C00155000,74.73,78.92,76.825,1,,,,,,,,
2026-10-01,NVDA,232.03,2026-10-01T18:41:06.583592643Z,2026-10-30,29,C,160.0,0.689566,NVDA261030C00160000,69.55,74.76,72.155,1,,,,,,,,
2026-10-01,NVDA,232.03,2026-10-01T18:41:08.148541617Z,2026-10-30,29,C,305.0,1.314485,NVDA261030C00305000,0.05,0.08,0.065,32,,,0.3896,0.008,0.0009,-0.0098,0.0143,0.0014
2026-10-01,NVDA,232.03,2026-10-01T18:41:08.115366576Z,2026-10-30,29,C,310.0,1.336034,NVDA261030C00310000,0.03,0.08,0.055,1,,,0.4021,0.0067,0.0007,-0.0086,0.0122,0.0012
2026-10-01,NVDA,232.03,2026-10-01T18:41:08.132011655Z,2026-10-30,29,C,315.0,1.357583,NVDA261030C00315000,0.01,0.04,0.025,25,,,0.3884,0.0033,0.0004,-0.0045,0.0066,0.0006
2026-10-01,NVDA,232.03,2026-10-01T18:41:08.111112603Z,2026-10-30,29,C,320.0,1.379132,NVDA261030C00320000,0.01,0.07,0.04,1,,,0.4259,0.0047,0.0005,-0.0067,0.009,0.0008
2026-10-01,NVDA,232.03,2026-10-01T18:41:08.378512227Z,2026-10-30,29,C,325.0,1.400681,NVDA261030C00325000,0.01,0.04,0.025,7,,,0.4237,0.0031,0.0003,-0.0046,0.0061,0.0005
2026-10-01,NVDA,232.03,2026-10-01T18:41:08.382917653Z,2026-10-30,29,C,330.0,1.42223,NVDA261030C00330000,0.03,0.07,0.05,2,,,0.4728,0.0053,0.0005,-0.0082,0.0099,0.0009
2026-10-01,NVDA,232.03,2026-10-01T18:41:08.382872493Z,2026-10-30,29,C,335.0,1.443779,NVDA261030C00335000,0.01,0.03,0.02,3,,,0.4483,0.0024,0.0003,-0.0038,0.0049,0.0004
2026-10-01,NVDA,232.03,2026-10-01T18:41:06.583639241Z,2026-10-30,29,P,130.0,0.560272,NVDA261030P00130000,0.09,0.1,0.095,30,,,,,,,,
2026-10-01,NVDA,232.03,2026-10-01T18:41:08.116894755Z,2026-10-30,29,P,135.0,0.581821,NVDA261030P00135000,0.08,0.13,0.105,1,,,0.8014,-0.0058,0.0003,-0.0148,0.0108,-0.0012
2026-10-01,NVDA,232.03,2026-10-01T18:41:03.1222787Z,2026-10-30,29,P,140.0,0.60337,NVDA261030P00140000,0.09,0.1,0.095,5,,,0.7434,-0.0057,0.0003,-0.0135,0.0107,-0.0011
2026-10-01,NVDA,232.03,2026-10-01T18:41:09.131315268Z,2026-10-30,29,P,145.0,0.624919,NVDA261030P00145000,0.1,0.12,0.11,4,,,0.7091,-0.0068,0.0004,-0.0151,0.0125,-0.0013
2026-10-01,NVDA,232.03,2026-10-01T18:41:09.200730231Z,2026-10-30,29,P,150.0,0.646468,NVDA261030P00150000,0.09,0.12,0.105,7,,,0.6591,-0.007,0.0005,-0.0144,0.0128,-0.0014
2026-10-01,NVDA,232.03,2026-10-01T18:41:08.378554771Z,2026-10-30,29,P,155.0,0.668017,NVDA261030P00155000,0.15,0.16,0.155,9,,,0.6466,-0.0102,0.0006,-0.0195,0.0177,-0.002
2026-10-01,NVDA,232.03,2026-10-01T18:41:09.207460524Z,2026-10-30,29,P,160.0,0.689566,NVDA261030P00160000,0.14,0.18,0.16,32,,,0.604,-0.0112,0.0007,-0.0197,0.0192,-0.0022
2026-10-01,NVDA,232.03,2026-10-01T18:41:03.123575068Z,2026-10-30,29,P,305.0,1.314485,NVDA261030P00305000,72.52,77.53,75.025,,,,0.7684,-0.8732,0.0041,-0.1504,0.1359,-0.2205
2026-10-01,NVDA,232.03,2026-10-01T18:41:03.123542943Z,2026-10-30,29,P,310.0,1.336034,NVDA261030P00310000,75.47,80.5,77.985,,,,0.6057,-0.9447,0.0028,-0.0445,0.073,-0.2361
2026-10-01,NVDA,232.03,2026-10-01T18:41:03.123547769Z,2026-10-30,29,P,315.0,1.357583,NVDA261030P00315000,81.4,87.32,84.36,,,,0.7792,-0.8979,0.0035,-0.1252,0.1165,-0.2325
2026-10-01,NVDA,232.03,2026-10-01T18:41:03.123563425Z,2026-10-30,29,P,320.0,1.379132,NVDA261030P00320000,86.42,92.52,89.47,,,,0.8189,-0.8972,0.0033,-0.1335,0.1171,-0.2364
2026-10-01,NVDA,232.03,2026-10-01T18:41:03.123559516Z,2026-10-30,29,P,325.0,1.400681,NVDA261030P00325000,91.14,97.78,94.46,,,,0.8476,-0.8997,0.0032,-0.1357,0.115,-0.2408
2026-10-01,NVDA,232.03,2026-10-01T18:41:03.123602788Z,2026-10-30,29,P,330.0,1.42223,NVDA261030P00330000,96.52,99.73,98.125,,,,0.7349,-0.9434,0.0024,-0.0604,0.0744,-0.2518
2026-10-01,NVDA,232.03,2026-10-01T18:41:03.123584174Z,2026-10-30,29,P,335.0,1.443779,NVDA261030P00335000,102.47,105.38,103.925,,,,0.8541,-0.9184,0.0027,-0.1115,0.0987,-0.2518
2026-10-01,NVDA,232.03,2026-10-01T18:41:03.122623823Z,2026-11-06,36,C,130.0,0.560272,NVDA261106C00130000,98.92,105.36,102.14,,,,,,,,,
2026-10-01,NVDA,232.03,2026-10-01T18:41:03.123329477Z,2026-11-06,36,C,135.0,0.581821,NVDA261106C00135000,92.42,100,96.21,1,,,,,,,,
2026-10-01,NVDA,232.03,2026-10-01T18:41:03.12263863Z,2026-11-06,36,C,140.0,0.60337,NVDA261106C00140000,89.15,95.39,92.27,,,,,,,,,
2026-10-01,NVDA,232.03,2026-10-01T18:41:03.134674168Z,2026-11-06,36,C,145.0,0.624919,NVDA261106C00145000,82.44,92.1,87.27,2,,,,,,,,
2026-10-01,NVDA,232.03,2026-10-01T18:41:03.134639932Z,2026-11-06,36,C,150.0,0.646468,NVDA261106C00150000,78.2,86.37,82.285,1,,,,,,,,
2026-10-01,NVDA,232.03,2026-10-01T18:41:04.613247502Z,2026-11-06,36,C,155.0,0.668017,NVDA261106C00155000,75,79.5,77.25,1,,,,,,,,
2026-10-01,NVDA,232.03,2026-10-01T18:41:03.122658636Z,2026-11-06,36,C,160.0,0.689566,NVDA261106C00160000,68.09,76.26,72.175,,,,,,,,,
2026-10-01,NVDA,232.03,2026-10-01T18:41:04.792713617Z,2026-11-06,36,C,305.0,1.314485,NVDA261106C00305000,0.01,0.09,0.05,2,,,0.3386,0.0065,0.0007,-0.0064,0.0132,0.0014
2026-10-01,NVDA,232.03,2026-10-01T18:41:08.11225156Z,2026-11-06,36,C,310.0,1.336034,NVDA261106C00310000,0.03,0.12,0.075,2,,,0.3732,0.0086,0.0009,-0.009,0.017,0.0019
2026-10-01,NVDA,232.03,2026-10-01T18:41:06.72175296Z,2026-11-06,36,C,315.0,1.357583,NVDA261106C00315000,0.03,0.12,0.075,,,,0.3912,0.0082,0.0008,-0.0091,0.0164,0.0018
2026-10-01,NVDA,232.03,2026-10-01T18:41:08.380962382Z,2026-11-06,36,C,320.0,1.379132,NVDA261106C00320000,0.01,0.12,0.065,,,,0.4021,0.007,0.0007,-0.0081,0.0143,0.0015
2026-10-01,NVDA,232.03,2026-10-01T18:41:08.380987479Z,2026-11-06,36,C,325.0,1.400681,NVDA261106C00325000,0.03,0.15,0.09,,,,0.4352,0.0088,0.0008,-0.0108,0.0174,0.0019
2026-10-01,NVDA,232.03,2026-10-01T18:41:03.160745037Z,2026-11-06,36,C,330.0,1.42223,NVDA261106C00330000,0.01,0.15,0.08,,,,0.4461,0.0078,0.0007,-0.0098,0.0156,0.0017
2026-10-01,NVDA,232.03,2026-10-01T18:41:03.128375096Z,2026-11-06,36,C,335.0,1.443779,NVDA261106C00335000,0.01,0.15,0.08,,,,0.4627,0.0075,0.0006,-0.0099,0.0151,0.0016
2026-10-01,NVDA,232.03,2026-10-01T18:41:08.380955193Z,2026-11-06,36,P,130.0,0.560272,NVDA261106P00130000,0.03,0.15,0.09,16,,,0.7519,-0.0049,0.0003,-0.0106,0.0103,-0.0012
2026-10-01,NVDA,232.03,2026-10-01T18:41:08.380964739Z,2026-11-06,36,P,135.0,0.581821,NVDA261106P00135000,0.04,0.16,0.1,1,,,0.716,-0.0056,0.0003,-0.0114,0.0117,-0.0014
2026-10-01,NVDA,232.03,2026-10-01T18:41:07.897654737Z,2026-11-06,36,P,140.0,0.60337,NVDA261106P00140000,0.05,0.17,0.11,2,,,0.6801,-0.0064,0.0004,-0.0122,0.0131,-0.0016
2026-10-01,NVDA,232.03,2026-10-01T18:41:08.380979767Z,2026-11-06,36,P,145.0,0.624919,NVDA261106P00145000,0.04,0.2,0.12,1,,,0.6444,-0.0073,0.0004,-0.013,0.0148,-0.0018
2026-10-01,NVDA,232.03,2026-10-01T18:41:08.380964739Z,2026-11-06,36,P,150.0,0.646468,NVDA261106P00150000,0.06,0.27,0.165,1,,,0.6283,-0.01,0.0006,-0.0167,0.0194,-0.0024
2026-10-01,NVDA,232.03,2026-10-01T18:41:08.113661443Z,2026-11-06,36,P,155.0,0.668017,NVDA261106P00155000,0.16,0.26,0.21,1,,,0.6064,-0.0128,0.0007,-0.02,0.0241,-0.0031
2026-10-01,NVDA,232.03,2026-10-01T18:41:04.788648526Z,2026-11-06,36,P,160.0,0.689566,NVDA261106P00160000,0.17,0.27,0.22,1,,,0.5682,-0.0142,0.0009,-0.0204,0.0263,-0.0035
2026-10-01,NVDA,232.03,2026-10-01T18:41:03.125627691Z,2026-11-06,36,P,305.0,1.314485,NVDA261106P00305000,70.9,78.52,74.71,,,,0.6827,-0.8754,0.0041,-0.1122,0.1496,-0.2739
2026-10-01,NVDA,232.03,2026-10-01T18:41:08.113484672Z,2026-11-06,36,P,310.0,1.336034,NVDA261106P00310000,76.47,83.04,79.755,,,,0.7152,-0.8774,0.0039,-0.1166,0.1479,-0.2794
2026-10-01,NVDA,232.03,2026-10-01T18:41:03.122664071Z,2026-11-06,36,P,315.0,1.357583,NVDA261106P00315000,83,87.78,85.39,,,,0.7858,-0.8647,0.0038,-0.1423,0.1584,-0.282
2026-10-01,NVDA,232.03,2026-10-01T18:41:03.123365928Z,2026-11-06,36,P,320.0,1.379132,NVDA261106P00320000,83.98,93.04,88.51,,,,0.6739,-0.9188,0.0031,-0.0703,0.1095,-0.2975
2026-10-01,NVDA,232.03,2026-10-01T18:41:03.123379263Z,2026-11-06,36,P,325.0,1.400681,NVDA261106P00325000,91.36,97.17,94.265,,,,0.7634,-0.8982,0.0032,-0.105,0.1295,-0.2984
2026-10-01,NVDA,232.03,2026-10-01T18:41:03.095312616Z,2026-11-06,36,P,330.0,1.42223,NVDA261106P00330000,94.03,102.27,98.15,,,,0.6894,-0.9336,0.0026,-0.0563,0.0939,-0.3104
2026-10-01,NVDA,232.03,2026-10-01T18:41:03.12335268Z,2026-11-06,36,P,335.0,1.443779,NVDA261106P00335000,102.26,106.46,104.36,,,,0.823,-0.8995,0.0029,-0.1132,0.1283,-0.3087
2026-10-01,TSLA,356.97,2026-10-01T18:41:05.13777098Z,2026-10-30,29,C,150.0,0.420203,TSLA261030C00150000,204.08,212.82,208.45,,,,,,,,,
2026-10-01,TSLA,356.97,2026-10-01T18:41:05.13777098Z,2026-10-30,29,C,160.0,0.448217,TSLA261030C00160000,195.27,198.28,196.775,,,,,,,,,
2026-10-01,TSLA,356.97,2026-10-01T18:41:10.912055943Z,2026-10-30,29,C,170.0,0.47623,TSLA261030C00170000,183.15,189.78,186.465,2,,,,,,,,
2026-10-01,TSLA,356.97,2026-10-01T18:41:05.137761097Z,2026-10-30,29,C,180.0,0.504244,TSLA261030C00180000,171.46,184.76,178.11,6,,,,,,,,
2026-10-01,TSLA,356.97,2026-10-01T18:41:05.137795936Z,2026-10-30,29,C,190.0,0.532258,TSLA261030C00190000,162.15,168.44,165.295,1,,,,,,,,
2026-10-01,TSLA,356.97,2026-10-01T18:41:10.91217594Z,2026-10-30,29,C,200.0,0.560271,TSLA261030C00200000,153.67,158.5,156.085,1,,,,,,,,
2026-10-01,TSLA,356.97,2026-10-01T18:41:12.291238693Z,2026-10-30,29,C,210.0,0.588285,TSLA261030C00210000,147.28,153.25,150.265,,,,,,,,,
2026-10-01,TSLA,356.97,2026-10-01T18:41:05.137791302Z,2026-10-30,29,C,220.0,0.616298,TSLA261030C00220000,134.83,139.28,137.055,,,,,,,,,
2026-10-01,TSLA,356.97,2026-10-01T18:41:02.006047726Z,2026-10-30,29,C,230.0,0.644312,TSLA261030C00230000,123.93,134.09,129.01,,,,0.9147,0.9676,0.0008,-0.1382,0.073,0.172
2026-10-01,TSLA,356.97,2026-10-01T18:41:02.006047726Z,2026-10-30,29,C,235.0,0.658319,TSLA261030C00235000,120.52,126.77,123.645,3,,,0.8213,0.9735,0.0007,-0.1112,0.0617,0.1779
2026-10-01,TSLA,356.97,2026-10-01T18:41:02.006047726Z,2026-10-30,29,C,240.0,0.672325,TSLA261030C00240000,114.47,121.54,118.005,,,,0.6419,0.9893,0.0004,-0.0564,0.0283,0.1869
2026-10-01,TSLA,356.97,2026-10-01T18:41:02.006047726Z,2026-10-30,29,C,245.0,0.686332,TSLA261030C00245000,110.98,115.97,113.475,,,,0.7185,0.9759,0.0008,-0.0957,0.057,0.1867
2026-10-01,TSLA,356.97,2026-10-01T18:41:10.910145955Z,2026-10-30,29,C,470.0,1.316637,TSLA261030C00470000,0.73,0.76,0.745,13,,,0.5202,0.0375,0.0016,-0.0751,0.0822,0.01
2026-10-01,TSLA,356.97,2026-10-01T18:41:08.378169117Z,2026-10-30,29,C,475.0,1.330644,TSLA261030C00475000,0.65,0.68,0.665,58,,,0.5262,0.0336,0.0014,-0.0694,0.0752,0.009
2026-10-01,TSLA,356.97,2026-10-01T18:41:12.009350218Z,2026-10-30,29,C,480.0,1.344651,TSLA261030C00480000,0.59,0.62,0.605,28,,,0.5335,0.0306,0.0013,-0.0651,0.0695,0.0082
2026-10-01,TSLA,356.97,2026-10-01T18:41:10.910795946Z,2026-10-30,29,C,485.0,1.358658,TSLA261030C00485000,0.5,0.52,0.51,4,,,0.5342,0.0263,0.0011,-0.0574,0.0613,0.007
2026-10-01,TSLA,356.97,2026-10-01T18:41:10.910536365Z,2026-10-30,29,C,490.0,1.372664,TSLA261030C00490000,0.49,0.51,0.5,11,,,0.5473,0.0253,0.0011,-0.0569,0.0593,0.0068
2026-10-01,TSLA,356.97,2026-10-01T18:40:58.727774555Z,2026-10-30,29,C,495.0,1.386671,TSLA261030C00495000,0.41,0.43,0.42,2,,,0.5473,0.0216,0.0009,-0.0499,0.0521,0.0058
2026-10-01,TSLA,356.97,2026-10-01T18:41:10.910156946Z,2026-10-30,29,C,505.0,1.414685,TSLA261030C00505000,0.38,0.4,0.39,8,,,0.5691,0.0196,0.0008,-0.0477,0.0479,0.0052
2026-10-01,TSLA,356.97,2026-10-01T18:41:10.910201004Z,2026-10-30,29,C,510.0,1.428691,TSLA261030C00510000,0.35,0.37,0.36,43,,,0.5761,0.0181,0.0008,-0.045,0.0447,0.0048
2026-10-01,TSLA,356.97,2026-10-01T18:41:08.378474289Z,2026-10-30,29,C,515.0,1.442698,TSLA261030C00515000,0.29,0.31,0.3,5,,,0.5749,0.0154,0.0007,-0.0391,0.0389,0.0041
2026-10-01,TSLA,356.97,2026-10-01T18:40:58.486375107Z,2026-10-30,29,C,520.0,1.456705,TSLA261030C00520000,0.27,0.28,0.275,1,,,0.581,0.0141,0.0006,-0.0366,0.0361,0.0038
2026-10-01,TSLA,356.97,2026-10-01T18:41:10.910305989Z,2026-10-30,29,C,525.0,1.470712,TSLA261030C00525000,0.29,0.3,0.295,2,,,0.5991,0.0146,0.0006,-0.039,0.0372,0.0039
2026-10-01,TSLA,356.97,2026-10-01T18:41:08.378968965Z,2026-10-30,29,C,530.0,1.484719,TSLA261030C00530000,0.23,0.29,0.26,1,,,0.6017,0.013,0.0006,-0.0354,0.0337,0.0035
2026-10-01,TSLA,356.97,2026-10-01T18:41:10.910781014Z,2026-10-30,29,C,535.0,1.498725,TSLA261030C00535000,0.25,0.27,0.26,20,,,0.6138,0.0128,0.0005,-0.0355,0.0332,0.0034
2026-10-01,TSLA,356.97,2026-10-01T18:40:58.525864971Z,2026-10-30,29,C,540.0,1.512732,TSLA261030C00540000,0.24,0.25,0.245,10,,,0.6212,0.012,0.0005,-0.034,0.0314,0.0032
2026-10-01,TSLA,356.97,2026-10-01T18:41:10.910201004Z,2026-10-30,29,C,545.0,1.526739,TSLA261030C00545000,0.22,0.24,0.23,10,,,0.6281,0.0112,0.0005,-0.0325,0.0296,0.003
2026-10-01,TSLA,356.97,2026-10-01T18:41:08.378968965Z,2026-10-30,29,C,550.0,1.540746,TSLA261030C00550000,0.17,0.23,0.2,1,,,0.6289,0.0099,0.0004,-0.0291,0.0265,0.0026
2026-10-01,TSLA,356.97,2026-10-01T18:41:10.910151005Z,2026-10-30,29,C,555.0,1.554753,TSLA261030C00555000,0.2,0.22,0.21,10,,,0.644,0.0101,0.0004,-0.0304,0.027,0.0027
2026-10-01,TSLA,356.97,2026-10-01T18:41:10.910151005Z,2026-10-30,29,C,565.0,1.582766,TSLA261030C00565000,0.14,0.2,0.17,1,,,0.65,0.0083,0.0003,-0.0257,0.0227,0.0022
2026-10-01,TSLA,356.97,2026-10-01T18:41:08.378599908Z,2026-10-30,29,C,570.0,1.596773,TSLA261030C00570000,0.17,0.19,0.18,52,,,0.6652,0.0085,0.0003,-0.0271,0.0234,0.0023
2026-10-01,TSLA,356.97,2026-10-01T18:41:02.867245222Z,2026-10-30,29,P,150.0,0.420203,TSLA261030P00150000,0.03,0.05,0.04,10,,,,,,,,
2026-10-01,TSLA,356.97,2026-10-01T18:41:03.094601393Z,2026-10-30,29,P,160.0,0.448217,TSLA261030P00160000,0.08,0.1,0.09,2,,,,,,,,
2026-10-01,TSLA,356.97,2026-10-01T18:41:03.095301342Z,2026-10-30,29,P,170.0,0.47623,TSLA261030P00170000,0.05,0.07,0.06,12,,,,,,,,
2026-10-01,TSLA,356.97,2026-10-01T18:40:47.475314028Z,2026-10-30,29,P,180.0,0.504244,TSLA261030P00180000,0.11,0.13,0.12,1,,,,,,,,
2026-10-01,TSLA,356.97,2026-10-01T18:41:13.086481815Z,2026-10-30,29,P,190.0,0.532258,TSLA261030P00190000,0.12,0.14,0.13,1,,,,,,,,
2026-10-01,TSLA,356.97,2026-10-01T18:41:13.082751229Z,2026-10-30,29,P,200.0,0.560271,TSLA261030P00200000,0.1,0.12,0.11,5,,,,,,,,
2026-10-01,TSLA,356.97,2026-10-01T18:41:02.030860843Z,2026-10-30,29,P,210.0,0.588285,TSLA261030P00210000,0.12,0.18,0.15,47,,,,,,,,
2026-10-01,TSLA,356.97,2026-10-01T18:41:13.090255929Z,2026-10-30,29,P,220.0,0.616298,TSLA261030P00220000,0.15,0.17,0.16,1,,,0.724,-0.0064,0.0002,-0.0223,0.0181,-0.0019
2026-10-01,TSLA,356.97,2026-10-01T18:41:13.258048499Z,2026-10-30,29,P,230.0,0.644312,TSLA261030P00230000,0.23,0.24,0.235,50,,,0.6975,-0.0093,0.0004,-0.03,0.0253,-0.0028
2026-10-01,TSLA,356.97,2026-10-01T18:41:13.178786546Z,2026-10-30,29,P,235.0,0.658319,TSLA261030P00235000,0.24,0.26,0.25,6,,,0.6727,-0.0102,0.0004,-0.0313,0.0274,-0.0031
2026-10-01,TSLA,356.97,2026-10-01T18:41:13.377837607Z,2026-10-30,29,P,240.0,0.672325,TSLA261030P00240000,0.27,0.29,0.28,3,,,0.6528,-0.0116,0.0005,-0.034,0.0306,-0.0035
2026-10-01,TSLA,356.97,2026-10-01T18:41:13.078645836Z,2026-10-30,29,P,245.0,0.686332,TSLA261030P00245000,0.3,0.32,0.31,1,,,0.632,-0.0132,0.0005,-0.0366,0.034,-0.004
2026-10-01,TSLA,356.97,2026-10-01T18:41:13.231921615Z,2026-10-30,29,P,470.0,1.316637,TSLA261030P00470000,112.67,114.95,113.81,1,,,0.6554,-0.9159,0.0023,-0.1286,0.1554,-0.3503
2026-10-01,TSLA,356.97,2026-10-01T18:41:13.086015848Z,2026-10-30,29,P,475.0,1.330644,TSLA261030P00475000,117.66,120.51,119.085,6,,,0.6926,-0.9112,0.0023,-0.1459,0.1619,-0.3531
2026-10-01,TSLA,356.97,2026-10-01T18:41:13.080913328Z,2026-10-30,29,P,480.0,1.344651,TSLA261030P00480000,121.08,121.3,121.19,,,,,,,,,
2026-10-01,TSLA,356.97,2026-10-01T18:40:47.846970661Z,2026-10-30,29,P,485.0,1.358658,TSLA261030P00485000,124.42,127.01,125.715,,,,,,,,,
2026-10-01,TSLA,356.97,2026-10-01T18:41:10.9111452Z,2026-10-30,29,P,490.0,1.372664,TSLA261030P00490000,130.84,131.47,131.155,,,,,,,,,
2026-10-01,TSLA,356.97,2026-10-01T18:41:13.080921821Z,2026-10-30,29,P,495.0,1.386671,TSLA261030P00495000,134.19,137.66,135.925,,,,,,,,,
2026-10-01,TSLA,356.97,2026-10-01T18:41:05.1377413Z,2026-10-30,29,P,505.0,1.414685,TSLA261030P00505000,143.54,149.81,146.675,,,,0.5566,-0.9826,0.0008,0.0115,0.0433,-0.3953
2026-10-01,TSLA,356.97,2026-10-01T18:40:49.521623416Z,2026-10-30,29,P,510.0,1.428691,TSLA261030P00510000,152.14,154.93,153.535,,,,0.7859,-0.9311,0.0017,-0.129,0.1335,-0.3862
2026-10-01,TSLA,356.97,2026-10-01T18:41:09.108631408Z,2026-10-30,29,P,515.0,1.442698,TSLA261030P00515000,154.88,158.08,156.48,,,,0.5347,-0.9902,0.0005,0.0301,0.0264,-0.4053
2026-10-01,TSLA,356.97,2026-10-01T18:41:12.857509699Z,2026-10-30,29,P,520.0,1.456705,TSLA261030P00520000,162.27,168.38,165.325,,,,0.9365,-0.8997,0.0019,-0.2339,0.177,-0.3866
2026-10-01,TSLA,356.97,2026-10-01T18:41:13.231921615Z,2026-10-30,29,P,525.0,1.470712,TSLA261030P00525000,164.82,169.05,166.935,,,,0.6715,-0.9729,0.0009,-0.018,0.0629,-0.4087
2026-10-01,TSLA,356.97,2026-10-01T18:40:56.184218289Z,2026-10-30,29,P,530.0,1.484719,TSLA261030P00530000,170.01,170.46,170.235,,,,,,,,,
2026-10-01,TSLA,356.97,2026-10-01T18:41:02.015517354Z,2026-10-30,29,P,535.0,1.498725,TSLA261030P00535000,172.82,175.99,174.405,,,,,,,,,
2026-10-01,TSLA,356.97,2026-10-01T18:41:02.015517354Z,2026-10-30,29,P,540.0,1.512732,TSLA261030P00540000,178.67,185.73,182.2,,,,0.757,-0.9654,0.001,-0.0444,0.0771,-0.4187
2026-10-01,TSLA,356.97,2026-10-01T18:41:12.291176911Z,2026-10-30,29,P,545.0,1.526739,TSLA261030P00545000,186.87,190.02,188.445,,,,0.8968,-0.9375,0.0014,-0.1356,0.1238,-0.4157
2026-10-01,TSLA,356.97,2026-10-01T18:41:13.080931975Z,2026-10-30,29,P,550.0,1.540746,TSLA261030P00550000,192.72,194.93,193.825,,,,0.9424,-0.9308,0.0014,-0.1616,0.134,-0.4181
2026-10-01,TSLA,356.97,2026-10-01T18:41:13.080981138Z,2026-10-30,29,P,555.0,1.554753,TSLA261030P00555000,194.81,197.86,196.335,,,,0.6184,-0.9923,0.0003,0.0361,0.0212,-0.4375
2026-10-01,TSLA,356.97,2026-10-01T18:40:58.493313354Z,2026-10-30,29,P,565.0,1.582766,TSLA261030P00565000,208.5,210.06,209.28,,,,,,,,,
2026-10-01,TSLA,356.97,2026-10-01T18:41:02.010516167Z,2026-10-30,29,P,570.0,1.596773,TSLA261030P00570000,208.1,216.99,212.545,,,,,,,,,
2026-10-01,TSLA,356.97,2026-10-01T18:41:05.136284242Z,2026-11-06,36,C,150.0,0.420203,TSLA261106C00150000,202.09,211.5,206.795,,,,,,,,,
2026-10-01,TSLA,356.97,2026-10-01T18:41:07.475275312Z,2026-11-06,36,C,160.0,0.448217,TSLA261106C00160000,196.11,198.65,197.38,,,,,,,,,
2026-10-01,TSLA,356.97,2026-10-01T18:41:05.136294305Z,2026-11-06,36,C,170.0,0.47623,TSLA261106C00170000,186.49,193.15,189.82,,,,,,,,,
2026-10-01,TSLA,356.97,2026-10-01T18:41:12.289607222Z,2026-11-06,36,C,180.0,0.504244,TSLA261106C00180000,172.54,182.83,177.685,,,,,,,,,
2026-10-01,TSLA,356.97,2026-10-01T18:41:10.911892367Z,2026-11-06,36,C,190.0,0.532258,TSLA261106C00190000,166.05,172.94,169.495,,,,,,,,,
2026-10-01,TSLA,356.97,2026-10-01T18:41:05.136284242Z,2026-11-06,36,C,200.0,0.560271,TSLA261106C00200000,152.51,162.57,157.54,1,,,,,,,,
2026-10-01,TSLA,356.97,2026-10-01T18:41:06.93680361Z,2026-11-06,36,C,210.0,0.588285,TSLA261106C00210000,146.14,152.95,149.545,,,,,,,,,
2026-10-01,TSLA,356.97,2026-10-01T18:41:02.006102085Z,2026-11-06,36,C,220.0,0.616298,TSLA261106C00220000,135.66,144.01,139.835,,,,,,,,,
2026-10-01,TSLA,356.97,2026-10-01T18:41:02.006102085Z,2026-11-06,36,C,230.0,0.644312,TSLA261106C00230000,123.86,129.77,126.815,,,,,,,,,
2026-10-01,TSLA,356.97,2026-10-01T18:41:02.006102085Z,2026-11-06,36,C,235.0,0.658319,TSLA261106C00235000,119.38,126.13,122.755,,,,,,,,,
2026-10-01,TSLA,356.97,2026-10-01T18:41:02.009371628Z,2026-11-06,36,C,240.0,0.672325,TSLA261106C00240000,115.6,122.72,119.16,,,,0.7475,0.966,0.0009,-0.1119,0.0845,0.2226
2026-10-01,TSLA,356.97,2026-10-01T18:41:02.006102085Z,2026-11-06,36,C,245.0,0.686332,TSLA261106C00245000,110.2,118.94,114.57,,,,0.7561,0.9573,0.0011,-0.1312,0.1018,0.2241
2026-10-01,TSLA,356.97,2026-10-01T18:41:08.378722076Z,2026-11-06,36,C,470.0,1.316637,TSLA261106C00470000,0.95,1.06,1.005,16,,,0.4917,0.0466,0.0018,-0.0764,0.1094,0.0154
2026-10-01,TSLA,356.97,2026-10-01T18:41:08.378597588Z,2026-11-06,36,C,475.0,1.330644,TSLA261106C00475000,0.84,0.96,0.9,93,,,0.4967,0.042,0.0016,-0.0709,0.1005,0.0139
2026-10-01,TSLA,356.97,2026-10-01T18:41:10.911767363Z,2026-11-06,36,C,480.0,1.344651,TSLA261106C00480000,0.77,0.83,0.8,1,,,0.5009,0.0376,0.0015,-0.0653,0.092,0.0125
2026-10-01,TSLA,356.97,2026-10-01T18:41:10.982672031Z,2026-11-06,36,C,485.0,1.358658,TSLA261106C00485000,0.69,0.79,0.74,53,,,0.5083,0.0347,0.0013,-0.062,0.0861,0.0115
2026-10-01,TSLA,356.97,2026-10-01T18:41:10.911892367Z,2026-11-06,36,C,490.0,1.372664,TSLA261106C00490000,0.66,0.72,0.69,118,,,0.5161,0.0322,0.0012,-0.0592,0.081,0.0107
2026-10-01,TSLA,356.97,2026-10-01T18:41:10.911637298Z,2026-11-06,36,C,495.0,1.386671,TSLA261106C00495000,0.56,0.62,0.59,,,,0.5164,0.0281,0.0011,-0.0528,0.0722,0.0093
2026-10-01,TSLA,356.97,2026-10-01T18:41:12.229592592Z,2026-11-06,36,C,505.0,1.414685,TSLA261106C00505000,0.51,0.52,0.515,1,,,0.5312,0.0243,0.001,-0.0481,0.064,0.008
2026-10-01,TSLA,356.97,2026-10-01T18:41:08.379012171Z,2026-11-06,36,C,510.0,1.428691,TSLA261106C00510000,0.43,0.52,0.475,10,,,0.5372,0.0224,0.0009,-0.0454,0.0597,0.0074
2026-10-01,TSLA,356.97,2026-10-01T18:41:10.911772476Z,2026-11-06,36,C,515.0,1.442698,TSLA261106C00515000,0.43,0.45,0.44,11,,,0.5434,0.0207,0.0008,-0.0429,0.0559,0.0069
2026-10-01,TSLA,356.97,2026-10-01T18:41:08.379012171Z,2026-11-06,36,C,520.0,1.456705,TSLA261106C00520000,0.36,0.41,0.385,2,,,0.5449,0.0183,0.0007,-0.0388,0.0504,0.0061
2026-10-01,TSLA,356.97,2026-10-01T18:41:08.379012171Z,2026-11-06,36,C,525.0,1.470712,TSLA261106C00525000,0.37,0.39,0.38,27,,,0.5556,0.0178,0.0007,-0.0386,0.0492,0.0059
2026-10-01,TSLA,356.97,2026-10-01T18:41:12.289712142Z,2026-11-06,36,C,530.0,1.484719,TSLA261106C00530000,0.3,0.36,0.33,1,,,0.5563,0.0157,0.0006,-0.0347,0.0441,0.0052
2026-10-01,TSLA,356.97,2026-10-01T18:41:12.229592592Z,2026-11-06,36,C,535.0,1.498725,TSLA261106C00535000,0.28,0.34,0.31,64,,,0.5628,0.0147,0.0006,-0.0331,0.0417,0.0049
2026-10-01,TSLA,356.97,2026-10-01T18:41:08.379012171Z,2026-11-06,36,C,540.0,1.512732,TSLA261106C00540000,0.3,0.36,0.33,9,,,0.5785,0.0152,0.0006,-0.035,0.0429,0.005
2026-10-01,TSLA,356.97,2026-10-01T18:41:10.911817363Z,2026-11-06,36,C,545.0,1.526739,TSLA261106C00545000,0.28,0.34,0.31,,,,0.5846,0.0142,0.0006,-0.0334,0.0406,0.0047
2026-10-01,TSLA,356.97,2026-10-01T18:41:08.378612475Z,2026-11-06,36,C,550.0,1.540746,TSLA261106C00550000,0.26,0.28,0.27,2,,,0.5849,0.0125,0.0005,-0.03,0.0364,0.0042
2026-10-01,TSLA,356.97,2026-10-01T18:41:08.380657052Z,2026-11-06,36,C,555.0,1.554753,TSLA261106C00555000,0.21,0.3,0.255,,,,0.5911,0.0118,0.0005,-0.0288,0.0345,0.0039
2026-10-01,TSLA,356.97,2026-10-01T18:41:08.379012171Z,2026-11-06,36,C,565.0,1.582766,TSLA261106C00565000,0.18,0.28,0.23,10,,,0.6038,0.0106,0.0004,-0.0267,0.0313,0.0035
2026-10-01,TSLA,356.97,2026-10-01T18:41:12.289312239Z,2026-11-06,36,C,570.0,1.596773,TSLA261106C00570000,0.17,0.26,0.215,1,,,0.6088,0.0099,0.0004,-0.0253,0.0295,0.0033
2026-10-01,TSLA,356.97,2026-10-01T18:41:03.549649145Z,2026-11-06,36,P,150.0,0.420203,TSLA261106P00150000,0.01,0.11,0.06,4,,,,,,,,
2026-10-01,TSLA,356.97,2026-10-01T18:41:13.086165815Z,2026-11-06,36,P,160.0,0.448217,TSLA261106P00160000,0.06,0.12,0.09,10,,,,,,,,
2026-10-01,TSLA,356.97,2026-10-01T18:41:13.08631968Z,2026-11-06,36,P,170.0,0.47623,TSLA261106P00170000,0.08,0.09,0.085,1,,,,,,,,
2026-10-01,TSLA,356.97,2026-10-01T18:41:13.109659718Z,2026-11-06,36,P,180.0,0.504244,TSLA261106P00180000,0.05,0.09,0.07,15,,,,,,,,
2026-10-01,TSLA,356.97,2026-10-01T18:41:13.078730597Z,2026-11-06,36,P,190.0,0.532258,TSLA261106P00190000,0.07,0.13,0.1,51,,,,,,,,
2026-10-01,TSLA,356.97,2026-10-01T18:41:13.084989089Z,2026-11-06,36,P,200.0,0.560271,TSLA261106P00200000,0.14,0.16,0.15,2,,,0.7598,-0.0052,0.0002,-0.0174,0.0167,-0.002
2026-10-01,TSLA,356.97,2026-10-01T18:41:13.080654831Z,2026-11-06,36,P,210.0,0.588285,TSLA261106P00210000,0.18,0.19,0.185,1,,,0.7196,-0.0066,0.0002,-0.0204,0.0207,-0.0025
2026-10-01,TSLA,356.97,2026-10-01T18:41:13.229093988Z,2026-11-06,36,P,220.0,0.616298,TSLA261106P00220000,0.21,0.27,0.24,187,,,0.6851,-0.0087,0.0003,-0.0249,0.0265,-0.0033
2026-10-01,TSLA,356.97,2026-10-01T18:41:13.46336778Z,2026-11-06,36,P,230.0,0.644312,TSLA261106P00230000,0.26,0.32,0.29,250,,,0.6452,-0.011,0.0004,-0.0286,0.0324,-0.0041
2026-10-01,TSLA,356.97,2026-10-01T18:41:13.37620324Z,2026-11-06,36,P,235.0,0.658319,TSLA261106P00235000,0.25,0.31,0.28,185,,,0.6142,-0.0111,0.0004,-0.0276,0.0328,-0.0042
2026-10-01,TSLA,356.97,2026-10-01T18:41:13.076299669Z,2026-11-06,36,P,240.0,0.672325,TSLA261106P00240000,0.32,0.39,0.355,3,,,0.6072,-0.0139,0.0005,-0.033,0.0398,-0.0053
2026-10-01,TSLA,356.97,2026-10-01T18:41:13.492907645Z,2026-11-06,36,P,245.0,0.686332,TSLA261106P00245000,0.36,0.39,0.375,1,,,0.5843,-0.0152,0.0006,-0.0342,0.0429,-0.0057
2026-10-01,TSLA,356.97,2026-10-01T18:41:13.229499571Z,2026-11-06,36,P,470.0,1.316637,TSLA261106P00470000,112.92,114.21,113.565,,,,0.5932,-0.9132,0.0024,-0.0991,0.1773,-0.4336
2026-10-01,TSLA,356.97,2026-10-01T18:41:13.080175269Z,2026-11-06,36,P,475.0,1.330644,TSLA261106P00475000,116.53,119.99,118.26,,,,0.5933,-0.9218,0.0022,-0.0872,0.1639,-0.4413
2026-10-01,TSLA,356.97,2026-10-01T18:41:13.079935007Z,2026-11-06,36,P,480.0,1.344651,TSLA261106P00480000,119.13,125.44,122.285,,,,0.5413,-0.9487,0.0017,-0.0395,0.1181,-0.4547
2026-10-01,TSLA,356.97,2026-10-01T18:41:13.22991888Z,2026-11-06,36,P,485.0,1.358658,TSLA261106P00485000,126.2,129.33,127.765,,,,0.5952,-0.9362,0.0019,-0.0665,0.1402,-0.4558
2026-10-01,TSLA,356.97,2026-10-01T18:41:13.079909608Z,2026-11-06,36,P,490.0,1.372664,TSLA261106P00490000,128.81,135.9,132.355,,,,0.5803,-0.9478,0.0016,-0.0461,0.1197,-0.4644
2026-10-01,TSLA,356.97,2026-10-01T18:41:10.911071055Z,2026-11-06,36,P,495.0,1.386671,TSLA261106P00495000,134.4,141.27,137.835,,,,0.6335,-0.936,0.0018,-0.0731,0.1404,-0.4656
2026-10-01,TSLA,356.97,2026-10-01T18:40:58.480830031Z,2026-11-06,36,P,505.0,1.414685,TSLA261106P00505000,146.04,149.04,147.54,,,,0.6437,-0.9445,0.0016,-0.0604,0.1256,-0.4782
2026-10-01,TSLA,356.97,2026-10-01T18:41:13.087265211Z,2026-11-06,36,P,510.0,1.428691,TSLA261106P00510000,146.42,158.81,152.615,,,,0.6655,-0.9432,0.0015,-0.0659,0.1279,-0.4827
2026-10-01,TSLA,356.97,2026-10-01T18:41:10.911086702Z,2026-11-06,36,P,515.0,1.442698,TSLA261106P00515000,151.92,164.61,158.265,,,,0.7277,-0.9293,0.0017,-0.1009,0.1517,-0.4834
2026-10-01,TSLA,356.97,2026-10-01T18:41:05.136385902Z,2026-11-06,36,P,520.0,1.456705,TSLA261106P00520000,156.88,164.52,160.7,,,,,,,,,
2026-10-01,TSLA,356.97,2026-10-01T18:40:56.183697011Z,2026-11-06,36,P,525.0,1.470712,TSLA261106P00525000,164.76,169.21,166.985,,,,0.6551,-0.9601,0.0012,-0.0333,0.0965,-0.5028
2026-10-01,TSLA,356.97,2026-10-01T18:41:04.853097543Z,2026-11-06,36,P,530.0,1.484719,TSLA261106P00530000,168.83,179.55,174.19,,,,0.8317,-0.9141,0.0017,-0.1497,0.1759,-0.4938
2026-10-01,TSLA,356.97,2026-10-01T18:41:13.07989962Z,2026-11-06,36,P,535.0,1.498725,TSLA261106P00535000,176.68,182.96,179.82,,,,0.8818,-0.9044,0.0017,-0.1794,0.1904,-0.4959
2026-10-01,TSLA,356.97,2026-10-01T18:41:13.087204596Z,2026-11-06,36,P,540.0,1.512732,TSLA261106P00540000,182.41,186.57,184.49,,,,0.8797,-0.9107,0.0016,-0.1668,0.1811,-0.5027
2026-10-01,TSLA,356.97,2026-10-01T18:41:13.22971389Z,2026-11-06,36,P,545.0,1.526739,TSLA261106P00545000,182.57,187.38,184.975,,,,,,,,,
2026-10-01,TSLA,356.97,2026-10-01T18:41:13.082269697Z,2026-11-06,36,P,550.0,1.540746,TSLA261106P00550000,188.89,194.08,191.485,,,,0.6671,-0.9737,0.0008,-0.0057,0.0684,-0.5318
2026-10-01,TSLA,356.97,2026-10-01T18:41:13.08010991Z,2026-11-06,36,P,555.0,1.554753,TSLA261106P00555000,192.17,204.51,198.34,,,,0.8545,-0.9325,0.0014,-0.117,0.1464,-0.5241
2026-10-01,TSLA,356.97,2026-10-01T18:41:13.228424286Z,2026-11-06,36,P,565.0,1.582766,TSLA261106P00565000,202.8,212.92,207.86,,,,0.8484,-0.9423,0.0012,-0.0945,0.1296,-0.5369
2026-10-01,TSLA,356.97,2026-10-01T18:41:13.083319632Z,2026-11-06,36,P,570.0,1.596773,TSLA261106P00570000,211.58,218.31,214.945,,,,,,,,,
2026-10-01,USO,149.32,2026-10-01T18:40:51.618096531Z,2026-10-30,29,C,60.0,0.401822,USO261030C00060000,86.03,92.92,89.475,1,,,,,,,,
2026-10-01,USO,149.32,2026-10-01T18:41:13.650617924Z,2026-10-30,29,C,65.0,0.435307,USO261030C00065000,82.63,87.5,85.065,,,,,,,,,
2026-10-01,USO,149.32,2026-10-01T18:40:51.618386551Z,2026-10-30,29,C,70.0,0.468792,USO261030C00070000,78.19,83.17,80.68,,,,,,,,,
2026-10-01,USO,149.32,2026-10-01T18:40:51.616569174Z,2026-10-30,29,C,75.0,0.502277,USO261030C00075000,71.51,76.81,74.16,,,,,,,,,
2026-10-01,USO,149.32,2026-10-01T18:40:50.550720918Z,2026-10-30,29,C,80.0,0.535762,USO261030C00080000,68.28,72.38,70.33,,,,,,,,,
2026-10-01,USO,149.32,2026-10-01T18:40:51.616569174Z,2026-10-30,29,C,85.0,0.569247,USO261030C00085000,62.21,66.62,64.415,,,,,,,,,
2026-10-01,USO,149.32,2026-10-01T18:40:51.616569174Z,2026-10-30,29,C,90.0,0.602732,USO261030C00090000,58.66,61.42,60.04,1,,,0.726,0.9954,0.0004,-0.0166,0.0057,0.0707
2026-10-01,USO,149.32,2026-10-01T18:40:52.167164201Z,2026-10-30,29,C,95.0,0.636218,USO261030C00095000,53.21,57.03,55.12,1,,,0.7307,0.99,0.0009,-0.0241,0.0112,0.074
2026-10-01,USO,149.32,2026-10-01T18:41:03.471691112Z,2026-10-30,29,C,100.0,0.669703,USO261030C00100000,47.12,50.69,48.905,2,,,,,,,,
2026-10-01,USO,149.32,2026-10-01T18:41:14.937657887Z,2026-10-30,29,C,195.0,1.30592,USO261030C00195000,0.52,0.62,0.57,4,,,0.5644,0.0591,0.0049,-0.0492,0.0497,0.0066
2026-10-01,USO,149.32,2026-10-01T18:41:12.91188639Z,2026-10-30,29,C,200.0,1.339405,USO261030C00200000,0.44,0.48,0.46,25,,,0.5817,0.0479,0.0041,-0.0429,0.0421,0.0053
2026-10-01,USO,149.32,2026-10-01T18:41:13.107005244Z,2026-10-30,29,C,205.0,1.37289,USO261030C00205000,0.31,0.4,0.355,12,,,0.5928,0.0376,0.0033,-0.0359,0.0346,0.0042
2026-10-01,USO,149.32,2026-10-01T18:40:59.321058881Z,2026-10-30,29,C,210.0,1.406376,USO261030C00210000,0.25,0.41,0.33,1,,,0.6216,0.0339,0.0029,-0.0346,0.0318,0.0038
2026-10-01,USO,149.32,2026-10-01T18:41:00.433719146Z,2026-10-30,29,C,215.0,1.439861,USO261030C00215000,0.23,0.3,0.265,1,,,0.6339,0.0275,0.0024,-0.0296,0.0267,0.0031
2026-10-01,USO,149.32,2026-10-01T18:40:59.321134113Z,2026-10-30,29,C,220.0,1.473346,USO261030C00220000,0.15,0.26,0.205,14,,,0.6417,0.0217,0.0019,-0.0245,0.0219,0.0024
2026-10-01,USO,149.32,2026-10-01T18:40:50.555871545Z,2026-10-30,29,P,60.0,0.401822,USO261030P00060000,0,2.15,1.075,,,,,,,,,
2026-10-01,USO,149.32,2026-10-01T18:36:57.862694986Z,2026-10-30,29,P,65.0,0.435307,USO261030P00065000,0,2.15,1.075,,,,,,,,,
2026-10-01,USO,149.32,2026-10-01T18:36:57.860804575Z,2026-10-30,29,P,70.0,0.468792,USO261030P00070000,0,2.17,1.085,,,,,,,,,
2026-10-01,USO,149.32,2026-10-01T18:40:50.579395871Z,2026-10-30,29,P,75.0,0.502277,USO261030P00075000,0,2.1,1.05,1,,,,,,,,
2026-10-01,USO,149.32,2026-10-01T18:40:50.580945779Z,2026-10-30,29,P,80.0,0.535762,USO261030P00080000,0,2.15,1.075,4,,,,,,,,
2026-10-01,USO,149.32,2026-10-01T18:40:50.550720918Z,2026-10-30,29,P,85.0,0.569247,USO261030P00085000,0,2.09,1.045,1,,,,,,,,
2026-10-01,USO,149.32,2026-10-01T18:40:57.211982782Z,2026-10-30,29,P,90.0,0.602732,USO261030P00090000,0,0.96,0.48,21,,,,,,,,
2026-10-01,USO,149.32,2026-10-01T18:40:50.579310935Z,2026-10-30,29,P,95.0,0.636218,USO261030P00095000,0,0.16,0.08,1,,,,,,,,
2026-10-01,USO,149.32,2026-10-01T18:40:59.318713789Z,2026-10-30,29,P,100.0,0.669703,USO261030P00100000,0.07,0.15,0.11,200,,,0.6558,-0.0109,0.001,-0.0136,0.0122,-0.0014
2026-10-01,USO,149.32,2026-10-01T18:40:50.551093595Z,2026-10-30,29,P,195.0,1.30592,USO261030P00195000,44.52,47,45.76,4,,,0.6496,-0.909,0.006,-0.058,0.0691,-0.1445
2026-10-01,USO,149.32,2026-10-01T18:40:50.548241333Z,2026-10-30,29,P,200.0,1.339405,USO261030P00200000,48.7,52.08,50.39,,,,0.6363,-0.9342,0.0048,-0.039,0.054,-0.1512
2026-10-01,USO,149.32,2026-10-01T18:40:50.551116902Z,2026-10-30,29,P,205.0,1.37289,USO261030P00205000,54.18,55.92,55.05,2,,,0.6048,-0.9591,0.0034,-0.0174,0.037,-0.1578
2026-10-01,USO,149.32,2026-10-01T18:38:52.852488779Z,2026-10-30,29,P,210.0,1.406376,USO261030P00210000,58.85,63.06,60.955,,,,0.8177,-0.9098,0.0047,-0.0757,0.0686,-0.1567
2026-10-01,USO,149.32,2026-10-01T18:40:50.551121836Z,2026-10-30,29,P,215.0,1.439861,USO261030P00215000,64.66,66.97,65.815,,,,0.84,-0.9188,0.0042,-0.0702,0.0635,-0.1616
2026-10-01,USO,149.32,2026-10-01T18:40:51.616387376Z,2026-10-30,29,P,220.0,1.473346,USO261030P00220000,68.37,70.91,69.64,,,,0.5143,-0.9948,0.0007,0.0177,0.0063,-0.1737
2026-10-01,USO,149.32,2026-10-01T18:40:51.653661531Z,2026-11-06,36,C,60.0,0.401822,USO261106C00060000,88.51,92.06,90.285,,,,,,,,,
2026-10-01,USO,149.32,2026-10-01T18:40:50.551246019Z,2026-11-06,36,C,65.0,0.435307,USO261106C00065000,83.58,85.82,84.7,,,,,,,,,
2026-10-01,USO,149.32,2026-10-01T18:40:54.662393632Z,2026-11-06,36,C,70.0,0.468792,USO261106C00070000,78.94,80.1,79.52,,,,,,,,,
2026-10-01,USO,149.32,2026-10-01T18:40:50.551236548Z,2026-11-06,36,C,75.0,0.502277,USO261106C00075000,71.37,75.91,73.64,,,,,,,,,
2026-10-01,USO,149.32,2026-10-01T18:40:51.652726441Z,2026-11-06,36,C,80.0,0.535762,USO261106C00080000,68.25,71.83,70.04,,,,0.7138,0.9983,0.0002,-0.0111,0.0026,0.0783
2026-10-01,USO,149.32,2026-10-01T18:40:51.616476601Z,2026-11-06,36,C,85.0,0.569247,USO261106C00085000,62.76,66.1,64.43,1,,,,,,,,
2026-10-01,USO,149.32,2026-10-01T18:40:51.617031551Z,2026-11-06,36,C,90.0,0.602732,USO261106C00090000,56.86,62.01,59.435,,,,,,,,,
2026-10-01,USO,149.32,2026-10-01T18:40:51.617201876Z,2026-11-06,36,C,95.0,0.636218,USO261106C00095000,52.82,55.99,54.405,2,,,,,,,,
2026-10-01,USO,149.32,2026-10-01T18:40:51.617031551Z,2026-11-06,36,C,100.0,0.669703,USO261106C00100000,47.29,51.77,49.53,28,,,,,,,,
2026-10-01,USO,149.32,2026-10-01T18:41:13.107005244Z,2026-11-06,36,C,195.0,1.30592,USO261106C00195000,0.89,0.97,0.93,11,,,0.562,0.0827,0.0058,-0.0572,0.0717,0.0113
2026-10-01,USO,149.32,2026-10-01T18:41:00.856907216Z,2026-11-06,36,C,200.0,1.339405,USO261106C00200000,0.72,0.81,0.765,1,,,0.5769,0.0686,0.0049,-0.0508,0.0621,0.0094
2026-10-01,USO,149.32,2026-10-01T18:41:00.602643587Z,2026-11-06,36,C,205.0,1.37289,USO261106C00205000,0.58,0.66,0.62,13,,,0.5887,0.0563,0.0041,-0.0444,0.0533,0.0077
2026-10-01,USO,149.32,2026-10-01T18:41:13.107005244Z,2026-11-06,36,C,210.0,1.406376,USO261106C00210000,0.48,0.57,0.525,19,,,0.6044,0.0477,0.0035,-0.0399,0.0467,0.0065
2026-10-01,USO,149.32,2026-10-01T18:41:00.435729123Z,2026-11-06,36,C,215.0,1.439861,USO261106C00215000,0.4,0.48,0.44,1,,,0.6177,0.0402,0.003,-0.0355,0.0407,0.0055
2026-10-01,USO,149.32,2026-10-01T18:40:59.323718825Z,2026-11-06,36,C,220.0,1.473346,USO261106C00220000,0.33,0.43,0.38,9,,,0.6331,0.0346,0.0026,-0.0322,0.036,0.0047
2026-10-01,USO,149.32,2026-10-01T18:38:51.850530194Z,2026-11-06,36,P,60.0,0.401822,USO261106P00060000,0,2.17,1.085,,,,,,,,,
2026-10-01,USO,149.32,2026-10-01T18:36:57.855424688Z,2026-11-06,36,P,65.0,0.435307,USO261106P00065000,0,2.1,1.05,,,,,,,,,
2026-10-01,USO,149.32,2026-10-01T18:40:28.171375324Z,2026-11-06,36,P,70.0,0.468792,USO261106P00070000,0,2.15,1.075,,,,,,,,,
2026-10-01,USO,149.32,2026-10-01T18:38:51.85186779Z,2026-11-06,36,P,75.0,0.502277,USO261106P00075000,0,2.11,1.055,,,,,,,,,
2026-10-01,USO,149.32,2026-10-01T18:40:56.998128594Z,2026-11-06,36,P,80.0,0.535762,USO261106P00080000,0,2.15,1.075,,,,,,,,,
2026-10-01,USO,149.32,2026-10-01T18:41:03.482181135Z,2026-11-06,36,P,85.0,0.569247,USO261106P00085000,0,1.81,0.905,,,,,,,,,
2026-10-01,USO,149.32,2026-10-01T18:41:08.654299353Z,2026-11-06,36,P,90.0,0.602732,USO261106P00090000,0,1.83,0.915,,,,,,,,,
2026-10-01,USO,149.32,2026-10-01T18:40:59.321188893Z,2026-11-06,36,P,95.0,0.636218,USO261106P00095000,0,0.18,0.09,,,,,,,,,
2026-10-01,USO,149.32,2026-10-01T18:41:14.937138537Z,2026-11-06,36,P,100.0,0.669703,USO261106P00100000,0.07,0.57,0.32,3,,,0.6951,-0.0241,0.0017,-0.0253,0.0267,-0.0039
2026-10-01,USO,149.32,2026-10-01T18:40:50.548356203Z,2026-11-06,36,P,195.0,1.30592,USO261106P00195000,44.4,48.27,46.335,,,,0.6642,-0.8737,0.0066,-0.071,0.0975,-0.1747
2026-10-01,USO,149.32,2026-10-01T18:40:50.548356203Z,2026-11-06,36,P,200.0,1.339405,USO261106P00200000,49.67,52.06,50.865,,,,0.6573,-0.8999,0.0057,-0.0555,0.0826,-0.1831
2026-10-01,USO,149.32,2026-10-01T18:41:05.107084369Z,2026-11-06,36,P,205.0,1.37289,USO261106P00205000,55.03,58.77,56.9,,,,0.8121,-0.862,0.0058,-0.097,0.1036,-0.1834
2026-10-01,USO,149.32,2026-10-01T18:40:50.548356203Z,2026-11-06,36,P,210.0,1.406376,USO261106P00210000,58.52,62.15,60.335,,,,0.6657,-0.9326,0.0042,-0.0353,0.0613,-0.1972
2026-10-01,USO,149.32,2026-10-01T18:40:50.548356203Z,2026-11-06,36,P,215.0,1.439861,USO261106P00215000,64.39,67.26,65.825,,,,0.7762,-0.911,0.0044,-0.06,0.0757,-0.1994
2026-10-01,USO,149.32,2026-10-01T18:40:50.548356203Z,2026-11-06,36,P,220.0,1.473346,USO261106P00220000,68.2,71.09,69.645,,,,0.5749,-0.9783,0.0019,0.0036,0.0244,-0.2132
2026-10-02,AAPL,333.6,2026-10-02T18:40:57.220426549Z,2026-10-30,28,C,215.0,0.644484,AAPL261030C00215000,119.11,121.24,120.175,20,,,0.8711,0.9747,0.0007,-0.1067,0.0545,0.1573
2026-10-02,AAPL,333.6,2026-10-02T18:40:57.220402006Z,2026-10-30,28,C,220.0,0.659472,AAPL261030C00220000,112.61,115.76,114.185,1,,,,,,,,
2026-10-02,AAPL,333.6,2026-10-02T18:40:58.40999773Z,2026-10-30,28,C,225.0,0.67446,AAPL261030C00225000,108.22,108.87,108.545,1,,,,,,,,
2026-10-02,AAPL,333.6,2026-10-02T18:40:57.218624773Z,2026-10-30,28,C,230.0,0.689448,AAPL261030C00230000,102.8,108,105.4,,,,0.7836,0.9669,0.001,-0.1186,0.0682,0.1667
2026-10-02,AAPL,333.6,2026-10-02T18:41:00.541943393Z,2026-10-30,28,P,215.0,0.644484,AAPL261030P00215000,0,0.32,0.16,3,,,,,,,,
2026-10-02,AAPL,333.6,2026-10-02T17:47:41.567829943Z,2026-10-30,28,P,220.0,0.659472,AAPL261030P00220000,0,0.22,0.11,18,,,,,,,,
2026-10-02,AAPL,333.6,2026-10-02T18:40:58.618923771Z,2026-10-30,28,P,225.0,0.67446,AAPL261030P00225000,0,0.2,0.1,1,,,,,,,,
2026-10-02,AAPL,333.6,2026-10-02T18:41:00.041541425Z,2026-10-30,28,P,230.0,0.689448,AAPL261030P00230000,0,0.11,0.055,100,,,,,,,,
2026-10-02,AAPL,333.6,2026-10-02T18:40:58.055876013Z,2026-11-06,35,C,215.0,0.644484,AAPL261106C00215000,119.13,122.33,120.73,,,,0.8378,0.967,0.0009,-0.1126,0.076,0.1937
2026-10-02,AAPL,333.6,2026-10-02T18:40:58.260842628Z,2026-11-06,35,C,220.0,0.659472,AAPL261106C00220000,111.32,118.01,114.665,,,,0.5763,0.9927,0.0003,-0.0402,0.0208,0.2077
2026-10-02,AAPL,333.6,2026-10-02T18:40:59.281623623Z,2026-11-06,35,C,225.0,0.67446,AAPL261106C00225000,105.76,110.84,108.3,201,,,,,,,,
2026-10-02,AAPL,333.6,2026-10-02T18:40:57.219408523Z,2026-11-06,35,C,230.0,0.689448,AAPL261106C00230000,103.59,103.96,103.775,1,,,,,,,,
2026-10-02,AAPL,333.6,2026-10-02T18:40:56.514493335Z,2026-11-06,35,P,215.0,0.644484,AAPL261106P00215000,0,0.21,0.105,2,,,,,,,,
2026-10-02,AAPL,333.6,2026-10-02T18:40:56.515968351Z,2026-11-06,35,P,220.0,0.659472,AAPL261106P00220000,0.01,0.07,0.04,2,,,0.4973,-0.0025,0.0002,-0.0056,0.008,-0.0008
2026-10-02,AAPL,333.6,2026-10-02T18:40:56.54088395Z,2026-11-06,35,P,225.0,0.67446,AAPL261106P00225000,0,0.14,0.07,2,,,,,,,,
2026-10-02,AAPL,333.6,2026-10-02T18:41:00.536258303Z,2026-11-06,35,P,230.0,0.689448,AAPL261106P00230000,0.03,0.09,0.06,36,,,0.4682,-0.0039,0.0002,-0.0078,0.0118,-0.0013
2026-10-02,NVDA,234.42,2026-10-02T18:40:58.051678198Z,2026-10-30,28,C,135.0,0.575889,NVDA261030C00135000,98.52,103.06,100.79,10,,,,,,,,
2026-10-02,NVDA,234.42,2026-10-02T18:39:27.696947474Z,2026-10-30,28,C,140.0,0.597219,NVDA261030C00140000,91.88,96.21,94.045,,,,,,,,,
2026-10-02,NVDA,234.42,2026-10-02T18:40:58.106482475Z,2026-10-30,28,C,145.0,0.618548,NVDA261030C00145000,88.62,92.22,90.42,15,,,,,,,,
2026-10-02,NVDA,234.42,2026-10-02T18:40:57.62427614Z,2026-10-30,28,C,150.0,0.639877,NVDA261030C00150000,84.81,87.09,85.95,6,,,0.9852,0.9628,0.0013,-0.1077,0.0528,0.1072
2026-10-02,NVDA,234.42,2026-10-02T18:41:01.374395753Z,2026-10-30,28,C,155.0,0.661206,NVDA261030C00155000,77.32,82.1,79.71,1,,,,,,,,
2026-10-02,NVDA,234.42,2026-10-02T18:40:58.057152514Z,2026-10-30,28,C,160.0,0.682536,NVDA261030C00160000,70.77,74.24,72.505,7,,,,,,,,
2026-10-02,NVDA,234.42,2026-10-02T18:41:03.30986087Z,2026-10-30,28,C,310.0,1.322413,NVDA261030C00310000,0.01,0.02,0.015,1,,,0.3465,0.0023,0.0003,-0.003,0.0047,0.0004
2026-10-02,NVDA,234.42,2026-10-02T18:41:01.776001928Z,2026-10-30,28,C,315.0,1.343742,NVDA261030C00315000,0.03,0.04,0.035,25,,,0.3957,0.0045,0.0005,-0.0061,0.0085,0.0008
2026-10-02,NVDA,234.42,2026-10-02T18:40:58.095392332Z,2026-10-30,28,C,320.0,1.365071,NVDA261030C00320000,0.01,0.07,0.04,10,,,0.4202,0.0048,0.0005,-0.0069,0.0091,0.0008
2026-10-02,NVDA,234.42,2026-10-02T18:40:59.942907025Z,2026-10-30,28,C,325.0,1.3864,NVDA261030C00325000,0.03,0.07,0.05,7,,,0.4492,0.0056,0.0005,-0.0084,0.0103,0.001
2026-10-02,NVDA,234.42,2026-10-02T18:40:57.509075802Z,2026-10-30,28,C,330.0,1.40773,NVDA261030C00330000,0.01,0.07,0.04,2,,,0.4569,0.0045,0.0004,-0.007,0.0085,0.0008
2026-10-02,NVDA,234.42,2026-10-02T18:40:26.234425134Z,2026-10-30,28,P,135.0,0.575889,NVDA261030P00135000,0.03,0.1,0.065,7,,,0.7844,-0.0039,0.0002,-0.0104,0.0075,-0.0007
2026-10-02,NVDA,234.42,2026-10-02T18:40:39.358542595Z,2026-10-30,28,P,140.0,0.597219,NVDA261030P00140000,0.04,0.12,0.08,3,,,0.7546,-0.0049,0.0003,-0.0122,0.0092,-0.0009
2026-10-02,NVDA,234.42,2026-10-02T18:41:04.718521745Z,2026-10-30,28,P,145.0,0.618548,NVDA261030P00145000,0.09,0.12,0.105,3,,,0.7312,-0.0064,0.0004,-0.0151,0.0117,-0.0012
2026-10-02,NVDA,234.42,2026-10-02T18:40:16.249095145Z,2026-10-30,28,P,150.0,0.639877,NVDA261030P00150000,0.07,0.09,0.08,2,,,0.6625,-0.0055,0.0004,-0.012,0.0102,-0.0011
2026-10-02,NVDA,234.42,2026-10-02T18:41:04.71812676Z,2026-10-30,28,P,155.0,0.661206,NVDA261030P00155000,0.12,0.15,0.135,14,,,0.6602,-0.0089,0.0006,-0.0182,0.0156,-0.0017
2026-10-02,NVDA,234.42,2026-10-02T18:40:49.211432426Z,2026-10-30,28,P,160.0,0.682536,NVDA261030P00160000,0.11,0.12,0.115,210,,,0.6023,-0.0084,0.0006,-0.0157,0.0148,-0.0016
2026-10-02,NVDA,234.42,2026-10-02T18:40:58.050417234Z,2026-10-30,28,P,310.0,1.322413,NVDA261030P00310000,72.15,78.57,75.36,,,,0.5767,-0.9506,0.0027,-0.0366,0.0664,-0.2288
2026-10-02,NVDA,234.42,2026-10-02T18:40:58.051144641Z,2026-10-30,28,P,315.0,1.343742,NVDA261030P00315000,75.88,82.35,79.115,,,,,,,,,
2026-10-02,NVDA,234.42,2026-10-02T18:40:58.050487237Z,2026-10-30,28,P,320.0,1.365071,NVDA261030P00320000,80.82,88.07,84.445,,,,,,,,,
2026-10-02,NVDA,234.42,2026-10-02T18:40:58.050468308Z,2026-10-30,28,P,325.0,1.3864,NVDA261030P00325000,85.56,93.79,89.675,,,,0.4791,-0.9912,0.0008,0.021,0.0155,-0.2471
2026-10-02,NVDA,234.42,2026-10-02T18:40:58.050567242Z,2026-10-30,28,P,330.0,1.40773,NVDA261030P00330000,92,99.94,95.97,,,,0.769,-0.9312,0.0027,-0.0847,0.0861,-0.2411
2026-10-02,NVDA,234.42,2026-10-02T18:39:27.697467706Z,2026-11-06,35,C,135.0,0.575889,NVDA261106C00135000,97.47,101.72,99.595,1,,,,,,,,
2026-10-02,NVDA,234.42,2026-10-02T18:40:58.050882373Z,2026-11-06,35,C,140.0,0.597219,NVDA261106C00140000,90.98,99.43,95.205,,,,0.7748,0.9888,0.0005,-0.0382,0.0213,0.131
2026-10-02,NVDA,234.42,2026-10-02T18:40:58.095617826Z,2026-11-06,35,C,145.0,0.618548,NVDA261106C00145000,88.95,95.1,92.025,2,,,,,,,,
2026-10-02,NVDA,234.42,2026-10-02T18:41:03.50761634Z,2026-11-06,35,C,150.0,0.639877,NVDA261106C00150000,82.7,88.26,85.48,1,,,0.7608,0.9788,0.0009,-0.0555,0.037,0.1381
2026-10-02,NVDA,234.42,2026-10-02T18:40:58.050107673Z,2026-11-06,35,C,155.0,0.661206,NVDA261106C00155000,78.24,83.75,80.995,1,,,0.8137,0.9627,0.0014,-0.0841,0.0591,0.1388
2026-10-02,NVDA,234.42,2026-10-02T18:40:58.023837913Z,2026-11-06,35,C,160.0,0.682536,NVDA261106C00160000,71.76,78.24,75.0,,,,,,,,,
2026-10-02,NVDA,234.42,2026-10-02T18:40:59.810796763Z,2026-11-06,35,C,310.0,1.322413,NVDA261106C00310000,0.03,0.11,0.07,1,,,0.3629,0.0083,0.0009,-0.0087,0.0164,0.0018
2026-10-02,NVDA,234.42,2026-10-02T18:41:02.551863998Z,2026-11-06,35,C,315.0,1.343742,NVDA261106C00315000,0.01,0.15,0.08,,,,0.3871,0.0088,0.0009,-0.0098,0.0174,0.0019
2026-10-02,NVDA,234.42,2026-10-02T18:40:56.577223539Z,2026-11-06,35,C,320.0,1.365071,NVDA261106C00320000,0.03,0.15,0.09,,,,0.4108,0.0093,0.0008,-0.0109,0.0182,0.002
2026-10-02,NVDA,234.42,2026-10-02T18:40:56.279572639Z,2026-11-06,35,C,325.0,1.3864,NVDA261106C00325000,0.01,0.11,0.06,,,,0.4091,0.0065,0.0006,-0.0079,0.0132,0.0014
2026-10-02,NVDA,234.42,2026-10-02T18:40:55.576875922Z,2026-11-06,35,C,330.0,1.40773,NVDA261106C00330000,0.01,0.1,0.055,,,,0.4218,0.0058,0.0005,-0.0074,0.012,0.0013
2026-10-02,NVDA,234.42,2026-10-02T18:40:53.107214598Z,2026-11-06,35,P,135.0,0.575889,NVDA261106P00135000,0.01,0.19,0.1,1,,,0.7382,-0.0055,0.0003,-0.0118,0.0114,-0.0013
2026-10-02,NVDA,234.42,2026-10-02T18:41:04.718517072Z,2026-11-06,35,P,140.0,0.597219,NVDA261106P00140000,0.03,0.17,0.1,2,,,0.6939,-0.0058,0.0003,-0.0117,0.012,-0.0014
2026-10-02,NVDA,234.42,2026-10-02T18:41:04.718611133Z,2026-11-06,35,P,145.0,0.618548,NVDA261106P00145000,0.05,0.14,0.095,3,,,0.6471,-0.0059,0.0004,-0.0111,0.0122,-0.0014
2026-10-02,NVDA,234.42,2026-10-02T18:41:04.718411316Z,2026-11-06,35,P,150.0,0.639877,NVDA261106P00150000,0.05,0.22,0.135,10,,,0.6331,-0.0083,0.0005,-0.0147,0.0165,-0.002
2026-10-02,NVDA,234.42,2026-10-02T18:41:04.718627651Z,2026-11-06,35,P,155.0,0.661206,NVDA261106P00155000,0.09,0.22,0.155,13,,,0.6024,-0.0099,0.0006,-0.0162,0.0191,-0.0024
2026-10-02,NVDA,234.42,2026-10-02T18:41:04.71855091Z,2026-11-06,35,P,160.0,0.682536,NVDA261106P00160000,0.12,0.23,0.175,11,,,0.5708,-0.0116,0.0007,-0.0176,0.022,-0.0028
2026-10-02,NVDA,234.42,2026-10-02T18:40:58.092342318Z,2026-11-06,35,P,310.0,1.322413,NVDA261106P00310000,70.32,77.89,74.105,,,,,,,,,
2026-10-02,NVDA,234.42,2026-10-02T18:40:58.096472276Z,2026-11-06,35,P,315.0,1.343742,NVDA261106P00315000,78.03,83.14,80.585,,,,0.5949,-0.932,0.003,-0.0491,0.0953,-0.2868
2026-10-02,NVDA,234.42,2026-10-02T18:40:58.050047276Z,2026-11-06,35,P,320.0,1.365071,NVDA261106P00320000,80.1,88.65,84.375,,,,0.3372,-0.9981,0.0002,0.0318,0.0044,-0.3053
2026-10-02,NVDA,234.42,2026-10-02T18:40:58.050037285Z,2026-11-06,35,P,325.0,1.3864,NVDA261106P00325000,86.55,94.73,90.64,,,,0.6527,-0.9327,0.0027,-0.0551,0.0945,-0.2966
2026-10-02,NVDA,234.42,2026-10-02T18:40:58.049992255Z,2026-11-06,35,P,330.0,1.40773,NVDA261106P00330000,90.45,98.48,94.465,,,,0.4712,-0.9876,0.0009,0.0191,0.0233,-0.3126
2026-10-02,TSLA,370.84,2026-10-02T18:41:05.773011566Z,2026-10-30,28,C,150.0,0.404487,TSLA261030C00150000,215.99,222.59,219.29,,,,,,,,,
2026-10-02,TSLA,370.84,2026-10-02T18:41:07.344292018Z,2026-10-30,28,C,160.0,0.431453,TSLA261030C00160000,211.76,212.87,212.315,,,,,,,,,
2026-10-02,TSLA,370.84,2026-10-02T18:41:05.772984876Z,2026-10-30,28,C,170.0,0.458419,TSLA261030C00170000,200.63,205.77,203.2,2,,,,,,,,
2026-10-02,TSLA,370.84,2026-10-02T18:41:05.773034832Z,2026-10-30,28,C,180.0,0.485385,TSLA261030C00180000,187.81,194.27,191.04,6,,,,,,,,
2026-10-02,TSLA,370.84,2026-10-02T18:41:05.772984876Z,2026-10-30,28,C,190.0,0.51235,TSLA261030C00190000,177.71,185.33,181.52,1,,,,,,,,
2026-10-02,TSLA,370.84,2026-10-02T18:41:05.773011566Z,2026-10-30,28,C,200.0,0.539316,TSLA261030C00200000,173.02,175.96,174.49,1,,,,,,,,
2026-10-02,TSLA,370.84,2026-10-02T18:41:05.773025189Z,2026-10-30,28,C,210.0,0.566282,TSLA261030C00210000,159.35,162.75,161.05,,,,,,,,,
2026-10-02,TSLA,370.84,2026-10-02T18:41:05.773025189Z,2026-10-30,28,C,220.0,0.593248,TSLA261030C00220000,152.36,156.76,154.56,1,,,,,,,,
2026-10-02,TSLA,370.84,2026-10-02T18:41:05.773011566Z,2026-10-30,28,C,230.0,0.620214,TSLA261030C00230000,142.41,145.21,143.81,1,,,,,,,,
2026-10-02,TSLA,370.84,2026-10-02T18:41:05.758345012Z,2026-10-30,28,C,235.0,0.633696,TSLA261030C00235000,132.91,141.16,137.035,3,,,0.8012,0.9854,0.0004,-0.0787,0.038,0.1752
2026-10-02,TSLA,370.84,2026-10-02T18:41:05.758345012Z,2026-10-30,28,C,240.0,0.647179,TSLA261030C00240000,128.41,133.27,130.84,,,,,,,,,
2026-10-02,TSLA,370.84,2026-10-02T18:41:05.758345012Z,2026-10-30,28,C,250.0,0.674145,TSLA261030C00250000,118.91,125.13,122.02,,,,0.6905,0.9851,0.0005,-0.0735,0.0386,0.1867
2026-10-02,TSLA,370.84,2026-10-02T18:41:05.758345012Z,2026-10-30,28,C,255.0,0.687628,TSLA261030C00255000,115.42,121.4,118.41,6,,,0.8623,0.9555,0.0011,-0.1738,0.0965,0.181
2026-10-02,TSLA,370.84,2026-10-02T18:41:07.683905189Z,2026-10-30,28,C,490.0,1.321325,TSLA261030C00490000,0.54,0.56,0.55,33,,,0.5055,0.0288,0.0013,-0.0622,0.0677,0.0078
2026-10-02,TSLA,370.84,2026-10-02T18:41:07.691590111Z,2026-10-30,28,C,495.0,1.334807,TSLA261030C00495000,0.48,0.5,0.49,35,,,0.5113,0.0258,0.0011,-0.0572,0.0616,0.007
2026-10-02,TSLA,370.84,2026-10-02T18:41:07.875899392Z,2026-10-30,28,C,500.0,1.34829,TSLA261030C00500000,0.43,0.45,0.44,155,,,0.5175,0.0232,0.001,-0.053,0.0564,0.0063
2026-10-02,TSLA,370.84,2026-10-02T18:41:07.875969171Z,2026-10-30,28,C,505.0,1.361773,TSLA261030C00505000,0.35,0.41,0.38,7,,,0.5205,0.0203,0.0009,-0.0475,0.0503,0.0055
2026-10-02,TSLA,370.84,2026-10-02T18:41:07.70867006Z,2026-10-30,28,C,510.0,1.375256,TSLA261030C00510000,0.31,0.37,0.34,1,,,0.5261,0.0182,0.0008,-0.0438,0.0459,0.0049
2026-10-02,TSLA,370.84,2026-10-02T18:41:07.876139187Z,2026-10-30,28,C,515.0,1.388739,TSLA261030C00515000,0.32,0.34,0.33,4,,,0.5374,0.0174,0.0008,-0.043,0.0441,0.0047
2026-10-02,TSLA,370.84,2026-10-02T18:41:07.685260144Z,2026-10-30,28,C,520.0,1.402222,TSLA261030C00520000,0.25,0.27,0.26,13,,,0.5333,0.0141,0.0007,-0.0357,0.0369,0.0038
2026-10-02,TSLA,370.84,2026-10-02T18:41:07.719554968Z,2026-10-30,28,C,530.0,1.429188,TSLA261030C00530000,0.25,0.27,0.26,1,,,0.5589,0.0136,0.0006,-0.0361,0.0357,0.0037
2026-10-02,TSLA,370.84,2026-10-02T18:41:07.715115442Z,2026-10-30,28,C,535.0,1.442671,TSLA261030C00535000,0.23,0.25,0.24,2,,,0.5656,0.0125,0.0006,-0.034,0.0332,0.0034
2026-10-02,TSLA,370.84,2026-10-02T18:41:07.875895067Z,2026-10-30,28,C,540.0,1.456154,TSLA261030C00540000,0.17,0.23,0.2,1,,,0.5648,0.0106,0.0005,-0.0295,0.0288,0.0029
2026-10-02,TSLA,370.84,2026-10-02T18:41:05.77848982Z,2026-10-30,28,C,545.0,1.469637,TSLA261030C00545000,0.16,0.22,0.19,1,,,0.5732,0.01,0.0005,-0.0284,0.0274,0.0027
2026-10-02,TSLA,370.84,2026-10-02T18:41:07.874629498Z,2026-10-30,28,C,550.0,1.483119,TSLA261030C00550000,0.14,0.16,0.15,11,,,0.5688,0.0081,0.0004,-0.0235,0.0228,0.0022
2026-10-02,TSLA,370.84,2026-10-02T18:41:05.760355198Z,2026-10-30,28,C,555.0,1.496602,TSLA261030C00555000,0.17,0.19,0.18,10,,,0.5926,0.0092,0.0004,-0.0274,0.0256,0.0025
2026-10-02,TSLA,370.84,2026-10-02T18:41:07.690840133Z,2026-10-30,28,C,560.0,1.510085,TSLA261030C00560000,0.16,0.18,0.17,14,,,0.6,0.0087,0.0004,-0.0263,0.0242,0.0023
2026-10-02,TSLA,370.84,2026-10-02T18:41:07.876134187Z,2026-10-30,28,C,570.0,1.537051,TSLA261030C00570000,0.1,0.16,0.13,6,,,0.6036,0.0068,0.0003,-0.0212,0.0194,0.0018
2026-10-02,TSLA,370.84,2026-10-02T18:41:05.764900223Z,2026-10-30,28,C,580.0,1.564017,TSLA261030C00580000,0.09,0.15,0.12,1,,,0.6194,0.0062,0.0003,-0.02,0.0179,0.0017
2026-10-02,TSLA,370.84,2026-10-02T18:41:05.764909981Z,2026-10-30,28,C,590.0,1.590983,TSLA261030C00590000,0.08,0.1,0.09,3,,,0.6209,0.0047,0.0002,-0.0158,0.0141,0.0013
2026-10-02,TSLA,370.84,2026-10-02T18:40:46.09546649Z,2026-10-30,28,P,150.0,0.404487,TSLA261030P00150000,0.06,0.07,0.065,10,,,,,,,,
2026-10-02,TSLA,370.84,2026-10-02T18:41:08.797640013Z,2026-10-30,28,P,160.0,0.431453,TSLA261030P00160000,0.07,0.09,0.08,20,,,,,,,,
2026-10-02,TSLA,370.84,2026-10-02T18:41:08.974280895Z,2026-10-30,28,P,170.0,0.458419,TSLA261030P00170000,0.04,0.06,0.05,10,,,,,,,,
2026-10-02,TSLA,370.84,2026-10-02T18:41:08.974700901Z,2026-10-30,28,P,180.0,0.485385,TSLA261030P00180000,0.1,0.11,0.105,1,,,,,,,,
2026-10-02,TSLA,370.84,2026-10-02T18:41:08.97445597Z,2026-10-30,28,P,190.0,0.51235,TSLA261030P00190000,0.11,0.13,0.12,1,,,,,,,,
2026-10-02,TSLA,370.84,2026-10-02T18:41:08.728579714Z,2026-10-30,28,P,200.0,0.539316,TSLA261030P00200000,0.09,0.15,0.12,1,,,,,,,,
2026-10-02,TSLA,370.84,2026-10-02T18:41:08.733954733Z,2026-10-30,28,P,210.0,0.566282,TSLA261030P00210000,0.15,0.17,0.16,1,,,,,,,,
2026-10-02,TSLA,370.84,2026-10-02T18:41:08.974420815Z,2026-10-30,28,P,220.0,0.593248,TSLA261030P00220000,0.13,0.19,0.16,2,,,,,,,,
2026-10-02,TSLA,370.84,2026-10-02T18:41:07.897285597Z,2026-10-30,28,P,230.0,0.620214,TSLA261030P00230000,0.16,0.18,0.17,36,,,0.7296,-0.0066,0.0002,-0.0244,0.0189,-0.002
2026-10-02,TSLA,370.84,2026-10-02T18:41:07.875490403Z,2026-10-30,28,P,235.0,0.633696,TSLA261030P00235000,0.18,0.2,0.19,6,,,0.7097,-0.0075,0.0003,-0.0265,0.0212,-0.0023
2026-10-02,TSLA,370.84,2026-10-02T18:41:08.670754414Z,2026-10-30,28,P,240.0,0.647179,TSLA261030P00240000,0.2,0.26,0.23,5,,,0.6974,-0.009,0.0003,-0.0307,0.025,-0.0027
2026-10-02,TSLA,370.84,2026-10-02T18:41:08.972971209Z,2026-10-30,28,P,250.0,0.674145,TSLA261030P00250000,0.28,0.3,0.29,53,,,0.6595,-0.0117,0.0005,-0.0365,0.0314,-0.0036
2026-10-02,TSLA,370.84,2026-10-02T18:41:08.621094144Z,2026-10-30,28,P,255.0,0.687628,TSLA261030P00255000,0.27,0.34,0.305,2,,,0.6348,-0.0127,0.0005,-0.0376,0.0337,-0.0038
2026-10-02,TSLA,370.84,2026-10-02T18:41:09.059821227Z,2026-10-30,28,P,490.0,1.321325,TSLA261030P00490000,117.63,123.87,120.75,,,,0.7114,-0.9032,0.0023,-0.1751,0.176,-0.3496
2026-10-02,TSLA,370.84,2026-10-02T18:41:06.982370751Z,2026-10-30,28,P,495.0,1.334807,TSLA261030P00495000,122.28,125.45,123.865,,,,0.597,-0.9501,0.0017,-0.0621,0.1058,-0.3653
2026-10-02,TSLA,370.84,2026-10-02T18:41:08.976475874Z,2026-10-30,28,P,500.0,1.34829,TSLA261030P00500000,124.57,133.21,128.89,1,,,0.6172,-0.95,0.0016,-0.0655,0.1059,-0.3691
2026-10-02,TSLA,370.84,2026-10-02T18:41:08.820495087Z,2026-10-30,28,P,505.0,1.361773,TSLA261030P00505000,131.38,134.56,132.97,,,,0.5122,-0.9814,0.0009,0.0102,0.0467,-0.3812
2026-10-02,TSLA,370.84,2026-10-02T18:41:05.772990617Z,2026-10-30,28,P,510.0,1.375256,TSLA261030P00510000,136.94,141.4,139.17,,,,0.6777,-0.9438,0.0016,-0.0885,0.1162,-0.3753
2026-10-02,TSLA,370.84,2026-10-02T18:41:08.975665853Z,2026-10-30,28,P,515.0,1.388739,TSLA261030P00515000,143.12,144.7,143.91,,,,0.6714,-0.9512,0.0015,-0.0716,0.1039,-0.381
2026-10-02,TSLA,370.84,2026-10-02T18:41:07.304747426Z,2026-10-30,28,P,520.0,1.402222,TSLA261030P00520000,147.76,151.17,149.465,,,,0.737,-0.9381,0.0016,-0.112,0.1254,-0.3816
2026-10-02,TSLA,370.84,2026-10-02T18:41:05.781516132Z,2026-10-30,28,P,530.0,1.429188,TSLA261030P00530000,154.43,161.11,157.77,,,,0.5452,-0.9884,0.0005,0.0255,0.0312,-0.4022
2026-10-02,TSLA,370.84,2026-10-02T18:41:08.97570089Z,2026-10-30,28,P,535.0,1.442671,TSLA261030P00535000,160.75,169.13,164.94,,,,0.8247,-0.9302,0.0016,-0.1484,0.1377,-0.3912
2026-10-02,TSLA,370.84,2026-10-02T18:41:05.784210685Z,2026-10-30,28,P,540.0,1.456154,TSLA261030P00540000,167.69,175.8,171.745,,,,0.9549,-0.8992,0.0018,-0.2553,0.1813,-0.3876
2026-10-02,TSLA,370.84,2026-10-02T18:41:05.76448964Z,2026-10-30,28,P,545.0,1.469637,TSLA261030P00545000,167.95,180.01,173.98,,,,0.7776,-0.9521,0.0012,-0.0859,0.1023,-0.4043
2026-10-02,TSLA,370.84,2026-10-02T18:41:08.976300904Z,2026-10-30,28,P,550.0,1.483119,TSLA261030P00550000,176.95,185.58,181.265,,,,0.9623,-0.9089,0.0017,-0.2339,0.1683,-0.3976
2026-10-02,TSLA,370.84,2026-10-02T18:41:08.976440979Z,2026-10-30,28,P,555.0,1.496602,TSLA261030P00555000,182.51,189.23,185.87,,,,0.955,-0.9163,0.0016,-0.2134,0.158,-0.4033
2026-10-02,TSLA,370.84,2026-10-02T18:41:07.274762324Z,2026-10-30,28,P,560.0,1.510085,TSLA261030P00560000,185.65,195.61,190.63,,,,0.956,-0.9211,0.0015,-0.2012,0.1511,-0.4083
2026-10-02,TSLA,370.84,2026-10-02T18:41:08.973925897Z,2026-10-30,28,P,570.0,1.537051,TSLA261030P00570000,197.73,205.65,201.69,,,,1.0543,-0.9058,0.0016,-0.2674,0.1725,-0.4124
2026-10-02,TSLA,370.84,2026-10-02T18:41:07.022730951Z,2026-10-30,28,P,580.0,1.564017,TSLA261030P00580000,208.88,213.84,211.36,,,,,,,,,
2026-10-02,TSLA,370.84,2026-10-02T18:41:05.772990617Z,2026-10-30,28,P,590.0,1.590983,TSLA261030P00590000,217.55,218.84,218.195,,,,0.819,-0.9726,0.0008,-0.0332,0.0649,-0.4441
2026-10-02,TSLA,370.84,2026-10-02T18:41:05.772242778Z,2026-11-06,35,C,150.0,0.404487,TSLA261106C00150000,223.31,229.71,226.51,,,,,,,,,
2026-10-02,TSLA,370.84,2026-10-02T18:41:07.639285599Z,2026-11-06,35,C,160.0,0.431453,TSLA261106C00160000,213.29,218.45,215.87,,,,,,,,,
2026-10-02,TSLA,370.84,2026-10-02T18:41:07.371451482Z,2026-11-06,35,C,170.0,0.458419,TSLA261106C00170000,198.96,206.37,202.665,,,,,,,,,
2026-10-02,TSLA,370.84,2026-10-02T18:41:05.772447731Z,2026-11-06,35,C,180.0,0.485385,TSLA261106C00180000,187.39,195.55,191.47,,,,,,,,,
2026-10-02,TSLA,370.84,2026-10-02T18:41:06.372945369Z,2026-11-06,35,C,190.0,0.51235,TSLA261106C00190000,182.92,189.17,186.045,,,,,,,,,
2026-10-02,TSLA,370.84,2026-10-02T18:41:07.118637556Z,2026-11-06,35,C,200.0,0.539316,TSLA261106C00200000,167.2,177.31,172.255,1,,,,,,,,
2026-10-02,TSLA,370.84,2026-10-02T18:41:07.832369706Z,2026-11-06,35,C,210.0,0.566282,TSLA261106C00210000,159.21,163.77,161.49,22,,,,,,,,
2026-10-02,TSLA,370.84,2026-10-02T18:41:07.246632124Z,2026-11-06,35,C,220.0,0.593248,TSLA261106C00220000,148.22,157.07,152.645,,,,0.9078,0.9779,0.0005,-0.101,0.0606,0.2014
2026-10-02,TSLA,370.84,2026-10-02T18:41:05.758418567Z,2026-11-06,35,C,230.0,0.620214,TSLA261106C00230000,142.67,143.67,143.17,,,,0.9071,0.9682,0.0007,-0.1293,0.082,0.207
2026-10-02,TSLA,370.84,2026-10-02T18:41:07.245962008Z,2026-11-06,35,C,235.0,0.633696,TSLA261106C00235000,135.45,139.83,137.64,,,,0.7985,0.9764,0.0006,-0.097,0.064,0.2153
2026-10-02,TSLA,370.84,2026-10-02T18:41:05.77226294Z,2026-11-06,35,C,240.0,0.647179,TSLA261106C00240000,131.39,135.85,133.62,,,,0.8822,0.9594,0.0009,-0.15,0.1002,0.2131
2026-10-02,TSLA,370.84,2026-10-02T18:41:07.246637Z,2026-11-06,35,C,250.0,0.674145,TSLA261106C00250000,121.38,128.56,124.97,,,,0.9194,0.9383,0.0012,-0.2074,0.1398,0.2139
2026-10-02,TSLA,370.84,2026-10-02T18:41:07.245952283Z,2026-11-06,35,C,255.0,0.687628,TSLA261106C00255000,114.28,120.69,117.485,5,,,0.6404,0.9776,0.0007,-0.0821,0.0612,0.235
2026-10-02,TSLA,370.84,2026-10-02T18:41:07.729470118Z,2026-11-06,35,C,490.0,1.321325,TSLA261106C00490000,0.76,0.83,0.795,4,,,0.4799,0.038,0.0015,-0.0664,0.0948,0.0127
2026-10-02,TSLA,370.84,2026-10-02T18:41:05.764762798Z,2026-11-06,35,C,495.0,1.334807,TSLA261106C00495000,0.69,0.71,0.7,2,,,0.4835,0.0337,0.0014,-0.0607,0.0861,0.0113
2026-10-02,TSLA,370.84,2026-10-02T18:41:07.369756467Z,2026-11-06,35,C,500.0,1.34829,TSLA261106C00500000,0.6,0.68,0.64,100,,,0.4899,0.0308,0.0012,-0.0571,0.0799,0.0104
2026-10-02,TSLA,370.84,2026-10-02T18:41:05.754012909Z,2026-11-06,35,C,505.0,1.361773,TSLA261106C00505000,0.56,0.62,0.59,4,,,0.4968,0.0284,0.0011,-0.054,0.0746,0.0095
2026-10-02,TSLA,370.84,2026-10-02T18:41:07.690385216Z,2026-11-06,35,C,510.0,1.375256,TSLA261106C00510000,0.47,0.56,0.515,11,,,0.4992,0.025,0.001,-0.0489,0.0672,0.0084
2026-10-02,TSLA,370.84,2026-10-02T18:41:07.690990239Z,2026-11-06,35,C,515.0,1.388739,TSLA261106C00515000,0.47,0.52,0.495,1,,,0.5088,0.0238,0.001,-0.0477,0.0644,0.008
2026-10-02,TSLA,370.84,2026-10-02T18:41:06.873203507Z,2026-11-06,35,C,520.0,1.402222,TSLA261106C00520000,0.43,0.48,0.455,2,,,0.5148,0.0219,0.0009,-0.0449,0.0599,0.0073
2026-10-02,TSLA,370.84,2026-10-02T18:41:05.772282811Z,2026-11-06,35,C,530.0,1.429188,TSLA261106C00530000,0.31,0.37,0.34,1,,,0.5172,0.0168,0.0007,-0.036,0.0479,0.0056
2026-10-02,TSLA,370.84,2026-10-02T18:41:07.691380202Z,2026-11-06,35,C,535.0,1.442671,TSLA261106C00535000,0.28,0.34,0.31,10,,,0.5222,0.0153,0.0006,-0.0336,0.0443,0.0051
2026-10-02,TSLA,370.84,2026-10-02T18:41:07.876350538Z,2026-11-06,35,C,540.0,1.456154,TSLA261106C00540000,0.26,0.35,0.305,1,,,0.5323,0.0148,0.0006,-0.0333,0.0431,0.005
2026-10-02,TSLA,370.84,2026-10-02T18:41:07.326671708Z,2026-11-06,35,C,545.0,1.469637,TSLA261106C00545000,0.28,0.29,0.285,1,,,0.5386,0.0138,0.0006,-0.0317,0.0405,0.0046
2026-10-02,TSLA,370.84,2026-10-02T18:41:07.876350538Z,2026-11-06,35,C,550.0,1.483119,TSLA261106C00550000,0.21,0.27,0.24,2,,,0.5375,0.0119,0.0005,-0.0277,0.0355,0.004
2026-10-02,TSLA,370.84,2026-10-02T18:41:07.69146021Z,2026-11-06,35,C,555.0,1.496602,TSLA261106C00555000,0.23,0.25,0.24,1,,,0.5481,0.0117,0.0005,-0.0278,0.035,0.0039
2026-10-02,TSLA,370.84,2026-10-02T18:41:06.872448472Z,2026-11-06,35,C,560.0,1.510085,TSLA261106C00560000,0.2,0.24,0.22,6,,,0.5526,0.0107,0.0004,-0.026,0.0325,0.0036
2026-10-02,TSLA,370.84,2026-10-02T18:41:05.729567929Z,2026-11-06,35,C,570.0,1.537051,TSLA261106C00570000,0.15,0.25,0.2,1,,,0.5664,0.0096,0.0004,-0.0243,0.0296,0.0032
2026-10-02,TSLA,370.84,2026-10-02T18:41:05.776017755Z,2026-11-06,35,C,580.0,1.564017,TSLA261106C00580000,0.17,0.22,0.195,3,,,0.5844,0.0091,0.0004,-0.024,0.0283,0.0031
2026-10-02,TSLA,370.84,2026-10-02T18:41:05.776437843Z,2026-11-06,35,C,590.0,1.590983,TSLA261106C00590000,0.15,0.2,0.175,1,,,0.5961,0.0081,0.0003,-0.0221,0.0256,0.0027
2026-10-02,TSLA,370.84,2026-10-02T18:41:05.777114847Z,2026-11-06,35,P,150.0,0.404487,TSLA261106P00150000,0.01,0.1,0.055,4,,,,,,,,
2026-10-02,TSLA,370.84,2026-10-02T18:41:05.778645185Z,2026-11-06,35,P,160.0,0.431453,TSLA261106P00160000,0.02,0.08,0.05,15,,,,,,,,
2026-10-02,TSLA,370.84,2026-10-02T18:41:05.022094338Z,2026-11-06,35,P,170.0,0.458419,TSLA261106P00170000,0.07,0.13,0.1,1,,,,,,,,
2026-10-02,TSLA,370.84,2026-10-02T18:41:05.778155354Z,2026-11-06,35,P,180.0,0.485385,TSLA261106P00180000,0.09,0.13,0.11,15,,,,,,,,
2026-10-02,TSLA,370.84,2026-10-02T18:41:07.687225586Z,2026-11-06,35,P,190.0,0.51235,TSLA261106P00190000,0.11,0.16,0.135,52,,,,,,,,
2026-10-02,TSLA,370.84,2026-10-02T18:41:06.02713407Z,2026-11-06,35,P,200.0,0.539316,TSLA261106P00200000,0.09,0.19,0.14,253,,,,,,,,
2026-10-02,TSLA,370.84,2026-10-02T18:41:08.86337892Z,2026-11-06,35,P,210.0,0.566282,TSLA261106P00210000,0.12,0.17,0.145,1,,,0.7508,-0.005,0.0002,-0.0175,0.0165,-0.0019
2026-10-02,TSLA,370.84,2026-10-02T18:41:07.687685125Z,2026-11-06,35,P,220.0,0.593248,TSLA261106P00220000,0.19,0.25,0.22,23,,,0.7313,-0.0074,0.0002,-0.0243,0.0236,-0.0029
2026-10-02,TSLA,370.84,2026-10-02T18:41:08.117142906Z,2026-11-06,35,P,230.0,0.620214,TSLA261106P00230000,0.19,0.25,0.22,1,,,0.6751,-0.008,0.0003,-0.024,0.0252,-0.0031
2026-10-02,TSLA,370.84,2026-10-02T18:41:07.685170213Z,2026-11-06,35,P,235.0,0.633696,TSLA261106P00235000,0.26,0.32,0.29,185,,,0.6721,-0.0103,0.0004,-0.0298,0.0315,-0.004
2026-10-02,TSLA,370.84,2026-10-02T18:41:07.685805154Z,2026-11-06,35,P,240.0,0.647179,TSLA261106P00240000,0.25,0.31,0.28,3,,,0.6414,-0.0105,0.0004,-0.0287,0.0319,-0.004
2026-10-02,TSLA,370.84,2026-10-02T18:41:05.758490013Z,2026-11-06,35,P,250.0,0.674145,TSLA261106P00250000,0.32,0.38,0.35,3,,,0.6069,-0.0135,0.0005,-0.0338,0.0397,-0.0051
2026-10-02,TSLA,370.84,2026-10-02T18:41:05.776445183Z,2026-11-06,35,P,255.0,0.687628,TSLA261106P00255000,0.4,0.43,0.415,8,,,0.5951,-0.016,0.0006,-0.0384,0.0459,-0.0061
2026-10-02,TSLA,370.84,2026-10-02T18:41:05.772300252Z,2026-11-06,35,P,490.0,1.321325,TSLA261106P00490000,114.68,121.44,118.06,,,,0.4753,-0.9636,0.0015,-0.0115,0.0917,-0.4559
2026-10-02,TSLA,370.84,2026-10-02T18:41:09.119187594Z,2026-11-06,35,P,495.0,1.334807,TSLA261106P00495000,122.68,127.68,125.18,,,,0.6423,-0.9088,0.0022,-0.1235,0.1884,-0.4432
2026-10-02,TSLA,370.84,2026-10-02T18:41:07.119338037Z,2026-11-06,35,P,500.0,1.34829,TSLA261106P00500000,123.56,132.1,127.83,1,,,0.4795,-0.9721,0.0012,0.0018,0.0735,-0.4683
2026-10-02,TSLA,370.84,2026-10-02T18:41:07.03971849Z,2026-11-06,35,P,505.0,1.361773,TSLA261106P00505000,129.57,136.25,132.91,,,,0.5056,-0.9692,0.0012,-0.0051,0.0798,-0.4721
2026-10-02,TSLA,370.84,2026-10-02T18:41:03.638690952Z,2026-11-06,35,P,510.0,1.375256,TSLA261106P00510000,135.57,142.41,138.99,,,,0.62,-0.9387,0.0017,-0.0713,0.1392,-0.4671
2026-10-02,TSLA,370.84,2026-10-02T18:41:07.325022021Z,2026-11-06,35,P,515.0,1.388739,TSLA261106P00515000,140.15,145.74,142.945,,,,0.541,-0.9681,0.0012,-0.0099,0.0822,-0.4814
2026-10-02,TSLA,370.84,2026-10-02T18:41:05.832549564Z,2026-11-06,35,P,520.0,1.402222,TSLA261106P00520000,148.05,151.5,149.775,,,,0.7037,-0.9229,0.0018,-0.1144,0.166,-0.4718
2026-10-02,TSLA,370.84,2026-10-02T18:41:05.832600376Z,2026-11-06,35,P,530.0,1.429188,TSLA261106P00530000,154.14,162.62,158.38,,,,0.6325,-0.956,0.0013,-0.0419,0.107,-0.4918
2026-10-02,TSLA,370.84,2026-10-02T18:41:07.832114445Z,2026-11-06,35,P,535.0,1.442671,TSLA261106P00535000,158.91,167.39,163.15,,,,0.6246,-0.9623,0.0011,-0.0286,0.0942,-0.4987
2026-10-02,TSLA,370.84,2026-10-02T18:41:05.772379962Z,2026-11-06,35,P,540.0,1.456154,TSLA261106P00540000,164.18,173.17,168.675,,,,0.6885,-0.9493,0.0013,-0.0622,0.1198,-0.4993
2026-10-02,TSLA,370.84,2026-10-02T18:41:05.832854594Z,2026-11-06,35,P,545.0,1.469637,TSLA261106P00545000,168.43,176.94,172.685,,,,0.5953,-0.9759,0.0008,0.0017,0.0651,-0.5126
2026-10-02,TSLA,370.84,2026-10-02T18:41:07.025113481Z,2026-11-06,35,P,550.0,1.483119,TSLA261106P00550000,175.71,185.09,180.4,,,,0.8347,-0.9164,0.0016,-0.155,0.1766,-0.4989
2026-10-02,TSLA,370.84,2026-10-02T18:41:07.343496866Z,2026-11-06,35,P,555.0,1.496602,TSLA261106P00555000,178.53,186.76,182.645,,,,0.6181,-0.9768,0.0008,0.0024,0.0631,-0.5225
2026-10-02,TSLA,370.84,2026-10-02T18:41:05.772394904Z,2026-11-06,35,P,560.0,1.510085,TSLA261106P00560000,187.25,192.69,189.97,,,,0.8394,-0.9252,0.0015,-0.1376,0.1622,-0.5112
2026-10-02,TSLA,370.84,2026-10-02T18:41:05.77225031Z,2026-11-06,35,P,570.0,1.537051,TSLA261106P00570000,198.84,204.51,201.675,,,,0.9627,-0.8998,0.0016,-0.2205,0.2019,-0.5134
2026-10-02,TSLA,370.84,2026-10-02T18:41:05.772569867Z,2026-11-06,35,P,580.0,1.564017,TSLA261106P00580000,206.23,208.03,207.13,,,,0.5703,-0.9923,0.0003,0.0416,0.0243,-0.5515
2026-10-02,TSLA,370.84,2026-10-02T18:41:05.772349914Z,2026-11-06,35,P,590.0,1.590983,TSLA261106P00590000,217.16,225.57,221.365,,,,,,,,,
2026-10-02,USO,146.94,2026-10-02T18:40:08.373059793Z,2026-10-30,28,C,60.0,0.40833,USO261030C00060000,86.4,87.72,87.06,1,,,,,,,,
2026-10-02,USO,146.94,2026-10-02T18:39:26.853444604Z,2026-10-30,28,C,65.0,0.442357,USO261030C00065000,80.69,83.33,82.01,,,,,,,,,
2026-10-02,USO,146.94,2026-10-02T18:40:42.100553028Z,2026-10-30,28,C,70.0,0.476385,USO261030C00070000,76.37,79.99,78.18,,,,,,,,,
2026-10-02,USO,146.94,2026-10-02T18:39:26.81848056Z,2026-10-30,28,C,75.0,0.510412,USO261030C00075000,70.1,73.31,71.705,,,,,,,,,
2026-10-02,USO,146.94,2026-10-02T18:39:26.819260421Z,2026-10-30,28,C,80.0,0.54444,USO261030C00080000,65.92,69.83,67.875,,,,,,,,,
2026-10-02,USO,146.94,2026-10-02T18:41:02.644911644Z,2026-10-30,28,C,85.0,0.578467,USO261030C00085000,59.34,63.74,61.54,8,,,,,,,,
2026-10-02,USO,146.94,2026-10-02T18:39:26.819238722Z,2026-10-30,28,C,90.0,0.612495,USO261030C00090000,54.44,57.97,56.205,1,,,,,,,,
2026-10-02,USO,146.94,2026-10-02T18:39:26.819289855Z,2026-10-30,28,C,95.0,0.646522,USO261030C00095000,50.82,54.48,52.65,1,,,,,,,,
2026-10-02,USO,146.94,2026-10-02T18:39:26.819260421Z,2026-10-30,28,C,100.0,0.68055,USO261030C00100000,45.87,48.26,47.065,2,,,,,,,,
2026-10-02,USO,146.94,2026-10-02T18:41:09.130374982Z,2026-10-30,28,C,195.0,1.327072,USO261030C00195000,0.43,0.44,0.435,10,,,0.579,0.0473,0.0042,-0.0422,0.0401,0.005
2026-10-02,USO,146.94,2026-10-02T18:41:05.878322899Z,2026-10-30,28,C,200.0,1.3611,USO261030C00200000,0.3,0.4,0.35,53,,,0.5962,0.0382,0.0034,-0.0365,0.0337,0.004
2026-10-02,USO,146.94,2026-10-02T18:41:04.041640651Z,2026-10-30,28,C,205.0,1.395127,USO261030C00205000,0.23,0.32,0.275,21,,,0.6095,0.0303,0.0028,-0.0308,0.0279,0.0032
2026-10-02,USO,146.94,2026-10-02T18:41:00.805809386Z,2026-10-30,28,C,210.0,1.429155,USO261030C00210000,0.18,0.27,0.225,22,,,0.6255,0.0248,0.0023,-0.0268,0.0236,0.0026
2026-10-02,USO,146.94,2026-10-02T18:41:04.041060594Z,2026-10-30,28,C,215.0,1.463182,USO261030C00215000,0.17,0.24,0.205,1,,,0.6503,0.0221,0.002,-0.0252,0.0214,0.0023
2026-10-02,USO,146.94,2026-10-02T18:41:09.130109662Z,2026-10-30,28,C,220.0,1.49721,USO261030C00220000,0.17,0.2,0.185,18,,,0.6728,0.0196,0.0017,-0.0236,0.0194,0.0021
2026-10-02,USO,146.94,2026-10-02T18:40:56.45692885Z,2026-10-30,28,P,60.0,0.40833,USO261030P00060000,0,2.16,1.08,,,,,,,,,
2026-10-02,USO,146.94,2026-10-02T18:40:56.758476456Z,2026-10-30,28,P,65.0,0.442357,USO261030P00065000,0,2.09,1.045,,,,,,,,,
2026-10-02,USO,146.94,2026-10-02T18:40:58.401429496Z,2026-10-30,28,P,70.0,0.476385,USO261030P00070000,0,2.15,1.075,,,,,,,,,
2026-10-02,USO,146.94,2026-10-02T18:40:56.867391563Z,2026-10-30,28,P,75.0,0.510412,USO261030P00075000,0,2.11,1.055,1,,,,,,,,
2026-10-02,USO,146.94,2026-10-02T18:41:11.556753969Z,2026-10-30,28,P,80.0,0.54444,USO261030P00080000,0,2.15,1.075,4,,,,,,,,
2026-10-02,USO,146.94,2026-10-02T18:41:04.472763791Z,2026-10-30,28,P,85.0,0.578467,USO261030P00085000,0,2.09,1.045,1,,,,,,,,
2026-10-02,USO,146.94,2026-10-02T18:41:11.556350429Z,2026-10-30,28,P,90.0,0.612495,USO261030P00090000,0,1.17,0.585,21,,,,,,,,
2026-10-02,USO,146.94,2026-10-02T18:41:11.556369105Z,2026-10-30,28,P,95.0,0.646522,USO261030P00095000,0,0.16,0.08,15,,,,,,,,
2026-10-02,USO,146.94,2026-10-02T18:41:11.556353981Z,2026-10-30,28,P,100.0,0.68055,USO261030P00100000,0.07,0.18,0.125,118,,,0.6525,-0.0128,0.0012,-0.0154,0.0134,-0.0015
2026-10-02,USO,146.94,2026-10-02T18:39:26.818349172Z,2026-10-30,28,P,195.0,1.327072,USO261030P00195000,47,49.06,48.03,4,,,0.5893,-0.9492,0.0044,-0.0248,0.0425,-0.1438
2026-10-02,USO,146.94,2026-10-02T18:41:09.812161509Z,2026-10-30,28,P,200.0,1.3611,USO261030P00200000,52.12,53.26,52.69,,,,0.5233,-0.9792,0.0024,0.0019,0.0204,-0.1507
2026-10-02,USO,146.94,2026-10-02T18:40:59.849627485Z,2026-10-30,28,P,205.0,1.395127,USO261030P00205000,57.62,58.59,58.105,2,,,0.6956,-0.9473,0.0038,-0.0333,0.0438,-0.1513
2026-10-02,USO,146.94,2026-10-02T18:40:58.56008884Z,2026-10-30,28,P,210.0,1.429155,USO261030P00210000,61.21,64.84,63.025,,,,0.7188,-0.9537,0.0033,-0.029,0.0395,-0.1558
2026-10-02,USO,146.94,2026-10-02T18:39:23.519613304Z,2026-10-30,28,P,215.0,1.463182,USO261030P00215000,66.05,70.09,68.07,,,,0.7712,-0.9519,0.0032,-0.0339,0.0407,-0.1595
2026-10-02,USO,146.94,2026-10-02T18:39:26.819379661Z,2026-10-30,28,P,220.0,1.49721,USO261030P00220000,71.32,74.83,73.075,,,,0.8126,-0.9525,0.003,-0.0358,0.0403,-0.1634
2026-10-02,USO,146.94,2026-10-02T18:40:58.56102878Z,2026-11-06,35,C,60.0,0.40833,USO261106C00060000,85.13,87.75,86.44,,,,,,,,,
2026-10-02,USO,146.94,2026-10-02T18:40:58.393464601Z,2026-11-06,35,C,65.0,0.442357,USO261106C00065000,79.61,84.38,81.995,,,,,,,,,
2026-10-02,USO,146.94,2026-10-02T18:39:54.270944024Z,2026-11-06,35,C,70.0,0.476385,USO261106C00070000,75.3,78.66,76.98,,,,,,,,,
2026-10-02,USO,146.94,2026-10-02T18:39:53.298598157Z,2026-11-06,35,C,75.0,0.510412,USO261106C00075000,69.02,73.01,71.015,,,,,,,,,
2026-10-02,USO,146.94,2026-10-02T18:40:58.39417965Z,2026-11-06,35,C,80.0,0.54444,USO261106C00080000,64.51,70.07,67.29,,,,,,,,,
2026-10-02,USO,146.94,2026-10-02T18:39:26.817820212Z,2026-11-06,35,C,85.0,0.578467,USO261106C00085000,59.35,63.29,61.32,1,,,,,,,,
2026-10-02,USO,146.94,2026-10-02T18:40:08.509799181Z,2026-11-06,35,C,90.0,0.612495,USO261106C00090000,55.27,57.95,56.61,,,,,,,,,
2026-10-02,USO,146.94,2026-10-02T18:39:26.817865072Z,2026-11-06,35,C,95.0,0.646522,USO261106C00095000,50.45,53.16,51.805,2,,,,,,,,
2026-10-02,USO,146.94,2026-10-02T18:40:29.279222121Z,2026-11-06,35,C,100.0,0.68055,USO261106C00100000,44.82,48.96,46.89,28,,,,,,,,
2026-10-02,USO,146.94,2026-10-02T18:40:59.838589912Z,2026-11-06,35,C,195.0,1.327072,USO261106C00195000,0.67,0.78,0.725,10,,,0.5723,0.0678,0.005,-0.0497,0.0595,0.0088
2026-10-02,USO,146.94,2026-10-02T18:41:09.130109662Z,2026-11-06,35,C,200.0,1.3611,USO261106C00200000,0.58,0.61,0.595,35,,,0.5872,0.056,0.0042,-0.0438,0.0513,0.0073
2026-10-02,USO,146.94,2026-10-02T18:41:07.069463231Z,2026-11-06,35,C,205.0,1.395127,USO261106C00205000,0.47,0.54,0.505,2,,,0.6046,0.0474,0.0036,-0.0395,0.045,0.0062
2026-10-02,USO,146.94,2026-10-02T18:41:03.912231153Z,2026-11-06,35,C,210.0,1.429155,USO261106C00210000,0.38,0.7,0.54,23,,,0.6469,0.0476,0.0034,-0.0423,0.0451,0.0062
2026-10-02,USO,146.94,2026-10-02T18:40:59.868543529Z,2026-11-06,35,C,215.0,1.463182,USO261106C00215000,0.27,0.41,0.34,4,,,0.6282,0.0325,0.0025,-0.0301,0.0331,0.0042
2026-10-02,USO,146.94,2026-10-02T18:40:59.868589523Z,2026-11-06,35,C,220.0,1.49721,USO261106C00220000,0.27,0.28,0.275,2,,,0.6372,0.0266,0.0021,-0.0259,0.028,0.0035
2026-10-02,USO,146.94,2026-10-02T18:40:59.883323339Z,2026-11-06,35,P,60.0,0.40833,USO261106P00060000,0,2.11,1.055,,,,,,,,,
2026-10-02,USO,146.94,2026-10-02T18:40:58.403969456Z,2026-11-06,35,P,65.0,0.442357,USO261106P00065000,0,2.09,1.045,,,,,,,,,
2026-10-02,USO,146.94,2026-10-02T18:40:56.197208949Z,2026-11-06,35,P,70.0,0.476385,USO261106P00070000,0,2.17,1.085,,,,,,,,,
2026-10-02,USO,146.94,2026-10-02T18:40:56.555862366Z,2026-11-06,35,P,75.0,0.510412,USO261106P00075000,0,2.1,1.05,,,,,,,,,
2026-10-02,USO,146.94,2026-10-02T18:41:11.556269344Z,2026-11-06,35,P,80.0,0.54444,USO261106P00080000,0,2.15,1.075,,,,,,,,,
2026-10-02,USO,146.94,2026-10-02T18:41:11.556269344Z,2026-11-06,35,P,85.0,0.578467,USO261106P00085000,0,1.58,0.79,,,,,,,,,
2026-10-02,USO,146.94,2026-10-02T18:41:11.556269344Z,2026-11-06,35,P,90.0,0.612495,USO261106P00090000,0,0.89,0.445,,,,,,,,,
2026-10-02,USO,146.94,2026-10-02T18:40:59.868583323Z,2026-11-06,35,P,95.0,0.646522,USO261106P00095000,0,0.15,0.075,,,,,,,,,
2026-10-02,USO,146.94,2026-10-02T18:41:10.883941854Z,2026-11-06,35,P,100.0,0.68055,USO261106P00100000,0.13,0.17,0.15,100,,,0.6004,-0.0146,0.0014,-0.0142,0.0168,-0.0022
2026-10-02,USO,146.94,2026-10-02T18:41:01.431942471Z,2026-11-06,35,P,195.0,1.327072,USO261106P00195000,47.28,49.39,48.335,,,,0.604,-0.9196,0.0054,-0.039,0.0679,-0.1759
2026-10-02,USO,146.94,2026-10-02T18:41:02.647651694Z,2026-11-06,35,P,200.0,1.3611,USO261106P00200000,51.99,54.66,53.325,,,,0.6455,-0.9231,0.0049,-0.0404,0.0656,-0.1811
2026-10-02,USO,146.94,2026-10-02T18:40:29.178686462Z,2026-11-06,35,P,205.0,1.395127,USO261106P00205000,56.48,59.06,57.77,,,,0.58,-0.9596,0.0033,-0.0115,0.0395,-0.1905
2026-10-02,USO,146.94,2026-10-02T18:40:29.178686462Z,2026-11-06,35,P,210.0,1.429155,USO261106P00210000,62.29,64.709,63.4995,,,,0.754,-0.919,0.0044,-0.0523,0.0682,-0.1903
2026-10-02,USO,146.94,2026-10-02T18:40:12.612013045Z,2026-11-06,35,P,215.0,1.463182,USO261106P00215000,65.72,68,66.86,,,,,,,,,
2026-10-02,USO,146.94,2026-10-02T18:39:26.817881665Z,2026-11-06,35,P,220.0,1.49721,USO261106P00220000,70.24,75.92,73.08,,,,0.7608,-0.9431,0.0033,-0.0339,0.052,-0.2029
2026-10-05,AAPL,333.035,2026-10-05T18:40:56.189212363Z,2026-10-30,25,C,215.0,0.645578,AAPL261030C00215000,115.67,118.06,116.865,20,,,,,,,,
2026-10-05,AAPL,333.035,2026-10-05T18:40:57.587394049Z,2026-10-30,25,C,220.0,0.660591,AAPL261030C00220000,112.79,114.25,113.52,1,,,,,,,,
2026-10-05,AAPL,333.035,2026-10-05T18:40:59.262302278Z,2026-10-30,25,C,225.0,0.675605,AAPL261030C00225000,106.9,108.96,107.93,1,,,,,,,,
2026-10-05,AAPL,333.035,2026-10-05T18:40:59.510483531Z,2026-10-30,25,C,230.0,0.690618,AAPL261030C00230000,103.06,104.28,103.67,1,,,,,,,,
2026-10-05,AAPL,333.035,2026-10-05T18:40:56.210632122Z,2026-10-30,25,P,215.0,0.645578,AAPL261030P00215000,0,0.33,0.165,3,,,,,,,,
2026-10-05,AAPL,333.035,2026-10-05T18:40:57.78793484Z,2026-10-30,25,P,220.0,0.660591,AAPL261030P00220000,0,0.18,0.09,18,,,,,,,,
2026-10-05,AAPL,333.035,2026-10-05T18:40:59.335187696Z,2026-10-30,25,P,225.0,0.675605,AAPL261030P00225000,0,0.29,0.145,1,,,,,,,,
2026-10-05,AAPL,333.035,2026-10-05T18:40:56.793915016Z,2026-10-30,25,P,230.0,0.690618,AAPL261030P00230000,0,0.18,0.09,100,,,,,,,,
2026-10-05,AAPL,333.035,2026-10-05T18:40:56.291872504Z,2026-11-06,32,C,215.0,0.645578,AAPL261106C00215000,118.98,120.2,119.59,,,,0.7699,0.9799,0.0006,-0.0798,0.048,0.1814
2026-10-05,AAPL,333.035,2026-10-05T18:40:56.294717615Z,2026-11-06,32,C,220.0,0.660591,AAPL261106C00220000,114.42,116.67,115.545,,,,0.8736,0.9598,0.001,-0.1384,0.0854,0.1791
2026-10-05,AAPL,333.035,2026-10-05T18:40:56.215327145Z,2026-11-06,32,C,225.0,0.675605,AAPL261106C00225000,107.42,108.36,107.89,201,,,,,,,,
2026-10-05,AAPL,333.035,2026-10-05T18:40:56.270332444Z,2026-11-06,32,C,230.0,0.690618,AAPL261106C00230000,101.55,103.55,102.55,1,,,,,,,,
2026-10-05,AAPL,333.035,2026-10-05T18:40:59.828345023Z,2026-11-06,32,P,215.0,0.645578,AAPL261106P00215000,0,0.22,0.11,2,,,,,,,,
2026-10-05,AAPL,333.035,2026-10-05T18:40:56.732079678Z,2026-11-06,32,P,220.0,0.660591,AAPL261106P00220000,0.04,0.08,0.06,5,,,0.5405,-0.0035,0.0002,-0.0086,0.0104,-0.0011
2026-10-05,AAPL,333.035,2026-10-05T18:41:00.711674877Z,2026-11-06,32,P,225.0,0.675605,AAPL261106P00225000,0,0.15,0.075,2,,,,,,,,
2026-10-05,AAPL,333.035,2026-10-05T18:40:56.179772014Z,2026-11-06,32,P,230.0,0.690618,AAPL261106P00230000,0,0.15,0.075,36,,,,,,,,
2026-10-05,NVDA,238.595,2026-10-05T18:41:03.032749638Z,2026-10-30,25,C,140.0,0.586768,NVDA261030C00140000,94.03,101.52,97.775,1,,,,,,,,
2026-10-05,NVDA,238.595,2026-10-05T18:41:02.995149689Z,2026-10-30,25,C,145.0,0.607724,NVDA261030C00145000,89.34,95.87,92.605,15,,,,,,,,
2026-10-05,NVDA,238.595,2026-10-05T18:41:04.327097917Z,2026-10-30,25,C,150.0,0.62868,NVDA261030C00150000,85.7,88.75,87.225,6,,,,,,,,
2026-10-05,NVDA,238.595,2026-10-05T18:41:02.995974716Z,2026-10-30,25,C,155.0,0.649636,NVDA261030C00155000,81.55,84.95,83.25,1,,,,,,,,
2026-10-05,NVDA,238.595,2026-10-05T18:41:02.995669832Z,2026-10-30,25,C,160.0,0.670592,NVDA261030C00160000,76,80.66,78.33,7,,,,,,,,
2026-10-05,NVDA,238.595,2026-10-05T18:41:02.994774727Z,2026-10-30,25,C,165.0,0.691548,NVDA261030C00165000,69.53,76.54,73.035,3,,,,,,,,
2026-10-05,NVDA,238.595,2026-10-05T18:41:03.032004581Z,2026-10-30,25,C,315.0,1.320229,NVDA261030C00315000,0.01,0.02,0.015,25,,,0.3647,0.0023,0.0003,-0.0033,0.0045,0.0004
2026-10-05,NVDA,238.595,2026-10-05T18:41:04.185222516Z,2026-10-30,25,C,320.0,1.341185,NVDA261030C00320000,0.03,0.06,0.045,10,,,0.4274,0.0055,0.0006,-0.0085,0.0098,0.0009
2026-10-05,NVDA,238.595,2026-10-05T18:41:04.75242406Z,2026-10-30,25,C,325.0,1.362141,NVDA261030C00325000,0,0.02,0.01,52,,,,,,,,
2026-10-05,NVDA,238.595,2026-10-05T18:41:04.385193085Z,2026-10-30,25,C,330.0,1.383097,NVDA261030C00330000,0,0.02,0.01,48,,,,,,,,
2026-10-05,NVDA,238.595,2026-10-05T18:41:04.132452411Z,2026-10-30,25,C,335.0,1.404053,NVDA261030C00335000,0,0.05,0.025,3,,,,,,,,
2026-10-05,NVDA,238.595,2026-10-05T18:40:59.451949151Z,2026-10-30,25,P,140.0,0.586768,NVDA261030P00140000,0.07,0.1,0.085,3,,,,,,,,
2026-10-05,NVDA,238.595,2026-10-05T18:40:59.451949151Z,2026-10-30,25,P,145.0,0.607724,NVDA261030P00145000,0.08,0.1,0.09,2,,,,,,,,
2026-10-05,NVDA,238.595,2026-10-05T18:41:04.988856487Z,2026-10-30,25,P,150.0,0.62868,NVDA261030P00150000,0.09,0.11,0.1,13,,,0.7436,-0.0063,0.0004,-0.0163,0.0111,-0.0011
2026-10-05,NVDA,238.595,2026-10-05T18:41:01.522099938Z,2026-10-30,25,P,155.0,0.649636,NVDA261030P00155000,0.1,0.13,0.115,15,,,0.7083,-0.0075,0.0005,-0.018,0.0129,-0.0013
2026-10-05,NVDA,238.595,2026-10-05T18:40:59.450519088Z,2026-10-30,25,P,160.0,0.670592,NVDA261030P00160000,0.11,0.13,0.12,15,,,0.6651,-0.0082,0.0005,-0.0185,0.014,-0.0014
2026-10-05,NVDA,238.595,2026-10-05T18:41:05.626391616Z,2026-10-30,25,P,165.0,0.691548,NVDA261030P00165000,0.09,0.15,0.12,8,,,0.6193,-0.0088,0.0006,-0.0182,0.0149,-0.0015
2026-10-05,NVDA,238.595,2026-10-05T18:41:03.029375608Z,2026-10-30,25,P,315.0,1.320229,NVDA261030P00315000,71.52,82.26,76.89,,,,0.6848,-0.9259,0.0033,-0.0883,0.0876,-0.204
2026-10-05,NVDA,238.595,2026-10-05T18:41:02.995226196Z,2026-10-30,25,P,320.0,1.341185,NVDA261030P00320000,76.98,84,80.49,,,,,,,,,
2026-10-05,NVDA,238.595,2026-10-05T18:41:02.993655673Z,2026-10-30,25,P,325.0,1.362141,NVDA261030P00325000,82.51,89.53,86.02,,,,0.6129,-0.9664,0.002,-0.0235,0.0467,-0.2168
2026-10-05,NVDA,238.595,2026-10-05T18:41:03.026495596Z,2026-10-30,25,P,330.0,1.383097,NVDA261030P00330000,87.94,95.22,91.58,,,,0.7352,-0.9424,0.0025,-0.0722,0.072,-0.2167
2026-10-05,NVDA,238.595,2026-10-05T18:41:02.995516339Z,2026-10-30,25,P,335.0,1.404053,NVDA261030P00335000,94.86,100.4,97.63,,,,0.8848,-0.9096,0.0029,-0.1465,0.1017,-0.2155
2026-10-05,NVDA,238.595,2026-10-05T18:41:05.118429938Z,2026-11-06,32,C,140.0,0.586768,NVDA261106C00140000,93.45,102.35,97.9,,,,,,,,,
2026-10-05,NVDA,238.595,2026-10-05T18:41:02.990665841Z,2026-11-06,32,C,145.0,0.607724,NVDA261106C00145000,91,97.93,94.465,2,,,0.8409,0.9838,0.0007,-0.0526,0.0286,0.123
2026-10-05,NVDA,238.595,2026-10-05T18:41:02.991904591Z,2026-11-06,32,C,150.0,0.62868,NVDA261106C00150000,85.33,93.32,89.325,10,,,0.7292,0.9885,0.0006,-0.0399,0.0213,0.1285
2026-10-05,NVDA,238.595,2026-10-05T18:41:03.318165355Z,2026-11-06,32,C,155.0,0.649636,NVDA261106C00155000,80.7,86.48,83.59,1,,,,,,,,
2026-10-05,NVDA,238.595,2026-10-05T18:41:02.992096345Z,2026-11-06,32,C,160.0,0.670592,NVDA261106C00160000,75.25,82.5,78.875,,,,,,,,,
2026-10-05,NVDA,238.595,2026-10-05T18:41:05.321685471Z,2026-11-06,32,C,165.0,0.691548,NVDA261106C00165000,70.58,77.86,74.22,5,,,0.5063,0.9947,0.0004,-0.0259,0.0107,0.143
2026-10-05,NVDA,238.595,2026-10-05T18:41:05.126175338Z,2026-11-06,32,C,315.0,1.320229,NVDA261106C00315000,0.01,0.06,0.035,,,,0.3494,0.0047,0.0005,-0.0053,0.0096,0.0009
2026-10-05,NVDA,238.595,2026-10-05T18:40:50.665407572Z,2026-11-06,32,C,320.0,1.341185,NVDA261106C00320000,0.03,0.05,0.04,,,,0.3722,0.005,0.0005,-0.006,0.0102,0.001
2026-10-05,NVDA,238.595,2026-10-05T18:40:16.211578865Z,2026-11-06,32,C,325.0,1.362141,NVDA261106C00325000,0.01,0.08,0.045,,,,0.3945,0.0053,0.0005,-0.0067,0.0107,0.0011
2026-10-05,NVDA,238.595,2026-10-05T18:40:16.211603898Z,2026-11-06,32,C,330.0,1.383097,NVDA261106C00330000,0.01,0.03,0.02,,,,0.3799,0.0026,0.0003,-0.0034,0.0056,0.0005
2026-10-05,NVDA,238.595,2026-10-05T18:40:16.211609059Z,2026-11-06,32,C,335.0,1.404053,NVDA261106C00335000,0.01,0.03,0.02,,,,0.3957,0.0025,0.0003,-0.0034,0.0055,0.0005
2026-10-05,NVDA,238.595,2026-10-05T18:41:04.273901195Z,2026-11-06,32,P,140.0,0.586768,NVDA261106P00140000,0.02,0.14,0.08,2,,,0.7268,-0.0047,0.0003,-0.0108,0.0096,-0.001
2026-10-05,NVDA,238.595,2026-10-05T18:41:05.626391616Z,2026-11-06,32,P,145.0,0.607724,NVDA261106P00145000,0.08,0.15,0.115,3,,,0.7135,-0.0066,0.0004,-0.0144,0.013,-0.0015
2026-10-05,NVDA,238.595,2026-10-05T18:41:05.428571633Z,2026-11-06,32,P,150.0,0.62868,NVDA261106P00150000,0.05,0.13,0.09,10,,,0.6499,-0.0058,0.0004,-0.0116,0.0116,-0.0013
2026-10-05,NVDA,238.595,2026-10-05T18:41:05.626391616Z,2026-11-06,32,P,155.0,0.649636,NVDA261106P00155000,0.12,0.15,0.135,3,,,0.64,-0.0084,0.0005,-0.016,0.0162,-0.0019
2026-10-05,NVDA,238.595,2026-10-05T18:41:04.069076089Z,2026-11-06,32,P,160.0,0.670592,NVDA261106P00160000,0.1,0.18,0.14,10,,,0.6008,-0.0093,0.0006,-0.0163,0.0176,-0.0021
2026-10-05,NVDA,238.595,2026-10-05T18:41:04.782381426Z,2026-11-06,32,P,165.0,0.691548,NVDA261106P00165000,0.14,0.16,0.15,30,,,0.5648,-0.0105,0.0007,-0.017,0.0196,-0.0023
2026-10-05,NVDA,238.595,2026-10-05T18:41:02.99342114Z,2026-11-06,32,P,315.0,1.320229,NVDA261106P00315000,73.37,82.18,77.775,,,,0.6999,-0.8889,0.0038,-0.1154,0.1338,-0.2541
2026-10-05,NVDA,238.595,2026-10-05T18:41:02.990645622Z,2026-11-06,32,P,320.0,1.341185,NVDA261106P00320000,76.69,87.29,81.99,,,,0.6642,-0.9157,0.0033,-0.0813,0.1092,-0.2634
2026-10-05,NVDA,238.595,2026-10-05T18:41:02.990635642Z,2026-11-06,32,P,325.0,1.362141,NVDA261106P00325000,82.85,89.45,86.15,,,,0.5995,-0.9488,0.0025,-0.0362,0.0743,-0.274
2026-10-05,NVDA,238.595,2026-10-05T18:41:02.99058558Z,2026-11-06,32,P,330.0,1.383097,NVDA261106P00330000,86.58,95.17,90.875,,,,0.5834,-0.9618,0.002,-0.0193,0.0587,-0.2809
2026-10-05,NVDA,238.595,2026-10-05T18:41:02.990635642Z,2026-11-06,32,P,335.0,1.404053,NVDA261106P00335000,91.45,101.34,96.395,,,,0.6817,-0.941,0.0024,-0.0542,0.083,-0.2814
2026-10-05,TSLA,380.13,2026-10-05T18:41:08.370960485Z,2026-10-30,25,C,160.0,0.420909,TSLA261030C00160000,212.83,225.58,219.205,,,,,,,,,
2026-10-05,TSLA,380.13,2026-10-05T18:41:03.998017783Z,2026-10-30,25,C,170.0,0.447215,TSLA261030C00170000,203.24,213.72,208.48,2,,,,,,,,
2026-10-05,TSLA,380.13,2026-10-05T18:41:02.703939458Z,2026-10-30,25,C,180.0,0.473522,TSLA261030C00180000,196.29,207.51,201.9,10,,,,,,,,
2026-10-05,TSLA,380.13,2026-10-05T18:41:08.371130279Z,2026-10-30,25,C,190.0,0.499829,TSLA261030C00190000,188.09,193.89,190.99,1,,,,,,,,
2026-10-05,TSLA,380.13,2026-10-05T18:41:08.369846044Z,2026-10-30,25,C,200.0,0.526136,TSLA261030C00200000,179.17,180.74,179.955,1,,,,,,,,
2026-10-05,TSLA,380.13,2026-10-05T18:41:03.769473967Z,2026-10-30,25,C,210.0,0.552443,TSLA261030C00210000,166.68,176.43,171.555,1,,,,,,,,
2026-10-05,TSLA,380.13,2026-10-05T18:41:03.983403252Z,2026-10-30,25,C,220.0,0.578749,TSLA261030C00220000,157.3,163.28,160.29,1,,,,,,,,
2026-10-05,TSLA,380.13,2026-10-05T18:41:02.701049455Z,2026-10-30,25,C,230.0,0.605056,TSLA261030C00230000,144.81,152.01,148.41,1,,,,,,,,
2026-10-05,TSLA,380.13,2026-10-05T18:41:02.681409521Z,2026-10-30,25,C,235.0,0.61821,TSLA261030C00235000,144.36,149.63,146.995,3,,,,,,,,
2026-10-05,TSLA,380.13,2026-10-05T18:41:02.681984542Z,2026-10-30,25,C,245.0,0.644516,TSLA261030C00245000,132.71,141.96,137.335,,,,,,,,,
2026-10-05,TSLA,380.13,2026-10-05T18:41:02.742449185Z,2026-10-30,25,C,250.0,0.65767,TSLA261030C00250000,129.21,133.31,131.26,,,,0.7964,0.9833,0.0005,-0.0916,0.0413,0.1661
2026-10-05,TSLA,380.13,2026-10-05T18:41:02.687219778Z,2026-10-30,25,C,255.0,0.670823,TSLA261030C00255000,120.23,127.1,123.665,6,,,,,,,,
2026-10-05,TSLA,380.13,2026-10-05T18:41:02.676754505Z,2026-10-30,25,C,260.0,0.683977,TSLA261030C00260000,116.54,125.59,121.065,,,,0.6717,0.9882,0.0005,-0.0683,0.0307,0.1743
2026-10-05,TSLA,380.13,2026-10-05T18:41:02.793548895Z,2026-10-30,25,C,500.0,1.315339,TSLA261030C00500000,0.56,0.57,0.565,161,,,0.5288,0.0292,0.0013,-0.0711,0.0662,0.0072
2026-10-05,TSLA,380.13,2026-10-05T18:41:07.733265249Z,2026-10-30,25,C,505.0,1.328493,TSLA261030C00505000,0.45,0.48,0.465,8,,,0.5282,0.0246,0.0011,-0.0615,0.0573,0.0061
2026-10-05,TSLA,380.13,2026-10-05T18:41:03.799293978Z,2026-10-30,25,C,510.0,1.341646,TSLA261030C00510000,0.4,0.42,0.41,55,,,0.5333,0.0218,0.001,-0.0561,0.0518,0.0054
2026-10-05,TSLA,380.13,2026-10-05T18:41:02.70544439Z,2026-10-30,25,C,520.0,1.367953,TSLA261030C00520000,0.32,0.38,0.35,57,,,0.55,0.0184,0.0008,-0.0502,0.045,0.0046
2026-10-05,TSLA,380.13,2026-10-05T18:41:08.745078356Z,2026-10-30,25,C,525.0,1.381106,TSLA261030C00525000,0.29,0.3,0.295,4,,,0.551,0.0158,0.0007,-0.044,0.0394,0.0039
2026-10-05,TSLA,380.13,2026-10-05T18:41:08.368015351Z,2026-10-30,25,C,530.0,1.39426,TSLA261030C00530000,0.29,0.31,0.3,2,,,0.566,0.0157,0.0007,-0.0449,0.0391,0.0039
2026-10-05,TSLA,380.13,2026-10-05T18:41:02.821224218Z,2026-10-30,25,C,535.0,1.407413,TSLA261030C00535000,0.23,0.25,0.24,2,,,0.5627,0.0129,0.0006,-0.0377,0.033,0.0032
2026-10-05,TSLA,380.13,2026-10-05T18:41:09.116686388Z,2026-10-30,25,C,540.0,1.420567,TSLA261030C00540000,0.25,0.26,0.255,4,,,0.5803,0.0133,0.0006,-0.0398,0.0339,0.0033
2026-10-05,TSLA,380.13,2026-10-05T18:41:02.810508864Z,2026-10-30,25,C,545.0,1.43372,TSLA261030C00545000,0.23,0.24,0.235,1,,,0.5872,0.0122,0.0005,-0.0375,0.0315,0.003
2026-10-05,TSLA,380.13,2026-10-05T18:41:08.92875243Z,2026-10-30,25,C,555.0,1.460027,TSLA261030C00555000,0.19,0.21,0.2,1,,,0.6003,0.0103,0.0005,-0.0332,0.0273,0.0026
2026-10-05,TSLA,380.13,2026-10-05T18:41:05.479705287Z,2026-10-30,25,C,560.0,1.47318,TSLA261030C00560000,0.18,0.2,0.19,14,,,0.6088,0.0097,0.0004,-0.0319,0.0259,0.0024
2026-10-05,TSLA,380.13,2026-10-05T18:41:08.368850888Z,2026-10-30,25,C,565.0,1.486334,TSLA261030C00565000,0.17,0.18,0.175,1,,,0.6148,0.009,0.0004,-0.03,0.0241,0.0022
2026-10-05,TSLA,380.13,2026-10-05T18:41:08.380340254Z,2026-10-30,25,C,570.0,1.499487,TSLA261030C00570000,0.12,0.13,0.125,6,,,0.603,0.0067,0.0003,-0.0228,0.0187,0.0017
2026-10-05,TSLA,380.13,2026-10-05T18:41:07.70659903Z,2026-10-30,25,C,580.0,1.525794,TSLA261030C00580000,0.1,0.15,0.125,1,,,0.6255,0.0065,0.0003,-0.023,0.0182,0.0016
2026-10-05,TSLA,380.13,2026-10-05T18:41:05.232211777Z,2026-10-30,25,C,590.0,1.552101,TSLA261030C00590000,0.12,0.14,0.13,3,,,0.6503,0.0065,0.0003,-0.0239,0.0182,0.0016
2026-10-05,TSLA,380.13,2026-10-05T18:41:02.777039543Z,2026-10-30,25,C,600.0,1.578407,TSLA261030C00600000,0.07,0.09,0.08,4,,,0.6386,0.0042,0.0002,-0.016,0.0124,0.001
2026-10-05,TSLA,380.13,2026-10-05T18:41:08.368727463Z,2026-10-30,25,P,160.0,0.420909,TSLA261030P00160000,0.02,0.08,0.05,20,,,,,,,,
2026-10-05,TSLA,380.13,2026-10-05T18:41:10.551398398Z,2026-10-30,25,P,170.0,0.447215,TSLA261030P00170000,0.03,0.05,0.04,10,,,,,,,,
2026-10-05,TSLA,380.13,2026-10-05T18:41:08.36785248Z,2026-10-30,25,P,180.0,0.473522,TSLA261030P00180000,0.09,0.11,0.1,1,,,,,,,,
2026-10-05,TSLA,380.13,2026-10-05T18:41:02.821249918Z,2026-10-30,25,P,190.0,0.499829,TSLA261030P00190000,0.1,0.12,0.11,2,,,,,,,,
2026-10-05,TSLA,380.13,2026-10-05T18:41:02.691804329Z,2026-10-30,25,P,200.0,0.526136,TSLA261030P00200000,0.08,0.14,0.11,502,,,,,,,,
2026-10-05,TSLA,380.13,2026-10-05T18:41:10.653364308Z,2026-10-30,25,P,210.0,0.552443,TSLA261030P00210000,0.14,0.16,0.15,4,,,,,,,,
2026-10-05,TSLA,380.13,2026-10-05T18:41:10.624308757Z,2026-10-30,25,P,220.0,0.578749,TSLA261030P00220000,0.16,0.18,0.17,101,,,,,,,,
2026-10-05,TSLA,380.13,2026-10-05T18:41:02.681004241Z,2026-10-30,25,P,230.0,0.605056,TSLA261030P00230000,0.18,0.19,0.185,217,,,0.8134,-0.0066,0.0002,-0.0296,0.0184,-0.0018
2026-10-05,TSLA,380.13,2026-10-05T18:41:10.653498881Z,2026-10-30,25,P,235.0,0.61821,TSLA261030P00235000,0.2,0.22,0.21,30,,,0.7944,-0.0076,0.0003,-0.0327,0.0208,-0.0021
2026-10-05,TSLA,380.13,2026-10-05T18:41:02.780255319Z,2026-10-30,25,P,245.0,0.644516,TSLA261030P00245000,0.19,0.24,0.215,1,,,0.7346,-0.0083,0.0003,-0.0328,0.0226,-0.0023
2026-10-05,TSLA,380.13,2026-10-05T18:41:10.476178015Z,2026-10-30,25,P,250.0,0.65767,TSLA261030P00250000,0.25,0.26,0.255,37,,,0.7204,-0.0099,0.0004,-0.0374,0.0263,-0.0028
2026-10-05,TSLA,380.13,2026-10-05T18:41:10.654993974Z,2026-10-30,25,P,255.0,0.670823,TSLA261030P00255000,0.23,0.25,0.24,1,,,0.6845,-0.0098,0.0004,-0.0354,0.0261,-0.0027
2026-10-05,TSLA,380.13,2026-10-05T18:41:10.578928607Z,2026-10-30,25,P,260.0,0.683977,TSLA261030P00260000,0.3,0.32,0.31,22,,,0.6785,-0.0125,0.0005,-0.0431,0.0321,-0.0035
2026-10-05,TSLA,380.13,2026-10-05T18:41:08.371077545Z,2026-10-30,25,P,500.0,1.315339,TSLA261030P00500000,115.63,121.61,118.62,1,,,0.3651,-0.9974,0.0002,0.0472,0.008,-0.3409
2026-10-05,TSLA,380.13,2026-10-05T18:41:02.703029347Z,2026-10-30,25,P,505.0,1.328493,TSLA261030P00505000,121.63,126.98,124.305,,,,0.5676,-0.9657,0.0013,-0.0335,0.0756,-0.3365
2026-10-05,TSLA,380.13,2026-10-05T18:41:03.707134539Z,2026-10-30,25,P,510.0,1.341646,TSLA261030P00510000,125.21,134.09,129.65,,,,0.6262,-0.9551,0.0015,-0.0655,0.0942,-0.3374
2026-10-05,TSLA,380.13,2026-10-05T18:41:03.997281049Z,2026-10-30,25,P,520.0,1.367953,TSLA261030P00520000,134.3,145.68,139.99,,,,0.6959,-0.9469,0.0016,-0.0965,0.1076,-0.3424
2026-10-05,TSLA,380.13,2026-10-05T18:40:03.256327957Z,2026-10-30,25,P,525.0,1.381106,TSLA261030P00525000,139.68,148.87,144.275,,,,0.6334,-0.9678,0.0011,-0.0363,0.0717,-0.3508
2026-10-05,TSLA,380.13,2026-10-05T18:40:43.730129511Z,2026-10-30,25,P,530.0,1.39426,TSLA261030P00530000,143.83,152.85,148.34,,,,,,,,,
2026-10-05,TSLA,380.13,2026-10-05T18:41:04.084421467Z,2026-10-30,25,P,535.0,1.407413,TSLA261030P00535000,153.64,161.72,157.68,,,,0.9371,-0.8963,0.0019,-0.283,0.1793,-0.3413
2026-10-05,TSLA,380.13,2026-10-05T18:41:07.231391803Z,2026-10-30,25,P,540.0,1.420567,TSLA261030P00540000,153.97,164.72,159.345,,,,0.6936,-0.9663,0.0011,-0.0472,0.0745,-0.3607
2026-10-05,TSLA,380.13,2026-10-05T18:41:03.983401126Z,2026-10-30,25,P,545.0,1.43372,TSLA261030P00545000,159.53,168.93,164.23,,,,0.6939,-0.9699,0.001,-0.0375,0.0679,-0.365
2026-10-05,TSLA,380.13,2026-10-05T18:41:08.03686581Z,2026-10-30,25,P,555.0,1.460027,TSLA261030P00555000,170.96,176.7,173.83,,,,0.6533,-0.9827,0.0007,0.0027,0.0426,-0.3749
2026-10-05,TSLA,380.13,2026-10-05T18:41:02.717879468Z,2026-10-30,25,P,560.0,1.47318,TSLA261030P00560000,178.65,183.03,180.84,,,,0.9073,-0.9335,0.0014,-0.1759,0.1284,-0.3669
2026-10-05,TSLA,380.13,2026-10-05T18:41:02.742744598Z,2026-10-30,25,P,565.0,1.486334,TSLA261030P00565000,180,190.73,185.365,,,,0.8846,-0.9435,0.0013,-0.1419,0.113,-0.3726
2026-10-05,TSLA,380.13,2026-10-05T18:41:03.899780599Z,2026-10-30,25,P,570.0,1.499487,TSLA261030P00570000,189.25,194.13,191.69,,,,,,,,,
2026-10-05,TSLA,380.13,2026-10-05T18:41:03.76308483Z,2026-10-30,25,P,580.0,1.525794,TSLA261030P00580000,196.14,204.98,200.56,,,,,,,,,
2026-10-05,TSLA,380.13,2026-10-05T18:41:08.370852492Z,2026-10-30,25,P,590.0,1.552101,TSLA261030P00590000,208.52,216.44,212.48,,,,,,,,,
2026-10-05,TSLA,380.13,2026-10-05T18:41:08.37110252Z,2026-10-30,25,P,600.0,1.578407,TSLA261030P00600000,218.27,220.79,219.53,,,,0.9067,-0.9636,0.0009,-0.0815,0.0794,-0.4012
2026-10-05,TSLA,380.13,2026-10-05T18:41:02.704514972Z,2026-11-06,32,C,160.0,0.420909,TSLA261106C00160000,217.01,226.32,221.665,,,,,,,,,
2026-10-05,TSLA,380.13,2026-10-05T18:41:02.713070007Z,2026-11-06,32,C,170.0,0.447215,TSLA261106C00170000,204.71,216.14,210.425,,,,,,,,,
2026-10-05,TSLA,380.13,2026-10-05T18:41:02.747959863Z,2026-11-06,32,C,180.0,0.473522,TSLA261106C00180000,200.53,201.15,200.84,,,,,,,,,
2026-10-05,TSLA,380.13,2026-10-05T18:41:08.370728279Z,2026-11-06,32,C,190.0,0.499829,TSLA261106C00190000,189.61,198.29,193.95,,,,,,,,,
2026-10-05,TSLA,380.13,2026-10-05T18:41:02.710080049Z,2026-11-06,32,C,200.0,0.526136,TSLA261106C00200000,174.8,181.21,178.005,1,,,,,,,,
2026-10-05,TSLA,380.13,2026-10-05T18:41:08.370678291Z,2026-11-06,32,C,210.0,0.552443,TSLA261106C00210000,164.54,176.56,170.55,22,,,,,,,,
2026-10-05,TSLA,380.13,2026-10-05T18:41:02.712960007Z,2026-11-06,32,C,220.0,0.578749,TSLA261106C00220000,156.43,167.99,162.21,,,,,,,,,
2026-10-05,TSLA,380.13,2026-10-05T18:41:02.69415539Z,2026-11-06,32,C,230.0,0.605056,TSLA261106C00230000,146.44,153.26,149.85,,,,,,,,,
2026-10-05,TSLA,380.13,2026-10-05T18:41:02.693540065Z,2026-11-06,32,C,235.0,0.61821,TSLA261106C00235000,144.25,151.72,147.985,,,,,,,,,
2026-10-05,TSLA,380.13,2026-10-05T18:41:02.69428504Z,2026-11-06,32,C,245.0,0.644516,TSLA261106C00245000,132.05,140.17,136.11,,,,0.6401,0.9924,0.0003,-0.0492,0.0235,0.2114
2026-10-05,TSLA,380.13,2026-10-05T18:41:08.368728283Z,2026-11-06,32,C,250.0,0.65767,TSLA261106C00250000,125.75,134.17,129.96,1,,,,,,,,
2026-10-05,TSLA,380.13,2026-10-05T18:41:02.69415539Z,2026-11-06,32,C,255.0,0.670823,TSLA261106C00255000,125.27,132.51,128.89,5,,,0.9473,0.9424,0.0011,-0.2166,0.1298,0.201
2026-10-05,TSLA,380.13,2026-10-05T18:41:08.367908257Z,2026-11-06,32,C,260.0,0.683977,TSLA261106C00260000,115.69,124.42,120.055,1,,,,,,,,
2026-10-05,TSLA,380.13,2026-10-05T18:41:09.621728436Z,2026-11-06,32,C,500.0,1.315339,TSLA261106C00500000,0.76,0.84,0.8,37,,,0.4944,0.0378,0.0015,-0.073,0.0927,0.0119
2026-10-05,TSLA,380.13,2026-10-05T18:41:03.82770563Z,2026-11-06,32,C,505.0,1.328493,TSLA261106C00505000,0.71,0.79,0.75,3,,,0.5034,0.0352,0.0014,-0.0701,0.0874,0.0111
2026-10-05,TSLA,380.13,2026-10-05T18:41:07.73423569Z,2026-11-06,32,C,510.0,1.341646,TSLA261106C00510000,0.63,0.67,0.65,12,,,0.5054,0.0309,0.0012,-0.0632,0.0786,0.0097
2026-10-05,TSLA,380.13,2026-10-05T18:41:07.984849778Z,2026-11-06,32,C,520.0,1.367953,TSLA261106C00520000,0.48,0.58,0.53,3,,,0.5158,0.0254,0.001,-0.0547,0.0666,0.008
2026-10-05,TSLA,380.13,2026-10-05T18:41:07.984849778Z,2026-11-06,32,C,525.0,1.381106,TSLA261106C00525000,0.47,0.53,0.5,5,,,0.5242,0.0238,0.0009,-0.0526,0.0631,0.0075
2026-10-05,TSLA,380.13,2026-10-05T18:41:07.734465873Z,2026-11-06,32,C,530.0,1.39426,TSLA261106C00530000,0.39,0.45,0.42,2,,,0.5234,0.0204,0.0008,-0.0461,0.0554,0.0064
2026-10-05,TSLA,380.13,2026-10-05T18:41:07.74909059Z,2026-11-06,32,C,535.0,1.407413,TSLA261106C00535000,0.38,0.45,0.415,5,,,0.5349,0.0198,0.0008,-0.0459,0.054,0.0062
2026-10-05,TSLA,380.13,2026-10-05T18:41:04.74288791Z,2026-11-06,32,C,540.0,1.420567,TSLA261106C00540000,0.31,0.37,0.34,1,,,0.5321,0.0166,0.0007,-0.0394,0.0466,0.0052
2026-10-05,TSLA,380.13,2026-10-05T18:41:08.66519717Z,2026-11-06,32,C,545.0,1.43372,TSLA261106C00545000,0.28,0.38,0.33,1,,,0.5417,0.016,0.0007,-0.0386,0.0449,0.005
2026-10-05,TSLA,380.13,2026-10-05T18:41:07.96522988Z,2026-11-06,32,C,555.0,1.460027,TSLA261106C00555000,0.27,0.29,0.28,1,,,0.5527,0.0135,0.0006,-0.0342,0.039,0.0043
2026-10-05,TSLA,380.13,2026-10-05T18:41:07.733755619Z,2026-11-06,32,C,560.0,1.47318,TSLA261106C00560000,0.25,0.31,0.28,10,,,0.5638,0.0133,0.0005,-0.0344,0.0384,0.0042
2026-10-05,TSLA,380.13,2026-10-05T18:41:03.700076095Z,2026-11-06,32,C,565.0,1.486334,TSLA261106C00565000,0.23,0.25,0.24,1,,,0.5637,0.0116,0.0005,-0.0304,0.0341,0.0036
2026-10-05,TSLA,380.13,2026-10-05T18:41:02.675380314Z,2026-11-06,32,C,570.0,1.499487,TSLA261106C00570000,0.17,0.27,0.22,1,,,0.5683,0.0106,0.0004,-0.0285,0.0316,0.0033
2026-10-05,TSLA,380.13,2026-10-05T18:41:02.789785235Z,2026-11-06,32,C,580.0,1.525794,TSLA261106C00580000,0.18,0.22,0.2,3,,,0.5826,0.0095,0.0004,-0.0266,0.0288,0.003
2026-10-05,TSLA,380.13,2026-10-05T18:41:02.691380048Z,2026-11-06,32,C,590.0,1.552101,TSLA261106C00590000,0.12,0.22,0.17,1,,,0.5915,0.0081,0.0003,-0.0234,0.025,0.0026
2026-10-05,TSLA,380.13,2026-10-05T18:41:09.028315668Z,2026-11-06,32,C,600.0,1.578407,TSLA261106C00600000,0.15,0.17,0.16,1,,,0.6069,0.0075,0.0003,-0.0224,0.0233,0.0024
2026-10-05,TSLA,380.13,2026-10-05T18:41:02.815878817Z,2026-11-06,32,P,160.0,0.420909,TSLA261106P00160000,0.01,0.11,0.06,14,,,,,,,,
2026-10-05,TSLA,380.13,2026-10-05T18:41:02.817193867Z,2026-11-06,32,P,170.0,0.447215,TSLA261106P00170000,0.02,0.12,0.07,1,,,,,,,,
2026-10-05,TSLA,380.13,2026-10-05T18:41:02.815938881Z,2026-11-06,32,P,180.0,0.473522,TSLA261106P00180000,0.04,0.14,0.09,10,,,,,,,,
2026-10-05,TSLA,380.13,2026-10-05T18:41:02.815938881Z,2026-11-06,32,P,190.0,0.499829,TSLA261106P00190000,0.09,0.11,0.1,3,,,,,,,,
2026-10-05,TSLA,380.13,2026-10-05T18:41:10.659228445Z,2026-11-06,32,P,200.0,0.526136,TSLA261106P00200000,0.11,0.13,0.12,26,,,,,,,,
2026-10-05,TSLA,380.13,2026-10-05T18:41:09.658468652Z,2026-11-06,32,P,210.0,0.552443,TSLA261106P00210000,0.14,0.15,0.145,7,,,,,,,,
2026-10-05,TSLA,380.13,2026-10-05T18:41:07.734228866Z,2026-11-06,32,P,220.0,0.578749,TSLA261106P00220000,0.13,0.19,0.16,5,,,0.7638,-0.0055,0.0002,-0.0207,0.0176,-0.002
2026-10-05,TSLA,380.13,2026-10-05T18:41:10.788727881Z,2026-11-06,32,P,230.0,0.605056,TSLA261106P00230000,0.16,0.22,0.19,2,,,0.7223,-0.0067,0.0002,-0.0236,0.0212,-0.0024
2026-10-05,TSLA,380.13,2026-10-05T18:41:10.549829145Z,2026-11-06,32,P,235.0,0.61821,TSLA261106P00235000,0.22,0.29,0.255,185,,,0.7211,-0.0088,0.0003,-0.0298,0.0268,-0.0032
2026-10-05,TSLA,380.13,2026-10-05T18:41:02.789739201Z,2026-11-06,32,P,245.0,0.644516,TSLA261106P00245000,0.27,0.33,0.3,1,,,0.6799,-0.0108,0.0004,-0.0335,0.032,-0.0038
2026-10-05,TSLA,380.13,2026-10-05T18:41:10.654258539Z,2026-11-06,32,P,250.0,0.65767,TSLA261106P00250000,0.26,0.32,0.29,20,,,0.6491,-0.0109,0.0004,-0.0323,0.0324,-0.0039
2026-10-05,TSLA,380.13,2026-10-05T18:41:04.742889118Z,2026-11-06,32,P,255.0,0.670823,TSLA261106P00255000,0.29,0.36,0.325,8,,,0.6319,-0.0124,0.0005,-0.0351,0.0361,-0.0044
2026-10-05,TSLA,380.13,2026-10-05T18:41:03.701204358Z,2026-11-06,32,P,260.0,0.683977,TSLA261106P00260000,0.33,0.44,0.385,12,,,0.62,-0.0147,0.0005,-0.0399,0.0418,-0.0052
2026-10-05,TSLA,380.13,2026-10-05T18:41:08.370510447Z,2026-11-06,32,P,500.0,1.315339,TSLA261106P00500000,116.18,122.16,119.17,1,,,0.51,-0.9571,0.0016,-0.0303,0.1027,-0.4234
2026-10-05,TSLA,380.13,2026-10-05T18:41:06.419695431Z,2026-11-06,32,P,505.0,1.328493,TSLA261106P00505000,122.72,128.85,125.785,,,,0.6434,-0.916,0.0021,-0.124,0.1736,-0.4155
2026-10-05,TSLA,380.13,2026-10-05T18:41:02.709140122Z,2026-11-06,32,P,510.0,1.341646,TSLA261106P00510000,127.74,133.33,130.535,,,,0.6461,-0.9227,0.002,-0.1132,0.163,-0.4219
2026-10-05,TSLA,380.13,2026-10-05T18:41:02.726214233Z,2026-11-06,32,P,520.0,1.367953,TSLA261106P00520000,136.52,141.26,138.89,,,,0.5441,-0.9674,0.0012,-0.0157,0.082,-0.4441
2026-10-05,TSLA,380.13,2026-10-05T18:40:46.165134814Z,2026-11-06,32,P,525.0,1.381106,TSLA261106P00525000,138.67,148.32,143.495,1,,,0.5001,-0.9814,0.0008,0.0152,0.0511,-0.4528
2026-10-05,TSLA,380.13,2026-10-05T18:41:09.723353489Z,2026-11-06,32,P,530.0,1.39426,TSLA261106P00530000,146.79,155.83,151.31,1,,,0.7595,-0.9116,0.0019,-0.1608,0.1803,-0.4364
2026-10-05,TSLA,380.13,2026-10-05T18:41:07.399910896Z,2026-11-06,32,P,535.0,1.407413,TSLA261106P00535000,148.38,156.11,152.245,,,,,,,,,
2026-10-05,TSLA,380.13,2026-10-05T18:41:08.370680312Z,2026-11-06,32,P,540.0,1.420567,TSLA261106P00540000,153.66,165.44,159.55,,,,0.6729,-0.9501,0.0014,-0.0663,0.1159,-0.4565
2026-10-05,TSLA,380.13,2026-10-05T18:41:08.370610284Z,2026-11-06,32,P,545.0,1.43372,TSLA261106P00545000,163.9,165.65,164.775,,,,0.707,-0.9453,0.0014,-0.0819,0.1247,-0.4594
2026-10-05,TSLA,380.13,2026-10-05T18:41:09.542879214Z,2026-11-06,32,P,555.0,1.460027,TSLA261106P00555000,174.04,179.18,176.61,,,,0.8581,-0.9114,0.0017,-0.1863,0.1806,-0.4585
2026-10-05,TSLA,380.13,2026-10-05T18:41:09.719878242Z,2026-11-06,32,P,560.0,1.47318,TSLA261106P00560000,174.47,182.83,178.65,,,,0.6326,-0.9748,0.0008,-0.0068,0.0661,-0.4815
2026-10-05,TSLA,380.13,2026-10-05T18:41:02.738509204Z,2026-11-06,32,P,565.0,1.486334,TSLA261106P00565000,177.66,188.12,182.89,,,,,,,,,
2026-10-05,TSLA,380.13,2026-10-05T18:41:08.370680312Z,2026-11-06,32,P,570.0,1.499487,TSLA261106P00570000,186.74,189.98,188.36,,,,0.6099,-0.9836,0.0006,0.0162,0.046,-0.4929
2026-10-05,TSLA,380.13,2026-10-05T18:41:02.726154316Z,2026-11-06,32,P,580.0,1.525794,TSLA261106P00580000,198.42,207.08,202.75,,,,0.9965,-0.8986,0.0016,-0.2527,0.1996,-0.4772
2026-10-05,TSLA,380.13,2026-10-05T18:41:02.715749303Z,2026-11-06,32,P,590.0,1.552101,TSLA261106P00590000,208.8,211.68,210.24,,,,0.8761,-0.9397,0.0012,-0.1237,0.1346,-0.4974
2026-10-05,TSLA,380.13,2026-10-05T18:41:08.370610284Z,2026-11-06,32,P,600.0,1.578407,TSLA261106P00600000,215.39,222.74,219.065,,,,0.7986,-0.9639,0.0009,-0.0488,0.0891,-0.5133
2026-10-05,USO,144.03,2026-10-05T18:41:00.597118049Z,2026-10-30,25,C,60.0,0.41658,USO261030C00060000,80.78,87.55,84.165,1,,,,,,,,
2026-10-05,USO,144.03,2026-10-05T18:41:00.59712391Z,2026-10-30,25,C,65.0,0.451295,USO261030C00065000,75.94,80.59,78.265,,,,,,,,,
2026-10-05,USO,144.03,2026-10-05T18:41:07.235219939Z,2026-10-30,25,C,70.0,0.48601,USO261030C00070000,71.14,75.17,73.155,,,,,,,,,
2026-10-05,USO,144.03,2026-10-05T18:41:00.597133039Z,2026-10-30,25,C,75.0,0.520725,USO261030C00075000,67.21,70.48,68.845,,,,,,,,,
2026-10-05,USO,144.03,2026-10-05T18:41:00.597129645Z,2026-10-30,25,C,80.0,0.55544,USO261030C00080000,60.92,65.59,63.255,,,,,,,,,
2026-10-05,USO,144.03,2026-10-05T18:41:03.217063035Z,2026-10-30,25,C,85.0,0.590155,USO261030C00085000,57.76,61.35,59.555,8,,,,,,,,
2026-10-05,USO,144.03,2026-10-05T18:41:00.597154512Z,2026-10-30,25,C,90.0,0.62487,USO261030C00090000,52.23,56.94,54.585,1,,,,,,,,
2026-10-05,USO,144.03,2026-10-05T18:41:02.614089759Z,2026-10-30,25,C,95.0,0.659585,USO261030C00095000,47.72,49.7,48.71,1,,,,,,,,
2026-10-05,USO,144.03,2026-10-05T18:41:07.009110901Z,2026-10-30,25,C,100.0,0.6943,USO261030C00100000,41.67,46.88,44.275,2,,,0.7099,0.9804,0.0018,-0.0357,0.0179,0.0662
2026-10-05,USO,144.03,2026-10-05T18:41:10.228582692Z,2026-10-30,25,C,190.0,1.31917,USO261030C00190000,0.26,0.36,0.31,105,,,0.5702,0.038,0.0039,-0.036,0.0311,0.0035
2026-10-05,USO,144.03,2026-10-05T18:41:10.250497415Z,2026-10-30,25,C,195.0,1.353885,USO261030C00195000,0.17,0.28,0.225,2,,,0.5814,0.0282,0.003,-0.0287,0.0243,0.0026
2026-10-05,USO,144.03,2026-10-05T18:41:03.213677139Z,2026-10-30,25,C,200.0,1.3886,USO261030C00200000,0.14,0.2,0.17,6,,,0.5952,0.0216,0.0023,-0.0234,0.0194,0.002
2026-10-05,USO,144.03,2026-10-05T18:41:03.218374878Z,2026-10-30,25,C,205.0,1.423315,USO261030C00205000,0.16,0.21,0.185,2,,,0.6401,0.0219,0.0022,-0.0255,0.0196,0.002
2026-10-05,USO,144.03,2026-10-05T18:41:10.249787139Z,2026-10-30,25,C,210.0,1.45803,USO261030C00210000,0.13,0.19,0.16,1,,,0.6623,0.0187,0.0018,-0.023,0.0172,0.0017
2026-10-05,USO,144.03,2026-10-05T18:41:10.249822793Z,2026-10-30,25,C,215.0,1.492745,USO261030C00215000,0.09,0.13,0.11,6,,,0.6627,0.0133,0.0014,-0.0172,0.0129,0.0012
2026-10-05,USO,144.03,2026-10-05T18:41:11.668531383Z,2026-10-30,25,C,220.0,1.52746,USO261030C00220000,0.06,0.13,0.095,6,,,0.6821,0.0114,0.0012,-0.0155,0.0112,0.0011
2026-10-05,USO,144.03,2026-10-05T18:39:57.16453631Z,2026-10-30,25,P,60.0,0.41658,USO261030P00060000,0,2.11,1.055,,,,,,,,,
2026-10-05,USO,144.03,2026-10-05T18:31:54.034158183Z,2026-10-30,25,P,65.0,0.451295,USO261030P00065000,0,2.11,1.055,,,,,,,,,
2026-10-05,USO,144.03,2026-10-05T18:31:54.034172431Z,2026-10-30,25,P,70.0,0.48601,USO261030P00070000,0,2.16,1.08,,,,,,,,,
2026-10-05,USO,144.03,2026-10-05T18:41:00.597129645Z,2026-10-30,25,P,75.0,0.520725,USO261030P00075000,0,2.09,1.045,1,,,,,,,,
2026-10-05,USO,144.03,2026-10-05T18:41:10.242322617Z,2026-10-30,25,P,80.0,0.55544,USO261030P00080000,0,2.15,1.075,4,,,,,,,,
2026-10-05,USO,144.03,2026-10-05T18:41:10.249582098Z,2026-10-30,25,P,85.0,0.590155,USO261030P00085000,0,2.1,1.05,1,,,,,,,,
2026-10-05,USO,144.03,2026-10-05T18:41:10.24229762Z,2026-10-30,25,P,90.0,0.62487,USO261030P00090000,0,2.15,1.075,21,,,,,,,,
2026-10-05,USO,144.03,2026-10-05T18:41:10.242322617Z,2026-10-30,25,P,95.0,0.659585,USO261030P00095000,0,0.09,0.045,15,,,,,,,,
2026-10-05,USO,144.03,2026-10-05T18:41:03.211932758Z,2026-10-30,25,P,100.0,0.6943,USO261030P00100000,0.02,0.06,0.04,6,,,0.5679,-0.0056,0.0007,-0.0067,0.006,-0.0006
2026-10-05,USO,144.03,2026-10-05T18:41:10.237193265Z,2026-10-30,25,P,190.0,1.31917,USO261030P00190000,44.84,47.28,46.06,7,,,0.5886,-0.9568,0.0041,-0.0211,0.0345,-0.1258
2026-10-05,USO,144.03,2026-10-05T18:41:06.749282197Z,2026-10-30,25,P,195.0,1.353885,USO261030P00195000,48.37,51.13,49.75,4,,,,,,,,
2026-10-05,USO,144.03,2026-10-05T18:41:10.18069738Z,2026-10-30,25,P,200.0,1.3886,USO261030P00200000,53.17,57.49,55.33,,,,,,,,,
2026-10-05,USO,144.03,2026-10-05T18:41:00.597408516Z,2026-10-30,25,P,205.0,1.423315,USO261030P00205000,57.96,61.97,59.965,2,,,,,,,,
2026-10-05,USO,144.03,2026-10-05T18:41:00.597404697Z,2026-10-30,25,P,210.0,1.45803,USO261030P00210000,64.459,68.17,66.3145,,,,0.8401,-0.9452,0.0035,-0.0486,0.0417,-0.1385
2026-10-05,USO,144.03,2026-10-05T18:41:00.597404697Z,2026-10-30,25,P,215.0,1.492745,USO261030P00215000,69.44,72.04,70.74,,,,0.6678,-0.986,0.0014,0.0047,0.0134,-0.1456
2026-10-05,USO,144.03,2026-10-05T18:41:00.597408516Z,2026-10-30,25,P,220.0,1.52746,USO261030P00220000,73.36,78.29,75.825,,,,0.7611,-0.9784,0.0018,-0.0066,0.0195,-0.1483
2026-10-05,USO,144.03,2026-10-05T18:41:09.713189356Z,2026-11-06,32,C,60.0,0.41658,USO261106C00060000,83.25,84.54,83.895,,,,,,,,,
2026-10-05,USO,144.03,2026-10-05T18:41:06.971421038Z,2026-11-06,32,C,65.0,0.451295,USO261106C00065000,75.78,81.56,78.67,,,,,,,,,
2026-10-05,USO,144.03,2026-10-05T18:41:00.597765085Z,2026-11-06,32,C,70.0,0.48601,USO261106C00070000,72.52,75.24,73.88,,,,,,,,,
2026-10-05,USO,144.03,2026-10-05T18:41:00.597765085Z,2026-11-06,32,C,75.0,0.520725,USO261106C00075000,66.94,69.91,68.425,,,,,,,,,
2026-10-05,USO,144.03,2026-10-05T18:41:06.095294763Z,2026-11-06,32,C,80.0,0.55544,USO261106C00080000,63.3,67.26,65.28,,,,,,,,,
2026-10-05,USO,144.03,2026-10-05T18:41:00.597893355Z,2026-11-06,32,C,85.0,0.590155,USO261106C00085000,56.64,61.14,58.89,1,,,,,,,,
2026-10-05,USO,144.03,2026-10-05T18:41:06.088259796Z,2026-11-06,32,C,90.0,0.62487,USO261106C00090000,52.78,56.37,54.575,,,,0.9008,0.9715,0.0017,-0.0482,0.0278,0.0746
2026-10-05,USO,144.03,2026-10-05T18:41:00.598052996Z,2026-11-06,32,C,95.0,0.659585,USO261106C00095000,46.43,51.15,48.79,2,,,,,,,,
2026-10-05,USO,144.03,2026-10-05T18:41:00.598052996Z,2026-11-06,32,C,100.0,0.6943,USO261106C00100000,41.47,45.98,43.725,28,,,,,,,,
2026-10-05,USO,144.03,2026-10-05T18:41:10.249432341Z,2026-11-06,32,C,190.0,1.31917,USO261106C00190000,0.51,0.58,0.545,29,,,0.5589,0.057,0.0048,-0.0434,0.0487,0.0067
2026-10-05,USO,144.03,2026-10-05T18:41:03.211947176Z,2026-11-06,32,C,195.0,1.353885,USO261106C00195000,0.4,0.51,0.455,10,,,0.579,0.0474,0.004,-0.0387,0.0421,0.0056
2026-10-05,USO,144.03,2026-10-05T18:41:10.431101361Z,2026-11-06,32,C,200.0,1.3886,USO261106C00200000,0.31,0.39,0.35,26,,,0.589,0.0372,0.0032,-0.0323,0.0346,0.0044
2026-10-05,USO,144.03,2026-10-05T18:41:10.237553052Z,2026-11-06,32,C,205.0,1.423315,USO261106C00205000,0.21,0.7,0.455,3,,,0.6536,0.0429,0.0033,-0.0403,0.0389,0.005
2026-10-05,USO,144.03,2026-10-05T18:40:31.554455937Z,2026-11-06,32,C,210.0,1.45803,USO261106C00210000,0.19,0.32,0.255,23,,,0.6261,0.0267,0.0023,-0.0261,0.0263,0.0031
2026-10-05,USO,144.03,2026-10-05T18:41:00.592303182Z,2026-11-06,32,C,215.0,1.492745,USO261106C00215000,0,0.24,0.12,4,,,,,,,,
2026-10-05,USO,144.03,2026-10-05T18:41:11.668531383Z,2026-11-06,32,C,220.0,1.52746,USO261106C00220000,0.17,0.22,0.195,2,,,0.6624,0.0201,0.0017,-0.0217,0.0207,0.0024
2026-10-05,USO,144.03,2026-10-05T18:31:30.122088345Z,2026-11-06,32,P,60.0,0.41658,USO261106P00060000,0,2.11,1.055,,,,,,,,,
2026-10-05,USO,144.03,2026-10-05T18:35:56.953364186Z,2026-11-06,32,P,65.0,0.451295,USO261106P00065000,0,2.11,1.055,,,,,,,,,
2026-10-05,USO,144.03,2026-10-05T18:35:56.929307626Z,2026-11-06,32,P,70.0,0.48601,USO261106P00070000,0,2.11,1.055,,,,,,,,,
2026-10-05,USO,144.03,2026-10-05T18:36:54.206542776Z,2026-11-06,32,P,75.0,0.520725,USO261106P00075000,0,2.11,1.055,,,,,,,,,
2026-10-05,USO,144.03,2026-10-05T18:36:54.206167816Z,2026-11-06,32,P,80.0,0.55544,USO261106P00080000,0,2.09,1.045,,,,,,,,,
2026-10-05,USO,144.03,2026-10-05T18:37:51.848390263Z,2026-11-06,32,P,85.0,0.590155,USO261106P00085000,0,2.15,1.075,,,,,,,,,
2026-10-05,USO,144.03,2026-10-05T18:41:10.249842105Z,2026-11-06,32,P,90.0,0.62487,USO261106P00090000,0,2.1,1.05,,,,,,,,,
2026-10-05,USO,144.03,2026-10-05T18:41:00.567230666Z,2026-11-06,32,P,95.0,0.659585,USO261106P00095000,0,0.23,0.115,,,,,,,,,
2026-10-05,USO,144.03,2026-10-05T18:41:10.237542434Z,2026-11-06,32,P,100.0,0.6943,USO261106P00100000,0.04,0.14,0.09,132,,,0.557,-0.0106,0.0012,-0.0102,0.0119,-0.0014
2026-10-05,USO,144.03,2026-10-05T18:41:00.601063604Z,2026-11-06,32,P,190.0,1.31917,USO261106P00190000,43.55,46.54,45.045,,,,,,,,,
2026-10-05,USO,144.03,2026-10-05T18:41:00.6010686Z,2026-11-06,32,P,195.0,1.353885,USO261106P00195000,48.28,51.59,49.935,,,,,,,,,
2026-10-05,USO,144.03,2026-10-05T18:41:00.601124011Z,2026-11-06,32,P,200.0,1.3886,USO261106P00200000,55.21,57.1,56.155,,,,0.6588,-0.9425,0.0041,-0.03,0.0491,-0.1681
2026-10-05,USO,144.03,2026-10-05T18:41:00.601124011Z,2026-11-06,32,P,205.0,1.423315,USO261106P00205000,58.47,62.25,60.36,,,,,,,,,
2026-10-05,USO,144.03,2026-10-05T18:41:00.604943014Z,2026-11-06,32,P,210.0,1.45803,USO261106P00210000,65.069,67.56,66.3145,,,,0.7728,-0.9364,0.0038,-0.0426,0.0531,-0.1762
2026-10-05,USO,144.03,2026-10-05T18:41:00.601248053Z,2026-11-06,32,P,215.0,1.492745,USO261106P00215000,68.83,73.42,71.125,,,,0.7738,-0.948,0.0032,-0.0326,0.0453,-0.1819
2026-10-05,USO,144.03,2026-10-05T18:41:00.601248053Z,2026-11-06,32,P,220.0,1.52746,USO261106P00220000,75.01,77.27,76.14,,,,0.8154,-0.9481,0.0031,-0.035,0.0453,-0.1863
2026-10-06,AAPL,333.58,2026-10-06T18:40:53.178935826Z,2026-10-30,24,C,215.0,0.644523,AAPL261030C00215000,116.57,119.38,117.975,20,,,,,,,,
2026-10-06,AAPL,333.58,2026-10-06T18:40:35.097708744Z,2026-10-30,24,C,220.0,0.659512,AAPL261030C00220000,113.71,114.78,114.245,1,,,0.6831,0.9934,0.0003,-0.0457,0.0158,0.1428
2026-10-06,AAPL,333.58,2026-10-06T18:40:56.726213057Z,2026-10-30,24,C,225.0,0.674501,AAPL261030C00225000,108.52,108.98,108.75,1,,,,,,,,
2026-10-06,AAPL,333.58,2026-10-06T18:40:42.209693027Z,2026-10-30,24,C,230.0,0.68949,AAPL261030C00230000,100.57,106.06,103.315,1,,,,,,,,
2026-10-06,AAPL,333.58,2026-10-06T18:40:33.172264497Z,2026-10-30,24,P,215.0,0.644523,AAPL261030P00215000,0,0.36,0.18,3,,,,,,,,
2026-10-06,AAPL,333.58,2026-10-06T18:40:33.048055989Z,2026-10-30,24,P,220.0,0.659512,AAPL261030P00220000,0,0.18,0.09,18,,,,,,,,
2026-10-06,AAPL,333.58,2026-10-06T18:40:58.094925127Z,2026-10-30,24,P,225.0,0.674501,AAPL261030P00225000,0,0.28,0.14,1,,,,,,,,
2026-10-06,AAPL,333.58,2026-10-06T18:40:58.089200238Z,2026-10-30,24,P,230.0,0.68949,AAPL261030P00230000,0.03,0.05,0.04,1,,,0.5398,-0.0028,0.0002,-0.0081,0.0073,-0.0006
2026-10-06,AAPL,333.58,2026-10-06T18:40:50.31409728Z,2026-11-06,31,C,215.0,0.644523,AAPL261106C00215000,119.52,121.08,120.3,,,,0.8603,0.9706,0.0008,-0.1119,0.065,0.1728
2026-10-06,AAPL,333.58,2026-10-06T18:40:50.322112126Z,2026-11-06,31,C,220.0,0.659512,AAPL261106C00220000,113.7,114.81,114.255,,,,,,,,,
2026-10-06,AAPL,333.58,2026-10-06T18:40:36.906217598Z,2026-11-06,31,C,225.0,0.674501,AAPL261106C00225000,107.84,111.7,109.77,201,,,0.685,0.9816,0.0007,-0.0716,0.0438,0.1849
2026-10-06,AAPL,333.58,2026-10-06T18:40:50.320607145Z,2026-11-06,31,C,230.0,0.68949,AAPL261106C00230000,103.95,104.91,104.43,1,,,0.5373,0.9933,0.0004,-0.04,0.0182,0.1927
2026-10-06,AAPL,333.58,2026-10-06T18:40:57.87711376Z,2026-11-06,31,P,215.0,0.644523,AAPL261106P00215000,0,0.09,0.045,1,,,,,,,,
2026-10-06,AAPL,333.58,2026-10-06T18:40:57.876690373Z,2026-11-06,31,P,220.0,0.659512,AAPL261106P00220000,0.01,0.09,0.05,9,,,0.5396,-0.003,0.0002,-0.0077,0.0089,-0.0009
2026-10-06,AAPL,333.58,2026-10-06T18:40:57.748617903Z,2026-11-06,31,P,225.0,0.674501,AAPL261106P00225000,0.03,0.14,0.085,1,,,0.5436,-0.0049,0.0003,-0.0118,0.0137,-0.0015
2026-10-06,AAPL,333.58,2026-10-06T18:40:58.886213493Z,2026-11-06,31,P,230.0,0.68949,AAPL261106P00230000,0.01,0.1,0.055,5,,,0.4919,-0.0036,0.0002,-0.0082,0.0105,-0.0011
2026-10-06,NVDA,240.245,2026-10-06T18:41:01.697245908Z,2026-10-30,24,C,145.0,0.603551,NVDA261030C00145000,95.4,99.87,97.635,4,,,,,,,,
2026-10-06,NVDA,240.245,2026-10-06T18:40:20.878210662Z,2026-10-30,24,C,150.0,0.624363,NVDA261030C00150000,87.2,92.48,89.84,6,,,,,,,,
2026-10-06,NVDA,240.245,2026-10-06T18:41:01.682250837Z,2026-10-30,24,C,155.0,0.645175,NVDA261030C00155000,85.75,91.4,88.575,1,,,,,,,,
2026-10-06,NVDA,240.245,2026-10-06T18:41:01.683025806Z,2026-10-30,24,C,160.0,0.665987,NVDA261030C00160000,78.64,83.6,81.12,7,,,0.8475,0.9767,0.0011,-0.0762,0.0339,0.1009
2026-10-06,NVDA,240.245,2026-10-06T18:40:59.989382908Z,2026-10-30,24,C,165.0,0.686799,NVDA261030C00165000,74.11,79.64,76.875,3,,,0.9469,0.9534,0.0017,-0.1347,0.06,0.1
2026-10-06,NVDA,240.245,2026-10-06T18:40:59.988456958Z,2026-10-30,24,C,315.0,1.311162,NVDA261030C00315000,0.03,0.06,0.045,1,,,0.4062,0.0058,0.0007,-0.0087,0.0101,0.0009
2026-10-06,NVDA,240.245,2026-10-06T18:41:01.257769752Z,2026-10-30,24,C,320.0,1.331974,NVDA261030C00320000,0.03,0.06,0.045,7,,,0.4271,0.0055,0.0006,-0.0088,0.0097,0.0008
2026-10-06,NVDA,240.245,2026-10-06T18:41:01.317564905Z,2026-10-30,24,C,325.0,1.352786,NVDA261030C00325000,0.03,0.06,0.045,52,,,0.4474,0.0053,0.0006,-0.0089,0.0094,0.0008
2026-10-06,NVDA,240.245,2026-10-06T18:40:38.792424179Z,2026-10-30,24,C,330.0,1.373598,NVDA261030C00330000,0,0.02,0.01,48,,,,,,,,
2026-10-06,NVDA,240.245,2026-10-06T18:41:01.318874927Z,2026-10-30,24,C,335.0,1.39441,NVDA261030C00335000,0,0.06,0.03,3,,,,,,,,
2026-10-06,NVDA,240.245,2026-10-06T18:41:01.581038735Z,2026-10-30,24,P,145.0,0.603551,NVDA261030P00145000,0.06,0.09,0.075,7,,,0.7909,-0.0046,0.0003,-0.0135,0.0083,-0.0008
2026-10-06,NVDA,240.245,2026-10-06T18:40:59.98464284Z,2026-10-30,24,P,150.0,0.624363,NVDA261030P00150000,0.03,0.1,0.065,1,,,0.7305,-0.0044,0.0003,-0.0119,0.0079,-0.0007
2026-10-06,NVDA,240.245,2026-10-06T18:41:01.390458271Z,2026-10-30,24,P,155.0,0.645175,NVDA261030P00155000,0.08,0.09,0.085,15,,,0.7058,-0.0058,0.0004,-0.0147,0.0101,-0.001
2026-10-06,NVDA,240.245,2026-10-06T18:41:00.172307484Z,2026-10-30,24,P,160.0,0.665987,NVDA261030P00160000,0.05,0.06,0.055,17,,,0.6271,-0.0043,0.0003,-0.0102,0.0079,-0.0007
2026-10-06,NVDA,240.245,2026-10-06T18:40:59.981477442Z,2026-10-30,24,P,165.0,0.686799,NVDA261030P00165000,0.11,0.13,0.12,12,,,0.6417,-0.0086,0.0006,-0.0191,0.0144,-0.0014
2026-10-06,NVDA,240.245,2026-10-06T18:41:01.689608289Z,2026-10-30,24,P,315.0,1.311162,NVDA261030P00315000,71.85,79.56,75.705,,,,0.7297,-0.91,0.0036,-0.1206,0.1,-0.1935
2026-10-06,NVDA,240.245,2026-10-06T18:41:01.684093231Z,2026-10-30,24,P,320.0,1.331974,NVDA261030P00320000,76.52,84.61,80.565,,,,0.7475,-0.9172,0.0033,-0.1142,0.094,-0.1979
2026-10-06,NVDA,240.245,2026-10-06T18:41:01.680333285Z,2026-10-30,24,P,325.0,1.352786,NVDA261030P00325000,82.25,89.39,85.82,,,,0.8056,-0.9111,0.0032,-0.1339,0.0991,-0.2003
2026-10-06,NVDA,240.245,2026-10-06T18:41:01.680333285Z,2026-10-30,24,P,330.0,1.373598,NVDA261030P00330000,85.78,93.45,89.615,,,,0.6803,-0.9571,0.0022,-0.0455,0.0562,-0.2101
2026-10-06,NVDA,240.245,2026-10-06T18:41:01.680293262Z,2026-10-30,24,P,335.0,1.39441,NVDA261030P00335000,92.57,97.54,95.055,,,,0.7768,-0.9403,0.0025,-0.0841,0.0731,-0.211
2026-10-06,NVDA,240.245,2026-10-06T18:41:01.657515796Z,2026-11-06,31,C,145.0,0.603551,NVDA261106C00145000,93.86,98.7,96.28,2,,,,,,,,
2026-10-06,NVDA,240.245,2026-10-06T18:41:01.656780777Z,2026-11-06,31,C,150.0,0.624363,NVDA261106C00150000,89.18,95.74,92.46,10,,,,,,,,
2026-10-06,NVDA,240.245,2026-10-06T18:41:01.657305774Z,2026-11-06,31,C,155.0,0.645175,NVDA261106C00155000,83.31,89.75,86.53,1,,,0.8689,0.9692,0.0011,-0.0838,0.0486,0.1243
2026-10-06,NVDA,240.245,2026-10-06T18:41:01.657595801Z,2026-11-06,31,C,160.0,0.665987,NVDA261106C00160000,80.3,83.58,81.94,,,,0.8839,0.9572,0.0015,-0.1066,0.0637,0.1257
2026-10-06,NVDA,240.245,2026-10-06T18:41:01.657601463Z,2026-11-06,31,C,165.0,0.686799,NVDA261106C00165000,73.7,81.18,77.44,5,,,0.8942,0.9434,0.0018,-0.1308,0.0796,0.1267
2026-10-06,NVDA,240.245,2026-10-06T18:41:01.809341212Z,2026-11-06,31,C,315.0,1.311162,NVDA261106C00315000,0.01,0.04,0.025,,,,0.3354,0.0036,0.0005,-0.0041,0.0075,0.0007
2026-10-06,NVDA,240.245,2026-10-06T18:40:59.982022242Z,2026-11-06,31,C,320.0,1.331974,NVDA261106C00320000,0.01,0.03,0.02,8,,,0.3453,0.0028,0.0004,-0.0035,0.0061,0.0006
2026-10-06,NVDA,240.245,2026-10-06T18:41:01.555230554Z,2026-11-06,31,C,325.0,1.352786,NVDA261106C00325000,0.04,0.07,0.055,,,,0.4015,0.0063,0.0006,-0.0082,0.0124,0.0012
2026-10-06,NVDA,240.245,2026-10-06T18:41:01.3905751Z,2026-11-06,31,C,330.0,1.373598,NVDA261106C00330000,0.01,0.07,0.04,,,,0.4053,0.0046,0.0005,-0.0063,0.0095,0.0009
2026-10-06,NVDA,240.245,2026-10-06T18:41:01.39050512Z,2026-11-06,31,C,335.0,1.39441,NVDA261106C00335000,0.03,0.06,0.045,,,,0.4275,0.0049,0.0005,-0.007,0.01,0.001
2026-10-06,NVDA,240.245,2026-10-06T18:40:59.982002425Z,2026-11-06,31,P,145.0,0.603551,NVDA261106P00145000,0.08,0.11,0.095,2,,,0.7164,-0.0056,0.0003,-0.0127,0.0111,-0.0012
2026-10-06,NVDA,240.245,2026-10-06T18:41:01.555709237Z,2026-11-06,31,P,150.0,0.624363,NVDA261106P00150000,0.05,0.09,0.07,10,,,0.6491,-0.0046,0.0003,-0.0098,0.0095,-0.001
2026-10-06,NVDA,240.245,2026-10-06T18:40:59.983267326Z,2026-11-06,31,P,155.0,0.645175,NVDA261106P00155000,0.07,0.1,0.085,2,,,0.622,-0.0058,0.0004,-0.0114,0.0115,-0.0012
2026-10-06,NVDA,240.245,2026-10-06T18:41:01.115673187Z,2026-11-06,31,P,160.0,0.665987,NVDA261106P00160000,0.08,0.16,0.12,8,,,0.6067,-0.0081,0.0005,-0.0149,0.0155,-0.0017
2026-10-06,NVDA,240.245,2026-10-06T18:40:59.98188254Z,2026-11-06,31,P,165.0,0.686799,NVDA261106P00165000,0.1,0.18,0.14,2,,,0.5772,-0.0097,0.0006,-0.0167,0.0182,-0.0021
2026-10-06,NVDA,240.245,2026-10-06T18:41:01.65736329Z,2026-11-06,31,P,315.0,1.311162,NVDA261106P00315000,72.37,78.74,75.555,,,,0.6482,-0.907,0.0037,-0.0904,0.1165,-0.2492
2026-10-06,NVDA,240.245,2026-10-06T18:41:01.656958497Z,2026-11-06,31,P,320.0,1.331974,NVDA261106P00320000,74.78,83.56,79.17,,,,0.5124,-0.9659,0.0021,-0.0105,0.053,-0.2643
2026-10-06,NVDA,240.245,2026-10-06T18:41:01.657308283Z,2026-11-06,31,P,325.0,1.352786,NVDA261106P00325000,81.11,90.09,85.6,,,,0.7096,-0.9102,0.0033,-0.0974,0.1135,-0.2584
2026-10-06,NVDA,240.245,2026-10-06T18:41:01.656003306Z,2026-11-06,31,P,330.0,1.373598,NVDA261106P00330000,85,93.42,89.21,,,,0.5709,-0.9645,0.002,-0.0161,0.0548,-0.2726
2026-10-06,NVDA,240.245,2026-10-06T18:41:01.657068234Z,2026-11-06,31,P,335.0,1.39441,NVDA261106P00335000,90.61,97.8,94.205,,,,0.5949,-0.965,0.0019,-0.017,0.0541,-0.2769
2026-10-06,TSLA,379.99,2026-10-06T18:38:15.228245489Z,2026-10-30,24,C,160.0,0.421064,TSLA261030C00160000,214.68,228.44,221.56,,,,,,,,,
2026-10-06,TSLA,379.99,2026-10-06T18:40:52.73015651Z,2026-10-30,24,C,170.0,0.44738,TSLA261030C00170000,210.16,215.94,213.05,2,,,,,,,,
2026-10-06,TSLA,379.99,2026-10-06T18:38:13.088190919Z,2026-10-30,24,C,180.0,0.473697,TSLA261030C00180000,194.4,205.73,200.065,10,,,,,,,,
2026-10-06,TSLA,379.99,2026-10-06T18:41:04.547818864Z,2026-10-30,24,C,190.0,0.500013,TSLA261030C00190000,189.62,193.93,191.775,1,,,,,,,,
2026-10-06,TSLA,379.99,2026-10-06T18:41:04.547783891Z,2026-10-30,24,C,200.0,0.52633,TSLA261030C00200000,177.62,181.28,179.45,1,,,,,,,,
2026-10-06,TSLA,379.99,2026-10-06T18:41:04.064922414Z,2026-10-30,24,C,210.0,0.552646,TSLA261030C00210000,165.11,175.57,170.34,1,,,,,,,,
2026-10-06,TSLA,379.99,2026-10-06T18:41:04.065407407Z,2026-10-30,24,C,220.0,0.578963,TSLA261030C00220000,158.38,164.12,161.25,1,,,,,,,,
2026-10-06,TSLA,379.99,2026-10-06T18:38:17.051680707Z,2026-10-30,24,C,230.0,0.605279,TSLA261030C00230000,148.53,151.93,150.23,1,,,,,,,,
2026-10-06,TSLA,379.99,2026-10-06T18:41:04.064521962Z,2026-10-30,24,C,235.0,0.618437,TSLA261030C00235000,141.44,148.05,144.745,3,,,,,,,,
2026-10-06,TSLA,379.99,2026-10-06T18:41:04.064521962Z,2026-10-30,24,C,245.0,0.644754,TSLA261030C00245000,131.43,141.62,136.525,,,,,,,,,
2026-10-06,TSLA,379.99,2026-10-06T18:41:04.064521962Z,2026-10-30,24,C,250.0,0.657912,TSLA261030C00250000,129.84,133.76,131.8,,,,0.9552,0.9672,0.0008,-0.1672,0.0714,0.1549
2026-10-06,TSLA,379.99,2026-10-06T18:41:05.170765664Z,2026-10-30,24,C,255.0,0.67107,TSLA261030C00255000,122.98,129.12,126.05,6,,,0.7868,0.9816,0.0006,-0.0982,0.0439,0.1623
2026-10-06,TSLA,379.99,2026-10-06T18:41:04.064521962Z,2026-10-30,24,C,260.0,0.684229,TSLA261030C00260000,119.4,124.01,121.705,,,,0.863,0.9668,0.0009,-0.1558,0.0721,0.1614
2026-10-06,TSLA,379.99,2026-10-06T18:41:04.06889712Z,2026-10-30,24,C,500.0,1.315824,TSLA261030C00500000,0.43,0.45,0.44,101,,,0.5201,0.0241,0.0011,-0.0608,0.0553,0.0057
2026-10-06,TSLA,379.99,2026-10-06T18:41:04.067776528Z,2026-10-30,24,C,505.0,1.328982,TSLA261030C00505000,0.42,0.44,0.43,1,,,0.5339,0.0231,0.0011,-0.0602,0.0533,0.0055
2026-10-06,TSLA,379.99,2026-10-06T18:41:04.069791867Z,2026-10-30,24,C,510.0,1.342141,TSLA261030C00510000,0.38,0.4,0.39,15,,,0.5414,0.021,0.001,-0.0562,0.0491,0.005
2026-10-06,TSLA,379.99,2026-10-06T18:41:04.062181779Z,2026-10-30,24,C,515.0,1.355299,TSLA261030C00515000,0.34,0.36,0.35,3,,,0.5478,0.0188,0.0009,-0.0519,0.0448,0.0045
2026-10-06,TSLA,379.99,2026-10-06T18:41:05.092241209Z,2026-10-30,24,C,525.0,1.381615,TSLA261030C00525000,0.24,0.26,0.25,4,,,0.5511,0.0139,0.0007,-0.0401,0.0345,0.0033
2026-10-06,TSLA,379.99,2026-10-06T18:41:04.457599476Z,2026-10-30,24,C,530.0,1.394774,TSLA261030C00530000,0.25,0.27,0.26,2,,,0.5678,0.014,0.0006,-0.0416,0.0347,0.0033
2026-10-06,TSLA,379.99,2026-10-06T18:41:04.090791242Z,2026-10-30,24,C,535.0,1.407932,TSLA261030C00535000,0.19,0.21,0.2,2,,,0.5623,0.0111,0.0005,-0.0338,0.0285,0.0027
2026-10-06,TSLA,379.99,2026-10-06T18:41:04.064596553Z,2026-10-30,24,C,540.0,1.42109,TSLA261030C00540000,0.17,0.19,0.18,4,,,0.568,0.01,0.0005,-0.0312,0.026,0.0024
2026-10-06,TSLA,379.99,2026-10-06T18:41:04.482634295Z,2026-10-30,24,C,545.0,1.434248,TSLA261030C00545000,0.16,0.22,0.19,1,,,0.5846,0.0103,0.0005,-0.0328,0.0266,0.0024
2026-10-06,TSLA,379.99,2026-10-06T18:41:04.845118383Z,2026-10-30,24,C,550.0,1.447407,TSLA261030C00550000,0.14,0.16,0.15,1,,,0.5808,0.0083,0.0004,-0.0271,0.0221,0.002
2026-10-06,TSLA,379.99,2026-10-06T18:41:04.450619781Z,2026-10-30,24,C,560.0,1.473723,TSLA261030C00560000,0.16,0.17,0.165,14,,,0.612,0.0087,0.0004,-0.0296,0.023,0.0021
2026-10-06,TSLA,379.99,2026-10-06T18:41:04.077686307Z,2026-10-30,24,C,565.0,1.486881,TSLA261030C00565000,0.15,0.16,0.155,1,,,0.6196,0.0081,0.0004,-0.0282,0.0216,0.0019
2026-10-06,TSLA,379.99,2026-10-06T18:41:04.07623131Z,2026-10-30,24,C,570.0,1.500039,TSLA261030C00570000,0.1,0.15,0.125,6,,,0.6164,0.0067,0.0003,-0.0237,0.0183,0.0016
2026-10-06,TSLA,379.99,2026-10-06T18:41:06.093435903Z,2026-10-30,24,C,580.0,1.526356,TSLA261030C00580000,0.12,0.14,0.13,1,,,0.6422,0.0067,0.0003,-0.0247,0.0183,0.0016
2026-10-06,TSLA,379.99,2026-10-06T18:41:01.121982164Z,2026-10-30,24,C,590.0,1.552672,TSLA261030C00590000,0.11,0.13,0.12,3,,,0.6589,0.0061,0.0003,-0.0233,0.0168,0.0014
2026-10-06,TSLA,379.99,2026-10-06T18:41:04.064026453Z,2026-10-30,24,C,600.0,1.578989,TSLA261030C00600000,0.1,0.12,0.11,4,,,0.6746,0.0055,0.0002,-0.0218,0.0154,0.0013
2026-10-06,TSLA,379.99,2026-10-06T18:41:06.647611439Z,2026-10-30,24,P,160.0,0.421064,TSLA261030P00160000,0.02,0.08,0.05,480,,,,,,,,
2026-10-06,TSLA,379.99,2026-10-06T18:41:06.653789334Z,2026-10-30,24,P,170.0,0.44738,TSLA261030P00170000,0.03,0.09,0.06,10,,,,,,,,
2026-10-06,TSLA,379.99,2026-10-06T18:41:04.129643782Z,2026-10-30,24,P,180.0,0.473697,TSLA261030P00180000,0.08,0.1,0.09,1,,,,,,,,
2026-10-06,TSLA,379.99,2026-10-06T18:41:04.076788506Z,2026-10-30,24,P,190.0,0.500013,TSLA261030P00190000,0.09,0.11,0.1,2,,,,,,,,
2026-10-06,TSLA,379.99,2026-10-06T18:41:07.052608523Z,2026-10-30,24,P,200.0,0.52633,TSLA261030P00200000,0.11,0.13,0.12,1,,,,,,,,
2026-10-06,TSLA,379.99,2026-10-06T18:41:06.654192263Z,2026-10-30,24,P,210.0,0.552646,TSLA261030P00210000,0.13,0.15,0.14,4,,,,,,,,
2026-10-06,TSLA,379.99,2026-10-06T18:41:01.120324268Z,2026-10-30,24,P,220.0,0.578963,TSLA261030P00220000,0.11,0.17,0.14,101,,,,,,,,
2026-10-06,TSLA,379.99,2026-10-06T18:41:06.636242104Z,2026-10-30,24,P,230.0,0.605279,TSLA261030P00230000,0.18,0.2,0.19,477,,,,,,,,
2026-10-06,TSLA,379.99,2026-10-06T18:41:04.454080479Z,2026-10-30,24,P,235.0,0.618437,TSLA261030P00235000,0.19,0.21,0.2,30,,,,,,,,
2026-10-06,TSLA,379.99,2026-10-06T18:41:06.638761478Z,2026-10-30,24,P,245.0,0.644754,TSLA261030P00245000,0.19,0.21,0.2,1,,,0.7419,-0.0079,0.0003,-0.0323,0.0211,-0.0021
2026-10-06,TSLA,379.99,2026-10-06T18:41:06.633916905Z,2026-10-30,24,P,250.0,0.657912,TSLA261030P00250000,0.25,0.27,0.26,15,,,0.7362,-0.0101,0.0004,-0.0396,0.0261,-0.0027
2026-10-06,TSLA,379.99,2026-10-06T18:41:06.63385138Z,2026-10-30,24,P,255.0,0.67107,TSLA261030P00255000,0.27,0.29,0.28,1,,,0.7124,-0.0111,0.0004,-0.0417,0.0284,-0.003
2026-10-06,TSLA,379.99,2026-10-06T18:41:06.634396346Z,2026-10-30,24,P,260.0,0.684229,TSLA261030P00260000,0.3,0.32,0.31,4,,,0.6915,-0.0125,0.0005,-0.0449,0.0315,-0.0033
2026-10-06,TSLA,379.99,2026-10-06T18:41:06.633206426Z,2026-10-30,24,P,500.0,1.315824,TSLA261030P00500000,119.37,125,122.185,1,,,0.7725,-0.8989,0.0024,-0.2279,0.1723,-0.3049
2026-10-06,TSLA,379.99,2026-10-06T18:41:06.63061679Z,2026-10-30,24,P,505.0,1.328982,TSLA261030P00505000,122.79,125.27,124.03,,,,0.477,-0.9876,0.0007,0.0223,0.0312,-0.3282
2026-10-06,TSLA,379.99,2026-10-06T18:41:06.630646425Z,2026-10-30,24,P,510.0,1.342141,TSLA261030P00510000,128.82,132.83,130.825,,,,0.7228,-0.9309,0.0019,-0.1432,0.1294,-0.3186
2026-10-06,TSLA,379.99,2026-10-06T18:41:01.29100014Z,2026-10-30,24,P,515.0,1.355299,TSLA261030P00515000,132.42,139.13,135.775,,,,0.7381,-0.9332,0.0018,-0.1417,0.1262,-0.3224
2026-10-06,TSLA,379.99,2026-10-06T18:41:06.630686383Z,2026-10-30,24,P,525.0,1.381615,TSLA261030P00525000,142.94,149.82,146.38,,,,0.8212,-0.9221,0.0018,-0.1899,0.142,-0.3266
2026-10-06,TSLA,379.99,2026-10-06T18:40:03.482531198Z,2026-10-30,24,P,530.0,1.394774,TSLA261030P00530000,148.28,152.07,150.175,,,,0.7401,-0.9502,0.0014,-0.1,0.1002,-0.3361
2026-10-06,TSLA,379.99,2026-10-06T18:41:06.108968649Z,2026-10-30,24,P,535.0,1.407932,TSLA261030P00535000,156.16,159.91,158.035,,,,0.9632,-0.8948,0.0019,-0.3027,0.1773,-0.3274
2026-10-06,TSLA,379.99,2026-10-06T18:41:06.689106643Z,2026-10-30,24,P,540.0,1.42109,TSLA261030P00540000,155.87,160.13,158.0,,,,,,,,,
2026-10-06,TSLA,379.99,2026-10-06T18:41:06.630676398Z,2026-10-30,24,P,545.0,1.434248,TSLA261030P00545000,162.88,165.63,164.255,,,,0.6692,-0.9774,0.0008,-0.0158,0.0523,-0.3521
2026-10-06,TSLA,379.99,2026-10-06T18:41:06.630656347Z,2026-10-30,24,P,550.0,1.447407,TSLA261030P00550000,163.57,172.22,167.895,,,,,,,,,
2026-10-06,TSLA,379.99,2026-10-06T18:41:06.646567209Z,2026-10-30,24,P,560.0,1.473723,TSLA261030P00560000,176.62,186.07,181.345,,,,0.9459,-0.929,0.0015,-0.2036,0.1323,-0.3513
2026-10-06,TSLA,379.99,2026-10-06T18:41:06.630656347Z,2026-10-30,24,P,565.0,1.486881,TSLA261030P00565000,184.66,190.63,187.645,,,,1.0521,-0.9078,0.0016,-0.2962,0.1611,-0.3501
2026-10-06,TSLA,379.99,2026-10-06T18:41:06.634987427Z,2026-10-30,24,P,570.0,1.500039,TSLA261030P00570000,183.2,189.15,186.175,,,,,,,,,
2026-10-06,TSLA,379.99,2026-10-06T18:41:06.635092011Z,2026-10-30,24,P,580.0,1.526356,TSLA261030P00580000,198.53,200.6,199.565,,,,0.833,-0.9687,0.0009,-0.0584,0.0686,-0.3732
2026-10-06,TSLA,379.99,2026-10-06T18:41:06.630646425Z,2026-10-30,24,P,590.0,1.552672,TSLA261030P00590000,202.56,212.59,207.575,,,,,,,,,
2026-10-06,TSLA,379.99,2026-10-06T18:41:06.630676398Z,2026-10-30,24,P,600.0,1.578989,TSLA261030P00600000,217.76,219.7,218.73,,,,0.6893,-0.9935,0.0003,0.038,0.0178,-0.392
2026-10-06,TSLA,379.99,2026-10-06T18:41:05.337144133Z,2026-11-06,31,C,160.0,0.421064,TSLA261106C00160000,220.19,225.28,222.735,,,,,,,,,
2026-10-06,TSLA,379.99,2026-10-06T18:41:05.093195136Z,2026-11-06,31,C,170.0,0.44738,TSLA261106C00170000,206.13,212.64,209.385,,,,,,,,,
2026-10-06,TSLA,379.99,2026-10-06T18:41:05.337149577Z,2026-11-06,31,C,180.0,0.473697,TSLA261106C00180000,199.88,201.48,200.68,,,,,,,,,
2026-10-06,TSLA,379.99,2026-10-06T18:41:04.615257223Z,2026-11-06,31,C,190.0,0.500013,TSLA261106C00190000,186.99,195.86,191.425,,,,,,,,,
2026-10-06,TSLA,379.99,2026-10-06T18:41:04.063304118Z,2026-11-06,31,C,200.0,0.52633,TSLA261106C00200000,179.31,183.64,181.475,1,,,,,,,,
2026-10-06,TSLA,379.99,2026-10-06T18:41:04.063304118Z,2026-11-06,31,C,210.0,0.552646,TSLA261106C00210000,168.68,172.14,170.41,22,,,,,,,,
2026-10-06,TSLA,379.99,2026-10-06T18:41:04.073639517Z,2026-11-06,31,C,220.0,0.578963,TSLA261106C00220000,157.63,164.92,161.275,,,,,,,,,
2026-10-06,TSLA,379.99,2026-10-06T18:41:04.448962664Z,2026-11-06,31,C,230.0,0.605279,TSLA261106C00230000,149.32,156.96,153.14,,,,,,,,,
2026-10-06,TSLA,379.99,2026-10-06T18:41:04.064594153Z,2026-11-06,31,C,235.0,0.618437,TSLA261106C00235000,142.07,152.92,147.495,,,,,,,,,
2026-10-06,TSLA,379.99,2026-10-06T18:41:04.064594153Z,2026-11-06,31,C,245.0,0.644754,TSLA261106C00245000,135.14,139.31,137.225,,,,0.9067,0.9644,0.0008,-0.1513,0.0867,0.1946
2026-10-06,TSLA,379.99,2026-10-06T18:41:04.064594153Z,2026-11-06,31,C,250.0,0.657912,TSLA261106C00250000,128.94,134.46,131.7,1,,,0.8037,0.9724,0.0007,-0.1165,0.0703,0.2019
2026-10-06,TSLA,379.99,2026-10-06T18:41:04.064618987Z,2026-11-06,31,C,255.0,0.67107,TSLA261106C00255000,121.96,128.58,125.27,5,,,,,,,,
2026-10-06,TSLA,379.99,2026-10-06T18:41:04.064618987Z,2026-11-06,31,C,260.0,0.684229,TSLA261106C00260000,117.29,124.28,120.785,1,,,0.5107,0.9959,0.0002,-0.0386,0.0134,0.2187
2026-10-06,TSLA,379.99,2026-10-06T18:41:05.092880138Z,2026-11-06,31,C,500.0,1.315824,TSLA261106C00500000,0.63,0.74,0.685,56,,,0.4902,0.0337,0.0014,-0.0669,0.0829,0.0103
2026-10-06,TSLA,379.99,2026-10-06T18:41:05.092880138Z,2026-11-06,31,C,505.0,1.328982,TSLA261106C00505000,0.56,0.63,0.595,3,,,0.4932,0.0296,0.0012,-0.0604,0.0745,0.009
2026-10-06,TSLA,379.99,2026-10-06T18:41:04.614716942Z,2026-11-06,31,C,510.0,1.342141,TSLA261106C00510000,0.5,0.56,0.53,12,,,0.498,0.0265,0.0011,-0.0556,0.068,0.0081
2026-10-06,TSLA,379.99,2026-10-06T18:41:04.583792216Z,2026-11-06,31,C,515.0,1.355299,TSLA261106C00515000,0.45,0.51,0.48,1,,,0.5039,0.024,0.001,-0.0518,0.0626,0.0073
2026-10-06,TSLA,379.99,2026-10-06T18:41:04.068894042Z,2026-11-06,31,C,525.0,1.381615,TSLA261106C00525000,0.38,0.41,0.395,1,,,0.5154,0.0198,0.0008,-0.045,0.0532,0.0061
2026-10-06,TSLA,379.99,2026-10-06T18:41:05.093521457Z,2026-11-06,31,C,530.0,1.394774,TSLA261106C00530000,0.38,0.42,0.4,1,,,0.5291,0.0196,0.0008,-0.0457,0.0527,0.006
2026-10-06,TSLA,379.99,2026-10-06T18:41:04.064419091Z,2026-11-06,31,C,535.0,1.407932,TSLA261106C00535000,0.3,0.35,0.325,5,,,0.5261,0.0164,0.0007,-0.039,0.0452,0.005
2026-10-06,TSLA,379.99,2026-10-06T18:41:05.092565129Z,2026-11-06,31,C,540.0,1.42109,TSLA261106C00540000,0.32,0.36,0.34,22,,,0.5416,0.0166,0.0007,-0.0406,0.0458,0.0051
2026-10-06,TSLA,379.99,2026-10-06T18:41:04.063694105Z,2026-11-06,31,C,545.0,1.434248,TSLA261106C00545000,0.29,0.33,0.31,1,,,0.5467,0.0152,0.0006,-0.0379,0.0423,0.0046
2026-10-06,TSLA,379.99,2026-10-06T18:41:05.219424636Z,2026-11-06,31,C,550.0,1.447407,TSLA261106C00550000,0.22,0.27,0.245,6,,,0.5416,0.0124,0.0005,-0.0315,0.0355,0.0038
2026-10-06,TSLA,379.99,2026-10-06T18:41:05.084730102Z,2026-11-06,31,C,560.0,1.473723,TSLA261106C00560000,0.18,0.23,0.205,1,,,0.5518,0.0104,0.0005,-0.0275,0.0304,0.0032
2026-10-06,TSLA,379.99,2026-10-06T18:41:04.063249036Z,2026-11-06,31,C,565.0,1.486881,TSLA261106C00565000,0.17,0.21,0.19,1,,,0.5575,0.0096,0.0004,-0.0259,0.0284,0.0029
2026-10-06,TSLA,379.99,2026-10-06T18:41:05.219424636Z,2026-11-06,31,C,570.0,1.500039,TSLA261106C00570000,0.19,0.2,0.195,1,,,0.57,0.0096,0.0004,-0.0266,0.0286,0.0029
2026-10-06,TSLA,379.99,2026-10-06T18:41:05.049590218Z,2026-11-06,31,C,580.0,1.526356,TSLA261106C00580000,0.16,0.17,0.165,1,,,0.5796,0.0082,0.0003,-0.0234,0.0247,0.0025
2026-10-06,TSLA,379.99,2026-10-06T18:41:04.063404349Z,2026-11-06,31,C,590.0,1.552672,TSLA261106C00590000,0.14,0.19,0.165,1,,,0.5998,0.0079,0.0003,-0.0236,0.024,0.0024
2026-10-06,TSLA,379.99,2026-10-06T18:41:05.049835374Z,2026-11-06,31,C,600.0,1.578989,TSLA261106C00600000,0.12,0.15,0.135,1,,,0.6059,0.0065,0.0003,-0.0201,0.0203,0.002
2026-10-06,TSLA,379.99,2026-10-06T18:41:07.052420956Z,2026-11-06,31,P,160.0,0.421064,TSLA261106P00160000,0.05,0.11,0.08,15,,,,,,,,
2026-10-06,TSLA,379.99,2026-10-06T18:41:04.146806057Z,2026-11-06,31,P,170.0,0.44738,TSLA261106P00170000,0.02,0.08,0.05,14,,,,,,,,
2026-10-06,TSLA,379.99,2026-10-06T18:41:06.638368133Z,2026-11-06,31,P,180.0,0.473697,TSLA261106P00180000,0.03,0.13,0.08,10,,,,,,,,
2026-10-06,TSLA,379.99,2026-10-06T18:41:07.052895944Z,2026-11-06,31,P,190.0,0.500013,TSLA261106P00190000,0.09,0.15,0.12,3,,,,,,,,
2026-10-06,TSLA,379.99,2026-10-06T18:41:07.018996134Z,2026-11-06,31,P,200.0,0.52633,TSLA261106P00200000,0.07,0.13,0.1,26,,,,,,,,
2026-10-06,TSLA,379.99,2026-10-06T18:41:06.628863331Z,2026-11-06,31,P,210.0,0.552646,TSLA261106P00210000,0.09,0.15,0.12,7,,,,,,,,
2026-10-06,TSLA,379.99,2026-10-06T18:41:06.644888572Z,2026-11-06,31,P,220.0,0.578963,TSLA261106P00220000,0.16,0.18,0.17,5,,,,,,,,
2026-10-06,TSLA,379.99,2026-10-06T18:41:06.630088271Z,2026-11-06,31,P,230.0,0.605279,TSLA261106P00230000,0.2,0.23,0.215,2,,,0.7445,-0.0074,0.0002,-0.0269,0.0227,-0.0026
2026-10-06,TSLA,379.99,2026-10-06T18:41:06.627289988Z,2026-11-06,31,P,235.0,0.618437,TSLA261106P00235000,0.22,0.25,0.235,185,,,0.724,-0.0083,0.0003,-0.0288,0.025,-0.0029
2026-10-06,TSLA,379.99,2026-10-06T18:41:06.629404547Z,2026-11-06,31,P,245.0,0.644754,TSLA261106P00245000,0.23,0.27,0.25,1,,,0.6731,-0.0094,0.0003,-0.0298,0.0279,-0.0032
2026-10-06,TSLA,379.99,2026-10-06T18:41:06.629524044Z,2026-11-06,31,P,250.0,0.657912,TSLA261106P00250000,0.3,0.31,0.305,20,,,0.6632,-0.0114,0.0004,-0.0348,0.033,-0.0039
2026-10-06,TSLA,379.99,2026-10-06T18:41:06.634533325Z,2026-11-06,31,P,255.0,0.67107,TSLA261106P00255000,0.33,0.38,0.355,1,,,0.6494,-0.0133,0.0005,-0.0389,0.0377,-0.0046
2026-10-06,TSLA,379.99,2026-10-06T18:41:06.739592775Z,2026-11-06,31,P,260.0,0.684229,TSLA261106P00260000,0.36,0.42,0.39,3,,,0.6302,-0.0148,0.0005,-0.0416,0.0416,-0.0051
2026-10-06,TSLA,379.99,2026-10-06T18:41:06.632598941Z,2026-11-06,31,P,500.0,1.315824,TSLA261106P00500000,117.43,122.44,119.935,1,,,0.5634,-0.9419,0.0019,-0.0657,0.1285,-0.4058
2026-10-06,TSLA,379.99,2026-10-06T18:41:06.630298162Z,2026-11-06,31,P,505.0,1.328982,TSLA261106P00505000,123.54,125.8,124.67,,,,0.5586,-0.9503,0.0017,-0.0505,0.1137,-0.4125
2026-10-06,TSLA,379.99,2026-10-06T18:41:06.630308113Z,2026-11-06,31,P,510.0,1.342141,TSLA261106P00510000,124.36,130.669,127.5145,,,,,,,,,
2026-10-06,TSLA,379.99,2026-10-06T18:41:06.630063652Z,2026-11-06,31,P,515.0,1.355299,TSLA261106P00515000,132.05,136.1,134.075,,,,0.5282,-0.9698,0.0012,-0.0108,0.0756,-0.4268
2026-10-06,TSLA,379.99,2026-10-06T18:41:06.630248213Z,2026-11-06,31,P,525.0,1.381615,TSLA261106P00525000,138.8,146.64,142.72,1,,,,,,,,
2026-10-06,TSLA,379.99,2026-10-06T18:41:06.630163901Z,2026-11-06,31,P,530.0,1.394774,TSLA261106P00530000,147.75,154.02,150.885,1,,,0.7318,-0.925,0.0017,-0.1313,0.1567,-0.4266
2026-10-06,TSLA,379.99,2026-10-06T18:41:04.479059254Z,2026-11-06,31,P,535.0,1.407932,TSLA261106P00535000,148.06,160.25,154.155,,,,0.6015,-0.9676,0.0011,-0.0221,0.0802,-0.4431
2026-10-06,TSLA,379.99,2026-10-06T18:41:06.630043645Z,2026-11-06,31,P,540.0,1.42109,TSLA261106P00540000,155.84,162.73,159.285,,,,0.6324,-0.9639,0.0011,-0.0332,0.0876,-0.4463
2026-10-06,TSLA,379.99,2026-10-06T18:40:52.754026601Z,2026-11-06,31,P,545.0,1.434248,TSLA261106P00545000,164.19,169.89,167.04,,,,0.8494,-0.9068,0.0018,-0.1982,0.1846,-0.4344
2026-10-06,TSLA,379.99,2026-10-06T18:41:06.630058114Z,2026-11-06,31,P,550.0,1.447407,TSLA261106P00550000,165.63,172.02,168.825,,,,0.5993,-0.9779,0.0008,0.0014,0.0583,-0.4589
2026-10-06,TSLA,379.99,2026-10-06T18:41:06.630058114Z,2026-11-06,31,P,560.0,1.473723,TSLA261106P00560000,177.78,181.32,179.55,,,,0.7211,-0.9578,0.0011,-0.0578,0.0996,-0.4615
2026-10-06,TSLA,379.99,2026-10-06T18:41:06.628838176Z,2026-11-06,31,P,565.0,1.486881,TSLA261106P00565000,184.02,191.48,187.75,,,,0.9524,-0.8997,0.0017,-0.2426,0.1948,-0.4497
2026-10-06,TSLA,379.99,2026-10-06T18:41:06.628863331Z,2026-11-06,31,P,570.0,1.500039,TSLA261106P00570000,182.61,192.67,187.64,,,,,,,,,
2026-10-06,TSLA,379.99,2026-10-06T18:41:06.630334833Z,2026-11-06,31,P,580.0,1.526356,TSLA261106P00580000,193.85,201.49,197.67,,,,,,,,,
2026-10-06,TSLA,379.99,2026-10-06T18:41:06.62921319Z,2026-11-06,31,P,590.0,1.552672,TSLA261106P00590000,206.68,211.4,209.04,,,,0.7482,-0.971,0.0008,-0.0267,0.0733,-0.4908
2026-10-06,TSLA,379.99,2026-10-06T18:41:06.630163901Z,2026-11-06,31,P,600.0,1.578989,TSLA261106P00600000,217.66,224.89,221.275,,,,,,,,,
2026-10-06,USO,144.75,2026-10-06T18:40:37.603641879Z,2026-10-30,24,C,60.0,0.414508,USO261030C00060000,81.64,86.29,83.965,1,,,,,,,,
2026-10-06,USO,144.75,2026-10-06T18:40:37.445947574Z,2026-10-30,24,C,65.0,0.44905,USO261030C00065000,78.3,81.57,79.935,,,,,,,,,
2026-10-06,USO,144.75,2026-10-06T18:40:31.882006837Z,2026-10-30,24,C,70.0,0.483592,USO261030C00070000,72.19,75.62,73.905,,,,,,,,,
2026-10-06,USO,144.75,2026-10-06T18:40:30.552767455Z,2026-10-30,24,C,75.0,0.518135,USO261030C00075000,66.87,72.49,69.68,,,,,,,,,
2026-10-06,USO,144.75,2026-10-06T18:41:04.912633509Z,2026-10-30,24,C,80.0,0.552677,USO261030C00080000,63.49,65.73,64.61,,,,,,,,,
2026-10-06,USO,144.75,2026-10-06T18:40:35.133997629Z,2026-10-30,24,C,85.0,0.587219,USO261030C00085000,58.68,60.6,59.64,8,,,,,,,,
2026-10-06,USO,144.75,2026-10-06T18:40:30.552787141Z,2026-10-30,24,C,90.0,0.621762,USO261030C00090000,53.55,55.68,54.615,10,,,,,,,,
2026-10-06,USO,144.75,2026-10-06T18:40:30.552787141Z,2026-10-30,24,C,95.0,0.656304,USO261030C00095000,48.49,50.86,49.675,1,,,,,,,,
2026-10-06,USO,144.75,2026-10-06T18:40:31.660127767Z,2026-10-30,24,C,100.0,0.690846,USO261030C00100000,43.33,46.64,44.985,16,,,,,,,,
2026-10-06,USO,144.75,2026-10-06T18:41:03.074526936Z,2026-10-30,24,C,190.0,1.312608,USO261030C00190000,0.21,0.35,0.28,108,,,0.5601,0.0357,0.0038,-0.0345,0.0291,0.0032
2026-10-06,USO,144.75,2026-10-06T18:41:08.350178546Z,2026-10-30,24,C,195.0,1.34715,USO261030C00195000,0.21,0.3,0.255,1,,,0.5941,0.0313,0.0032,-0.0328,0.0262,0.0028
2026-10-06,USO,144.75,2026-10-06T18:41:03.074561503Z,2026-10-30,24,C,200.0,1.381693,USO261030C00200000,0.15,0.19,0.17,7,,,0.5967,0.0218,0.0023,-0.0243,0.0193,0.002
2026-10-06,USO,144.75,2026-10-06T18:40:44.039529151Z,2026-10-30,24,C,205.0,1.416235,USO261030C00205000,0.07,0.17,0.12,49,,,0.6044,0.0158,0.0018,-0.0187,0.0147,0.0014
2026-10-06,USO,144.75,2026-10-06T18:40:38.564637767Z,2026-10-30,24,C,210.0,1.450777,USO261030C00210000,0,0.42,0.21,2,,,,,,,,
2026-10-06,USO,144.75,2026-10-06T18:40:35.768399988Z,2026-10-30,24,C,215.0,1.48532,USO261030C00215000,0,0.41,0.205,6,,,,,,,,
2026-10-06,USO,144.75,2026-10-06T18:41:03.074566449Z,2026-10-30,24,C,220.0,1.519862,USO261030C00220000,0,0.17,0.085,1,,,,,,,,
2026-10-06,USO,144.75,2026-10-06T18:36:55.537932716Z,2026-10-30,24,P,60.0,0.414508,USO261030P00060000,0,2.11,1.055,,,,,,,,,
2026-10-06,USO,144.75,2026-10-06T18:36:55.524963644Z,2026-10-30,24,P,65.0,0.44905,USO261030P00065000,0,2.11,1.055,,,,,,,,,
2026-10-06,USO,144.75,2026-10-06T18:38:37.856630051Z,2026-10-30,24,P,70.0,0.483592,USO261030P00070000,0,2.15,1.075,,,,,,,,,
2026-10-06,USO,144.75,2026-10-06T18:40:30.552763514Z,2026-10-30,24,P,75.0,0.518135,USO261030P00075000,0,2.16,1.08,1,,,,,,,,
2026-10-06,USO,144.75,2026-10-06T18:40:30.552763514Z,2026-10-30,24,P,80.0,0.552677,USO261030P00080000,0,2.17,1.085,4,,,,,,,,
2026-10-06,USO,144.75,2026-10-06T18:40:35.01261311Z,2026-10-30,24,P,85.0,0.587219,USO261030P00085000,0,2.09,1.045,1,,,,,,,,
2026-10-06,USO,144.75,2026-10-06T18:40:44.775435821Z,2026-10-30,24,P,90.0,0.621762,USO261030P00090000,0,0.2,0.1,21,,,,,,,,
2026-10-06,USO,144.75,2026-10-06T18:40:44.77579083Z,2026-10-30,24,P,95.0,0.656304,USO261030P00095000,0,0.25,0.125,15,,,,,,,,
2026-10-06,USO,144.75,2026-10-06T18:41:09.124800176Z,2026-10-30,24,P,100.0,0.690846,USO261030P00100000,0.06,0.09,0.075,47,,,0.6361,-0.009,0.001,-0.0118,0.009,-0.0009
2026-10-06,USO,144.75,2026-10-06T18:40:30.553602919Z,2026-10-30,24,P,190.0,1.312608,USO261030P00190000,44.36,46.54,45.45,7,,,0.6688,-0.9312,0.0053,-0.0493,0.0492,-0.1185
2026-10-06,USO,144.75,2026-10-06T18:40:38.372018626Z,2026-10-30,24,P,195.0,1.34715,USO261030P00195000,49.31,52.85,51.08,4,,,0.8312,-0.8995,0.0057,-0.0939,0.0654,-0.1192
2026-10-06,USO,144.75,2026-10-06T18:40:30.553632594Z,2026-10-30,24,P,200.0,1.381693,USO261030P00200000,52.71,58.16,55.435,,,,0.7661,-0.9375,0.0043,-0.0525,0.0457,-0.1257
2026-10-06,USO,144.75,2026-10-06T18:40:31.63295294Z,2026-10-30,24,P,205.0,1.416235,USO261030P00205000,59.32,61.48,60.4,2,,,0.8058,-0.9415,0.0039,-0.0517,0.0433,-0.1293
2026-10-06,USO,144.75,2026-10-06T18:40:30.553632594Z,2026-10-30,24,P,210.0,1.450777,USO261030P00210000,64.45,67.47,65.96,,,,0.9634,-0.9149,0.0044,-0.0948,0.0578,-0.1305
2026-10-06,USO,144.75,2026-10-06T18:40:30.553667514Z,2026-10-30,24,P,215.0,1.48532,USO261030P00215000,67.1,72.69,69.895,,,,0.7309,-0.9774,0.002,-0.0078,0.0199,-0.139
2026-10-06,USO,144.75,2026-10-06T18:40:30.553667514Z,2026-10-30,24,P,220.0,1.519862,USO261030P00220000,74.49,76.4,75.445,,,,,,,,,
2026-10-06,USO,144.75,2026-10-06T18:40:31.588118203Z,2026-11-06,31,C,60.0,0.414508,USO261106C00060000,84.12,87.56,85.84,,,,,,,,,
2026-10-06,USO,144.75,2026-10-06T18:40:37.576771952Z,2026-11-06,31,C,65.0,0.44905,USO261106C00065000,77.44,80.98,79.21,,,,,,,,,
2026-10-06,USO,144.75,2026-10-06T18:40:31.860327665Z,2026-11-06,31,C,70.0,0.483592,USO261106C00070000,72.07,77.48,74.775,,,,,,,,,
2026-10-06,USO,144.75,2026-10-06T18:41:04.995013145Z,2026-11-06,31,C,75.0,0.518135,USO261106C00075000,67.58,71.67,69.625,,,,,,,,,
2026-10-06,USO,144.75,2026-10-06T18:40:40.634358713Z,2026-11-06,31,C,80.0,0.552677,USO261106C00080000,62.35,67.2,64.775,,,,,,,,,
2026-10-06,USO,144.75,2026-10-06T18:40:37.456722464Z,2026-11-06,31,C,85.0,0.587219,USO261106C00085000,58.87,60.94,59.905,1,,,,,,,,
2026-10-06,USO,144.75,2026-10-06T18:40:37.546407102Z,2026-11-06,31,C,90.0,0.621762,USO261106C00090000,52.2,56.66,54.43,,,,,,,,,
2026-10-06,USO,144.75,2026-10-06T18:40:30.553977372Z,2026-11-06,31,C,95.0,0.656304,USO261106C00095000,48.05,51.53,49.79,2,,,,,,,,
2026-10-06,USO,144.75,2026-10-06T18:40:47.634878406Z,2026-11-06,31,C,100.0,0.690846,USO261106C00100000,42.28,45.74,44.01,28,,,,,,,,
2026-10-06,USO,144.75,2026-10-06T18:40:32.204456504Z,2026-11-06,31,C,190.0,1.312608,USO261106C00190000,0.42,0.57,0.495,1,,,0.546,0.0539,0.0048,-0.0414,0.0462,0.0062
2026-10-06,USO,144.75,2026-10-06T18:40:32.204386477Z,2026-11-06,31,C,195.0,1.34715,USO261106C00195000,0.31,0.38,0.345,1,,,0.5491,0.0392,0.0037,-0.0322,0.0357,0.0045
2026-10-06,USO,144.75,2026-10-06T18:41:01.578562816Z,2026-11-06,31,C,200.0,1.381693,USO261106C00200000,0.23,0.35,0.29,110,,,0.5697,0.0326,0.003,-0.0287,0.0308,0.0038
2026-10-06,USO,144.75,2026-10-06T18:40:40.298940088Z,2026-11-06,31,C,205.0,1.416235,USO261106C00205000,0.22,0.63,0.425,3,,,0.6455,0.0412,0.0032,-0.0393,0.0372,0.0047
2026-10-06,USO,144.75,2026-10-06T18:41:04.496650378Z,2026-11-06,31,C,210.0,1.450777,USO261106C00210000,0,1.17,0.585,23,,,,,,,,
2026-10-06,USO,144.75,2026-10-06T18:40:32.208825656Z,2026-11-06,31,C,215.0,1.48532,USO261106C00215000,0.13,0.19,0.16,1,,,0.6155,0.018,0.0017,-0.0188,0.0187,0.0021
2026-10-06,USO,144.75,2026-10-06T18:40:35.767539934Z,2026-11-06,31,C,220.0,1.519862,USO261106C00220000,0.11,0.73,0.42,3,,,0.7473,0.0361,0.0025,-0.0408,0.0335,0.0041
2026-10-06,USO,144.75,2026-10-06T18:36:55.530162553Z,2026-11-06,31,P,60.0,0.414508,USO261106P00060000,0,2.15,1.075,,,,,,,,,
2026-10-06,USO,144.75,2026-10-06T18:40:30.553838842Z,2026-11-06,31,P,65.0,0.44905,USO261106P00065000,0,1.29,0.645,,,,,,,,,
2026-10-06,USO,144.75,2026-10-06T18:36:55.530132506Z,2026-11-06,31,P,70.0,0.483592,USO261106P00070000,0,2.1,1.05,,,,,,,,,
2026-10-06,USO,144.75,2026-10-06T18:36:55.530132506Z,2026-11-06,31,P,75.0,0.518135,USO261106P00075000,0,2.15,1.075,,,,,,,,,
2026-10-06,USO,144.75,2026-10-06T18:36:56.525843729Z,2026-11-06,31,P,80.0,0.552677,USO261106P00080000,0,2.17,1.085,,,,,,,,,
2026-10-06,USO,144.75,2026-10-06T18:38:37.868475266Z,2026-11-06,31,P,85.0,0.587219,USO261106P00085000,0,2.16,1.08,,,,,,,,,
2026-10-06,USO,144.75,2026-10-06T18:40:35.568275771Z,2026-11-06,31,P,90.0,0.621762,USO261106P00090000,0,2.09,1.045,,,,,,,,,
2026-10-06,USO,144.75,2026-10-06T18:40:32.20378077Z,2026-11-06,31,P,95.0,0.656304,USO261106P00095000,0.01,0.15,0.08,,,,0.6346,-0.0085,0.0009,-0.0098,0.0097,-0.0011
2026-10-06,USO,144.75,2026-10-06T18:41:09.328659364Z,2026-11-06,31,P,100.0,0.690846,USO261106P00100000,0.06,0.12,0.09,3,,,0.5744,-0.0103,0.0011,-0.0106,0.0116,-0.0013
2026-10-06,USO,144.75,2026-10-06T18:40:35.130607641Z,2026-11-06,31,P,190.0,1.312608,USO261106P00190000,45.25,46.32,45.785,,,,0.6614,-0.9027,0.0062,-0.0586,0.0726,-0.1499
2026-10-06,USO,144.75,2026-10-06T18:40:30.56067866Z,2026-11-06,31,P,195.0,1.34715,USO261106P00195000,50.08,51.14,50.61,,,,0.6836,-0.916,0.0053,-0.0522,0.0651,-0.1556
2026-10-06,USO,144.75,2026-10-06T18:40:30.560648366Z,2026-11-06,31,P,200.0,1.381693,USO261106P00200000,54.41,56.39,55.4,,,,0.6941,-0.9306,0.0046,-0.0427,0.0563,-0.1615
2026-10-06,USO,144.75,2026-10-06T18:40:30.554742156Z,2026-11-06,31,P,205.0,1.416235,USO261106P00205000,58.1,62.37,60.235,,,,0.7055,-0.9421,0.0039,-0.0346,0.0488,-0.167
2026-10-06,USO,144.75,2026-10-06T18:40:30.554737141Z,2026-11-06,31,P,210.0,1.450777,USO261106P00210000,62.94,66.83,64.885,,,,0.6589,-0.9659,0.0027,-0.012,0.0319,-0.1739
2026-10-06,USO,144.75,2026-10-06T18:40:38.439813311Z,2026-11-06,31,P,215.0,1.48532,USO261106P00215000,68.04,72.52,70.28,,,,0.7961,-0.9423,0.0034,-0.0405,0.0487,-0.1756
2026-10-06,USO,144.75,2026-10-06T18:40:30.55480312Z,2026-11-06,31,P,220.0,1.519862,USO261106P00220000,73.16,77.28,75.22,,,,0.8224,-0.9466,0.0031,-0.0382,0.0459,-0.1803
2026-10-07,AAPL,336.645,2026-10-07T18:40:48.250404287Z,2026-11-06,30,C,215.0,0.638655,AAPL261106C00215000,123.5,124.17,123.835,16,,,,,,,,
2026-10-07,AAPL,336.645,2026-10-07T18:40:59.911896022Z,2026-11-06,30,C,220.0,0.653507,AAPL261106C00220000,116.34,118.59,117.465,,,,0.6135,0.9942,0.0003,-0.0395,0.0159,0.1785
2026-10-07,AAPL,336.645,2026-10-07T18:41:10.502107657Z,2026-11-06,30,C,225.0,0.66836,AAPL261106C00225000,111.66,112.79,112.225,201,,,,,,,,
2026-10-07,AAPL,336.645,2026-10-07T18:40:48.250394392Z,2026-11-06,30,C,230.0,0.683212,AAPL261106C00230000,107.08,109.45,108.265,1,,,0.7509,0.9708,0.0009,-0.1038,0.0643,0.1796
2026-10-07,AAPL,336.645,2026-10-07T18:41:06.31222711Z,2026-11-06,30,P,215.0,0.638655,AAPL261106P00215000,0,0.32,0.16,1,,,,,,,,
2026-10-07,AAPL,336.645,2026-10-07T18:41:10.388581864Z,2026-11-06,30,P,220.0,0.653507,AAPL261106P00220000,0.01,0.06,0.035,3,,,0.5393,-0.0022,0.0001,-0.0059,0.0066,-0.0006
2026-10-07,AAPL,336.645,2026-10-07T18:41:00.13094219Z,2026-11-06,30,P,225.0,0.66836,AAPL261106P00225000,0,0.18,0.09,3,,,,,,,,
2026-10-07,AAPL,336.645,2026-10-07T18:41:24.575541072Z,2026-11-06,30,P,230.0,0.683212,AAPL261106P00230000,0,0.06,0.03,3,,,,,,,,
2026-10-07,AAPL,336.645,2026-10-07T18:40:48.250130377Z,2026-11-13,37,C,215.0,0.638655,AAPL261113C00215000,122.13,124.55,123.34,,,,0.7719,0.9752,0.0007,-0.0868,0.0622,0.2078
2026-10-07,AAPL,336.645,2026-10-07T18:40:48.250148066Z,2026-11-13,37,C,220.0,0.653507,AAPL261113C00220000,117.92,119.84,118.88,,,,0.8076,0.9639,0.0009,-0.1146,0.0849,0.2084
2026-10-07,AAPL,336.645,2026-10-07T18:39:29.394643076Z,2026-11-13,37,C,225.0,0.66836,AAPL261113C00225000,109.8,112.8,111.3,2,,,,,,,,
2026-10-07,AAPL,336.645,2026-10-07T18:39:29.394112735Z,2026-11-13,37,C,230.0,0.683212,AAPL261113C00230000,106.87,110.02,108.445,,,,0.6783,0.9706,0.0009,-0.089,0.0716,0.2213
2026-10-07,AAPL,336.645,2026-10-07T18:41:20.40462634Z,2026-11-13,37,P,215.0,0.638655,AAPL261113P00215000,0.01,0.13,0.07,2,,,0.548,-0.0037,0.0002,-0.0086,0.0118,-0.0013
2026-10-07,AAPL,336.645,2026-10-07T18:41:24.576050302Z,2026-11-13,37,P,220.0,0.653507,AAPL261113P00220000,0.03,0.1,0.065,2,,,0.5183,-0.0036,0.0002,-0.008,0.0116,-0.0013
2026-10-07,AAPL,336.645,2026-10-07T18:41:25.996817446Z,2026-11-13,37,P,225.0,0.66836,AAPL261113P00225000,0.01,0.06,0.035,10,,,0.4628,-0.0023,0.0001,-0.0047,0.0077,-0.0008
2026-10-07,AAPL,336.645,2026-10-07T18:41:24.57609952Z,2026-11-13,37,P,230.0,0.683212,AAPL261113P00230000,0.03,0.12,0.075,2,,,0.4765,-0.0045,0.0003,-0.0089,0.0141,-0.0016
2026-10-07,NVDA,236.8,2026-10-07T18:41:30.25671403Z,2026-11-06,30,C,135.0,0.570101,NVDA261106C00135000,98.01,104.24,101.125,1,,,,,,,,
2026-10-07,NVDA,236.8,2026-10-07T18:41:30.797205293Z,2026-11-06,30,C,140.0,0.591216,NVDA261106C00140000,92.12,102.93,97.525,,,,,,,,,
2026-10-07,NVDA,236.8,2026-10-07T18:41:30.76523525Z,2026-11-06,30,C,145.0,0.612331,NVDA261106C00145000,91.39,95.97,93.68,2,,,,,,,,
2026-10-07,NVDA,236.8,2026-10-07T18:41:30.762650277Z,2026-11-06,30,C,150.0,0.633446,NVDA261106C00150000,85.57,90.33,87.95,1,,,,,,,,
2026-10-07,NVDA,236.8,2026-10-07T18:41:30.796325373Z,2026-11-06,30,C,155.0,0.654561,NVDA261106C00155000,78.9,86.63,82.765,1,,,0.8037,0.9754,0.0011,-0.0682,0.0391,0.1218
2026-10-07,NVDA,236.8,2026-10-07T18:41:30.775220264Z,2026-11-06,30,C,160.0,0.675676,NVDA261106C00160000,74.49,80.15,77.32,,,,0.5749,0.9934,0.0005,-0.0289,0.0125,0.1297
2026-10-07,NVDA,236.8,2026-10-07T18:41:30.763936242Z,2026-11-06,30,C,310.0,1.309122,NVDA261106C00310000,0.05,0.09,0.07,1,,,0.3803,0.0084,0.0009,-0.0101,0.0156,0.0016
2026-10-07,NVDA,236.8,2026-10-07T18:41:30.765725341Z,2026-11-06,30,C,315.0,1.330236,NVDA261106C00315000,0.04,0.08,0.06,,,,0.3929,0.0071,0.0007,-0.009,0.0134,0.0013
2026-10-07,NVDA,236.8,2026-10-07T18:41:30.764040592Z,2026-11-06,30,C,320.0,1.351351,NVDA261106C00320000,0.04,0.07,0.055,1,,,0.4079,0.0064,0.0006,-0.0084,0.0121,0.0012
2026-10-07,NVDA,236.8,2026-10-07T18:41:30.769465261Z,2026-11-06,30,C,325.0,1.372466,NVDA261106C00325000,0.01,0.03,0.02,,,,0.3848,0.0026,0.0003,-0.0036,0.0055,0.0005
2026-10-07,NVDA,236.8,2026-10-07T18:41:30.66249005Z,2026-11-06,30,C,330.0,1.393581,NVDA261106C00330000,0.01,0.03,0.02,1,,,0.4014,0.0025,0.0003,-0.0036,0.0054,0.0005
2026-10-07,NVDA,236.8,2026-10-07T18:41:01.79161861Z,2026-11-06,30,C,335.0,1.414696,NVDA261106C00335000,0.03,0.07,0.05,,,,0.4574,0.0053,0.0005,-0.008,0.0103,0.001
2026-10-07,NVDA,236.8,2026-10-07T18:41:28.317147009Z,2026-11-06,30,P,135.0,0.570101,NVDA261106P00135000,0.08,0.1,0.09,64,,,,,,,,
2026-10-07,NVDA,236.8,2026-10-07T18:41:29.560332836Z,2026-11-06,30,P,140.0,0.591216,NVDA261106P00140000,0.03,0.1,0.065,4,,,0.7237,-0.004,0.0002,-0.0096,0.0081,-0.0008
2026-10-07,NVDA,236.8,2026-10-07T18:41:28.536617327Z,2026-11-06,30,P,145.0,0.612331,NVDA261106P00145000,0.04,0.07,0.055,3,,,0.667,-0.0037,0.0002,-0.0083,0.0076,-0.0008
2026-10-07,NVDA,236.8,2026-10-07T18:41:31.038583371Z,2026-11-06,30,P,150.0,0.633446,NVDA261106P00150000,0.1,0.12,0.11,1,,,0.6776,-0.0069,0.0004,-0.0146,0.0131,-0.0014
2026-10-07,NVDA,236.8,2026-10-07T18:41:30.804973328Z,2026-11-06,30,P,155.0,0.654561,NVDA261106P00155000,0.06,0.09,0.075,5,,,0.605,-0.0054,0.0004,-0.0105,0.0106,-0.0011
2026-10-07,NVDA,236.8,2026-10-07T18:41:31.792998692Z,2026-11-06,30,P,160.0,0.675676,NVDA261106P00160000,0.07,0.15,0.11,18,,,0.5911,-0.0079,0.0005,-0.0142,0.0147,-0.0016
2026-10-07,NVDA,236.8,2026-10-07T18:41:30.793543249Z,2026-11-06,30,P,310.0,1.309122,NVDA261106P00310000,68.22,76.27,72.245,,,,,,,,,
2026-10-07,NVDA,236.8,2026-10-07T18:41:30.798943237Z,2026-11-06,30,P,315.0,1.330236,NVDA261106P00315000,75.32,80.62,77.97,,,,0.5606,-0.9533,0.0026,-0.0295,0.0663,-0.2496
2026-10-07,NVDA,236.8,2026-10-07T18:41:30.775408312Z,2026-11-06,30,P,320.0,1.351351,NVDA261106P00320000,78.49,88.46,83.475,,,,0.6534,-0.933,0.0029,-0.0634,0.0881,-0.2501
2026-10-07,NVDA,236.8,2026-10-07T18:41:30.765918315Z,2026-11-06,30,P,325.0,1.372466,NVDA261106P00325000,82.9,92.04,87.47,,,,0.5085,-0.9812,0.0013,0.0078,0.0312,-0.2628
2026-10-07,NVDA,236.8,2026-10-07T18:41:30.800913331Z,2026-11-06,30,P,330.0,1.393581,NVDA261106P00330000,88.74,95.47,92.105,,,,,,,,,
2026-10-07,NVDA,236.8,2026-10-07T18:41:30.761328258Z,2026-11-06,30,P,335.0,1.414696,NVDA261106P00335000,92.31,101.28,96.795,,,,,,,,,
2026-10-07,NVDA,236.8,2026-10-07T18:41:30.762402059Z,2026-11-13,37,C,135.0,0.570101,NVDA261113C00135000,99.38,105.29,102.335,,,,0.7115,0.9955,0.0002,-0.0239,0.01,0.1351
2026-10-07,NVDA,236.8,2026-10-07T18:41:30.762468081Z,2026-11-13,37,C,140.0,0.591216,NVDA261113C00140000,94.21,102.56,98.385,,,,,,,,,
2026-10-07,NVDA,236.8,2026-10-07T18:41:30.762402059Z,2026-11-13,37,C,145.0,0.612331,NVDA261113C00145000,90.24,97.47,93.855,,,,1.0064,0.9556,0.0012,-0.1102,0.0706,0.1342
2026-10-07,NVDA,236.8,2026-10-07T18:41:30.762468081Z,2026-11-13,37,C,150.0,0.633446,NVDA261113C00150000,83.3,91.12,87.21,1,,,,,,,,
2026-10-07,NVDA,236.8,2026-10-07T18:41:30.762461856Z,2026-11-13,37,C,155.0,0.654561,NVDA261113C00155000,79.18,87.2,83.19,1,,,0.7868,0.9665,0.0013,-0.0753,0.0562,0.1476
2026-10-07,NVDA,236.8,2026-10-07T18:41:30.762493276Z,2026-11-13,37,C,160.0,0.675676,NVDA261113C00160000,74.41,82.48,78.445,,,,0.7741,0.9581,0.0015,-0.0865,0.0675,0.1504
2026-10-07,NVDA,236.8,2026-10-07T18:41:18.555633889Z,2026-11-13,37,C,310.0,1.309122,NVDA261113C00310000,0.07,0.11,0.09,7,,,0.3521,0.0103,0.001,-0.0101,0.0207,0.0024
2026-10-07,NVDA,236.8,2026-10-07T18:41:24.809075943Z,2026-11-13,37,C,315.0,1.330236,NVDA261113C00315000,0.06,0.1,0.08,10,,,0.365,0.009,0.0009,-0.0092,0.0183,0.0021
2026-10-07,NVDA,236.8,2026-10-07T18:41:30.76715345Z,2026-11-13,37,C,320.0,1.351351,NVDA261113C00320000,0.01,0.05,0.03,8,,,0.3438,0.0039,0.0004,-0.0041,0.0087,0.0009
2026-10-07,NVDA,236.8,2026-10-07T18:41:28.098237284Z,2026-11-13,37,C,325.0,1.372466,NVDA261113C00325000,0.04,0.08,0.06,6,,,0.3868,0.0066,0.0006,-0.0074,0.0139,0.0015
2026-10-07,NVDA,236.8,2026-10-07T18:41:28.135172498Z,2026-11-13,37,C,330.0,1.393581,NVDA261113C00330000,0.01,0.04,0.025,1,,,0.3684,0.0031,0.0003,-0.0036,0.007,0.0007
2026-10-07,NVDA,236.8,2026-10-07T18:41:02.803363606Z,2026-11-13,37,C,335.0,1.414696,NVDA261113C00335000,0.01,0.07,0.04,2,,,0.4016,0.0044,0.0004,-0.0054,0.0097,0.001
2026-10-07,NVDA,236.8,2026-10-07T18:41:28.098122908Z,2026-11-13,37,P,135.0,0.570101,NVDA261113P00135000,0.08,0.11,0.095,7,,,0.7244,-0.0051,0.0003,-0.0108,0.0111,-0.0013
2026-10-07,NVDA,236.8,2026-10-07T18:41:28.133253617Z,2026-11-13,37,P,140.0,0.591216,NVDA261113P00140000,0.08,0.12,0.1,2,,,0.6858,-0.0057,0.0003,-0.0111,0.0122,-0.0015
2026-10-07,NVDA,236.8,2026-10-07T18:41:30.774338578Z,2026-11-13,37,P,145.0,0.612331,NVDA261113P00145000,0.1,0.14,0.12,2,,,0.6588,-0.0069,0.0004,-0.0128,0.0146,-0.0018
2026-10-07,NVDA,236.8,2026-10-07T18:41:30.763349052Z,2026-11-13,37,P,150.0,0.633446,NVDA261113P00150000,0.11,0.15,0.13,1,,,0.6241,-0.0079,0.0005,-0.0135,0.0163,-0.002
2026-10-07,NVDA,236.8,2026-10-07T18:41:30.763928646Z,2026-11-13,37,P,155.0,0.654561,NVDA261113P00155000,0.09,0.13,0.11,2,,,0.5716,-0.0074,0.0005,-0.0116,0.0153,-0.0019
2026-10-07,NVDA,236.8,2026-10-07T18:41:31.795862955Z,2026-11-13,37,P,160.0,0.675676,NVDA261113P00160000,0.11,0.15,0.13,4,,,0.5448,-0.0089,0.0006,-0.0132,0.0182,-0.0023
2026-10-07,NVDA,236.8,2026-10-07T18:41:30.767473612Z,2026-11-13,37,P,310.0,1.309122,NVDA261113P00310000,68.42,77.2,72.81,,,,0.4884,-0.9486,0.0029,-0.0206,0.0795,-0.3014
2026-10-07,NVDA,236.8,2026-10-07T18:41:30.761158614Z,2026-11-13,37,P,315.0,1.330236,NVDA261113P00315000,75.02,83.45,79.235,,,,0.6466,-0.8972,0.0037,-0.0867,0.135,-0.2956
2026-10-07,NVDA,236.8,2026-10-07T18:41:30.761119084Z,2026-11-13,37,P,320.0,1.351351,NVDA261113P00320000,78.9,85.33,82.115,,,,0.3905,-0.9901,0.0009,0.0234,0.0199,-0.3208
2026-10-07,NVDA,236.8,2026-10-07T18:41:30.76111424Z,2026-11-13,37,P,325.0,1.372466,NVDA261113P00325000,85.37,91.48,88.425,,,,0.6314,-0.9274,0.0029,-0.0558,0.1041,-0.3122
2026-10-07,NVDA,236.8,2026-10-07T18:41:30.795068651Z,2026-11-13,37,P,330.0,1.393581,NVDA261113P00330000,90.09,95.65,92.87,,,,0.5951,-0.9493,0.0023,-0.0292,0.0786,-0.3219
2026-10-07,NVDA,236.8,2026-10-07T18:41:28.092972957Z,2026-11-13,37,P,335.0,1.414696,NVDA261113P00335000,95.65,103.91,99.78,,,,0.7925,-0.8915,0.0031,-0.1171,0.1404,-0.3151
2026-10-07,TSLA,376.625,2026-10-07T18:41:35.18856088Z,2026-11-06,30,C,160.0,0.424826,TSLA261106C00160000,214.33,217.37,215.85,,,,,,,,,
2026-10-07,TSLA,376.625,2026-10-07T18:41:35.188300887Z,2026-11-06,30,C,170.0,0.451377,TSLA261106C00170000,200.78,214.06,207.42,,,,,,,,,
2026-10-07,TSLA,376.625,2026-10-07T18:41:35.113511168Z,2026-11-06,30,C,180.0,0.477929,TSLA261106C00180000,191.88,203.2,197.54,,,,,,,,,
2026-10-07,TSLA,376.625,2026-10-07T18:41:35.160686019Z,2026-11-06,30,C,190.0,0.504481,TSLA261106C00190000,185.72,192.58,189.15,,,,,,,,,
2026-10-07,TSLA,376.625,2026-10-07T18:41:35.163336084Z,2026-11-06,30,C,200.0,0.531032,TSLA261106C00200000,175.14,184.22,179.68,1,,,,,,,,
2026-10-07,TSLA,376.625,2026-10-07T18:41:35.18734593Z,2026-11-06,30,C,210.0,0.557584,TSLA261106C00210000,161.98,174.12,168.05,22,,,,,,,,
2026-10-07,TSLA,376.625,2026-10-07T18:41:35.139386206Z,2026-11-06,30,C,220.0,0.584135,TSLA261106C00220000,152.5,160.58,156.54,,,,,,,,,
2026-10-07,TSLA,376.625,2026-10-07T18:41:35.139391069Z,2026-11-06,30,C,230.0,0.610687,TSLA261106C00230000,143.45,149.22,146.335,,,,,,,,,
2026-10-07,TSLA,376.625,2026-10-07T18:41:35.139366121Z,2026-11-06,30,C,235.0,0.623963,TSLA261106C00235000,136.98,147.58,142.28,,,,0.6515,0.9958,0.0002,-0.0394,0.0134,0.1911
2026-10-07,TSLA,376.625,2026-10-07T18:41:35.006376651Z,2026-11-06,30,C,240.0,0.637239,TSLA261106C00240000,133.67,140.24,136.955,2,,,,,,,,
2026-10-07,TSLA,376.625,2026-10-07T18:41:35.166205992Z,2026-11-06,30,C,245.0,0.650514,TSLA261106C00245000,128.759,136.75,132.7545,,,,0.7516,0.9828,0.0005,-0.0829,0.0459,0.195
2026-10-07,TSLA,376.625,2026-10-07T18:41:35.177710915Z,2026-11-06,30,C,250.0,0.66379,TSLA261106C00250000,126.06,134.3,130.18,1,,,1.0014,0.943,0.0011,-0.2301,0.1235,0.1848
2026-10-07,TSLA,376.625,2026-10-07T18:41:35.185100996Z,2026-11-06,30,C,260.0,0.690342,TSLA261106C00260000,113.72,121,117.36,1,,,0.5237,0.9948,0.0003,-0.0416,0.0162,0.2113
2026-10-07,TSLA,376.625,2026-10-07T18:41:35.113361484Z,2026-11-06,30,C,495.0,1.314305,TSLA261106C00495000,0.61,0.65,0.63,2,,,0.4908,0.032,0.0014,-0.0645,0.0774,0.0094
2026-10-07,TSLA,376.625,2026-10-07T18:41:34.331559194Z,2026-11-06,30,C,500.0,1.32758,TSLA261106C00500000,0.51,0.58,0.545,10,,,0.4939,0.028,0.0012,-0.0581,0.0693,0.0082
2026-10-07,TSLA,376.625,2026-10-07T18:41:35.113366167Z,2026-11-06,30,C,505.0,1.340856,TSLA261106C00505000,0.45,0.52,0.485,1,,,0.499,0.025,0.0011,-0.0534,0.0631,0.0073
2026-10-07,TSLA,376.625,2026-10-07T18:41:35.146441067Z,2026-11-06,30,C,515.0,1.367408,TSLA261106C00515000,0.34,0.41,0.375,2,,,0.507,0.0196,0.0009,-0.0442,0.0514,0.0058
2026-10-07,TSLA,376.625,2026-10-07T18:41:34.070150381Z,2026-11-06,30,C,520.0,1.380684,TSLA261106C00520000,0.34,0.41,0.375,8,,,0.5202,0.0192,0.0008,-0.0445,0.0505,0.0056
2026-10-07,TSLA,376.625,2026-10-07T18:41:35.159381052Z,2026-11-06,30,C,525.0,1.39396,TSLA261106C00525000,0.27,0.38,0.325,1,,,0.5226,0.0168,0.0007,-0.0399,0.0451,0.0049
2026-10-07,TSLA,376.625,2026-10-07T18:41:35.16142706Z,2026-11-06,30,C,530.0,1.407235,TSLA261106C00530000,0.24,0.31,0.275,1,,,0.5232,0.0145,0.0006,-0.0351,0.0396,0.0042
2026-10-07,TSLA,376.625,2026-10-07T18:39:44.623480342Z,2026-11-06,30,C,535.0,1.420511,TSLA261106C00535000,0.25,0.32,0.285,5,,,0.538,0.0146,0.0006,-0.0363,0.0399,0.0043
2026-10-07,TSLA,376.625,2026-10-07T18:41:35.16142706Z,2026-11-06,30,C,540.0,1.433787,TSLA261106C00540000,0.19,0.26,0.225,22,,,0.5336,0.0119,0.0005,-0.0301,0.0334,0.0035
2026-10-07,TSLA,376.625,2026-10-07T18:41:35.086546296Z,2026-11-06,30,C,550.0,1.460339,TSLA261106C00550000,0.19,0.22,0.205,2,,,0.5504,0.0106,0.0005,-0.0282,0.0303,0.0031
2026-10-07,TSLA,376.625,2026-10-07T18:41:35.214320883Z,2026-11-06,30,C,555.0,1.473614,TSLA261106C00555000,0.14,0.24,0.19,1,,,0.5566,0.0098,0.0004,-0.0266,0.0283,0.0029
2026-10-07,TSLA,376.625,2026-10-07T18:40:24.691709685Z,2026-11-06,30,C,560.0,1.48689,TSLA261106C00560000,0.16,0.23,0.195,1,,,0.5695,0.0099,0.0004,-0.0273,0.0284,0.0029
2026-10-07,TSLA,376.625,2026-10-07T18:41:35.161216066Z,2026-11-06,30,C,565.0,1.500166,TSLA261106C00565000,0.15,0.17,0.16,1,,,0.5671,0.0083,0.0004,-0.0233,0.0243,0.0024
2026-10-07,TSLA,376.625,2026-10-07T18:41:34.685632822Z,2026-11-06,30,C,570.0,1.513442,TSLA261106C00570000,0.14,0.2,0.17,1,,,0.5818,0.0085,0.0004,-0.0246,0.0251,0.0025
2026-10-07,TSLA,376.625,2026-10-07T18:41:35.189890903Z,2026-11-06,30,C,580.0,1.539993,TSLA261106C00580000,0.08,0.18,0.13,2,,,0.5849,0.0067,0.0003,-0.0199,0.0201,0.002
2026-10-07,TSLA,376.625,2026-10-07T18:41:34.078565228Z,2026-11-06,30,C,590.0,1.566545,TSLA261106C00590000,0.07,0.13,0.1,1,,,0.5882,0.0052,0.0002,-0.0161,0.0162,0.0015
2026-10-07,TSLA,376.625,2026-10-07T18:41:35.176341369Z,2026-11-06,30,C,600.0,1.593097,TSLA261106C00600000,0.09,0.11,0.1,2,,,0.6075,0.0051,0.0002,-0.0162,0.0158,0.0015
2026-10-07,TSLA,376.625,2026-10-07T18:41:35.802495895Z,2026-11-06,30,P,160.0,0.424826,TSLA261106P00160000,0.01,0.06,0.035,12,,,,,,,,
2026-10-07,TSLA,376.625,2026-10-07T18:41:35.081385062Z,2026-11-06,30,P,170.0,0.451377,TSLA261106P00170000,0.05,0.08,0.065,8,,,,,,,,
2026-10-07,TSLA,376.625,2026-10-07T18:40:58.130738267Z,2026-11-06,30,P,180.0,0.477929,TSLA261106P00180000,0.02,0.09,0.055,10,,,,,,,,
2026-10-07,TSLA,376.625,2026-10-07T18:41:35.088289597Z,2026-11-06,30,P,190.0,0.504481,TSLA261106P00190000,0.08,0.15,0.115,2,,,,,,,,
2026-10-07,TSLA,376.625,2026-10-07T18:41:35.224823897Z,2026-11-06,30,P,200.0,0.531032,TSLA261106P00200000,0.1,0.13,0.115,26,,,,,,,,
2026-10-07,TSLA,376.625,2026-10-07T18:41:35.008655362Z,2026-11-06,30,P,210.0,0.557584,TSLA261106P00210000,0.14,0.2,0.17,2,,,,,,,,
2026-10-07,TSLA,376.625,2026-10-07T18:41:34.098594995Z,2026-11-06,30,P,220.0,0.584135,TSLA261106P00220000,0.13,0.2,0.165,5,,,0.7797,-0.0057,0.0002,-0.0226,0.0176,-0.0019
2026-10-07,TSLA,376.625,2026-10-07T18:41:36.498428336Z,2026-11-06,30,P,230.0,0.610687,TSLA261106P00230000,0.22,0.24,0.23,32,,,0.7517,-0.008,0.0003,-0.0293,0.0237,-0.0027
2026-10-07,TSLA,376.625,2026-10-07T18:40:56.09129893Z,2026-11-06,30,P,235.0,0.623963,TSLA261106P00235000,0.24,0.3,0.27,2,,,0.7377,-0.0094,0.0003,-0.0331,0.0273,-0.0031
2026-10-07,TSLA,376.625,2026-10-07T18:40:53.828505985Z,2026-11-06,30,P,240.0,0.637239,TSLA261106P00240000,0.22,0.33,0.275,1,,,0.71,-0.0099,0.0003,-0.0334,0.0286,-0.0033
2026-10-07,TSLA,376.625,2026-10-07T18:41:35.306178524Z,2026-11-06,30,P,245.0,0.650514,TSLA261106P00245000,0.28,0.32,0.3,1,,,0.6892,-0.011,0.0004,-0.0356,0.0314,-0.0037
2026-10-07,TSLA,376.625,2026-10-07T18:41:33.065095148Z,2026-11-06,30,P,250.0,0.66379,TSLA261106P00250000,0.32,0.39,0.355,4,,,0.6764,-0.0131,0.0005,-0.0404,0.0363,-0.0043
2026-10-07,TSLA,376.625,2026-10-07T18:41:34.701817538Z,2026-11-06,30,P,260.0,0.690342,TSLA261106P00260000,0.39,0.45,0.42,4,,,0.635,-0.0161,0.0006,-0.0453,0.0435,-0.0053
2026-10-07,TSLA,376.625,2026-10-07T18:41:35.763011132Z,2026-11-06,30,P,495.0,1.314305,TSLA261106P00495000,112.9,121.68,117.29,,,,0.4419,-0.9809,0.001,0.015,0.0503,-0.3999
2026-10-07,TSLA,376.625,2026-10-07T18:41:34.312108679Z,2026-11-06,30,P,500.0,1.32758,TSLA261106P00500000,118.57,129.039,123.8045,1,,,0.6182,-0.9325,0.002,-0.0944,0.1409,-0.3903
2026-10-07,TSLA,376.625,2026-10-07T18:41:34.207664167Z,2026-11-06,30,P,505.0,1.340856,TSLA261106P00505000,123.77,133.21,128.49,,,,0.6122,-0.9415,0.0018,-0.0769,0.126,-0.3969
2026-10-07,TSLA,376.625,2026-10-07T18:40:23.704423127Z,2026-11-06,30,P,515.0,1.367408,TSLA261106P00515000,135.33,142.1,138.715,,,,0.664,-0.9375,0.0017,-0.0943,0.1327,-0.4041
2026-10-07,TSLA,376.625,2026-10-07T18:41:35.185879146Z,2026-11-06,30,P,520.0,1.380684,TSLA261106P00520000,138.92,147.5,143.21,,,,0.6391,-0.9509,0.0015,-0.0632,0.1096,-0.4119
2026-10-07,TSLA,376.625,2026-10-07T18:41:35.172059554Z,2026-11-06,30,P,525.0,1.39396,TSLA261106P00525000,143.45,154.82,149.135,1,,,0.7283,-0.9297,0.0017,-0.1232,0.1454,-0.4102
2026-10-07,TSLA,376.625,2026-10-07T18:41:35.781136085Z,2026-11-06,30,P,530.0,1.407235,TSLA261106P00530000,149.55,158.65,154.1,1,,,0.7427,-0.9313,0.0017,-0.123,0.1429,-0.4148
2026-10-07,TSLA,376.625,2026-10-07T18:41:35.188424105Z,2026-11-06,30,P,535.0,1.420511,TSLA261106P00535000,157.67,165.76,161.715,,,,0.9083,-0.8864,0.002,-0.2615,0.2077,-0.4072
2026-10-07,TSLA,376.625,2026-10-07T18:41:35.189344093Z,2026-11-06,30,P,540.0,1.433787,TSLA261106P00540000,162.73,167.88,165.305,,,,0.852,-0.9102,0.0018,-0.1943,0.175,-0.4175
2026-10-07,TSLA,376.625,2026-10-07T18:41:36.422492745Z,2026-11-06,30,P,550.0,1.460339,TSLA261106P00550000,168.29,176.5,172.395,,,,0.6372,-0.9754,0.0008,-0.0084,0.0623,-0.4435
2026-10-07,TSLA,376.625,2026-10-07T18:41:36.199413911Z,2026-11-06,30,P,555.0,1.473614,TSLA261106P00555000,174.97,184.41,179.69,,,,0.8642,-0.9236,0.0015,-0.1667,0.1549,-0.4335
2026-10-07,TSLA,376.625,2026-10-07T18:41:35.280438648Z,2026-11-06,30,P,560.0,1.48689,TSLA261106P00560000,177.04,185.63,181.335,,,,,,,,,
2026-10-07,TSLA,376.625,2026-10-07T18:41:35.406253041Z,2026-11-06,30,P,565.0,1.500166,TSLA261106P00565000,183.94,195.92,189.93,,,,0.9114,-0.9209,0.0015,-0.1843,0.1591,-0.441
2026-10-07,TSLA,376.625,2026-10-07T18:41:35.406253041Z,2026-11-06,30,P,570.0,1.513442,TSLA261106P00570000,187.15,198.54,192.845,,,,0.7571,-0.9631,0.001,-0.0505,0.087,-0.4565
2026-10-07,TSLA,376.625,2026-10-07T18:41:35.26899875Z,2026-11-06,30,P,580.0,1.539993,TSLA261106P00580000,199.44,209.8,204.62,,,,0.9376,-0.9281,0.0014,-0.1719,0.1479,-0.4553
2026-10-07,TSLA,376.625,2026-10-07T18:41:35.280608812Z,2026-11-06,30,P,590.0,1.566545,TSLA261106P00590000,212.76,218.36,215.56,,,,1.0272,-0.9143,0.0014,-0.2295,0.169,-0.4601
2026-10-07,TSLA,376.625,2026-10-07T18:41:35.280768643Z,2026-11-06,30,P,600.0,1.593097,TSLA261106P00600000,219.3,225.2,222.25,,,,0.7589,-0.9783,0.0006,-0.0078,0.0561,-0.4853
2026-10-07,TSLA,376.625,2026-10-07T18:41:34.309918885Z,2026-11-13,37,C,160.0,0.424826,TSLA261113C00160000,211.84,221.72,216.78,,,,,,,,,
2026-10-07,TSLA,376.625,2026-10-07T18:41:34.309688722Z,2026-11-13,37,C,170.0,0.451377,TSLA261113C00170000,200.69,213.22,206.955,,,,,,,,,
2026-10-07,TSLA,376.625,2026-10-07T18:41:34.096456876Z,2026-11-13,37,C,180.0,0.477929,TSLA261113C00180000,195.04,200.77,197.905,,,,,,,,,
2026-10-07,TSLA,376.625,2026-10-07T18:41:34.063051618Z,2026-11-13,37,C,190.0,0.504481,TSLA261113C00190000,181.21,191.49,186.35,,,,,,,,,
2026-10-07,TSLA,376.625,2026-10-07T18:41:35.241832085Z,2026-11-13,37,C,200.0,0.531032,TSLA261113C00200000,175.07,185.2,180.135,,,,,,,,,
2026-10-07,TSLA,376.625,2026-10-07T18:41:35.241832085Z,2026-11-13,37,C,210.0,0.557584,TSLA261113C00210000,162.65,173.8,168.225,,,,,,,,,
2026-10-07,TSLA,376.625,2026-10-07T18:41:34.309953803Z,2026-11-13,37,C,220.0,0.584135,TSLA261113C00220000,157.06,163.02,160.04,,,,,,,,,
2026-10-07,TSLA,376.625,2026-10-07T18:41:35.176226549Z,2026-11-13,37,C,230.0,0.610687,TSLA261113C00230000,143.7,151.97,147.835,,,,0.7544,0.9857,0.0004,-0.0684,0.0437,0.2263
2026-10-07,TSLA,376.625,2026-10-07T18:41:35.228136905Z,2026-11-13,37,C,235.0,0.623963,TSLA261113C00235000,140.72,146.6,143.66,2,,,0.8536,0.9702,0.0007,-0.1172,0.081,0.2246
2026-10-07,TSLA,376.625,2026-10-07T18:41:35.24654711Z,2026-11-13,37,C,240.0,0.637239,TSLA261113C00240000,133.47,140.15,136.81,2,,,,,,,,
2026-10-07,TSLA,376.625,2026-10-07T18:41:35.245197101Z,2026-11-13,37,C,245.0,0.650514,TSLA261113C00245000,127.85,135.72,131.785,,,,,,,,,
2026-10-07,TSLA,376.625,2026-10-07T18:41:34.060981557Z,2026-11-13,37,C,250.0,0.66379,TSLA261113C00250000,122.14,132.89,127.515,,,,0.5167,0.9953,0.0002,-0.038,0.0165,0.2505
2026-10-07,TSLA,376.625,2026-10-07T18:41:35.228151967Z,2026-11-13,37,C,260.0,0.690342,TSLA261113C00260000,112.43,120.43,116.43,,,,,,,,,
2026-10-07,TSLA,376.625,2026-10-07T18:41:34.060951605Z,2026-11-13,37,C,495.0,1.314305,TSLA261113C00495000,0.67,1.15,0.91,4,,,0.47,0.0419,0.0016,-0.0697,0.1073,0.0151
2026-10-07,TSLA,376.625,2026-10-07T18:41:34.480705235Z,2026-11-13,37,C,500.0,1.32758,TSLA261113C00500000,0.73,0.86,0.795,29,,,0.4725,0.0371,0.0014,-0.0634,0.0971,0.0133
2026-10-07,TSLA,376.625,2026-10-07T18:41:35.15414628Z,2026-11-13,37,C,505.0,1.340856,TSLA261113C00505000,0.56,0.93,0.745,2,,,0.4806,0.0345,0.0013,-0.0608,0.0916,0.0124
2026-10-07,TSLA,376.625,2026-10-07T18:41:34.070456686Z,2026-11-13,37,C,515.0,1.367408,TSLA261113C00515000,0.04,1.36,0.7,,,,0.5015,0.0316,0.0012,-0.0588,0.085,0.0113
2026-10-07,TSLA,376.625,2026-10-07T18:41:34.060892044Z,2026-11-13,37,C,520.0,1.380684,TSLA261113C00520000,0.07,1.31,0.69,,,,0.5129,0.0306,0.0011,-0.0586,0.0828,0.011
2026-10-07,TSLA,376.625,2026-10-07T18:41:34.076546672Z,2026-11-13,37,C,525.0,1.39396,TSLA261113C00525000,0.03,1.22,0.625,,,,0.5172,0.0278,0.001,-0.0546,0.0766,0.01
2026-10-07,TSLA,376.625,2026-10-07T18:41:34.060456549Z,2026-11-13,37,C,530.0,1.407235,TSLA261113C00530000,0.18,1.18,0.68,18,,,0.5365,0.0291,0.001,-0.0587,0.0795,0.0104
2026-10-07,TSLA,376.625,2026-10-07T18:41:34.060451609Z,2026-11-13,37,C,535.0,1.420511,TSLA261113C00535000,0.02,1.12,0.57,7,,,0.5337,0.025,0.0009,-0.0514,0.07,0.009
2026-10-07,TSLA,376.625,2026-10-07T18:41:34.060486762Z,2026-11-13,37,C,540.0,1.433787,TSLA261113C00540000,0.05,1.08,0.565,25,,,0.5447,0.0244,0.0009,-0.0514,0.0685,0.0087
2026-10-07,TSLA,376.625,2026-10-07T18:41:34.060586605Z,2026-11-13,37,C,550.0,1.460339,TSLA261113C00550000,0.03,0.54,0.285,,,,0.5159,0.0138,0.0006,-0.03,0.0423,0.005
2026-10-07,TSLA,376.625,2026-10-07T18:41:34.060596533Z,2026-11-13,37,C,555.0,1.473614,TSLA261113C00555000,0.03,0.96,0.495,2,,,0.5678,0.0209,0.0007,-0.047,0.0602,0.0075
2026-10-07,TSLA,376.625,2026-10-07T18:41:34.060586605Z,2026-11-13,37,C,560.0,1.48689,TSLA261113C00560000,0.03,0.97,0.5,,,,0.5796,0.0207,0.0007,-0.0476,0.0598,0.0074
2026-10-07,TSLA,376.625,2026-10-07T18:41:34.060456549Z,2026-11-13,37,C,565.0,1.500166,TSLA261113C00565000,0.01,0.95,0.48,,,,0.587,0.0198,0.0007,-0.0463,0.0575,0.0071
2026-10-07,TSLA,376.625,2026-10-07T18:41:34.07665696Z,2026-11-13,37,C,570.0,1.513442,TSLA261113C00570000,0.03,0.93,0.48,,,,0.5976,0.0195,0.0007,-0.0466,0.0567,0.0069
2026-10-07,TSLA,376.625,2026-10-07T18:41:34.060321555Z,2026-11-13,37,C,580.0,1.539993,TSLA261113C00580000,0.01,0.84,0.425,,,,0.6082,0.0172,0.0006,-0.0426,0.0511,0.0061
2026-10-07,TSLA,376.625,2026-10-07T18:41:34.060496583Z,2026-11-13,37,C,590.0,1.566545,TSLA261113C00590000,0.01,0.8,0.405,,,,0.6244,0.0161,0.0005,-0.0413,0.0483,0.0057
2026-10-07,TSLA,376.625,2026-10-07T18:41:35.006350037Z,2026-11-13,37,C,600.0,1.593097,TSLA261113C00600000,0.01,0.8,0.405,1,,,0.644,0.0157,0.0005,-0.0417,0.0472,0.0056
2026-10-07,TSLA,376.625,2026-10-07T18:41:33.075376406Z,2026-11-13,37,P,160.0,0.424826,TSLA261113P00160000,0,4.22,2.11,,,,,,,,,
2026-10-07,TSLA,376.625,2026-10-07T18:41:33.067196457Z,2026-11-13,37,P,170.0,0.451377,TSLA261113P00170000,0,0.09,0.045,15,,,,,,,,
2026-10-07,TSLA,376.625,2026-10-07T18:41:35.847937011Z,2026-11-13,37,P,180.0,0.477929,TSLA261113P00180000,0,0.1,0.05,10,,,,,,,,
2026-10-07,TSLA,376.625,2026-10-07T18:41:33.075276783Z,2026-11-13,37,P,190.0,0.504481,TSLA261113P00190000,0,4.38,2.19,6,,,,,,,,
2026-10-07,TSLA,376.625,2026-10-07T18:39:58.261439983Z,2026-11-13,37,P,200.0,0.531032,TSLA261113P00200000,0,4.28,2.14,21,,,,,,,,
2026-10-07,TSLA,376.625,2026-10-07T18:40:56.096058616Z,2026-11-13,37,P,210.0,0.557584,TSLA261113P00210000,0,4.37,2.185,5,,,,,,,,
2026-10-07,TSLA,376.625,2026-10-07T18:41:01.795629551Z,2026-11-13,37,P,220.0,0.584135,TSLA261113P00220000,0,4.29,2.145,,,,,,,,,
2026-10-07,TSLA,376.625,2026-10-07T18:41:35.154270518Z,2026-11-13,37,P,230.0,0.610687,TSLA261113P00230000,0.02,0.66,0.34,2,,,0.7143,-0.0108,0.0003,-0.0325,0.0341,-0.0045
2026-10-07,TSLA,376.625,2026-10-07T18:41:35.486086224Z,2026-11-13,37,P,235.0,0.623963,TSLA261113P00235000,0.01,0.4,0.205,2,,,0.6417,-0.0076,0.0003,-0.0214,0.0251,-0.0031
2026-10-07,TSLA,376.625,2026-10-07T18:41:35.145150526Z,2026-11-13,37,P,240.0,0.637239,TSLA261113P00240000,0.07,0.58,0.325,1,,,0.6551,-0.0113,0.0004,-0.0309,0.0354,-0.0046
2026-10-07,TSLA,376.625,2026-10-07T18:41:35.699021684Z,2026-11-13,37,P,245.0,0.650514,TSLA261113P00245000,0.03,0.55,0.29,67,,,0.6186,-0.0107,0.0004,-0.028,0.034,-0.0044
2026-10-07,TSLA,376.625,2026-10-07T18:41:36.378202913Z,2026-11-13,37,P,250.0,0.66379,TSLA261113P00250000,0.01,0.54,0.275,151,,,0.5885,-0.0107,0.0004,-0.0266,0.034,-0.0044
2026-10-07,TSLA,376.625,2026-10-07T18:41:35.963607154Z,2026-11-13,37,P,260.0,0.690342,TSLA261113P00260000,0.2,0.55,0.375,21,,,0.5632,-0.0148,0.0006,-0.0335,0.0448,-0.006
2026-10-07,TSLA,376.625,2026-10-07T18:41:35.165665579Z,2026-11-13,37,P,495.0,1.314305,TSLA261113P00495000,115.25,124.6,119.925,,,,0.6193,-0.8979,0.0024,-0.1297,0.2135,-0.4642
2026-10-07,TSLA,376.625,2026-10-07T18:41:34.094899018Z,2026-11-13,37,P,500.0,1.32758,TSLA261113P00500000,119.72,130.34,125.03,,,,0.6416,-0.8976,0.0023,-0.1361,0.214,-0.4693
2026-10-07,TSLA,376.625,2026-10-07T18:41:36.153282454Z,2026-11-13,37,P,505.0,1.340856,TSLA261113P00505000,125,134,129.5,,,,0.6328,-0.9095,0.0021,-0.1166,0.1954,-0.4783
2026-10-07,TSLA,376.625,2026-10-07T18:41:34.10281332Z,2026-11-13,37,P,515.0,1.367408,TSLA261113P00515000,135.06,142.2,138.63,,,,0.6164,-0.9304,0.0018,-0.0812,0.1603,-0.4956
2026-10-07,TSLA,376.625,2026-10-07T18:41:33.983653099Z,2026-11-13,37,P,520.0,1.380684,TSLA261113P00520000,141.22,149.23,145.225,,,,0.7183,-0.8999,0.002,-0.1526,0.2105,-0.4906
2026-10-07,TSLA,376.625,2026-10-07T18:41:34.172998533Z,2026-11-13,37,P,525.0,1.39396,TSLA261113P00525000,143.01,153.94,148.475,,,,0.6377,-0.9354,0.0017,-0.0767,0.1512,-0.5075
2026-10-07,TSLA,376.625,2026-10-07T18:41:35.166185586Z,2026-11-13,37,P,530.0,1.407235,TSLA261113P00530000,149.74,158.76,154.25,,,,0.7002,-0.92,0.0018,-0.1149,0.1781,-0.5075
2026-10-07,TSLA,376.625,2026-10-07T18:41:35.327415899Z,2026-11-13,37,P,535.0,1.420511,TSLA261113P00535000,157.6,163.38,160.49,,,,0.7794,-0.8991,0.0019,-0.1696,0.2117,-0.5058
2026-10-07,TSLA,376.625,2026-10-07T18:41:35.161030732Z,2026-11-13,37,P,540.0,1.433787,TSLA261113P00540000,157.46,170.24,163.85,,,,0.7072,-0.9295,0.0016,-0.0996,0.1618,-0.5208
2026-10-07,TSLA,376.625,2026-10-07T18:41:36.271263528Z,2026-11-13,37,P,550.0,1.460339,TSLA261113P00550000,167.14,178.8,172.97,,,,0.675,-0.9493,0.0013,-0.0572,0.125,-0.5376
2026-10-07,TSLA,376.625,2026-10-07T18:41:35.339575946Z,2026-11-13,37,P,555.0,1.473614,TSLA261113P00555000,173.26,180.35,176.805,,,,0.5589,-0.9808,0.0007,0.0161,0.0561,-0.5535
2026-10-07,TSLA,376.625,2026-10-07T18:41:34.12348345Z,2026-11-13,37,P,560.0,1.48689,TSLA261113P00560000,180.65,184.12,182.385,,,,0.6499,-0.9638,0.001,-0.0252,0.0952,-0.5527
2026-10-07,TSLA,376.625,2026-10-07T18:41:36.198997542Z,2026-11-13,37,P,565.0,1.500166,TSLA261113P00565000,181.43,193.58,187.505,,,,0.6759,-0.9609,0.001,-0.0339,0.1015,-0.5567
2026-10-07,TSLA,376.625,2026-10-07T18:41:35.42760112Z,2026-11-13,37,P,570.0,1.513442,TSLA261113P00570000,190.05,198.72,194.385,,,,0.827,-0.9235,0.0014,-0.1345,0.1722,-0.5495
2026-10-07,TSLA,376.625,2026-10-07T18:41:36.2586877Z,2026-11-13,37,P,580.0,1.539993,TSLA261113P00580000,197.84,205.68,201.76,,,,0.6216,-0.9805,0.0006,0.0135,0.0567,-0.5787
2026-10-07,TSLA,376.625,2026-10-07T18:41:34.122413359Z,2026-11-13,37,P,590.0,1.566545,TSLA261113P00590000,206.08,213.5,209.79,,,,,,,,,
2026-10-07,TSLA,376.625,2026-10-07T18:41:36.2586877Z,2026-11-13,37,P,600.0,1.593097,TSLA261113P00600000,216.59,230.99,223.79,,,,0.8722,-0.9365,0.0012,-0.1143,0.1493,-0.5842
2026-10-07,USO,143.08,2026-10-07T18:41:27.932596212Z,2026-11-06,30,C,60.0,0.419346,USO261106C00060000,82.45,83.53,82.99,,,,,,,,,
2026-10-07,USO,143.08,2026-10-07T18:41:29.626943738Z,2026-11-06,30,C,65.0,0.454291,USO261106C00065000,77.57,81.64,79.605,,,,,,,,,
2026-10-07,USO,143.08,2026-10-07T18:41:32.060393381Z,2026-11-06,30,C,70.0,0.489237,USO261106C00070000,72.4,76.52,74.46,,,,,,,,,
2026-10-07,USO,143.08,2026-10-07T18:41:23.50056535Z,2026-11-06,30,C,75.0,0.524182,USO261106C00075000,65.61,70.25,67.93,,,,,,,,,
2026-10-07,USO,143.08,2026-10-07T18:41:32.114018147Z,2026-11-06,30,C,80.0,0.559128,USO261106C00080000,60.56,66.49,63.525,,,,,,,,,
2026-10-07,USO,143.08,2026-10-07T18:41:24.425551357Z,2026-11-06,30,C,85.0,0.594073,USO261106C00085000,55.96,60.85,58.405,1,,,,,,,,
2026-10-07,USO,143.08,2026-10-07T18:41:26.976725375Z,2026-11-06,30,C,90.0,0.629019,USO261106C00090000,51.3,55.33,53.315,,,,,,,,,
2026-10-07,USO,143.08,2026-10-07T18:41:29.552039058Z,2026-11-06,30,C,95.0,0.663964,USO261106C00095000,45.99,49.6,47.795,2,,,,,,,,
2026-10-07,USO,143.08,2026-10-07T18:41:26.968735498Z,2026-11-06,30,C,100.0,0.69891,USO261106C00100000,41.2,44.54,42.87,28,,,,,,,,
2026-10-07,USO,143.08,2026-10-07T18:41:26.95821686Z,2026-11-06,30,C,190.0,1.327928,USO261106C00190000,0.4,0.48,0.44,7,,,0.5601,0.0487,0.0044,-0.0394,0.0415,0.0054
2026-10-07,USO,143.08,2026-10-07T18:41:36.837572576Z,2026-11-06,30,C,195.0,1.362874,USO261106C00195000,0.28,0.42,0.35,18,,,0.5765,0.039,0.0036,-0.0339,0.0347,0.0043
2026-10-07,USO,143.08,2026-10-07T18:41:36.84455252Z,2026-11-06,30,C,200.0,1.397819,USO261106C00200000,0.2,0.31,0.255,1,,,0.5831,0.0292,0.0028,-0.027,0.0273,0.0032
2026-10-07,USO,143.08,2026-10-07T18:41:36.836992842Z,2026-11-06,30,C,205.0,1.432765,USO261106C00205000,0.15,0.26,0.205,3,,,0.598,0.0236,0.0023,-0.0231,0.0228,0.0026
2026-10-07,USO,143.08,2026-10-07T18:41:36.836947991Z,2026-11-06,30,C,210.0,1.46771,USO261106C00210000,0.16,0.69,0.425,23,,,0.7092,0.039,0.0029,-0.0415,0.0347,0.0042
2026-10-07,USO,143.08,2026-10-07T18:41:36.837028337Z,2026-11-06,30,C,215.0,1.502656,USO261106C00215000,0.08,0.19,0.135,1,,,0.6258,0.0156,0.0015,-0.017,0.0161,0.0017
2026-10-07,USO,143.08,2026-10-07T18:41:36.84304387Z,2026-11-06,30,C,220.0,1.537601,USO261106C00220000,0.08,0.16,0.12,198,,,0.6457,0.0137,0.0013,-0.0156,0.0144,0.0015
2026-10-07,USO,143.08,2026-10-07T18:35:19.170295491Z,2026-11-06,30,P,60.0,0.419346,USO261106P00060000,0,2.11,1.055,,,,,,,,,
2026-10-07,USO,143.08,2026-10-07T18:35:58.204702102Z,2026-11-06,30,P,65.0,0.454291,USO261106P00065000,0,2.09,1.045,,,,,,,,,
2026-10-07,USO,143.08,2026-10-07T18:31:21.986593108Z,2026-11-06,30,P,70.0,0.489237,USO261106P00070000,0,2.1,1.05,,,,,,,,,
2026-10-07,USO,143.08,2026-10-07T18:41:22.054822904Z,2026-11-06,30,P,75.0,0.524182,USO261106P00075000,0,2.15,1.075,,,,,,,,,
2026-10-07,USO,143.08,2026-10-07T18:35:19.182290276Z,2026-11-06,30,P,80.0,0.559128,USO261106P00080000,0,2.15,1.075,,,,,,,,,
2026-10-07,USO,143.08,2026-10-07T18:41:38.45067132Z,2026-11-06,30,P,85.0,0.594073,USO261106P00085000,0,2.16,1.08,,,,,,,,,
2026-10-07,USO,143.08,2026-10-07T18:35:19.176274982Z,2026-11-06,30,P,90.0,0.629019,USO261106P00090000,0,0.62,0.31,,,,,,,,,
2026-10-07,USO,143.08,2026-10-07T18:41:38.450681686Z,2026-11-06,30,P,95.0,0.663964,USO261106P00095000,0,0.81,0.405,,,,,,,,,
2026-10-07,USO,143.08,2026-10-07T18:41:38.320801108Z,2026-11-06,30,P,100.0,0.69891,USO261106P00100000,0.04,0.13,0.085,30,,,0.5658,-0.0102,0.0012,-0.0104,0.0112,-0.0013
2026-10-07,USO,143.08,2026-10-07T18:36:27.206474669Z,2026-11-06,30,P,190.0,1.327928,USO261106P00190000,45.47,48.27,46.87,,,,0.6254,-0.9288,0.0053,-0.039,0.0559,-0.1479
2026-10-07,USO,143.08,2026-10-07T18:35:34.413874022Z,2026-11-06,30,P,195.0,1.362874,USO261106P00195000,49.59,54.13,51.86,,,,0.67,-0.9321,0.0048,-0.0403,0.0539,-0.1524
2026-10-07,USO,143.08,2026-10-07T18:41:27.001815274Z,2026-11-06,30,P,200.0,1.397819,USO261106P00200000,53.8,58.37,56.085,,,,0.3737,-0.9988,0.0003,0.0202,0.0017,-0.1637
2026-10-07,USO,143.08,2026-10-07T18:41:32.086773285Z,2026-11-06,30,P,205.0,1.432765,USO261106P00205000,58.8,64.41,61.605,,,,0.7032,-0.9515,0.0035,-0.0273,0.0413,-0.1627
2026-10-07,USO,143.08,2026-10-07T18:41:32.111028184Z,2026-11-06,30,P,210.0,1.46771,USO261106P00210000,63.61,68.27,65.94,,,,,,,,,
2026-10-07,USO,143.08,2026-10-07T18:41:26.981405214Z,2026-11-06,30,P,215.0,1.502656,USO261106P00215000,69.55,72.61,71.08,,,,0.5518,-0.9932,0.0008,0.0156,0.0078,-0.1754
2026-10-07,USO,143.08,2026-10-07T18:39:45.883283166Z,2026-11-06,30,P,220.0,1.537601,USO261106P00220000,74.63,78.6,76.615,,,,0.8258,-0.9535,0.0029,-0.0323,0.04,-0.1753
2026-10-07,USO,143.08,2026-10-07T18:39:55.340855348Z,2026-11-13,37,C,60.0,0.419346,USO261113C00060000,80.45,85.35,82.9,,,,,,,,,
2026-10-07,USO,143.08,2026-10-07T18:41:32.759236237Z,2026-11-13,37,C,65.0,0.454291,USO261113C00065000,76.41,81.16,78.785,,,,,,,,,
2026-10-07,USO,143.08,2026-10-07T18:41:27.080689339Z,2026-11-13,37,C,70.0,0.489237,USO261113C00070000,70.73,75.26,72.995,,,,,,,,,
2026-10-07,USO,143.08,2026-10-07T18:41:32.170302144Z,2026-11-13,37,C,75.0,0.524182,USO261113C00075000,66.06,71.03,68.545,,,,,,,,,
2026-10-07,USO,143.08,2026-10-07T18:41:22.358316799Z,2026-11-13,37,C,80.0,0.559128,USO261113C00080000,61.38,64.44,62.91,,,,,,,,,
2026-10-07,USO,143.08,2026-10-07T18:41:22.379081052Z,2026-11-13,37,C,85.0,0.594073,USO261113C00085000,56.47,61.06,58.765,,,,0.7673,0.9886,0.0009,-0.023,0.0137,0.084
2026-10-07,USO,143.08,2026-10-07T18:41:27.071869422Z,2026-11-13,37,C,90.0,0.629019,USO261113C00090000,51.96,54.75,53.355,,,,,,,,,
2026-10-07,USO,143.08,2026-10-07T18:40:01.037102155Z,2026-11-13,37,C,95.0,0.663964,USO261113C00095000,46.1,50.49,48.295,,,,,,,,,
2026-10-07,USO,143.08,2026-10-07T18:41:27.08073441Z,2026-11-13,37,C,100.0,0.69891,USO261113C00100000,41.71,45.49,43.6,,,,,,,,,
2026-10-07,USO,143.08,2026-10-07T18:41:26.95686566Z,2026-11-13,37,C,190.0,1.327928,USO261113C00190000,0.58,0.71,0.645,1,,,0.543,0.0639,0.005,-0.0428,0.057,0.0086
2026-10-07,USO,143.08,2026-10-07T18:41:26.956844588Z,2026-11-13,37,C,195.0,1.362874,USO261113C00195000,0.45,0.57,0.51,,,,0.5551,0.0512,0.0042,-0.0367,0.048,0.0069
2026-10-07,USO,143.08,2026-10-07T18:41:36.835830617Z,2026-11-13,37,C,200.0,1.397819,USO261113C00200000,0.38,0.49,0.435,1,,,0.5738,0.0434,0.0035,-0.0332,0.042,0.0059
2026-10-07,USO,143.08,2026-10-07T18:41:29.420611816Z,2026-11-13,37,C,205.0,1.432765,USO261113C00205000,0.28,0.38,0.33,2,,,0.5795,0.0338,0.0028,-0.0273,0.0342,0.0046
2026-10-07,USO,143.08,2026-10-07T18:41:36.845571146Z,2026-11-13,37,C,210.0,1.46771,USO261113C00210000,0.25,0.34,0.295,7,,,0.6001,0.0297,0.0025,-0.0254,0.0308,0.004
2026-10-07,USO,143.08,2026-10-07T18:41:36.835455574Z,2026-11-13,37,C,215.0,1.502656,USO261113C00215000,0.17,0.95,0.56,,,,0.7022,0.0459,0.003,-0.0424,0.044,0.0061
2026-10-07,USO,143.08,2026-10-07T18:41:22.064051896Z,2026-11-13,37,C,220.0,1.537601,USO261113C00220000,0.13,0.27,0.2,1,,,0.6223,0.0204,0.0017,-0.0192,0.0225,0.0028
2026-10-07,USO,143.08,2026-10-07T18:35:19.171254911Z,2026-11-13,37,P,60.0,0.419346,USO261113P00060000,0,2.11,1.055,,,,,,,,,
2026-10-07,USO,143.08,2026-10-07T18:35:19.171859785Z,2026-11-13,37,P,65.0,0.454291,USO261113P00065000,0,2.09,1.045,,,,,,,,,
2026-10-07,USO,143.08,2026-10-07T18:34:14.638087062Z,2026-11-13,37,P,70.0,0.489237,USO261113P00070000,0,2.15,1.075,,,,,,,,,
2026-10-07,USO,143.08,2026-10-07T18:38:34.476881002Z,2026-11-13,37,P,75.0,0.524182,USO261113P00075000,0,2.15,1.075,,,,,,,,,
2026-10-07,USO,143.08,2026-10-07T18:34:30.668459258Z,2026-11-13,37,P,80.0,0.559128,USO261113P00080000,0,2.15,1.075,,,,,,,,,
2026-10-07,USO,143.08,2026-10-07T18:41:38.451383741Z,2026-11-13,37,P,85.0,0.594073,USO261113P00085000,0,2.17,1.085,,,,,,,,,
2026-10-07,USO,143.08,2026-10-07T18:41:38.450584956Z,2026-11-13,37,P,90.0,0.629019,USO261113P00090000,0,2.12,1.06,,,,,,,,,
2026-10-07,USO,143.08,2026-10-07T18:41:38.441973303Z,2026-11-13,37,P,95.0,0.663964,USO261113P00095000,0.03,0.15,0.09,,,,0.5786,-0.0095,0.001,-0.009,0.0117,-0.0015
2026-10-07,USO,143.08,2026-10-07T18:41:38.452338276Z,2026-11-13,37,P,100.0,0.69891,USO261113P00100000,0.12,0.2,0.16,10,,,0.5588,-0.0165,0.0016,-0.0139,0.0187,-0.0026
2026-10-07,USO,143.08,2026-10-07T18:36:27.201943297Z,2026-11-13,37,P,190.0,1.327928,USO261113P00190000,44.62,48.98,46.8,,,,0.5734,-0.9241,0.0055,-0.0313,0.0652,-0.1817
2026-10-07,USO,143.08,2026-10-07T18:38:44.015087312Z,2026-11-13,37,P,195.0,1.362874,USO261113P00195000,49.63,54.27,51.95,,,,0.6389,-0.9183,0.0052,-0.0398,0.0689,-0.186
2026-10-07,USO,143.08,2026-10-07T18:35:33.447794223Z,2026-11-13,37,P,200.0,1.397819,USO261113P00200000,55.31,59.48,57.395,,,,0.7411,-0.8995,0.0052,-0.0605,0.0804,-0.1888
2026-10-07,USO,143.08,2026-10-07T18:38:48.759200479Z,2026-11-13,37,P,205.0,1.432765,USO261113P00205000,59.38,62.74,61.06,,,,0.5137,-0.9814,0.0019,0.0072,0.0207,-0.2044
2026-10-07,USO,143.08,2026-10-07T18:41:32.7404363Z,2026-11-13,37,P,210.0,1.46771,USO261113P00210000,64.83,68.82,66.825,,,,0.7408,-0.9314,0.0039,-0.0389,0.0603,-0.203
2026-10-07,USO,143.08,2026-10-07T18:41:29.261796371Z,2026-11-13,37,P,215.0,1.502656,USO261113P00215000,68.85,74.46,71.655,,,,0.7484,-0.9415,0.0034,-0.0318,0.0533,-0.2094
2026-10-07,USO,143.08,2026-10-07T18:41:27.036999618Z,2026-11-13,37,P,220.0,1.537601,USO261113P00220000,75.92,78.32,77.12,,,,0.8623,-0.9208,0.0038,-0.0561,0.0673,-0.2119
2026-10-08,AAPL,340.14,2026-10-08T18:40:57.238465334Z,2026-11-06,29,C,215.0,0.632093,AAPL261106C00215000,123.98,126.33,125.155,16,,,,,,,,
2026-10-08,AAPL,340.14,2026-10-08T18:40:57.233760268Z,2026-11-06,29,C,220.0,0.646792,AAPL261106C00220000,119.18,123.14,121.16,,,,0.753,0.9851,0.0005,-0.0697,0.0361,0.1699
2026-10-08,AAPL,340.14,2026-10-08T18:40:54.217460483Z,2026-11-06,29,C,230.0,0.676192,AAPL261106C00230000,110.94,114.29,112.615,1,,,0.901,0.9534,0.0011,-0.1677,0.0934,0.1681
2026-10-08,AAPL,340.14,2026-10-08T18:40:54.221675631Z,2026-11-06,29,C,235.0,0.690892,AAPL261106C00235000,104.25,107.95,106.1,1,,,0.6237,0.9864,0.0006,-0.0605,0.0334,0.1822
2026-10-08,AAPL,340.14,2026-10-08T18:40:58.259475417Z,2026-11-06,29,P,215.0,0.632093,AAPL261106P00215000,0,0.37,0.185,1,,,,,,,,
2026-10-08,AAPL,340.14,2026-10-08T18:40:58.315815491Z,2026-11-06,29,P,220.0,0.646792,AAPL261106P00220000,0.05,0.12,0.085,6,,,0.6141,-0.0044,0.0002,-0.0129,0.0123,-0.0013
2026-10-08,AAPL,340.14,2026-10-08T18:40:58.247541281Z,2026-11-06,29,P,230.0,0.676192,AAPL261106P00230000,0.03,0.1,0.065,2,,,0.5407,-0.0039,0.0002,-0.0102,0.0111,-0.0011
2026-10-08,AAPL,340.14,2026-10-08T18:40:58.314950463Z,2026-11-06,29,P,235.0,0.690892,AAPL261106P00235000,0.03,0.14,0.085,2,,,0.5294,-0.0051,0.0003,-0.0126,0.014,-0.0014
2026-10-08,AAPL,340.14,2026-10-08T18:40:57.232150075Z,2026-11-13,36,C,215.0,0.632093,AAPL261113C00215000,123.76,129.72,126.74,,,,0.7958,0.9759,0.0007,-0.0889,0.0606,0.2023
2026-10-08,AAPL,340.14,2026-10-08T18:40:57.238930456Z,2026-11-13,36,C,220.0,0.646792,AAPL261113C00220000,121.08,123.57,122.325,,,,0.8384,0.9641,0.0009,-0.1201,0.0843,0.2027
2026-10-08,AAPL,340.14,2026-10-08T18:40:57.239635209Z,2026-11-13,36,C,230.0,0.676192,AAPL261113C00230000,108.86,113.58,111.22,,,,0.5783,0.9882,0.0005,-0.0504,0.0328,0.2218
2026-10-08,AAPL,340.14,2026-10-08T18:40:57.232145526Z,2026-11-13,36,C,235.0,0.690892,AAPL261113C00235000,102.68,108.85,105.765,2,,,,,,,,
2026-10-08,AAPL,340.14,2026-10-08T18:40:58.010111622Z,2026-11-13,36,P,215.0,0.632093,AAPL261113P00215000,0.01,0.05,0.03,3,,,0.5198,-0.0018,0.0001,-0.0043,0.0061,-0.0006
2026-10-08,AAPL,340.14,2026-10-08T18:40:58.309447214Z,2026-11-13,36,P,220.0,0.646792,AAPL261113P00220000,0.01,0.04,0.025,5,,,0.4874,-0.0016,0.0001,-0.0037,0.0055,-0.0006
2026-10-08,AAPL,340.14,2026-10-08T18:40:58.243792588Z,2026-11-13,36,P,230.0,0.676192,AAPL261113P00230000,0.03,0.07,0.05,12,,,0.4728,-0.0031,0.0002,-0.0065,0.0102,-0.0011
2026-10-08,AAPL,340.14,2026-10-08T18:40:58.243610527Z,2026-11-13,36,P,235.0,0.690892,AAPL261113P00235000,0.03,0.12,0.075,2,,,0.4693,-0.0046,0.0003,-0.0091,0.0142,-0.0016
2026-10-08,NVDA,230.475,2026-10-08T18:40:54.196181845Z,2026-11-06,29,C,130.0,0.564053,NVDA261106C00130000,98,103.53,100.765,1,,,,,,,,
2026-10-08,NVDA,230.475,2026-10-08T18:40:58.822993384Z,2026-11-06,29,C,135.0,0.585747,NVDA261106C00135000,92.56,101.87,97.215,1,,,,,,,,
2026-10-08,NVDA,230.475,2026-10-08T18:40:58.812713766Z,2026-11-06,29,C,140.0,0.607441,NVDA261106C00140000,90.07,95.71,92.89,6,,,,,,,,
2026-10-08,NVDA,230.475,2026-10-08T18:40:58.812718316Z,2026-11-06,29,C,145.0,0.629135,NVDA261106C00145000,84.57,90.36,87.465,2,,,,,,,,
2026-10-08,NVDA,230.475,2026-10-08T18:40:58.822048306Z,2026-11-06,29,C,150.0,0.65083,NVDA261106C00150000,79.29,84.64,81.965,1,,,0.945,0.9605,0.0014,-0.1052,0.0554,0.1107
2026-10-08,NVDA,230.475,2026-10-08T18:40:58.812553378Z,2026-11-06,29,C,155.0,0.672524,NVDA261106C00155000,73.55,80.47,77.01,1,,,0.8896,0.9572,0.0016,-0.1061,0.0592,0.114
2026-10-08,NVDA,230.475,2026-10-08T18:40:58.822084072Z,2026-11-06,29,C,160.0,0.694218,NVDA261106C00160000,70.32,75.44,72.88,,,,0.948,0.9345,0.0021,-0.1506,0.0828,0.1132
2026-10-08,NVDA,230.475,2026-10-08T18:40:59.139859325Z,2026-11-06,29,C,305.0,1.323354,NVDA261106C00305000,0.01,0.07,0.04,22,,,0.3771,0.0053,0.0006,-0.0066,0.0099,0.0009
2026-10-08,NVDA,230.475,2026-10-08T18:40:59.129829776Z,2026-11-06,29,C,310.0,1.345048,NVDA261106C00310000,0.03,0.07,0.05,1,,,0.4061,0.0061,0.0007,-0.008,0.0112,0.0011
2026-10-08,NVDA,230.475,2026-10-08T18:41:02.50741803Z,2026-11-06,29,C,315.0,1.366743,NVDA261106C00315000,0.01,0.07,0.04,,,,0.4154,0.0049,0.0005,-0.0067,0.0092,0.0009
2026-10-08,NVDA,230.475,2026-10-08T18:40:57.381059662Z,2026-11-06,29,C,320.0,1.388437,NVDA261106C00320000,0.03,0.06,0.045,1,,,0.4393,0.0052,0.0005,-0.0074,0.0097,0.0009
2026-10-08,NVDA,230.475,2026-10-08T18:41:00.4579828Z,2026-11-06,29,C,325.0,1.410131,NVDA261106C00325000,0,0.06,0.03,1,,,,,,,,
2026-10-08,NVDA,230.475,2026-10-08T18:40:57.381000963Z,2026-11-06,29,C,330.0,1.431826,NVDA261106C00330000,0,0.06,0.03,1,,,,,,,,
2026-10-08,NVDA,230.475,2026-10-08T18:41:03.812203483Z,2026-11-06,29,P,130.0,0.564053,NVDA261106P00130000,0.03,0.06,0.045,2,,,0.7678,-0.0028,0.0002,-0.0074,0.0056,-0.0006
2026-10-08,NVDA,230.475,2026-10-08T18:41:03.803863512Z,2026-11-06,29,P,135.0,0.585747,NVDA261106P00135000,0.03,0.11,0.07,64,,,0.7566,-0.0043,0.0003,-0.0106,0.0082,-0.0008
2026-10-08,NVDA,230.475,2026-10-08T18:41:03.803888557Z,2026-11-06,29,P,140.0,0.607441,NVDA261106P00140000,0.04,0.08,0.06,4,,,0.6974,-0.004,0.0003,-0.0092,0.0078,-0.0008
2026-10-08,NVDA,230.475,2026-10-08T18:40:50.426962001Z,2026-11-06,29,P,145.0,0.629135,NVDA261106P00145000,0.06,0.11,0.085,3,,,0.6793,-0.0057,0.0004,-0.0122,0.0105,-0.0011
2026-10-08,NVDA,230.475,2026-10-08T18:41:03.761873493Z,2026-11-06,29,P,150.0,0.65083,NVDA261106P00150000,0.1,0.14,0.12,21,,,0.662,-0.008,0.0005,-0.016,0.0142,-0.0016
2026-10-08,NVDA,230.475,2026-10-08T18:41:03.012883492Z,2026-11-06,29,P,155.0,0.672524,NVDA261106P00155000,0.08,0.11,0.095,21,,,0.5987,-0.0071,0.0005,-0.013,0.0128,-0.0014
2026-10-08,NVDA,230.475,2026-10-08T18:40:39.642096757Z,2026-11-06,29,P,160.0,0.694218,NVDA261106P00160000,0.1,0.13,0.115,9,,,0.5695,-0.0088,0.0006,-0.015,0.0155,-0.0017
2026-10-08,NVDA,230.475,2026-10-08T18:41:03.804303571Z,2026-11-06,29,P,305.0,1.323354,NVDA261106P00305000,71.03,77.33,74.18,,,,0.5443,-0.9582,0.0025,-0.0229,0.058,-0.2344
2026-10-08,NVDA,230.475,2026-10-08T18:41:03.804204044Z,2026-11-06,29,P,310.0,1.345048,NVDA261106P00310000,75.28,83.06,79.17,,,,0.5706,-0.9594,0.0024,-0.0236,0.0566,-0.2386
2026-10-08,NVDA,230.475,2026-10-08T18:41:03.80420856Z,2026-11-06,29,P,315.0,1.366743,NVDA261106P00315000,79.46,87.36,83.41,,,,,,,,,
2026-10-08,NVDA,230.475,2026-10-08T18:40:58.812555851Z,2026-11-06,29,P,320.0,1.388437,NVDA261106P00320000,84.28,94.15,89.215,,,,0.633,-0.9585,0.0022,-0.0298,0.0577,-0.2464
2026-10-08,NVDA,230.475,2026-10-08T18:41:03.804204044Z,2026-11-06,29,P,325.0,1.410131,NVDA261106P00325000,90.29,98.19,94.24,,,,0.6639,-0.9579,0.0021,-0.0331,0.0583,-0.2503
2026-10-08,NVDA,230.475,2026-10-08T18:40:58.822651272Z,2026-11-06,29,P,330.0,1.431826,NVDA261106P00330000,96.86,103.67,100.265,,,,0.8241,-0.9217,0.0027,-0.1016,0.095,-0.2484
2026-10-08,NVDA,230.475,2026-10-08T18:40:58.810807963Z,2026-11-13,36,C,130.0,0.564053,NVDA261113C00130000,101.45,107.03,104.24,,,,,,,,,
2026-10-08,NVDA,230.475,2026-10-08T18:40:58.810807963Z,2026-11-13,36,C,135.0,0.585747,NVDA261113C00135000,93.85,99.75,96.8,,,,,,,,,
2026-10-08,NVDA,230.475,2026-10-08T18:40:58.810803356Z,2026-11-13,36,C,140.0,0.607441,NVDA261113C00140000,89.33,93.97,91.65,,,,0.8844,0.9742,0.0009,-0.0675,0.0434,0.131
2026-10-08,NVDA,230.475,2026-10-08T18:40:58.810832507Z,2026-11-13,36,C,145.0,0.629135,NVDA261113C00145000,84.82,88.99,86.905,,,,0.878,0.9665,0.0012,-0.0803,0.0539,0.1339
2026-10-08,NVDA,230.475,2026-10-08T18:40:58.810832507Z,2026-11-13,36,C,150.0,0.65083,NVDA261113C00150000,79.85,85.61,82.73,1,,,0.9422,0.9465,0.0016,-0.1176,0.0788,0.1335
2026-10-08,NVDA,230.475,2026-10-08T18:40:58.810832507Z,2026-11-13,36,C,155.0,0.672524,NVDA261113C00155000,75.49,80.68,78.085,1,,,0.9224,0.9366,0.0019,-0.13,0.09,0.1358
2026-10-08,NVDA,230.475,2026-10-08T18:40:58.810832507Z,2026-11-13,36,C,160.0,0.694218,NVDA261113C00160000,70.3,74.34,72.32,,,,0.7709,0.9499,0.0019,-0.0958,0.0748,0.1445
2026-10-08,NVDA,230.475,2026-10-08T18:40:58.815517462Z,2026-11-13,36,C,305.0,1.323354,NVDA261113C00305000,0.06,0.09,0.075,6,,,0.3626,0.0088,0.0009,-0.0089,0.0173,0.0019
2026-10-08,NVDA,230.475,2026-10-08T18:40:54.192850895Z,2026-11-13,36,C,310.0,1.345048,NVDA261113C00310000,0.01,0.05,0.03,7,,,0.3446,0.004,0.0005,-0.0042,0.0086,0.0009
2026-10-08,NVDA,230.475,2026-10-08T18:40:58.883007703Z,2026-11-13,36,C,315.0,1.366743,NVDA261113C00315000,0.01,0.04,0.025,10,,,0.3547,0.0033,0.0004,-0.0036,0.0072,0.0007
2026-10-08,NVDA,230.475,2026-10-08T18:40:59.098998883Z,2026-11-13,36,C,320.0,1.388437,NVDA261113C00320000,0.01,0.03,0.02,4,,,0.3629,0.0026,0.0003,-0.003,0.0059,0.0006
2026-10-08,NVDA,230.475,2026-10-08T18:41:02.455285355Z,2026-11-13,36,C,325.0,1.410131,NVDA261113C00325000,0.01,0.07,0.04,3,,,0.4049,0.0045,0.0005,-0.0055,0.0096,0.001
2026-10-08,NVDA,230.475,2026-10-08T18:41:02.45711038Z,2026-11-13,36,C,330.0,1.431826,NVDA261113C00330000,0.03,0.07,0.05,1,,,0.4308,0.0053,0.0005,-0.0067,0.0109,0.0011
2026-10-08,NVDA,230.475,2026-10-08T18:40:58.823306316Z,2026-11-13,36,P,130.0,0.564053,NVDA261113P00130000,0.03,0.05,0.04,1,,,0.6816,-0.0026,0.0002,-0.0054,0.0057,-0.0006
2026-10-08,NVDA,230.475,2026-10-08T18:40:58.823296332Z,2026-11-13,36,P,135.0,0.585747,NVDA261113P00135000,0.08,0.1,0.09,7,,,0.7,-0.0052,0.0003,-0.0105,0.0109,-0.0013
2026-10-08,NVDA,230.475,2026-10-08T18:40:57.381146043Z,2026-11-13,36,P,140.0,0.607441,NVDA261113P00140000,0.09,0.13,0.11,1,,,0.6728,-0.0065,0.0004,-0.0122,0.0133,-0.0016
2026-10-08,NVDA,230.475,2026-10-08T18:41:02.01153986Z,2026-11-13,36,P,145.0,0.629135,NVDA261113P00145000,0.06,0.1,0.08,2,,,0.6062,-0.0054,0.0004,-0.0093,0.0112,-0.0013
2026-10-08,NVDA,230.475,2026-10-08T18:40:58.830976348Z,2026-11-13,36,P,150.0,0.65083,NVDA261113P00150000,0.08,0.16,0.12,1,,,0.5951,-0.0079,0.0005,-0.0128,0.0158,-0.0019
2026-10-08,NVDA,230.475,2026-10-08T18:40:59.016293031Z,2026-11-13,36,P,155.0,0.672524,NVDA261113P00155000,0.1,0.18,0.14,3,,,0.5658,-0.0096,0.0006,-0.0143,0.0186,-0.0023
2026-10-08,NVDA,230.475,2026-10-08T18:41:00.563954225Z,2026-11-13,36,P,160.0,0.694218,NVDA261113P00160000,0.17,0.21,0.19,2,,,0.5484,-0.013,0.0008,-0.0181,0.0242,-0.0031
2026-10-08,NVDA,230.475,2026-10-08T18:41:03.804250955Z,2026-11-13,36,P,305.0,1.323354,NVDA261113P00305000,70.21,77.46,73.835,,,,0.4684,-0.9645,0.0023,-0.0051,0.0565,-0.2921
2026-10-08,NVDA,230.475,2026-10-08T18:41:03.804406153Z,2026-11-13,36,P,310.0,1.345048,NVDA261113P00310000,75.97,84.84,80.405,,,,0.6661,-0.9023,0.0036,-0.0847,0.1249,-0.2844
2026-10-08,NVDA,230.475,2026-10-08T18:41:03.804406153Z,2026-11-13,36,P,315.0,1.366743,NVDA261113P00315000,79.87,89.66,84.765,,,,0.6369,-0.9256,0.0031,-0.0582,0.1019,-0.294
2026-10-08,NVDA,230.475,2026-10-08T18:40:58.823867435Z,2026-11-13,36,P,320.0,1.388437,NVDA261113P00320000,85.77,92.91,89.34,,,,0.6167,-0.9428,0.0026,-0.0383,0.0831,-0.3024
2026-10-08,NVDA,230.475,2026-10-08T18:40:58.812846561Z,2026-11-13,36,P,325.0,1.410131,NVDA261113P00325000,89.43,99.01,94.22,,,,0.6265,-0.9484,0.0023,-0.0331,0.0765,-0.3085
2026-10-08,NVDA,230.475,2026-10-08T18:40:58.812012284Z,2026-11-13,36,P,330.0,1.431826,NVDA261113P00330000,96.92,102.91,99.915,,,,0.7287,-0.9248,0.0027,-0.0704,0.1027,-0.3087
2026-10-08,TSLA,372.06,2026-10-08T18:41:02.928068036Z,2026-11-06,29,C,150.0,0.403161,TSLA261106C00150000,220.83,227.7,224.265,,,,,,,,,
2026-10-08,TSLA,372.06,2026-10-08T18:41:02.928068036Z,2026-11-06,29,C,160.0,0.430038,TSLA261106C00160000,208.81,214.83,211.82,,,,,,,,,
2026-10-08,TSLA,372.06,2026-10-08T18:41:02.928083012Z,2026-11-06,29,C,170.0,0.456916,TSLA261106C00170000,201.94,203.64,202.79,,,,,,,,,
2026-10-08,TSLA,372.06,2026-10-08T18:41:02.928068036Z,2026-11-06,29,C,180.0,0.483793,TSLA261106C00180000,186.25,196.58,191.415,,,,,,,,,
2026-10-08,TSLA,372.06,2026-10-08T18:41:04.965810135Z,2026-11-06,29,C,190.0,0.51067,TSLA261106C00190000,181.78,184.6,183.19,1,,,,,,,,
2026-10-08,TSLA,372.06,2026-10-08T18:41:00.168583833Z,2026-11-06,29,C,200.0,0.537548,TSLA261106C00200000,172.17,174.38,173.275,1,,,,,,,,
2026-10-08,TSLA,372.06,2026-10-08T18:41:02.928053078Z,2026-11-06,29,C,210.0,0.564425,TSLA261106C00210000,160.22,166.49,163.355,22,,,,,,,,
2026-10-08,TSLA,372.06,2026-10-08T18:41:01.270355207Z,2026-11-06,29,C,220.0,0.591302,TSLA261106C00220000,150.05,154.36,152.205,,,,,,,,,
2026-10-08,TSLA,372.06,2026-10-08T18:41:02.928093268Z,2026-11-06,29,C,230.0,0.61818,TSLA261106C00230000,140.48,145.2,142.84,,,,0.5032,0.9998,0,-0.0253,0.001,0.1821
2026-10-08,TSLA,372.06,2026-10-08T18:41:00.168583833Z,2026-11-06,29,C,240.0,0.645057,TSLA261106C00240000,127.34,135.95,131.645,2,,,,,,,,
2026-10-08,TSLA,372.06,2026-10-08T18:41:02.92810803Z,2026-11-06,29,C,245.0,0.658496,TSLA261106C00245000,123.32,134.19,128.755,,,,0.8097,0.9749,0.0007,-0.1107,0.0614,0.186
2026-10-08,TSLA,372.06,2026-10-08T18:41:02.928093268Z,2026-11-06,29,C,250.0,0.671935,TSLA261106C00250000,121.65,128.72,125.185,1,,,0.9405,0.95,0.001,-0.1999,0.1082,0.1814
2026-10-08,TSLA,372.06,2026-10-08T18:41:00.171314328Z,2026-11-06,29,C,255.0,0.685373,TSLA261106C00255000,116.56,124.4,120.48,5,,,0.9265,0.9441,0.0012,-0.2136,0.1183,0.1834
2026-10-08,TSLA,372.06,2026-10-08T18:41:06.143935662Z,2026-11-06,29,C,490.0,1.316992,TSLA261106C00490000,0.47,0.52,0.495,15,,,0.4832,0.0268,0.0012,-0.0552,0.065,0.0075
2026-10-08,TSLA,372.06,2026-10-08T18:41:06.338324927Z,2026-11-06,29,C,495.0,1.330431,TSLA261106C00495000,0.45,0.46,0.455,2,,,0.4915,0.0245,0.0011,-0.0521,0.0603,0.0069
2026-10-08,TSLA,372.06,2026-10-08T18:41:06.337574868Z,2026-11-06,29,C,500.0,1.343869,TSLA261106C00500000,0.36,0.4,0.38,33,,,0.4925,0.0209,0.001,-0.0455,0.0526,0.0059
2026-10-08,TSLA,372.06,2026-10-08T18:41:06.367669722Z,2026-11-06,29,C,505.0,1.357308,TSLA261106C00505000,0.35,0.36,0.355,6,,,0.5014,0.0193,0.0009,-0.0434,0.0493,0.0054
2026-10-08,TSLA,372.06,2026-10-08T18:41:02.957507956Z,2026-11-06,29,C,510.0,1.370747,TSLA261106C00510000,0.28,0.36,0.32,13,,,0.5076,0.0174,0.0008,-0.0402,0.0452,0.0049
2026-10-08,TSLA,372.06,2026-10-08T18:41:00.171254077Z,2026-11-06,29,C,520.0,1.397624,TSLA261106C00520000,0.22,0.3,0.26,8,,,0.5192,0.0142,0.0007,-0.0344,0.0379,0.004
2026-10-08,TSLA,372.06,2026-10-08T18:41:03.287141599Z,2026-11-06,29,C,525.0,1.411063,TSLA261106C00525000,0.24,0.28,0.26,1,,,0.5319,0.0139,0.0006,-0.0346,0.0372,0.0039
2026-10-08,TSLA,372.06,2026-10-08T18:41:05.609707745Z,2026-11-06,29,C,530.0,1.424501,TSLA261106C00530000,0.21,0.26,0.235,1,,,0.5373,0.0126,0.0006,-0.0321,0.0341,0.0035
2026-10-08,TSLA,372.06,2026-10-08T18:41:00.182193837Z,2026-11-06,29,C,535.0,1.43794,TSLA261106C00535000,0.2,0.24,0.22,5,,,0.5449,0.0117,0.0005,-0.0306,0.0321,0.0033
2026-10-08,TSLA,372.06,2026-10-08T18:41:06.337599941Z,2026-11-06,29,C,540.0,1.451379,TSLA261106C00540000,0.14,0.22,0.18,1,,,0.5433,0.0098,0.0005,-0.0261,0.0274,0.0028
2026-10-08,TSLA,372.06,2026-10-08T18:41:05.868896752Z,2026-11-06,29,C,545.0,1.464818,TSLA261106C00545000,0.13,0.21,0.17,1,,,0.5512,0.0092,0.0004,-0.025,0.0259,0.0026
2026-10-08,TSLA,372.06,2026-10-08T18:41:02.927883081Z,2026-11-06,29,C,550.0,1.478256,TSLA261106C00550000,0.11,0.2,0.155,2,,,0.5565,0.0084,0.0004,-0.0233,0.0239,0.0024
2026-10-08,TSLA,372.06,2026-10-08T18:41:02.921503101Z,2026-11-06,29,C,560.0,1.505134,TSLA261106C00560000,0.09,0.18,0.135,1,,,0.5697,0.0072,0.0003,-0.0209,0.021,0.002
2026-10-08,TSLA,372.06,2026-10-08T18:40:58.095844614Z,2026-11-06,29,C,565.0,1.518572,TSLA261106C00565000,0.13,0.17,0.15,1,,,0.5875,0.0078,0.0003,-0.0229,0.0224,0.0022
2026-10-08,TSLA,372.06,2026-10-08T18:41:05.619642702Z,2026-11-06,29,C,570.0,1.532011,TSLA261106C00570000,0.08,0.16,0.12,1,,,0.5835,0.0064,0.0003,-0.0191,0.0188,0.0018
2026-10-08,TSLA,372.06,2026-10-08T18:40:36.15761605Z,2026-11-06,29,C,580.0,1.558888,TSLA261106C00580000,0.07,0.15,0.11,2,,,0.5986,0.0057,0.0003,-0.0179,0.0172,0.0016
2026-10-08,TSLA,372.06,2026-10-08T18:40:58.086723091Z,2026-11-06,29,C,590.0,1.585766,TSLA261106C00590000,0.06,0.13,0.095,1,,,0.6093,0.0049,0.0002,-0.016,0.015,0.0014
2026-10-08,TSLA,372.06,2026-10-08T18:41:04.965537931Z,2026-11-06,29,P,150.0,0.403161,TSLA261106P00150000,0.04,0.09,0.065,1,,,,,,,,
2026-10-08,TSLA,372.06,2026-10-08T18:41:05.518515201Z,2026-11-06,29,P,160.0,0.430038,TSLA261106P00160000,0.05,0.1,0.075,18,,,,,,,,
2026-10-08,TSLA,372.06,2026-10-08T18:41:00.185292969Z,2026-11-06,29,P,170.0,0.456916,TSLA261106P00170000,0.07,0.11,0.09,8,,,,,,,,
2026-10-08,TSLA,372.06,2026-10-08T18:41:07.438260299Z,2026-11-06,29,P,180.0,0.483793,TSLA261106P00180000,0.08,0.12,0.1,10,,,,,,,,
2026-10-08,TSLA,372.06,2026-10-08T18:41:03.106677455Z,2026-11-06,29,P,190.0,0.51067,TSLA261106P00190000,0.1,0.14,0.12,6,,,,,,,,
2026-10-08,TSLA,372.06,2026-10-08T18:41:04.112437367Z,2026-11-06,29,P,200.0,0.537548,TSLA261106P00200000,0.08,0.17,0.125,6,,,,,,,,
2026-10-08,TSLA,372.06,2026-10-08T18:41:03.071822546Z,2026-11-06,29,P,210.0,0.564425,TSLA261106P00210000,0.11,0.15,0.13,1,,,,,,,,
2026-10-08,TSLA,372.06,2026-10-08T18:41:06.366485691Z,2026-11-06,29,P,220.0,0.591302,TSLA261106P00220000,0.14,0.23,0.185,5,,,,,,,,
2026-10-08,TSLA,372.06,2026-10-08T18:41:02.930784067Z,2026-11-06,29,P,230.0,0.61818,TSLA261106P00230000,0.22,0.23,0.225,30,,,0.7474,-0.0081,0.0003,-0.0296,0.0233,-0.0026
2026-10-08,TSLA,372.06,2026-10-08T18:41:07.437040912Z,2026-11-06,29,P,240.0,0.645057,TSLA261106P00240000,0.27,0.28,0.275,4,,,0.7066,-0.0102,0.0004,-0.0343,0.0285,-0.0032
2026-10-08,TSLA,372.06,2026-10-08T18:40:58.094368042Z,2026-11-06,29,P,245.0,0.658496,TSLA261106P00245000,0.26,0.35,0.305,2,,,0.6869,-0.0115,0.0004,-0.037,0.0317,-0.0037
2026-10-08,TSLA,372.06,2026-10-08T18:41:03.243876854Z,2026-11-06,29,P,250.0,0.671935,TSLA261106P00250000,0.33,0.38,0.355,7,,,0.672,-0.0135,0.0005,-0.0415,0.0363,-0.0043
2026-10-08,TSLA,372.06,2026-10-08T18:41:07.437075801Z,2026-11-06,29,P,255.0,0.685373,TSLA261106P00255000,0.36,0.41,0.385,3,,,0.6503,-0.015,0.0006,-0.0438,0.0397,-0.0047
2026-10-08,TSLA,372.06,2026-10-08T18:41:05.245091527Z,2026-11-06,29,P,490.0,1.316992,TSLA261106P00490000,116.15,121.81,118.98,,,,0.6668,-0.912,0.0023,-0.1435,0.1674,-0.3642
2026-10-08,TSLA,372.06,2026-10-08T18:41:03.369061082Z,2026-11-06,29,P,495.0,1.330431,TSLA261106P00495000,122.17,124.73,123.45,,,,0.652,-0.9256,0.0021,-0.116,0.1476,-0.3717
2026-10-08,TSLA,372.06,2026-10-08T18:41:07.437920264Z,2026-11-06,29,P,500.0,1.343869,TSLA261106P00500000,123.66,131.23,127.445,1,,,0.5897,-0.953,0.0016,-0.0531,0.1029,-0.383
2026-10-08,TSLA,372.06,2026-10-08T18:41:02.93242823Z,2026-11-06,29,P,505.0,1.357308,TSLA261106P00505000,131.21,136.7,133.955,,,,0.7217,-0.9168,0.002,-0.1491,0.1607,-0.3775
2026-10-08,TSLA,372.06,2026-10-08T18:41:02.535815277Z,2026-11-06,29,P,510.0,1.370747,TSLA261106P00510000,136.63,141.88,139.255,,,,0.7584,-0.9119,0.002,-0.168,0.1676,-0.3803
2026-10-08,TSLA,372.06,2026-10-08T18:41:02.928133599Z,2026-11-06,29,P,520.0,1.397624,TSLA261106P00520000,145.88,153.38,149.63,,,,0.8168,-0.9074,0.0019,-0.193,0.174,-0.3872
2026-10-08,TSLA,372.06,2026-10-08T18:41:01.198822435Z,2026-11-06,29,P,525.0,1.411063,TSLA261106P00525000,149.04,156.53,152.785,1,,,0.7062,-0.9467,0.0015,-0.0846,0.1138,-0.4013
2026-10-08,TSLA,372.06,2026-10-08T18:41:01.623510044Z,2026-11-06,29,P,530.0,1.424501,TSLA261106P00530000,155.84,162.08,158.96,1,,,0.811,-0.922,0.0017,-0.1602,0.1529,-0.3989
2026-10-08,TSLA,372.06,2026-10-08T18:41:07.437820217Z,2026-11-06,29,P,535.0,1.43794,TSLA261106P00535000,161.92,166.92,164.42,,,,0.8573,-0.9144,0.0017,-0.1885,0.164,-0.401
2026-10-08,TSLA,372.06,2026-10-08T18:41:02.373711095Z,2026-11-06,29,P,540.0,1.451379,TSLA261106P00540000,165.82,174.35,170.085,,,,0.9134,-0.9041,0.0018,-0.227,0.1785,-0.4025
2026-10-08,TSLA,372.06,2026-10-08T18:41:02.927948984Z,2026-11-06,29,P,545.0,1.464818,TSLA261106P00545000,170.73,177.01,173.87,,,,0.8556,-0.9262,0.0016,-0.1609,0.1466,-0.412
2026-10-08,TSLA,372.06,2026-10-08T18:41:07.437910253Z,2026-11-06,29,P,550.0,1.478256,TSLA261106P00550000,172.84,184.3,178.57,,,,0.8508,-0.9327,0.0015,-0.1443,0.1367,-0.4176
2026-10-08,TSLA,372.06,2026-10-08T18:41:02.699944351Z,2026-11-06,29,P,560.0,1.505134,TSLA261106P00560000,188.16,195.32,191.74,,,,,,,,,
2026-10-08,TSLA,372.06,2026-10-08T18:41:02.132032391Z,2026-11-06,29,P,565.0,1.518572,TSLA261106P00565000,191.61,199.54,195.575,,,,,,,,,
2026-10-08,TSLA,372.06,2026-10-08T18:41:08.070471847Z,2026-11-06,29,P,570.0,1.532011,TSLA261106P00570000,198.67,203.01,200.84,,,,1.056,-0.8985,0.0016,-0.2816,0.1861,-0.4252
2026-10-08,TSLA,372.06,2026-10-08T18:41:02.93275852Z,2026-11-06,29,P,580.0,1.558888,TSLA261106P00580000,203.31,209.72,206.515,,,,0.71,-0.9822,0.0006,0.0049,0.046,-0.4545
2026-10-08,TSLA,372.06,2026-10-08T18:41:07.438005952Z,2026-11-06,29,P,590.0,1.585766,TSLA261106P00590000,215.79,223.2,219.495,,,,,,,,,
2026-10-08,TSLA,372.06,2026-10-08T18:41:02.197943335Z,2026-11-13,36,C,150.0,0.403161,TSLA261113C00150000,218.37,231.31,224.84,,,,,,,,,
2026-10-08,TSLA,372.06,2026-10-08T18:41:02.591396846Z,2026-11-13,36,C,160.0,0.430038,TSLA261113C00160000,211.3,215.15,213.225,,,,,,,,,
2026-10-08,TSLA,372.06,2026-10-08T18:41:02.928235452Z,2026-11-13,36,C,170.0,0.456916,TSLA261113C00170000,201.52,209.18,205.35,,,,,,,,,
2026-10-08,TSLA,372.06,2026-10-08T18:41:02.928219763Z,2026-11-13,36,C,180.0,0.483793,TSLA261113C00180000,191.07,200.85,195.96,,,,,,,,,
2026-10-08,TSLA,372.06,2026-10-08T18:41:02.92820478Z,2026-11-13,36,C,190.0,0.51067,TSLA261113C00190000,178.7,189.14,183.92,,,,,,,,,
2026-10-08,TSLA,372.06,2026-10-08T18:41:01.270380036Z,2026-11-13,36,C,200.0,0.537548,TSLA261113C00200000,165.92,179.28,172.6,,,,,,,,,
2026-10-08,TSLA,372.06,2026-10-08T18:41:01.270375104Z,2026-11-13,36,C,210.0,0.564425,TSLA261113C00210000,161.34,170.46,165.9,,,,,,,,,
2026-10-08,TSLA,372.06,2026-10-08T18:41:01.196649398Z,2026-11-13,36,C,220.0,0.591302,TSLA261113C00220000,146.99,158.81,152.9,,,,,,,,,
2026-10-08,TSLA,372.06,2026-10-08T18:41:03.057375957Z,2026-11-13,36,C,230.0,0.61818,TSLA261113C00230000,141.14,146.07,143.605,,,,0.7717,0.9831,0.0005,-0.0763,0.049,0.2192
2026-10-08,TSLA,372.06,2026-10-08T18:41:02.937219915Z,2026-11-13,36,C,240.0,0.645057,TSLA261113C00240000,128.08,135.8,131.94,2,,,,,,,,
2026-10-08,TSLA,372.06,2026-10-08T18:41:01.235364746Z,2026-11-13,36,C,245.0,0.658496,TSLA261113C00245000,123.67,132.21,127.94,,,,,,,,,
2026-10-08,TSLA,372.06,2026-10-08T18:41:01.316480542Z,2026-11-13,36,C,250.0,0.671935,TSLA261113C00250000,121.48,128.66,125.07,,,,0.8193,0.9544,0.001,-0.152,0.1119,0.2269
2026-10-08,TSLA,372.06,2026-10-08T18:41:02.928235452Z,2026-11-13,36,C,255.0,0.685373,TSLA261113C00255000,115.82,123.5,119.66,6,,,0.7462,0.9596,0.001,-0.1306,0.1015,0.2342
2026-10-08,TSLA,372.06,2026-10-08T18:41:03.287313742Z,2026-11-13,36,C,490.0,1.316992,TSLA261113C00490000,0.72,0.82,0.77,4,,,0.4655,0.0373,0.0015,-0.0629,0.0951,0.0129
2026-10-08,TSLA,372.06,2026-10-08T18:41:05.619543562Z,2026-11-13,36,C,495.0,1.330431,TSLA261113C00495000,0.67,0.73,0.7,97,,,0.4717,0.0339,0.0014,-0.0589,0.088,0.0118
2026-10-08,TSLA,372.06,2026-10-08T18:41:06.113477994Z,2026-11-13,36,C,500.0,1.343869,TSLA261113C00500000,0.6,0.66,0.63,67,,,0.4769,0.0306,0.0012,-0.0548,0.0809,0.0106
2026-10-08,TSLA,372.06,2026-10-08T18:41:05.65665892Z,2026-11-13,36,C,505.0,1.357308,TSLA261113C00505000,0.5,0.56,0.53,2,,,0.4769,0.0263,0.0011,-0.0482,0.0713,0.0091
2026-10-08,TSLA,372.06,2026-10-08T18:41:02.92362504Z,2026-11-13,36,C,510.0,1.370747,TSLA261113C00510000,0.49,0.51,0.5,1,,,0.4853,0.0246,0.001,-0.0464,0.0674,0.0085
2026-10-08,TSLA,372.06,2026-10-08T18:40:58.108162192Z,2026-11-13,36,C,520.0,1.397624,TSLA261113C00520000,0.36,0.46,0.41,,,,0.4954,0.0203,0.0008,-0.0401,0.0572,0.007
2026-10-08,TSLA,372.06,2026-10-08T18:40:58.095357128Z,2026-11-13,36,C,525.0,1.411063,TSLA261113C00525000,0.36,0.38,0.37,,,,0.4999,0.0183,0.0008,-0.0372,0.0526,0.0064
2026-10-08,TSLA,372.06,2026-10-08T18:41:00.839351253Z,2026-11-13,36,C,530.0,1.424501,TSLA261113C00530000,0.33,0.39,0.36,18,,,0.5096,0.0176,0.0007,-0.0366,0.0508,0.0061
2026-10-08,TSLA,372.06,2026-10-08T18:40:58.095667082Z,2026-11-13,36,C,535.0,1.43794,TSLA261113C00535000,0.26,0.36,0.31,7,,,0.5105,0.0154,0.0006,-0.0326,0.0452,0.0053
2026-10-08,TSLA,372.06,2026-10-08T18:41:05.627794889Z,2026-11-13,36,C,540.0,1.451379,TSLA261113C00540000,0.27,0.33,0.3,25,,,0.5193,0.0147,0.0006,-0.0319,0.0435,0.0051
2026-10-08,TSLA,372.06,2026-10-08T18:40:57.381330919Z,2026-11-13,36,C,545.0,1.464818,TSLA261113C00545000,0.22,0.3,0.26,,,,0.5205,0.0129,0.0005,-0.0286,0.0389,0.0045
2026-10-08,TSLA,372.06,2026-10-08T18:41:02.921310015Z,2026-11-13,36,C,550.0,1.478256,TSLA261113C00550000,0.23,0.24,0.235,,,,0.5244,0.0117,0.0005,-0.0265,0.0357,0.0041
2026-10-08,TSLA,372.06,2026-10-08T18:41:04.965257812Z,2026-11-13,36,C,560.0,1.505134,TSLA261113C00560000,0.16,0.25,0.205,1,,,0.536,0.0102,0.0004,-0.0239,0.0316,0.0035
2026-10-08,TSLA,372.06,2026-10-08T18:41:05.623208755Z,2026-11-13,36,C,565.0,1.518572,TSLA261113C00565000,0.14,0.19,0.165,,,,0.5322,0.0084,0.0004,-0.0201,0.0267,0.0029
2026-10-08,TSLA,372.06,2026-10-08T18:40:58.119972283Z,2026-11-13,36,C,570.0,1.532011,TSLA261113C00570000,0.13,0.18,0.155,,,,0.5381,0.0078,0.0003,-0.0191,0.0252,0.0027
2026-10-08,TSLA,372.06,2026-10-08T18:40:58.119972283Z,2026-11-13,36,C,580.0,1.558888,TSLA261113C00580000,0.15,0.16,0.155,,,,0.5571,0.0076,0.0003,-0.0193,0.0245,0.0026
2026-10-08,TSLA,372.06,2026-10-08T18:40:58.096262125Z,2026-11-13,36,C,590.0,1.585766,TSLA261113C00590000,0.09,0.14,0.115,,,,0.5572,0.0058,0.0003,-0.0151,0.0193,0.002
2026-10-08,TSLA,372.06,2026-10-08T18:41:01.328133201Z,2026-11-13,36,P,150.0,0.403161,TSLA261113P00150000,0.05,0.07,0.06,,,,,,,,,
2026-10-08,TSLA,372.06,2026-10-08T18:41:00.221190947Z,2026-11-13,36,P,160.0,0.430038,TSLA261113P00160000,0.03,0.12,0.075,,,,,,,,,
2026-10-08,TSLA,372.06,2026-10-08T18:41:00.185080978Z,2026-11-13,36,P,170.0,0.456916,TSLA261113P00170000,0.04,0.13,0.085,15,,,,,,,,
2026-10-08,TSLA,372.06,2026-10-08T18:41:04.964375794Z,2026-11-13,36,P,180.0,0.483793,TSLA261113P00180000,0.1,0.14,0.12,10,,,,,,,,
2026-10-08,TSLA,372.06,2026-10-08T18:41:07.438270938Z,2026-11-13,36,P,190.0,0.51067,TSLA261113P00190000,0.08,0.14,0.11,2,,,,,,,,
2026-10-08,TSLA,372.06,2026-10-08T18:41:04.119594012Z,2026-11-13,36,P,200.0,0.537548,TSLA261113P00200000,0.11,0.17,0.14,4,,,,,,,,
2026-10-08,TSLA,372.06,2026-10-08T18:41:02.956696717Z,2026-11-13,36,P,210.0,0.564425,TSLA261113P00210000,0.15,0.2,0.175,6,,,0.7611,-0.0057,0.0002,-0.0199,0.019,-0.0023
2026-10-08,TSLA,372.06,2026-10-08T18:41:04.143909686Z,2026-11-13,36,P,220.0,0.591302,TSLA261113P00220000,0.23,0.29,0.26,,,,0.741,-0.0084,0.0003,-0.0271,0.0267,-0.0033
2026-10-08,TSLA,372.06,2026-10-08T18:41:03.287102849Z,2026-11-13,36,P,230.0,0.61818,TSLA261113P00230000,0.28,0.34,0.31,2,,,0.7011,-0.0104,0.0003,-0.0308,0.0321,-0.0041
2026-10-08,TSLA,372.06,2026-10-08T18:41:05.627793073Z,2026-11-13,36,P,240.0,0.645057,TSLA261113P00240000,0.31,0.36,0.335,1,,,0.6528,-0.0119,0.0004,-0.0323,0.0362,-0.0047
2026-10-08,TSLA,372.06,2026-10-08T18:41:03.27069735Z,2026-11-13,36,P,245.0,0.658496,TSLA261113P00245000,0.38,0.39,0.385,1,,,0.6384,-0.0138,0.0005,-0.0358,0.0411,-0.0054
2026-10-08,TSLA,372.06,2026-10-08T18:41:06.367643723Z,2026-11-13,36,P,250.0,0.671935,TSLA261113P00250000,0.38,0.47,0.425,151,,,0.6204,-0.0154,0.0005,-0.0384,0.0454,-0.0061
2026-10-08,TSLA,372.06,2026-10-08T18:41:06.337918698Z,2026-11-13,36,P,255.0,0.685373,TSLA261113P00255000,0.42,0.47,0.445,30,,,0.5977,-0.0167,0.0006,-0.0395,0.0484,-0.0066
2026-10-08,TSLA,372.06,2026-10-08T18:41:02.928216609Z,2026-11-13,36,P,490.0,1.316992,TSLA261113P00490000,117.35,121.65,119.5,,,,0.6414,-0.8936,0.0024,-0.1428,0.2145,-0.4459
2026-10-08,TSLA,372.06,2026-10-08T18:41:07.438091208Z,2026-11-13,36,P,495.0,1.330431,TSLA261113P00495000,118.95,124.73,121.84,,,,0.491,-0.9598,0.0015,-0.0178,0.1012,-0.4724
2026-10-08,TSLA,372.06,2026-10-08T18:40:58.097956978Z,2026-11-13,36,P,500.0,1.343869,TSLA261113P00500000,125.2,130.16,127.68,,,,0.575,-0.9362,0.0019,-0.0657,0.146,-0.4696
2026-10-08,TSLA,372.06,2026-10-08T18:40:59.514969342Z,2026-11-13,36,P,505.0,1.357308,TSLA261113P00505000,128.69,137.62,133.155,,,,0.6221,-0.9258,0.0019,-0.0906,0.1641,-0.4711
2026-10-08,TSLA,372.06,2026-10-08T18:41:07.438171034Z,2026-11-13,36,P,510.0,1.370747,TSLA261113P00510000,134.38,142.48,138.43,,,,0.6549,-0.9208,0.0019,-0.1053,0.1724,-0.4745
2026-10-08,TSLA,372.06,2026-10-08T18:41:07.438100973Z,2026-11-13,36,P,520.0,1.397624,TSLA261113P00520000,144.81,150.28,147.545,,,,0.6291,-0.9424,0.0016,-0.0645,0.1349,-0.4914
2026-10-08,TSLA,372.06,2026-10-08T18:40:58.097823248Z,2026-11-13,36,P,525.0,1.411063,TSLA261113P00525000,149.89,155.62,152.755,,,,0.6597,-0.9381,0.0016,-0.0771,0.1427,-0.495
2026-10-08,TSLA,372.06,2026-10-08T18:41:02.932086675Z,2026-11-13,36,P,530.0,1.424501,TSLA261113P00530000,156.38,159.37,157.875,,,,0.6834,-0.936,0.0016,-0.0848,0.1464,-0.4993
2026-10-08,TSLA,372.06,2026-10-08T18:41:00.226701302Z,2026-11-13,36,P,535.0,1.43794,TSLA261113P00535000,162.03,166.95,164.49,,,,0.7932,-0.9061,0.0018,-0.162,0.1958,-0.4948
2026-10-08,TSLA,372.06,2026-10-08T18:41:07.438086001Z,2026-11-13,36,P,540.0,1.451379,TSLA261113P00540000,164.08,171.05,167.565,,,,0.6913,-0.9439,0.0014,-0.0713,0.132,-0.5117
2026-10-08,TSLA,372.06,2026-10-08T18:41:07.438091208Z,2026-11-13,36,P,545.0,1.464818,TSLA261113P00545000,168.15,175.2,171.675,,,,0.6248,-0.9661,0.001,-0.0194,0.0879,-0.5239
2026-10-08,TSLA,372.06,2026-10-08T18:41:02.928206617Z,2026-11-13,36,P,550.0,1.478256,TSLA261113P00550000,177.52,183.97,180.745,,,,0.9009,-0.8898,0.0018,-0.2205,0.22,-0.5049
2026-10-08,TSLA,372.06,2026-10-08T18:41:02.9281916Z,2026-11-13,36,P,560.0,1.505134,TSLA261113P00560000,184.09,194.29,189.19,,,,0.854,-0.9155,0.0016,-0.1581,0.1811,-0.5226
2026-10-08,TSLA,372.06,2026-10-08T18:41:07.438200947Z,2026-11-13,36,P,565.0,1.518572,TSLA261113P00565000,192.51,193.81,193.16,,,,0.8064,-0.9341,0.0014,-0.1099,0.1498,-0.5334
2026-10-08,TSLA,372.06,2026-10-08T18:41:07.438095967Z,2026-11-13,36,P,570.0,1.532011,TSLA261113P00570000,190.93,202.59,196.76,,,,0.7046,-0.964,0.001,-0.031,0.0925,-0.5479
2026-10-08,TSLA,372.06,2026-10-08T18:41:07.438195923Z,2026-11-13,36,P,580.0,1.558888,TSLA261113P00580000,207.37,216.03,211.7,,,,,,,,,
2026-10-08,TSLA,372.06,2026-10-08T18:41:07.522756092Z,2026-11-13,36,P,590.0,1.585766,TSLA261113P00590000,211.34,225.24,218.29,,,,0.8849,-0.9339,0.0012,-0.124,0.1501,-0.5581
2026-10-08,USO,148.56,2026-10-08T18:41:08.271769329Z,2026-11-06,29,C,60.0,0.403877,USO261106C00060000,86.61,90.71,88.66,,,,,,,,,
2026-10-08,USO,148.56,2026-10-08T18:41:08.273264025Z,2026-11-06,29,C,65.0,0.437534,USO261106C00065000,81.65,84.9,83.275,,,,,,,,,
2026-10-08,USO,148.56,2026-10-08T18:41:08.282719049Z,2026-11-06,29,C,70.0,0.47119,USO261106C00070000,75.08,81.91,78.495,,,,,,,,,
2026-10-08,USO,148.56,2026-10-08T18:41:08.284734009Z,2026-11-06,29,C,75.0,0.504847,USO261106C00075000,72.5,76.8,74.65,,,,,,,,,
2026-10-08,USO,148.56,2026-10-08T18:39:22.471823386Z,2026-11-06,29,C,80.0,0.538503,USO261106C00080000,65.43,70.57,68.0,,,,,,,,,
2026-10-08,USO,148.56,2026-10-08T18:40:52.300932087Z,2026-11-06,29,C,85.0,0.572159,USO261106C00085000,61.12,64.76,62.94,1,,,,,,,,
2026-10-08,USO,148.56,2026-10-08T18:38:25.302171806Z,2026-11-06,29,C,90.0,0.605816,USO261106C00090000,56.02,59.85,57.935,,,,,,,,,
2026-10-08,USO,148.56,2026-10-08T18:39:09.237129411Z,2026-11-06,29,C,95.0,0.639472,USO261106C00095000,51.47,56.06,53.765,2,,,0.7564,0.9865,0.0011,-0.0288,0.0145,0.0735
2026-10-08,USO,148.56,2026-10-08T18:39:09.237699922Z,2026-11-06,29,C,100.0,0.673129,USO261106C00100000,46.89,51.28,49.085,28,,,0.8125,0.9678,0.0021,-0.0524,0.0302,0.075
2026-10-08,USO,148.56,2026-10-08T18:41:08.146969593Z,2026-11-06,29,C,195.0,1.312601,USO261106C00195000,0.5,0.55,0.525,7,,,0.5717,0.0549,0.0047,-0.0466,0.0465,0.0061
2026-10-08,USO,148.56,2026-10-08T18:41:08.158566458Z,2026-11-06,29,C,200.0,1.346257,USO261106C00200000,0.38,0.45,0.415,7,,,0.5865,0.0439,0.0038,-0.0399,0.0388,0.0048
2026-10-08,USO,148.56,2026-10-08T18:41:08.158553294Z,2026-11-06,29,C,205.0,1.379914,USO261106C00205000,0.34,0.38,0.36,30,,,0.6095,0.0375,0.0032,-0.0365,0.0342,0.0041
2026-10-08,USO,148.56,2026-10-08T18:41:08.158535811Z,2026-11-06,29,C,210.0,1.41357,USO261106C00210000,0.25,0.32,0.285,14,,,0.6216,0.0301,0.0026,-0.031,0.0285,0.0033
2026-10-08,USO,148.56,2026-10-08T18:41:08.149539651Z,2026-11-06,29,C,215.0,1.447227,USO261106C00215000,0,0.28,0.14,1,,,,,,,,
2026-10-08,USO,148.56,2026-10-08T18:41:08.149684639Z,2026-11-06,29,C,220.0,1.480883,USO261106C00220000,0.2,0.24,0.22,153,,,0.6625,0.0227,0.0019,-0.026,0.0225,0.0025
2026-10-08,USO,148.56,2026-10-08T18:35:09.520286942Z,2026-11-06,29,P,60.0,0.403877,USO261106P00060000,0,2.15,1.075,,,,,,,,,
2026-10-08,USO,148.56,2026-10-08T18:35:09.522347063Z,2026-11-06,29,P,65.0,0.437534,USO261106P00065000,0,2.15,1.075,,,,,,,,,
2026-10-08,USO,148.56,2026-10-08T18:35:09.520311943Z,2026-11-06,29,P,70.0,0.47119,USO261106P00070000,0,2.16,1.08,,,,,,,,,
2026-10-08,USO,148.56,2026-10-08T18:35:09.529532016Z,2026-11-06,29,P,75.0,0.504847,USO261106P00075000,0,2.16,1.08,,,,,,,,,
2026-10-08,USO,148.56,2026-10-08T18:34:20.252060018Z,2026-11-06,29,P,80.0,0.538503,USO261106P00080000,0,2.1,1.05,,,,,,,,,
2026-10-08,USO,148.56,2026-10-08T18:35:09.529506903Z,2026-11-06,29,P,85.0,0.572159,USO261106P00085000,0,2.17,1.085,,,,,,,,,
2026-10-08,USO,148.56,2026-10-08T18:34:01.223634914Z,2026-11-06,29,P,90.0,0.605816,USO261106P00090000,0,2.17,1.085,,,,,,,,,
2026-10-08,USO,148.56,2026-10-08T18:41:08.150210348Z,2026-11-06,29,P,95.0,0.639472,USO261106P00095000,0,2.18,1.09,,,,,,,,,
2026-10-08,USO,148.56,2026-10-08T18:41:08.150210348Z,2026-11-06,29,P,100.0,0.673129,USO261106P00100000,0,0.27,0.135,45,,,,,,,,
2026-10-08,USO,148.56,2026-10-08T18:38:07.73538687Z,2026-11-06,29,P,195.0,1.312601,USO261106P00195000,44.3,47.6,45.95,,,,,,,,,
2026-10-08,USO,148.56,2026-10-08T18:38:07.73538687Z,2026-11-06,29,P,200.0,1.346257,USO261106P00200000,50.45,52.43,51.44,,,,0.5742,-0.9597,0.0036,-0.0152,0.0362,-0.154
2026-10-08,USO,148.56,2026-10-08T18:38:07.735446808Z,2026-11-06,29,P,205.0,1.379914,USO261106P00205000,55.12,58.93,57.025,,,,0.7393,-0.9243,0.0046,-0.0552,0.0596,-0.1542
2026-10-08,USO,148.56,2026-10-08T18:38:07.735446808Z,2026-11-06,29,P,210.0,1.41357,USO261106P00210000,58.7,63.18,60.94,,,,,,,,,
2026-10-08,USO,148.56,2026-10-08T18:38:58.102051872Z,2026-11-06,29,P,215.0,1.447227,USO261106P00215000,65.67,68.79,67.23,,,,0.8598,-0.919,0.0042,-0.0713,0.0628,-0.1617
2026-10-08,USO,148.56,2026-10-08T18:39:41.05108452Z,2026-11-06,29,P,220.0,1.480883,USO261106P00220000,69.41,72.55,70.98,,,,,,,,,
2026-10-08,USO,148.56,2026-10-08T18:39:34.600105658Z,2026-11-13,36,C,60.0,0.403877,USO261113C00060000,85.29,90.71,88.0,,,,,,,,,
2026-10-08,USO,148.56,2026-10-08T18:38:25.379848774Z,2026-11-13,36,C,65.0,0.437534,USO261113C00065000,81.54,84.39,82.965,,,,,,,,,
2026-10-08,USO,148.56,2026-10-08T18:40:55.878482166Z,2026-11-13,36,C,70.0,0.47119,USO261113C00070000,77.37,80.24,78.805,,,,,,,,,
2026-10-08,USO,148.56,2026-10-08T18:41:08.252015726Z,2026-11-13,36,C,75.0,0.504847,USO261113C00075000,72.91,75.62,74.265,,,,,,,,,
2026-10-08,USO,148.56,2026-10-08T18:41:08.290821001Z,2026-11-13,36,C,80.0,0.538503,USO261113C00080000,65.65,69.54,67.595,,,,,,,,,
2026-10-08,USO,148.56,2026-10-08T18:39:34.622615879Z,2026-11-13,36,C,85.0,0.572159,USO261113C00085000,61,64.59,62.795,,,,,,,,,
2026-10-08,USO,148.56,2026-10-08T18:38:24.27232031Z,2026-11-13,36,C,90.0,0.605816,USO261113C00090000,57.16,59.97,58.565,,,,,,,,,
2026-10-08,USO,148.56,2026-10-08T18:38:25.614638409Z,2026-11-13,36,C,95.0,0.639472,USO261113C00095000,50.58,56.21,53.395,,,,,,,,,
2026-10-08,USO,148.56,2026-10-08T18:41:08.276860385Z,2026-11-13,36,C,100.0,0.673129,USO261113C00100000,46.24,51.25,48.745,,,,0.523,0.9939,0.0007,-0.0164,0.0081,0.0973
2026-10-08,USO,148.56,2026-10-08T18:41:08.157385855Z,2026-11-13,36,C,195.0,1.312601,USO261113C00195000,0.73,0.86,0.795,4,,,0.5583,0.0733,0.0054,-0.0513,0.0648,0.0099
2026-10-08,USO,148.56,2026-10-08T18:41:08.270730563Z,2026-11-13,36,C,200.0,1.346257,USO261113C00200000,0.6,0.68,0.64,3,,,0.5709,0.0598,0.0045,-0.0448,0.0553,0.0081
2026-10-08,USO,148.56,2026-10-08T18:41:08.157385855Z,2026-11-13,36,C,205.0,1.379914,USO261113C00205000,0.25,0.61,0.43,1,,,0.5634,0.0428,0.0035,-0.0338,0.0424,0.0058
2026-10-08,USO,148.56,2026-10-08T18:41:08.142155652Z,2026-11-13,36,C,210.0,1.41357,USO261113C00210000,0.17,0.49,0.33,103,,,0.5704,0.0336,0.0028,-0.0281,0.0348,0.0046
2026-10-08,USO,148.56,2026-10-08T18:41:08.142330921Z,2026-11-13,36,C,215.0,1.447227,USO261113C00215000,0.3,1.69,0.995,3,,,0.739,0.0712,0.0039,-0.066,0.0633,0.0094
2026-10-08,USO,148.56,2026-10-08T18:41:08.142821453Z,2026-11-13,36,C,220.0,1.480883,USO261113C00220000,0.32,0.37,0.345,2,,,0.6365,0.0319,0.0024,-0.03,0.0334,0.0043
2026-10-08,USO,148.56,2026-10-08T18:35:22.40237881Z,2026-11-13,36,P,60.0,0.403877,USO261113P00060000,0,2.17,1.085,,,,,,,,,
2026-10-08,USO,148.56,2026-10-08T18:35:22.40237881Z,2026-11-13,36,P,65.0,0.437534,USO261113P00065000,0,2.15,1.075,,,,,,,,,
2026-10-08,USO,148.56,2026-10-08T18:35:09.520311138Z,2026-11-13,36,P,70.0,0.47119,USO261113P00070000,0,2.15,1.075,,,,,,,,,
2026-10-08,USO,148.56,2026-10-08T18:34:05.845296927Z,2026-11-13,36,P,75.0,0.504847,USO261113P00075000,0,2.09,1.045,,,,,,,,,
2026-10-08,USO,148.56,2026-10-08T18:35:22.373876101Z,2026-11-13,36,P,80.0,0.538503,USO261113P00080000,0,2.11,1.055,,,,,,,,,
2026-10-08,USO,148.56,2026-10-08T18:38:17.901353804Z,2026-11-13,36,P,85.0,0.572159,USO261113P00085000,0,2.15,1.075,,,,,,,,,
2026-10-08,USO,148.56,2026-10-08T18:41:08.150055902Z,2026-11-13,36,P,90.0,0.605816,USO261113P00090000,0,2.13,1.065,,,,,,,,,
2026-10-08,USO,148.56,2026-10-08T18:41:08.150036809Z,2026-11-13,36,P,95.0,0.639472,USO261113P00095000,0,2.15,1.075,,,,,,,,,
2026-10-08,USO,148.56,2026-10-08T18:41:08.162595758Z,2026-11-13,36,P,100.0,0.673129,USO261113P00100000,0.04,0.21,0.125,10,,,0.5886,-0.0124,0.0012,-0.012,0.0149,-0.0019
2026-10-08,USO,148.56,2026-10-08T18:38:07.735757841Z,2026-11-13,36,P,195.0,1.312601,USO261113P00195000,45.38,48.95,47.165,,,,0.6174,-0.9023,0.006,-0.0495,0.0804,-0.1785
2026-10-08,USO,148.56,2026-10-08T18:38:07.735757841Z,2026-11-13,36,P,200.0,1.346257,USO261113P00200000,50.18,53.41,51.795,,,,0.6097,-0.9259,0.0049,-0.0351,0.0653,-0.1865
2026-10-08,USO,148.56,2026-10-08T18:38:07.735763692Z,2026-11-13,36,P,205.0,1.379914,USO261113P00205000,55.03,57.68,56.355,,,,0.5688,-0.9555,0.0035,-0.0133,0.0437,-0.1954
2026-10-08,USO,148.56,2026-10-08T18:38:07.735787319Z,2026-11-13,36,P,210.0,1.41357,USO261113P00210000,60.65,63.27,61.96,,,,0.7157,-0.9219,0.0044,-0.0463,0.068,-0.196
2026-10-08,USO,148.56,2026-10-08T18:38:07.735782264Z,2026-11-13,36,P,215.0,1.447227,USO261113P00215000,65.33,67.68,66.505,,,,0.6766,-0.9477,0.0034,-0.0246,0.0498,-0.2042
2026-10-08,USO,148.56,2026-10-08T18:38:07.735782264Z,2026-11-13,36,P,220.0,1.480883,USO261113P00220000,69.71,71.67,70.69,,,,,,,,,
