date,symbol,spot,quote_time,expiration,dte,type,strike,moneyness,option_symbol,bid,ask,mid,volume,open_interest,open_interest_date,iv,delta,gamma,theta,vega,rho
2026-10-09,USO,148.31,2026-10-09T18:39:28.675834636Z,2026-10-16,7,C,60.0,0.404558,USO261016C00060000,85.44,90.04,87.74,2,,,,,,,,
2026-10-09,USO,148.31,2026-10-09T18:40:26.033108704Z,2026-10-16,7,C,64.0,0.431529,USO261016C00064000,81.81,85.92,83.865,1,,,,,,,,
2026-10-09,USO,148.31,2026-10-09T18:40:26.032927739Z,2026-10-16,7,C,65.0,0.438271,USO261016C00065000,82.58,84.57,83.575,2,,,,,,,,
2026-10-09,USO,148.31,2026-10-09T18:40:26.033667656Z,2026-10-16,7,C,66.0,0.445014,USO261016C00066000,80.9,83.05,81.975,,,,,,,,,
2026-10-09,USO,148.31,2026-10-09T18:40:26.032923257Z,2026-10-16,7,C,67.0,0.451756,USO261016C00067000,79.99,83.76,81.875,,,,,,,,,
2026-10-09,USO,148.31,2026-10-09T18:39:28.675919829Z,2026-10-16,7,C,68.0,0.458499,USO261016C00068000,79.95,83.11,81.53,10,,,,,,,,
2026-10-09,USO,148.31,2026-10-09T18:41:07.865074084Z,2026-10-16,7,C,69.0,0.465242,USO261016C00069000,79.23,80.23,79.73,1,,,,,,,,
2026-10-09,USO,148.31,2026-10-09T18:41:17.62083634Z,2026-10-16,7,C,70.0,0.471984,USO261016C00070000,76.51,78.85,77.68,1,,,,,,,,
2026-10-09,USO,148.31,2026-10-09T18:41:17.553691683Z,2026-10-16,7,C,71.0,0.478727,USO261016C00071000,77.01,77.75,77.38,1,,,,,,,,
2026-10-09,USO,148.31,2026-10-09T18:40:26.03300265Z,2026-10-16,7,C,72.0,0.48547,USO261016C00072000,76.08,77.5,76.79,1,,,,,,,,
2026-10-09,USO,148.31,2026-10-09T18:40:26.032927739Z,2026-10-16,7,C,73.0,0.492212,USO261016C00073000,72.47,75.6,74.035,2,,,,,,,,
2026-10-09,USO,148.31,2026-10-09T18:39:28.675915677Z,2026-10-16,7,C,74.0,0.498955,USO261016C00074000,72.26,74.85,73.555,2,,,,,,,,
2026-10-09,USO,148.31,2026-10-09T18:39:28.675886278Z,2026-10-16,7,C,75.0,0.505698,USO261016C00075000,70.92,74.92,72.92,4,,,,,,,,
2026-10-09,USO,148.31,2026-10-09T18:39:28.84591387Z,2026-10-16,7,C,76.0,0.51244,USO261016C00076000,71.39,74.47,72.93,5,,,,,,,,
2026-10-09,USO,148.31,2026-10-09T18:39:28.675943598Z,2026-10-16,7,C,77.0,0.519183,USO261016C00077000,70.92,72.8,71.86,2,,,,,,,,
2026-10-09,USO,148.31,2026-10-09T18:40:26.032927739Z,2026-10-16,7,C,78.0,0.525925,USO261016C00078000,69.06,70.85,69.955,5,,,,,,,,
2026-10-09,USO,148.31,2026-10-09T18:40:30.955286797Z,2026-10-16,7,C,79.0,0.532668,USO261016C00079000,68.67,69.8,69.235,39,,,,,,,,
2026-10-09,USO,148.31,2026-10-09T18:40:23.115936042Z,2026-10-16,7,C,80.0,0.539411,USO261016C00080000,67.03,70.16,68.595,10,,,,,,,,
2026-10-09,USO,148.31,2026-10-09T18:40:29.909136452Z,2026-10-16,7,C,81.0,0.546153,USO261016C00081000,66.08,69.24,67.66,1,,,,,,,,
2026-10-09,USO,148.31,2026-10-09T18:40:26.033858345Z,2026-10-16,7,C,82.0,0.552896,USO261016C00082000,65.94,67.6,66.77,10,,,,,,,,
2026-10-09,USO,148.31,2026-10-09T18:40:26.03376765Z,2026-10-16,7,C,83.0,0.559639,USO261016C00083000,64.41,66.37,65.39,1,,,,,,,,
2026-10-09,USO,148.31,2026-10-09T18:40:16.127945707Z,2026-10-16,7,C,84.0,0.566381,USO261016C00084000,62.24,66.6,64.42,2,,,,,,,,
2026-10-09,USO,148.31,2026-10-09T18:39:28.784224291Z,2026-10-16,7,C,85.0,0.573124,USO261016C00085000,61.34,64.58,62.96,12,,,,,,,,
2026-10-09,USO,148.31,2026-10-09T18:40:26.032797735Z,2026-10-16,7,C,86.0,0.579866,USO261016C00086000,60.37,62.97,61.67,1,,,,,,,,
2026-10-09,USO,148.31,2026-10-09T18:40:23.122280813Z,2026-10-16,7,C,87.0,0.586609,USO261016C00087000,58.74,61.88,60.31,2,,,,,,,,
2026-10-09,USO,148.31,2026-10-09T18:40:23.4318044Z,2026-10-16,7,C,88.0,0.593352,USO261016C00088000,58.88,62.06,60.47,1,,,,,,,,
2026-10-09,USO,148.31,2026-10-09T18:40:29.909204971Z,2026-10-16,7,C,89.0,0.600094,USO261016C00089000,57.77,61.64,59.705,4,,,,,,,,
2026-10-09,USO,148.31,2026-10-09T18:41:17.424487088Z,2026-10-16,7,C,90.0,0.606837,USO261016C00090000,57.52,60.33,58.925,5,,,,,,,,
2026-10-09,USO,148.31,2026-10-09T18:39:33.166835243Z,2026-10-16,7,C,91.0,0.61358,USO261016C00091000,56.18,59.09,57.635,1,,,,,,,,
2026-10-09,USO,148.31,2026-10-09T18:40:26.034542869Z,2026-10-16,7,C,92.0,0.620322,USO261016C00092000,54.09,57.75,55.92,1,,,,,,,,
2026-10-09,USO,148.31,2026-10-09T18:39:28.676831182Z,2026-10-16,7,C,93.0,0.627065,USO261016C00093000,53.32,57.77,55.545,1,,,,,,,,
2026-10-09,USO,148.31,2026-10-09T18:41:17.560879681Z,2026-10-16,7,C,94.0,0.633808,USO261016C00094000,52.82,54.83,53.825,2,,,,,,,,
2026-10-09,USO,148.31,2026-10-09T18:41:17.565652267Z,2026-10-16,7,C,95.0,0.64055,USO261016C00095000,51.31,54.91,53.11,20,,,,,,,,
2026-10-09,USO,148.31,2026-10-09T18:41:01.600430061Z,2026-10-16,7,C,96.0,0.647293,USO261016C00096000,50.87,54.29,52.58,4,,,,,,,,
2026-10-09,USO,148.31,2026-10-09T18:41:17.56556657Z,2026-10-16,7,C,97.0,0.654035,USO261016C00097000,50.61,52.92,51.765,1,,,,,,,,
2026-10-09,USO,148.31,2026-10-09T18:40:23.40676499Z,2026-10-16,7,C,98.0,0.660778,USO261016C00098000,49.77,52.17,50.97,6,,,,,,,,
2026-10-09,USO,148.31,2026-10-09T18:41:19.139264981Z,2026-10-16,7,C,99.0,0.667521,USO261016C00099000,47.81,49.89,48.85,1,,,,,,,,
2026-10-09,USO,148.31,2026-10-09T18:41:17.587986433Z,2026-10-16,7,C,100.0,0.674263,USO261016C00100000,46.92,49.38,48.15,11,,,,,,,,
2026-10-09,USO,148.31,2026-10-09T18:41:17.123138964Z,2026-10-16,7,C,101.0,0.681006,USO261016C00101000,46.5,47.74,47.12,1,,,,,,,,
2026-10-09,USO,148.31,2026-10-09T18:40:26.034542869Z,2026-10-16,7,C,102.0,0.687749,USO261016C00102000,45.31,48.83,47.07,1,,,,,,,,
2026-10-09,USO,148.31,2026-10-09T18:41:17.632511226Z,2026-10-16,7,C,103.0,0.694491,USO261016C00103000,43.73,47.32,45.525,28,,,,,,,,
2026-10-09,USO,148.31,2026-10-09T18:40:58.281389086Z,2026-10-16,7,C,104.0,0.701234,USO261016C00104000,43.64,45.65,44.645,20,,,,,,,,
2026-10-09,USO,148.31,2026-10-09T18:41:17.563405369Z,2026-10-16,7,C,105.0,0.707977,USO261016C00105000,42.37,44.6,43.485,8,,,,,,,,
2026-10-09,USO,148.31,2026-10-09T18:39:28.675994777Z,2026-10-16,7,C,106.0,0.714719,USO261016C00106000,41.87,43.13,42.5,1,,,,,,,,
2026-10-09,USO,148.31,2026-10-09T18:41:17.497791821Z,2026-10-16,7,C,107.0,0.721462,USO261016C00107000,40.5,43.69,42.095,12,,,,,,,,
2026-10-09,USO,148.31,2026-10-09T18:39:55.172695766Z,2026-10-16,7,C,108.0,0.728204,USO261016C00108000,38.29,42.01,40.15,13,,,,,,,,
2026-10-09,USO,148.31,2026-10-09T18:41:17.560926523Z,2026-10-16,7,C,109.0,0.734947,USO261016C00109000,37.69,41.15,39.42,40,,,,,,,,
2026-10-09,USO,148.31,2026-10-09T18:41:17.563753253Z,2026-10-16,7,C,110.0,0.74169,USO261016C00110000,37.71,39.16,38.435,17,,,,,,,,
2026-10-09,USO,148.31,2026-10-09T18:41:18.349638253Z,2026-10-16,7,C,111.0,0.748432,USO261016C00111000,35.62,38.7,37.16,1,,,,,,,,
2026-10-09,USO,148.31,2026-10-09T18:41:17.561002576Z,2026-10-16,7,C,112.0,0.755175,USO261016C00112000,35.68,37.6,36.64,7,,,,,,,,
2026-10-09,USO,148.31,2026-10-09T18:41:17.631621295Z,2026-10-16,7,C,113.0,0.761918,USO261016C00113000,34.43,36.43,35.43,8,,,0.859,0.9906,0.0014,-0.0436,0.0052,0.0214
2026-10-09,USO,148.31,2026-10-09T18:39:28.676015903Z,2026-10-16,7,C,114.0,0.76866,USO261016C00114000,34.55,35.65,35.1,50,,,,,,,,
2026-10-09,USO,148.31,2026-10-09T18:40:44.027105678Z,2026-10-16,7,C,115.0,0.775403,USO261016C00115000,32.74,33.92,33.33,1,,,,,,,,
2026-10-09,USO,148.31,2026-10-09T18:41:17.565208491Z,2026-10-16,7,C,116.0,0.782146,USO261016C00116000,31.08,32.97,32.025,1,,,,,,,,
2026-10-09,USO,148.31,2026-10-09T18:41:20.03506603Z,2026-10-16,7,C,117.0,0.788888,USO261016C00117000,30.6,33.29,31.945,4,,,,,,,,
2026-10-09,USO,148.31,2026-10-09T18:39:55.223070626Z,2026-10-16,7,C,118.0,0.795631,USO261016C00118000,30.12,31.14,30.63,3,,,0.9291,0.9675,0.0038,-0.111,0.0149,0.0216
2026-10-09,USO,148.31,2026-10-09T18:41:18.150083958Z,2026-10-16,7,C,119.0,0.802373,USO261016C00119000,27.98,30.16,29.07,3,,,,,,,,
2026-10-09,USO,148.31,2026-10-09T18:41:17.564017647Z,2026-10-16,7,C,120.0,0.809116,USO261016C00120000,28.03,28.63,28.33,23,,,,,,,,
2026-10-09,USO,148.31,2026-10-09T18:41:17.565131591Z,2026-10-16,7,C,121.0,0.815859,USO261016C00121000,26.51,29.02,27.765,4,,,0.9165,0.9527,0.0052,-0.1447,0.0203,0.0218
2026-10-09,USO,148.31,2026-10-09T18:39:28.676090728Z,2026-10-16,7,C,122.0,0.822601,USO261016C00122000,26.1,27.67,26.885,3,,,0.9398,0.9418,0.006,-0.1723,0.0239,0.0216
2026-10-09,USO,148.31,2026-10-09T18:41:19.492368393Z,2026-10-16,7,C,123.0,0.829344,USO261016C00123000,24.13,26.7,25.415,5,,,0.5796,0.9913,0.002,-0.033,0.0048,0.0233
2026-10-09,USO,148.31,2026-10-09T18:41:19.559792996Z,2026-10-16,7,C,124.0,0.836087,USO261016C00124000,23.83,25.55,24.69,3,,,0.7889,0.9553,0.0058,-0.1215,0.0194,0.0224
2026-10-09,USO,148.31,2026-10-09T18:41:17.734855751Z,2026-10-16,7,C,125.0,0.842829,USO261016C00125000,23.09,24.06,23.575,34,,,0.6942,0.9666,0.0052,-0.0885,0.0153,0.023
2026-10-09,USO,148.31,2026-10-09T18:40:59.517943981Z,2026-10-16,7,C,126.0,0.849572,USO261016C00126000,21.42,23.38,22.4,2,,,0.4732,0.9943,0.0017,-0.0246,0.0033,0.024
2026-10-09,USO,148.31,2026-10-09T18:40:23.417654207Z,2026-10-16,7,C,127.0,0.856314,USO261016C00127000,21.01,22.76,21.885,2,,,0.7828,0.932,0.0082,-0.1632,0.027,0.0223
2026-10-09,USO,148.31,2026-10-09T18:41:17.563463916Z,2026-10-16,7,C,128.0,0.863057,USO261016C00128000,20.4,21.57,20.985,4,,,0.7861,0.9211,0.0091,-0.1819,0.0302,0.0222
2026-10-09,USO,148.31,2026-10-09T18:41:17.562700157Z,2026-10-16,7,C,129.0,0.8698,USO261016C00129000,18.96,20.87,19.915,14,,,0.7309,0.9243,0.0095,-0.1653,0.0293,0.0225
2026-10-09,USO,148.31,2026-10-09T18:41:17.554157863Z,2026-10-16,7,C,130.0,0.876542,USO261016C00130000,17.82,19.37,18.595,34,,,0.5691,0.9572,0.0078,-0.0892,0.0187,0.0237
2026-10-09,USO,148.31,2026-10-09T18:39:28.676096211Z,2026-10-16,7,C,131.0,0.883285,USO261016C00131000,17.59,18.35,17.97,16,,,0.6855,0.9133,0.0112,-0.1714,0.0324,0.0225
2026-10-09,USO,148.31,2026-10-09T18:41:15.484705503Z,2026-10-16,7,C,132.0,0.890028,USO261016C00132000,15.86,17.61,16.735,32,,,0.575,0.9345,0.0108,-0.1205,0.0262,0.0234
2026-10-09,USO,148.31,2026-10-09T18:41:17.563173629Z,2026-10-16,7,C,133.0,0.89677,USO261016C00133000,14.78,16.59,15.685,27,,,0.5264,0.9381,0.0113,-0.1074,0.0251,0.0237
2026-10-09,USO,148.31,2026-10-09T18:41:20.036041017Z,2026-10-16,7,C,134.0,0.903513,USO261016C00134000,13.97,15.67,14.82,11,,,0.5449,0.9178,0.0136,-0.1342,0.0312,0.0233
2026-10-09,USO,148.31,2026-10-09T18:39:55.043891402Z,2026-10-16,7,C,135.0,0.910256,USO261016C00135000,13.53,14.97,14.25,14,,,0.6275,0.8713,0.0163,-0.2056,0.0431,0.022
2026-10-09,USO,148.31,2026-10-09T18:40:58.329396581Z,2026-10-16,7,C,136.0,0.916998,USO261016C00136000,12.69,13.73,13.21,10,,,0.5839,0.8685,0.0178,-0.1949,0.0438,0.0222
2026-10-09,USO,148.31,2026-10-09T18:41:17.896950124Z,2026-10-16,7,C,137.0,0.923741,USO261016C00137000,11.9,12.32,12.11,40,,,0.5269,0.8711,0.0194,-0.175,0.0432,0.0225
2026-10-09,USO,148.31,2026-10-09T18:40:23.136431286Z,2026-10-16,7,C,138.0,0.930483,USO261016C00138000,10.92,11.84,11.38,3,,,0.5499,0.8394,0.0216,-0.2088,0.0501,0.0217
2026-10-09,USO,148.31,2026-10-09T18:41:20.28793516Z,2026-10-16,7,C,139.0,0.937226,USO261016C00139000,9.99,11.12,10.555,18,,,0.5466,0.8165,0.0237,-0.2247,0.0545,0.0212
2026-10-09,USO,148.31,2026-10-09T18:41:17.563782595Z,2026-10-16,7,C,140.0,0.943969,USO261016C00140000,9.04,9.82,9.43,50,,,0.4863,0.8156,0.0267,-0.2019,0.0547,0.0214
2026-10-09,USO,148.31,2026-10-09T18:40:41.319448622Z,2026-10-16,7,C,141.0,0.950711,USO261016C00141000,8.029,9.17,8.5995,68,,,0.478,0.7898,0.0294,-0.2138,0.0592,0.0208
2026-10-09,USO,148.31,2026-10-09T18:40:29.976335939Z,2026-10-16,7,C,142.0,0.957454,USO261016C00142000,7.23,8.59,7.91,2,,,0.4879,0.7537,0.0315,-0.2367,0.0647,0.0199
2026-10-09,USO,148.31,2026-10-09T18:41:17.55932666Z,2026-10-16,7,C,143.0,0.964197,USO261016C00143000,6.68,7.32,7.0,8,,,0.4592,0.7306,0.035,-0.2333,0.0678,0.0194
2026-10-09,USO,148.31,2026-10-09T18:41:18.800531281Z,2026-10-16,7,C,143.5,0.967568,USO261016C00143500,6.42,6.92,6.67,2,,,0.462,0.7111,0.036,-0.2421,0.0702,0.0189
2026-10-09,USO,148.31,2026-10-09T18:41:17.999959695Z,2026-10-16,7,C,144.0,0.970939,USO261016C00144000,5.81,6.49,6.15,13,,,0.4368,0.7011,0.0387,-0.2328,0.0713,0.0188
2026-10-09,USO,148.31,2026-10-09T18:41:17.577236483Z,2026-10-16,7,C,145.0,0.977682,USO261016C00145000,5.31,5.76,5.535,333,,,0.4426,0.6586,0.0404,-0.2481,0.0754,0.0177
2026-10-09,USO,148.31,2026-10-09T18:41:17.585436818Z,2026-10-16,7,C,146.0,0.984425,USO261016C00146000,4.74,4.85,4.795,37,,,0.4265,0.62,0.0435,-0.2475,0.0782,0.0167
2026-10-09,USO,148.31,2026-10-09T18:41:17.576646433Z,2026-10-16,7,C,147.0,0.991167,USO261016C00147000,4.15,4.25,4.2,14,,,0.424,0.5756,0.045,-0.2523,0.0805,0.0156
2026-10-09,USO,148.31,2026-10-09T18:41:18.887196377Z,2026-10-16,7,C,148.0,0.99791,USO261016C00148000,3.47,3.92,3.695,272,,,0.4269,0.5299,0.0454,-0.2571,0.0817,0.0144
2026-10-09,USO,148.31,2026-10-09T18:41:20.313659836Z,2026-10-16,7,C,149.0,1.004652,USO261016C00149000,3.07,3.19,3.13,52,,,0.4169,0.4836,0.0466,-0.2511,0.0819,0.0132
2026-10-09,USO,148.31,2026-10-09T18:41:19.883371984Z,2026-10-16,7,C,150.0,1.011395,USO261016C00150000,2.71,2.83,2.77,5480,,,0.4265,0.4395,0.045,-0.2533,0.081,0.012
2026-10-09,USO,148.31,2026-10-09T18:41:18.643436961Z,2026-10-16,7,C,151.0,1.018138,USO261016C00151000,2.31,2.38,2.345,345,,,0.4226,0.3945,0.0444,-0.2446,0.079,0.0108
2026-10-09,USO,148.31,2026-10-09T18:41:17.416760329Z,2026-10-16,7,C,152.0,1.02488,USO261016C00152000,1.98,2.07,2.025,196,,,0.4266,0.3533,0.0424,-0.238,0.0763,0.0097
2026-10-09,USO,148.31,2026-10-09T18:41:17.386517689Z,2026-10-16,7,C,152.5,1.028252,USO261016C00152500,1.82,2.1,1.96,69,,,0.4394,0.3381,0.0405,-0.2408,0.0751,0.0092
2026-10-09,USO,148.31,2026-10-09T18:41:17.559277643Z,2026-10-16,7,C,153.0,1.031623,USO261016C00153000,1.67,1.92,1.795,30,,,0.4378,0.318,0.0397,-0.2339,0.0732,0.0087
2026-10-09,USO,148.31,2026-10-09T18:41:17.559302196Z,2026-10-16,7,C,154.0,1.038366,USO261016C00154000,1.38,1.67,1.525,175,,,0.439,0.2813,0.0374,-0.2215,0.0693,0.0077
2026-10-09,USO,148.31,2026-10-09T18:41:17.778145625Z,2026-10-16,7,C,155.0,1.045108,USO261016C00155000,1.24,1.27,1.255,4409,,,0.435,0.2443,0.0351,-0.204,0.0645,0.0067
2026-10-09,USO,148.31,2026-10-09T18:41:17.563812485Z,2026-10-16,7,C,156.0,1.051851,USO261016C00156000,0.98,1.12,1.05,103,,,0.4358,0.2126,0.0324,-0.1888,0.0596,0.0058
2026-10-09,USO,148.31,2026-10-09T18:41:17.563408728Z,2026-10-16,7,C,157.0,1.058593,USO261016C00157000,0.86,0.97,0.915,162,,,0.4442,0.188,0.0296,-0.1786,0.0554,0.0052
2026-10-09,USO,148.31,2026-10-09T18:41:17.563762579Z,2026-10-16,7,C,157.5,1.061965,USO261016C00157500,0.79,0.87,0.83,8,,,0.4438,0.1742,0.0282,-0.17,0.0528,0.0048
2026-10-09,USO,148.31,2026-10-09T18:41:18.886986528Z,2026-10-16,7,C,158.0,1.065336,USO261016C00158000,0.78,0.8,0.79,369,,,0.451,0.1654,0.0268,-0.167,0.051,0.0046
2026-10-09,USO,148.31,2026-10-09T18:41:19.385768871Z,2026-10-16,7,C,159.0,1.072079,USO261016C00159000,0.63,0.71,0.67,46,,,0.455,0.1438,0.0243,-0.1534,0.0465,0.004
2026-10-09,USO,148.31,2026-10-09T18:41:17.553537279Z,2026-10-16,7,C,160.0,1.078821,USO261016C00160000,0.54,0.62,0.58,362,,,0.4621,0.1262,0.0218,-0.1424,0.0426,0.0035
2026-10-09,USO,148.31,2026-10-09T18:41:17.563587223Z,2026-10-16,7,C,161.0,1.085564,USO261016C00161000,0.47,0.57,0.52,76,,,0.4736,0.1131,0.0197,-0.135,0.0394,0.0031
2026-10-09,USO,148.31,2026-10-09T18:41:17.563621782Z,2026-10-16,7,C,162.0,1.092307,USO261016C00162000,0.36,0.49,0.425,74,,,0.473,0.0958,0.0175,-0.1194,0.0349,0.0026
2026-10-09,USO,148.31,2026-10-09T18:41:17.417342212Z,2026-10-16,7,C,163.0,1.099049,USO261016C00163000,0.38,0.44,0.41,24,,,0.4926,0.0899,0.016,-0.1186,0.0333,0.0025
2026-10-09,USO,148.31,2026-10-09T18:41:20.035161058Z,2026-10-16,7,C,164.0,1.105792,USO261016C00164000,0.33,0.36,0.345,12,,,0.4953,0.0774,0.0142,-0.1065,0.0298,0.0021
2026-10-09,USO,148.31,2026-10-09T18:41:18.488382809Z,2026-10-16,7,C,165.0,1.112535,USO261016C00165000,0.29,0.32,0.305,321,,,0.5037,0.0687,0.0128,-0.0988,0.0272,0.0019
2026-10-09,USO,148.31,2026-10-09T18:41:17.563537151Z,2026-10-16,7,C,166.0,1.119277,USO261016C00166000,0.21,0.32,0.265,1,,,0.5099,0.0603,0.0114,-0.0904,0.0246,0.0017
2026-10-09,USO,148.31,2026-10-09T18:41:18.484687645Z,2026-10-16,7,C,167.0,1.12602,USO261016C00167000,0.14,0.29,0.215,83,,,0.5089,0.0505,0.0099,-0.0783,0.0213,0.0014
2026-10-09,USO,148.31,2026-10-09T18:41:17.564116739Z,2026-10-16,7,C,168.0,1.132762,USO261016C00168000,0.14,0.23,0.185,67,,,0.5141,0.0439,0.0088,-0.0708,0.0191,0.0012
2026-10-09,USO,148.31,2026-10-09T18:41:17.563560128Z,2026-10-16,7,C,169.0,1.139505,USO261016C00169000,0.13,0.21,0.17,8,,,0.5255,0.0401,0.008,-0.0671,0.0177,0.0011
2026-10-09,USO,148.31,2026-10-09T18:41:18.01188468Z,2026-10-16,7,C,170.0,1.146248,USO261016C00170000,0.13,0.17,0.15,82,,,0.5326,0.0355,0.0071,-0.0616,0.0161,0.001
2026-10-09,USO,148.31,2026-10-09T18:41:17.386517689Z,2026-10-16,7,C,171.0,1.15299,USO261016C00171000,0.14,0.2,0.17,1,,,0.5635,0.0377,0.0071,-0.0685,0.0169,0.001
2026-10-09,USO,148.31,2026-10-09T18:41:18.575122271Z,2026-10-16,7,C,172.0,1.159733,USO261016C00172000,0.08,0.19,0.135,12,,,0.5595,0.031,0.0061,-0.0579,0.0144,0.0009
2026-10-09,USO,148.31,2026-10-09T18:41:17.561342233Z,2026-10-16,7,C,175.0,1.179961,USO261016C00175000,0.12,0.13,0.125,438,,,0.6053,0.0271,0.005,-0.0559,0.0128,0.0007
2026-10-09,USO,148.31,2026-10-09T18:41:17.56387698Z,2026-10-16,7,C,180.0,1.213674,USO261016C00180000,0.04,0.08,0.06,1128,,,0.6206,0.0138,0.0028,-0.0323,0.0072,0.0004
2026-10-09,USO,148.31,2026-10-09T18:41:18.011399691Z,2026-10-16,7,C,185.0,1.247387,USO261016C00185000,0.06,0.08,0.07,20,,,0.7094,0.0141,0.0025,-0.0375,0.0074,0.0004
2026-10-09,USO,148.31,2026-10-09T18:41:17.686761003Z,2026-10-16,7,C,190.0,1.2811,USO261016C00190000,0.03,0.04,0.035,1,,,0.7181,0.0074,0.0014,-0.0218,0.0042,0.0002
2026-10-09,USO,148.31,2026-10-09T18:41:17.562742701Z,2026-10-16,7,C,195.0,1.314814,USO261016C00195000,0.01,0.11,0.06,4,,,0.8352,0.0106,0.0016,-0.0346,0.0058,0.0003
2026-10-09,USO,148.31,2026-10-09T18:39:28.690204634Z,2026-10-16,7,C,200.0,1.348527,USO261016C00200000,0.01,0.05,0.03,1763,,,,,,,,
2026-10-09,USO,148.31,2026-10-09T17:35:12.399087328Z,2026-10-16,7,C,205.0,1.38224,USO261016C00205000,0,0.11,0.055,64,,,,,,,,
2026-10-09,USO,148.31,2026-10-09T15:03:00.043252361Z,2026-10-16,7,C,210.0,1.415953,USO261016C00210000,0,0.13,0.065,17,,,,,,,,
2026-10-09,USO,148.31,2026-10-09T16:01:10.822264091Z,2026-10-16,7,C,215.0,1.449666,USO261016C00215000,0,0.26,0.13,10,,,,,,,,
2026-10-09,USO,148.31,2026-10-09T17:57:12.847985483Z,2026-10-16,7,C,220.0,1.483379,USO261016C00220000,0,0.06,0.03,1,,,,,,,,
2026-10-09,USO,148.31,2026-10-09T13:31:45.173498949Z,2026-10-16,7,C,225.0,1.517093,USO261016C00225000,0,0.02,0.01,40,,,,,,,,
2026-10-09,USO,148.31,2026-10-09T13:33:35.432572245Z,2026-10-16,7,C,230.0,1.550806,USO261016C00230000,0,0.06,0.03,2,,,,,,,,
2026-10-09,USO,148.31,2026-10-09T18:41:18.526697907Z,2026-10-16,7,C,235.0,1.584519,USO261016C00235000,0,2.11,1.055,30,,,,,,,,
2026-10-09,USO,148.31,2026-10-09T17:03:34.086467544Z,2026-10-16,7,P,60.0,0.404558,USO261016P00060000,0,0.07,0.035,2,,,,,,,,
2026-10-09,USO,148.31,2026-10-09T18:20:22.056651094Z,2026-10-16,7,P,64.0,0.431529,USO261016P00064000,0,0.97,0.485,1,,,,,,,,
2026-10-09,USO,148.31,2026-10-09T13:44:40.824582704Z,2026-10-16,7,P,65.0,0.438271,USO261016P00065000,0,0.05,0.025,6,,,,,,,,
2026-10-09,USO,148.31,2026-10-09T17:47:10.050779264Z,2026-10-16,7,P,66.0,0.445014,USO261016P00066000,0,0.01,0.005,4,,,,,,,,
2026-10-09,USO,148.31,2026-10-09T13:31:34.802973768Z,2026-10-16,7,P,67.0,0.451756,USO261016P00067000,0,0.09,0.045,1,,,,,,,,
2026-10-09,USO,148.31,2026-10-09T13:51:48.862589011Z,2026-10-16,7,P,68.0,0.458499,USO261016P00068000,0,0.01,0.005,1,,,,,,,,
2026-10-09,USO,148.31,2026-10-09T13:33:23.078261153Z,2026-10-16,7,P,69.0,0.465242,USO261016P00069000,0,0.07,0.035,1,,,,,,,,
2026-10-09,USO,148.31,2026-10-09T13:34:38.549778859Z,2026-10-16,7,P,70.0,0.471984,USO261016P00070000,0,0.01,0.005,1,,,,,,,,
2026-10-09,USO,148.31,2026-10-09T13:44:38.780927745Z,2026-10-16,7,P,71.0,0.478727,USO261016P00071000,0,0.09,0.045,4,,,,,,,,
2026-10-09,USO,148.31,2026-10-09T13:50:46.4897045Z,2026-10-16,7,P,72.0,0.48547,USO261016P00072000,0,0.01,0.005,24,,,,,,,,
2026-10-09,USO,148.31,2026-10-09T18:28:01.741972871Z,2026-10-16,7,P,73.0,0.492212,USO261016P00073000,0,0.75,0.375,4,,,,,,,,
2026-10-09,USO,148.31,2026-10-09T18:38:57.408693825Z,2026-10-16,7,P,74.0,0.498955,USO261016P00074000,0,0.97,0.485,1,,,,,,,,
2026-10-09,USO,148.31,2026-10-09T16:48:51.889105726Z,2026-10-16,7,P,75.0,0.505698,USO261016P00075000,0,0.01,0.005,10,,,,,,,,
2026-10-09,USO,148.31,2026-10-09T13:42:38.862194664Z,2026-10-16,7,P,76.0,0.51244,USO261016P00076000,0,0.12,0.06,1,,,,,,,,
2026-10-09,USO,148.31,2026-10-09T16:49:23.758728139Z,2026-10-16,7,P,77.0,0.519183,USO261016P00077000,0,1.1,0.55,1,,,,,,,,
2026-10-09,USO,148.31,2026-10-09T15:13:48.901218932Z,2026-10-16,7,P,78.0,0.525925,USO261016P00078000,0,0.11,0.055,6,,,,,,,,
2026-10-09,USO,148.31,2026-10-09T18:32:17.117634643Z,2026-10-16,7,P,79.0,0.532668,USO261016P00079000,0,2.15,1.075,40,,,,,,,,
2026-10-09,USO,148.31,2026-10-09T16:42:33.508773944Z,2026-10-16,7,P,80.0,0.539411,USO261016P00080000,0,0.03,0.015,50,,,,,,,,
2026-10-09,USO,148.31,2026-10-09T18:40:51.21800461Z,2026-10-16,7,P,81.0,0.546153,USO261016P00081000,0,0.19,0.095,1,,,,,,,,
2026-10-09,USO,148.31,2026-10-09T13:31:20.00981786Z,2026-10-16,7,P,82.0,0.552896,USO261016P00082000,0,0.01,0.005,1,,,,,,,,
2026-10-09,USO,148.31,2026-10-09T18:40:10.761413492Z,2026-10-16,7,P,83.0,0.559639,USO261016P00083000,0,2.1,1.05,1,,,,,,,,
2026-10-09,USO,148.31,2026-10-09T13:46:17.36220632Z,2026-10-16,7,P,84.0,0.566381,USO261016P00084000,0,0.06,0.03,2,,,,,,,,
2026-10-09,USO,148.31,2026-10-09T14:10:11.667501702Z,2026-10-16,7,P,85.0,0.573124,USO261016P00085000,0,0.01,0.005,50,,,,,,,,
2026-10-09,USO,148.31,2026-10-09T13:38:09.859286432Z,2026-10-16,7,P,86.0,0.579866,USO261016P00086000,0,0.13,0.065,5,,,,,,,,
2026-10-09,USO,148.31,2026-10-09T13:32:54.719193214Z,2026-10-16,7,P,87.0,0.586609,USO261016P00087000,0,0.06,0.03,1,,,,,,,,
2026-10-09,USO,148.31,2026-10-09T15:09:15.346523014Z,2026-10-16,7,P,88.0,0.593352,USO261016P00088000,0,0.53,0.265,1,,,,,,,,
2026-10-09,USO,148.31,2026-10-09T13:37:47.367299559Z,2026-10-16,7,P,89.0,0.600094,USO261016P00089000,0,2.029,1.0145,3,,,,,,,,
2026-10-09,USO,148.31,2026-10-09T18:06:17.603457701Z,2026-10-16,7,P,90.0,0.606837,USO261016P00090000,0,0.05,0.025,1,,,,,,,,
2026-10-09,USO,148.31,2026-10-09T18:41:17.566676246Z,2026-10-16,7,P,91.0,0.61358,USO261016P00091000,0,2.15,1.075,7,,,,,,,,
2026-10-09,USO,148.31,2026-10-09T18:34:05.663403169Z,2026-10-16,7,P,92.0,0.620322,USO261016P00092000,0,2.15,1.075,2,,,,,,,,
2026-10-09,USO,148.31,2026-10-09T18:35:58.475138532Z,2026-10-16,7,P,93.0,0.627065,USO261016P00093000,0,2.1,1.05,3,,,,,,,,
2026-10-09,USO,148.31,2026-10-09T18:41:17.566687143Z,2026-10-16,7,P,94.0,0.633808,USO261016P00094000,0,2.15,1.075,3,,,,,,,,
2026-10-09,USO,148.31,2026-10-09T15:29:31.447465563Z,2026-10-16,7,P,95.0,0.64055,USO261016P00095000,0,0.01,0.005,36,,,,,,,,
2026-10-09,USO,148.31,2026-10-09T15:02:38.828203508Z,2026-10-16,7,P,96.0,0.647293,USO261016P00096000,0,0.22,0.11,15,,,,,,,,
2026-10-09,USO,148.31,2026-10-09T18:35:46.5304699Z,2026-10-16,7,P,97.0,0.654035,USO261016P00097000,0,2.17,1.085,1,,,,,,,,
2026-10-09,USO,148.31,2026-10-09T13:31:28.429081433Z,2026-10-16,7,P,98.0,0.660778,USO261016P00098000,0,0.14,0.07,50,,,,,,,,
2026-10-09,USO,148.31,2026-10-09T18:41:17.566691669Z,2026-10-16,7,P,99.0,0.667521,USO261016P00099000,0,2.1,1.05,6,,,,,,,,
2026-10-09,USO,148.31,2026-10-09T18:09:20.79435759Z,2026-10-16,7,P,100.0,0.674263,USO261016P00100000,0,0.03,0.015,19,,,,,,,,
2026-10-09,USO,148.31,2026-10-09T17:36:10.220988511Z,2026-10-16,7,P,101.0,0.681006,USO261016P00101000,0,0.04,0.02,35,,,,,,,,
2026-10-09,USO,148.31,2026-10-09T18:41:17.563116562Z,2026-10-16,7,P,102.0,0.687749,USO261016P00102000,0,2.1,1.05,5,,,,,,,,
2026-10-09,USO,148.31,2026-10-09T18:28:11.156527502Z,2026-10-16,7,P,103.0,0.694491,USO261016P00103000,0,0.08,0.04,1,,,,,,,,
2026-10-09,USO,148.31,2026-10-09T14:29:55.184715377Z,2026-10-16,7,P,104.0,0.701234,USO261016P00104000,0,0.03,0.015,33,,,,,,,,
2026-10-09,USO,148.31,2026-10-09T18:41:17.613471339Z,2026-10-16,7,P,105.0,0.707977,USO261016P00105000,0.03,0.07,0.05,11,,,,,,,,
2026-10-09,USO,148.31,2026-10-09T17:57:12.843225929Z,2026-10-16,7,P,106.0,0.714719,USO261016P00106000,0,0.04,0.02,11,,,,,,,,
2026-10-09,USO,148.31,2026-10-09T14:16:02.886184279Z,2026-10-16,7,P,107.0,0.721462,USO261016P00107000,0,1.04,0.52,1,,,,,,,,
2026-10-09,USO,148.31,2026-10-09T18:41:17.562811612Z,2026-10-16,7,P,108.0,0.728204,USO261016P00108000,0,0.08,0.04,8,,,,,,,,
2026-10-09,USO,148.31,2026-10-09T18:41:17.566024106Z,2026-10-16,7,P,109.0,0.734947,USO261016P00109000,0,0.06,0.03,150,,,,,,,,
2026-10-09,USO,148.31,2026-10-09T18:39:28.676274758Z,2026-10-16,7,P,110.0,0.74169,USO261016P00110000,0.01,0.03,0.02,22,,,,,,,,
2026-10-09,USO,148.31,2026-10-09T18:41:17.563372129Z,2026-10-16,7,P,111.0,0.748432,USO261016P00111000,0,0.16,0.08,3,,,,,,,,
2026-10-09,USO,148.31,2026-10-09T18:41:17.566676246Z,2026-10-16,7,P,112.0,0.755175,USO261016P00112000,0,0.17,0.085,1,,,,,,,,
2026-10-09,USO,148.31,2026-10-09T18:41:17.564161504Z,2026-10-16,7,P,113.0,0.761918,USO261016P00113000,0,0.3,0.15,26,,,,,,,,
2026-10-09,USO,148.31,2026-10-09T17:57:12.843225929Z,2026-10-16,7,P,114.0,0.76866,USO261016P00114000,0,0.06,0.03,7,,,,,,,,
2026-10-09,USO,148.31,2026-10-09T18:38:12.252787468Z,2026-10-16,7,P,115.0,0.775403,USO261016P00115000,0.01,0.02,0.015,74,,,0.6917,-0.0034,0.0007,-0.0102,0.0021,-0.0001
2026-10-09,USO,148.31,2026-10-09T18:41:17.56412166Z,2026-10-16,7,P,116.0,0.782146,USO261016P00116000,0,0.18,0.09,4,,,,,,,,
2026-10-09,USO,148.31,2026-10-09T18:41:17.564146593Z,2026-10-16,7,P,117.0,0.788888,USO261016P00117000,0,0.13,0.065,7,,,,,,,,
2026-10-09,USO,148.31,2026-10-09T18:41:14.054726805Z,2026-10-16,7,P,118.0,0.795631,USO261016P00118000,0.01,0.05,0.03,38,,,0.6786,-0.0065,0.0013,-0.018,0.0037,-0.0002
2026-10-09,USO,148.31,2026-10-09T18:41:17.559741522Z,2026-10-16,7,P,119.0,0.802373,USO261016P00119000,0.03,0.14,0.085,23,,,0.7526,-0.015,0.0024,-0.0415,0.0078,-0.0004
2026-10-09,USO,148.31,2026-10-09T18:41:17.563926841Z,2026-10-16,7,P,120.0,0.809116,USO261016P00120000,0.01,0.08,0.045,314,,,0.6668,-0.0095,0.0019,-0.0247,0.0052,-0.0003
2026-10-09,USO,148.31,2026-10-09T18:41:17.563787014Z,2026-10-16,7,P,121.0,0.815859,USO261016P00121000,0.01,0.09,0.05,25,,,0.6527,-0.0106,0.0021,-0.0267,0.0058,-0.0003
2026-10-09,USO,148.31,2026-10-09T18:41:17.563782595Z,2026-10-16,7,P,122.0,0.822601,USO261016P00122000,0.03,0.12,0.075,56,,,0.666,-0.015,0.0028,-0.0368,0.0078,-0.0004
2026-10-09,USO,148.31,2026-10-09T18:41:21.386225324Z,2026-10-16,7,P,123.0,0.829344,USO261016P00123000,0.04,0.11,0.075,38,,,0.6418,-0.0155,0.003,-0.0365,0.008,-0.0005
2026-10-09,USO,148.31,2026-10-09T18:41:17.562236747Z,2026-10-16,7,P,124.0,0.836087,USO261016P00124000,0.04,0.14,0.09,74,,,0.6348,-0.0184,0.0035,-0.0418,0.0093,-0.0005
2026-10-09,USO,148.31,2026-10-09T18:41:17.564276483Z,2026-10-16,7,P,125.0,0.842829,USO261016P00125000,0.11,0.12,0.115,2060,,,0.6345,-0.0229,0.0042,-0.0502,0.0112,-0.0007
2026-10-09,USO,148.31,2026-10-09T18:41:07.875548027Z,2026-10-16,7,P,126.0,0.849572,USO261016P00126000,0.12,0.14,0.13,37,,,0.6219,-0.026,0.0047,-0.0547,0.0124,-0.0008
2026-10-09,USO,148.31,2026-10-09T18:41:17.985854761Z,2026-10-16,7,P,127.0,0.856314,USO261016P00127000,0.09,0.17,0.13,81,,,0.5964,-0.027,0.0051,-0.0541,0.0128,-0.0008
2026-10-09,USO,148.31,2026-10-09T18:41:18.597232175Z,2026-10-16,7,P,128.0,0.863057,USO261016P00128000,0.15,0.16,0.155,58,,,0.5889,-0.0319,0.0059,-0.0613,0.0147,-0.0009
2026-10-09,USO,148.31,2026-10-09T18:41:17.563916536Z,2026-10-16,7,P,129.0,0.8698,USO261016P00129000,0.18,0.21,0.195,46,,,0.5876,-0.039,0.007,-0.0721,0.0173,-0.0011
2026-10-09,USO,148.31,2026-10-09T18:41:17.563408728Z,2026-10-16,7,P,130.0,0.876542,USO261016P00130000,0.2,0.23,0.215,1806,,,0.5717,-0.0435,0.0079,-0.0766,0.0189,-0.0013
2026-10-09,USO,148.31,2026-10-09T18:41:17.386467252Z,2026-10-16,7,P,131.0,0.883285,USO261016P00131000,0.23,0.24,0.235,12,,,0.5546,-0.0482,0.0088,-0.0808,0.0206,-0.0014
2026-10-09,USO,148.31,2026-10-09T18:41:17.564064508Z,2026-10-16,7,P,132.0,0.890028,USO261016P00132000,0.28,0.35,0.315,42,,,0.5618,-0.0613,0.0105,-0.0988,0.0249,-0.0018
2026-10-09,USO,148.31,2026-10-09T18:41:18.886991Z,2026-10-16,7,P,133.0,0.89677,USO261016P00133000,0.32,0.36,0.34,44,,,0.5427,-0.0674,0.0117,-0.1027,0.0268,-0.002
2026-10-09,USO,148.31,2026-10-09T18:41:18.575122271Z,2026-10-16,7,P,134.0,0.903513,USO261016P00134000,0.29,0.44,0.365,8,,,0.5225,-0.074,0.0131,-0.1061,0.0288,-0.0022
2026-10-09,USO,148.31,2026-10-09T18:41:21.386225324Z,2026-10-16,7,P,135.0,0.910256,USO261016P00135000,0.43,0.47,0.45,345,,,0.5201,-0.0885,0.015,-0.1209,0.0329,-0.0026
2026-10-09,USO,148.31,2026-10-09T18:41:21.386225324Z,2026-10-16,7,P,136.0,0.916998,USO261016P00136000,0.48,0.55,0.515,107,,,0.5079,-0.101,0.017,-0.1301,0.0363,-0.003
2026-10-09,USO,148.31,2026-10-09T18:41:17.77976076Z,2026-10-16,7,P,137.0,0.923741,USO261016P00137000,0.56,0.65,0.605,132,,,0.4994,-0.117,0.0192,-0.142,0.0404,-0.0034
2026-10-09,USO,148.31,2026-10-09T18:41:17.724775838Z,2026-10-16,7,P,138.0,0.930483,USO261016P00138000,0.66,0.75,0.705,70,,,0.49,-0.1347,0.0215,-0.1536,0.0445,-0.004
2026-10-09,USO,148.31,2026-10-09T18:41:19.133549995Z,2026-10-16,7,P,139.0,0.937226,USO261016P00139000,0.81,0.85,0.83,47,,,0.4823,-0.1555,0.0241,-0.1664,0.049,-0.0046
2026-10-09,USO,148.31,2026-10-09T18:41:17.561714057Z,2026-10-16,7,P,140.0,0.943969,USO261016P00140000,0.95,0.96,0.955,1073,,,0.471,-0.1773,0.0269,-0.1766,0.0534,-0.0052
2026-10-09,USO,148.31,2026-10-09T18:41:20.956702128Z,2026-10-16,7,P,141.0,0.950711,USO261016P00141000,1.09,1.13,1.11,395,,,0.4615,-0.2027,0.0298,-0.1877,0.058,-0.006
2026-10-09,USO,148.31,2026-10-09T18:41:21.386225324Z,2026-10-16,7,P,142.0,0.957454,USO261016P00142000,1.3,1.31,1.305,155,,,0.4547,-0.2323,0.0327,-0.1998,0.0627,-0.0069
2026-10-09,USO,148.31,2026-10-09T18:41:18.886991Z,2026-10-16,7,P,143.0,0.964197,USO261016P00143000,1.46,1.68,1.57,710,,,0.454,-0.2673,0.0353,-0.2147,0.0676,-0.0079
2026-10-09,USO,148.31,2026-10-09T18:41:17.555462285Z,2026-10-16,7,P,143.5,0.967568,USO261016P00143500,1.63,1.84,1.735,90,,,0.4563,-0.2868,0.0363,-0.2232,0.0699,-0.0085
2026-10-09,USO,148.31,2026-10-09T18:41:17.559261501Z,2026-10-16,7,P,144.0,0.970939,USO261016P00144000,1.77,2.02,1.895,198,,,0.4564,-0.3059,0.0374,-0.2298,0.072,-0.0091
2026-10-09,USO,148.31,2026-10-09T18:41:21.171371216Z,2026-10-16,7,P,145.0,0.977682,USO261016P00145000,2.06,2.17,2.115,677,,,0.4394,-0.3405,0.0406,-0.2307,0.0753,-0.0101
2026-10-09,USO,148.31,2026-10-09T18:41:20.45880418Z,2026-10-16,7,P,146.0,0.984425,USO261016P00146000,2.39,2.46,2.425,193,,,0.43,-0.3808,0.0432,-0.234,0.0782,-0.0113
2026-10-09,USO,148.31,2026-10-09T18:41:21.100801451Z,2026-10-16,7,P,147.0,0.991167,USO261016P00147000,2.79,3.05,2.92,157,,,0.4386,-0.4261,0.0435,-0.2452,0.0805,-0.0127
2026-10-09,USO,148.31,2026-10-09T18:41:18.89100591Z,2026-10-16,7,P,148.0,0.99791,USO261016P00148000,3.22,3.46,3.34,844,,,0.4322,-0.4702,0.0448,-0.2444,0.0817,-0.014
2026-10-09,USO,148.31,2026-10-09T18:41:20.291504926Z,2026-10-16,7,P,149.0,1.004652,USO261016P00149000,3.7,4.52,4.11,27,,,0.4632,-0.5124,0.0419,-0.2624,0.0819,-0.0154
2026-10-09,USO,148.31,2026-10-09T18:41:21.448425054Z,2026-10-16,7,P,150.0,1.011395,USO261016P00150000,4.07,4.57,4.32,458,,,0.4203,-0.5617,0.0457,-0.2337,0.0809,-0.0168
2026-10-09,USO,148.31,2026-10-09T18:41:18.800206305Z,2026-10-16,7,P,151.0,1.018138,USO261016P00151000,4.72,5.12,4.92,31,,,0.4195,-0.6065,0.0447,-0.2266,0.079,-0.0182
2026-10-09,USO,148.31,2026-10-09T18:40:16.341899838Z,2026-10-16,7,P,152.0,1.02488,USO261016P00152000,5.42,5.79,5.605,14,,,0.4242,-0.6476,0.0426,-0.2202,0.0763,-0.0195
2026-10-09,USO,148.31,2026-10-09T18:40:23.418465105Z,2026-10-16,7,P,152.5,1.028252,USO261016P00152500,5.83,6.36,6.095,5,,,0.4443,-0.66,0.0402,-0.2277,0.0752,-0.0199
2026-10-09,USO,148.31,2026-10-09T18:41:16.798049887Z,2026-10-16,7,P,153.0,1.031623,USO261016P00153000,6.18,6.63,6.405,7,,,0.4394,-0.6813,0.0396,-0.2187,0.0733,-0.0206
2026-10-09,USO,148.31,2026-10-09T18:41:18.575122271Z,2026-10-16,7,P,154.0,1.038366,USO261016P00154000,6.89,7.42,7.155,14,,,0.4437,-0.7164,0.0372,-0.2084,0.0696,-0.0217
2026-10-09,USO,148.31,2026-10-09T18:41:17.562302208Z,2026-10-16,7,P,155.0,1.045108,USO261016P00155000,7.49,8.109,7.7995,10,,,0.4269,-0.7601,0.0355,-0.1818,0.0638,-0.0231
2026-10-09,USO,148.31,2026-10-09T18:41:17.559293626Z,2026-10-16,7,P,156.0,1.051851,USO261016P00156000,8.47,9.03,8.75,2,,,0.4531,-0.7778,0.032,-0.1847,0.0612,-0.0238
2026-10-09,USO,148.31,2026-10-09T18:40:32.416525222Z,2026-10-16,7,P,157.0,1.058593,USO261016P00157000,9.16,10.02,9.59,9,,,0.4585,-0.8039,0.0294,-0.1723,0.0568,-0.0247
2026-10-09,USO,148.31,2026-10-09T18:40:26.050298604Z,2026-10-16,7,P,157.5,1.061965,USO261016P00157500,9.36,10.42,9.89,2,,,0.4372,-0.8297,0.0282,-0.1483,0.052,-0.0255
2026-10-09,USO,148.31,2026-10-09T18:41:19.046605331Z,2026-10-16,7,P,158.0,1.065336,USO261016P00158000,10.36,10.77,10.565,2,,,0.4851,-0.8158,0.0267,-0.1754,0.0547,-0.0252
2026-10-09,USO,148.31,2026-10-09T18:41:13.099850702Z,2026-10-16,7,P,159.0,1.072079,USO261016P00159000,11.16,11.75,11.455,2,,,0.4942,-0.835,0.0245,-0.1656,0.051,-0.0259
2026-10-09,USO,148.31,2026-10-09T18:40:23.436134737Z,2026-10-16,7,P,160.0,1.078821,USO261016P00160000,11.81,12.52,12.165,35,,,0.4602,-0.8747,0.0218,-0.1241,0.0423,-0.0272
2026-10-09,USO,148.31,2026-10-09T18:41:19.903986547Z,2026-10-16,7,P,161.0,1.085564,USO261016P00161000,12.32,13.68,13.0,22,,,0.4436,-0.9025,0.0189,-0.0965,0.0354,-0.0282
2026-10-09,USO,148.31,2026-10-09T18:39:28.676350928Z,2026-10-16,7,P,162.0,1.092307,USO261016P00162000,13.9,14.7,14.3,7,,,0.545,-0.8695,0.0189,-0.1543,0.0436,-0.0275
2026-10-09,USO,148.31,2026-10-09T18:40:16.097423413Z,2026-10-16,7,P,163.0,1.099049,USO261016P00163000,14.37,15.06,14.715,2,,,0.3816,-0.9599,0.011,-0.0316,0.0177,-0.0301
2026-10-09,USO,148.31,2026-10-09T18:41:19.785552045Z,2026-10-16,7,P,164.0,1.105792,USO261016P00164000,14.64,16.75,15.695,3,,,0.3897,-0.966,0.0094,-0.0262,0.0155,-0.0305
2026-10-09,USO,148.31,2026-10-09T18:41:19.903986547Z,2026-10-16,7,P,165.0,1.112535,USO261016P00165000,15.94,17.62,16.78,1,,,0.4565,-0.9501,0.011,-0.0522,0.0211,-0.0302
2026-10-09,USO,148.31,2026-10-09T18:41:07.857443457Z,2026-10-16,7,P,166.0,1.119277,USO261016P00166000,16.43,19.05,17.74,8,,,0.4567,-0.9591,0.0093,-0.0417,0.018,-0.0307
2026-10-09,USO,148.31,2026-10-09T18:39:28.676385731Z,2026-10-16,7,P,167.0,1.12602,USO261016P00167000,17.14,20.04,18.59,4,,,0.2848,-0.9985,0.0008,0.0157,0.001,-0.032
2026-10-09,USO,148.31,2026-10-09T18:39:28.676417795Z,2026-10-16,7,P,168.0,1.132762,USO261016P00168000,18.71,20.7,19.705,9,,,0.4745,-0.9682,0.0073,-0.0323,0.0147,-0.0313
2026-10-09,USO,148.31,2026-10-09T18:39:55.146173681Z,2026-10-16,7,P,169.0,1.139505,USO261016P00169000,19.31,22.27,20.79,6,,,0.5436,-0.9544,0.0086,-0.0591,0.0197,-0.0311
2026-10-09,USO,148.31,2026-10-09T18:40:23.469219005Z,2026-10-16,7,P,170.0,1.146248,USO261016P00170000,21.37,22.88,22.125,2,,,0.6933,-0.9142,0.011,-0.1425,0.0322,-0.0302
2026-10-09,USO,148.31,2026-10-09T18:39:28.672731246Z,2026-10-16,7,P,171.0,1.15299,USO261016P00171000,21.51,24.16,22.835,,,,0.6059,-0.9503,0.0083,-0.0738,0.0211,-0.0314
2026-10-09,USO,148.31,2026-10-09T18:39:55.230870536Z,2026-10-16,7,P,172.0,1.159733,USO261016P00172000,22.94,25.49,24.215,,,,0.7657,-0.9097,0.0104,-0.1659,0.0334,-0.0305
2026-10-09,USO,148.31,2026-10-09T18:41:15.460640652Z,2026-10-16,7,P,175.0,1.179961,USO261016P00175000,25.54,26.97,26.255,2,,,,,,,,
2026-10-09,USO,148.31,2026-10-09T18:39:28.676455133Z,2026-10-16,7,P,180.0,1.213674,USO261016P00180000,30.66,32.299,31.4795,50,,,,,,,,
2026-10-09,USO,148.31,2026-10-09T18:40:44.029760967Z,2026-10-16,7,P,185.0,1.247387,USO261016P00185000,35.53,38.18,36.855,5,,,0.8798,-0.9598,0.0048,-0.0926,0.0178,-0.0344
2026-10-09,USO,148.31,2026-10-09T18:41:17.575206698Z,2026-10-16,7,P,190.0,1.2811,USO261016P00190000,40.64,43.37,42.005,1,,,,,,,,
2026-10-09,USO,148.31,2026-10-09T18:41:17.499431825Z,2026-10-16,7,P,195.0,1.314814,USO261016P00195000,46.18,47.74,46.96,24,,,,,,,,
2026-10-09,USO,148.31,2026-10-09T18:41:17.565152179Z,2026-10-16,7,P,200.0,1.348527,USO261016P00200000,50.6,52.99,51.795,10,,,,,,,,
2026-10-09,USO,148.31,2026-10-09T18:41:17.553787245Z,2026-10-16,7,P,205.0,1.38224,USO261016P00205000,55.53,57.43,56.48,1,,,,,,,,
2026-10-09,USO,148.31,2026-10-09T18:39:28.676505255Z,2026-10-16,7,P,210.0,1.415953,USO261016P00210000,60.84,63.44,62.14,4,,,,,,,,
2026-10-09,USO,148.31,2026-10-09T18:40:15.977576292Z,2026-10-16,7,P,215.0,1.449666,USO261016P00215000,66.28,69.14,67.71,4,,,,,,,,
2026-10-09,USO,148.31,2026-10-09T18:41:17.576136784Z,2026-10-16,7,P,220.0,1.483379,USO261016P00220000,70.26,74.2,72.23,130,,,,,,,,
2026-10-09,USO,148.31,2026-10-09T18:41:17.553787245Z,2026-10-16,7,P,225.0,1.517093,USO261016P00225000,76.18,79.36,77.77,2,,,,,,,,
2026-10-09,USO,148.31,2026-10-09T18:40:26.037358186Z,2026-10-16,7,P,230.0,1.550806,USO261016P00230000,81.71,83.52,82.615,1,,,,,,,,
2026-10-09,USO,148.31,2026-10-09T18:40:26.038112737Z,2026-10-16,7,P,235.0,1.584519,USO261016P00235000,86.98,87.2,87.09,1,,,,,,,,
2026-10-09,USO,148.31,2026-10-09T18:40:23.15560043Z,2026-11-20,42,C,60.0,0.404558,USO261120C00060000,86.14,91.14,88.64,24,,,,,,,,
2026-10-09,USO,148.31,2026-10-09T18:40:23.412760404Z,2026-11-20,42,C,65.0,0.438271,USO261120C00065000,82.95,84.6,83.775,,,,,,,,,
2026-10-09,USO,148.31,2026-10-09T18:40:23.445584264Z,2026-11-20,42,C,70.0,0.471984,USO261120C00070000,75.6,81.84,78.72,2,,,,,,,,
2026-10-09,USO,148.31,2026-10-09T18:39:28.681549725Z,2026-11-20,42,C,75.0,0.505698,USO261120C00075000,71.3,75.92,73.61,4,,,,,,,,
2026-10-09,USO,148.31,2026-10-09T18:41:17.554307352Z,2026-11-20,42,C,80.0,0.539411,USO261120C00080000,66.39,69.27,67.83,5,,,,,,,,
2026-10-09,USO,148.31,2026-10-09T18:40:23.16105066Z,2026-11-20,42,C,85.0,0.573124,USO261120C00085000,61.14,66.68,63.91,17,,,0.8145,0.9849,0.0009,-0.0273,0.0191,0.0945
2026-10-09,USO,148.31,2026-10-09T18:41:17.556807137Z,2026-11-20,42,C,90.0,0.606837,USO261120C00090000,56.81,60.72,58.765,6,,,0.6269,0.9933,0.0006,-0.0165,0.0094,0.1019
2026-10-09,USO,148.31,2026-10-09T18:40:29.951621126Z,2026-11-20,42,C,95.0,0.64055,USO261120C00095000,51.02,56.72,53.87,4,,,0.6268,0.9869,0.0011,-0.0226,0.017,0.1064
2026-10-09,USO,148.31,2026-10-09T18:41:07.854103498Z,2026-11-20,42,C,100.0,0.674263,USO261120C00100000,46.69,50.65,48.67,10,,,,,,,,
2026-10-09,USO,148.31,2026-10-09T18:41:15.469136172Z,2026-11-20,42,C,105.0,0.707977,USO261120C00105000,42.77,44.52,43.645,1,,,,,,,,
2026-10-09,USO,148.31,2026-10-09T18:41:17.567867109Z,2026-11-20,42,C,110.0,0.74169,USO261120C00110000,38.33,39.51,38.92,1,,,0.4352,0.9833,0.0019,-0.0223,0.0209,0.123
2026-10-09,USO,148.31,2026-10-09T18:39:28.681725155Z,2026-11-20,42,C,115.0,0.775403,USO261120C00115000,33.66,35.95,34.805,4,,,0.5625,0.9267,0.0049,-0.0579,0.07,0.1181
2026-10-09,USO,148.31,2026-10-09T18:39:28.681729808Z,2026-11-20,42,C,116.0,0.782146,USO261120C00116000,32.09,34.2,33.145,2,,,0.4299,0.9631,0.0037,-0.0325,0.0406,0.1262
2026-10-09,USO,148.31,2026-10-09T18:41:17.563832242Z,2026-11-20,42,C,117.0,0.788888,USO261120C00117000,30.8,33.01,31.905,41,,,0.3358,0.9853,0.0022,-0.0197,0.0188,0.1314
2026-10-09,USO,148.31,2026-10-09T18:40:41.36160712Z,2026-11-20,42,C,118.0,0.795631,USO261120C00118000,30.27,32.88,31.575,5,,,0.4835,0.9335,0.0053,-0.0488,0.0649,0.123
2026-10-09,USO,148.31,2026-10-09T18:39:28.68178962Z,2026-11-20,42,C,119.0,0.802373,USO261120C00119000,28.87,31.85,30.36,1,,,0.4338,0.9451,0.0051,-0.0406,0.0558,0.1263
2026-10-09,USO,148.31,2026-10-09T18:41:17.558410487Z,2026-11-20,42,C,120.0,0.809116,USO261120C00120000,29.13,29.85,29.49,2,,,0.4416,0.9355,0.0057,-0.045,0.0634,0.1257
2026-10-09,USO,148.31,2026-10-09T18:39:28.68181993Z,2026-11-20,42,C,121.0,0.815859,USO261120C00121000,28.38,29.89,29.135,2,,,0.5116,0.9005,0.0068,-0.0647,0.0879,0.1201
2026-10-09,USO,148.31,2026-10-09T18:40:23.117141568Z,2026-11-20,42,C,122.0,0.822601,USO261120C00122000,27.62,28.99,28.305,1,,,0.5145,0.8909,0.0072,-0.0687,0.0941,0.1194
2026-10-09,USO,148.31,2026-10-09T18:40:23.109055694Z,2026-11-20,42,C,123.0,0.829344,USO261120C00123000,27.1,27.62,27.36,6,,,0.5044,0.8858,0.0076,-0.0695,0.0971,0.1197
2026-10-09,USO,148.31,2026-10-09T18:40:39.15538737Z,2026-11-20,42,C,124.0,0.836087,USO261120C00124000,26.22,27.29,26.755,1,,,0.5267,0.8677,0.0081,-0.0785,0.1077,0.1173
2026-10-09,USO,148.31,2026-10-09T18:40:39.155464823Z,2026-11-20,42,C,125.0,0.842829,USO261120C00125000,24.69,25.9,25.295,1,,,0.4662,0.8826,0.0084,-0.0663,0.0991,0.1215
2026-10-09,USO,148.31,2026-10-09T18:40:23.4553941Z,2026-11-20,42,C,126.0,0.849572,USO261120C00126000,23.82,25.31,24.565,6,,,0.4764,0.8679,0.0089,-0.0722,0.1076,0.1198
2026-10-09,USO,148.31,2026-10-09T18:40:10.988657481Z,2026-11-20,42,C,127.0,0.856314,USO261120C00127000,23.58,23.98,23.78,1,,,0.4795,0.8558,0.0094,-0.0762,0.1142,0.1187
2026-10-09,USO,148.31,2026-10-09T18:40:58.405208634Z,2026-11-20,42,C,128.0,0.863057,USO261120C00128000,22.3,23.61,22.955,7,,,0.4779,0.8453,0.0099,-0.0791,0.1197,0.1178
2026-10-09,USO,148.31,2026-10-09T18:40:24.79539863Z,2026-11-20,42,C,129.0,0.8698,USO261120C00129000,21.74,22.37,22.055,2,,,0.4693,0.8372,0.0104,-0.0801,0.1238,0.1175
2026-10-09,USO,148.31,2026-10-09T18:41:18.830336283Z,2026-11-20,42,C,130.0,0.876542,USO261120C00130000,20.82,21.38,21.1,7,,,0.456,0.8308,0.011,-0.0798,0.1269,0.1175
2026-10-09,USO,148.31,2026-10-09T18:41:20.668573299Z,2026-11-20,42,C,131.0,0.883285,USO261120C00131000,20.02,20.74,20.38,1,,,0.4604,0.8161,0.0115,-0.0841,0.1338,0.1158
2026-10-09,USO,148.31,2026-10-09T18:40:23.467359017Z,2026-11-20,42,C,132.0,0.890028,USO261120C00132000,18.9,19.66,19.28,2,,,0.4357,0.8137,0.0122,-0.0808,0.1348,0.1167
2026-10-09,USO,148.31,2026-10-09T18:41:17.563428749Z,2026-11-20,42,C,133.0,0.89677,USO261120C00133000,18.76,19.2,18.98,1,,,0.4677,0.7863,0.0124,-0.092,0.1465,0.1123
2026-10-09,USO,148.31,2026-10-09T18:40:41.318448157Z,2026-11-20,42,C,134.0,0.903513,USO261120C00134000,17.43,18.25,17.84,1,,,0.4401,0.7833,0.0133,-0.0879,0.1476,0.1131
2026-10-09,USO,148.31,2026-10-09T18:41:20.035520985Z,2026-11-20,42,C,135.0,0.910256,USO261120C00135000,17.22,18.07,17.645,1,,,0.4741,0.7556,0.0132,-0.0993,0.1579,0.1086
2026-10-09,USO,148.31,2026-10-09T18:40:23.117150908Z,2026-11-20,42,C,136.0,0.916998,USO261120C00136000,16.32,16.92,16.62,1,,,0.4535,0.7481,0.014,-0.0968,0.1605,0.1085
2026-10-09,USO,148.31,2026-10-09T18:41:20.035516001Z,2026-11-20,42,C,137.0,0.923741,USO261120C00137000,15.74,16.73,16.235,3,,,0.4715,0.7268,0.014,-0.1037,0.1673,0.1053
2026-10-09,USO,148.31,2026-10-09T18:40:16.118665708Z,2026-11-20,42,C,138.0,0.930483,USO261120C00138000,14.72,15.38,15.05,2,,,0.4407,0.721,0.0152,-0.0985,0.169,0.1057
2026-10-09,USO,148.31,2026-10-09T18:39:28.682054635Z,2026-11-20,42,C,139.0,0.937226,USO261120C00139000,14.4,14.82,14.61,19,,,0.4532,0.7009,0.0152,-0.1038,0.1747,0.1028
2026-10-09,USO,148.31,2026-10-09T18:41:17.651001228Z,2026-11-20,42,C,140.0,0.943969,USO261120C00140000,13.76,14.33,14.045,46,,,0.457,0.6835,0.0155,-0.1068,0.1791,0.1005
2026-10-09,USO,148.31,2026-10-09T18:40:23.131244792Z,2026-11-20,42,C,141.0,0.950711,USO261120C00141000,12.87,13.93,13.4,6,,,0.4554,0.6674,0.0159,-0.1082,0.1827,0.0985
2026-10-09,USO,148.31,2026-10-09T18:40:29.983475891Z,2026-11-20,42,C,142.0,0.957454,USO261120C00142000,12.58,12.93,12.755,6,,,0.4529,0.6511,0.0162,-0.1093,0.1861,0.0964
2026-10-09,USO,148.31,2026-10-09T18:41:17.563466874Z,2026-11-20,42,C,143.0,0.964197,USO261120C00143000,11.97,12.38,12.175,5,,,0.4529,0.634,0.0165,-0.1108,0.1892,0.0942
2026-10-09,USO,148.31,2026-10-09T18:40:44.006255751Z,2026-11-20,42,C,144.0,0.970939,USO261120C00144000,11.25,11.9,11.575,2,,,0.451,0.617,0.0168,-0.1116,0.192,0.092
2026-10-09,USO,148.31,2026-10-09T18:41:20.956702128Z,2026-11-20,42,C,145.0,0.977682,USO261120C00145000,10.62,11.28,10.95,60,,,0.447,0.6,0.0172,-0.1118,0.1943,0.0898
2026-10-09,USO,148.31,2026-10-09T18:41:17.573936529Z,2026-11-20,42,C,146.0,0.984425,USO261120C00146000,10.42,10.59,10.505,12,,,0.4512,0.5822,0.0172,-0.1136,0.1964,0.0873
2026-10-09,USO,148.31,2026-10-09T18:41:17.563356134Z,2026-11-20,42,C,147.0,0.991167,USO261120C00147000,9.55,9.98,9.765,1,,,0.4396,0.5648,0.0178,-0.1116,0.198,0.0851
2026-10-09,USO,148.31,2026-10-09T18:41:22.369626224Z,2026-11-20,42,C,148.0,0.99791,USO261120C00148000,9.34,10.12,9.73,14,,,0.4627,0.5476,0.017,-0.1174,0.1992,0.0822
2026-10-09,USO,148.31,2026-10-09T18:41:21.911268062Z,2026-11-20,42,C,149.0,1.004652,USO261120C00149000,8.67,9.14,8.905,12,,,0.4452,0.5293,0.0178,-0.1135,0.2001,0.0801
2026-10-09,USO,148.31,2026-10-09T18:41:18.923385782Z,2026-11-20,42,C,150.0,1.011395,USO261120C00150000,8.28,8.58,8.43,106,,,0.4443,0.5116,0.0178,-0.1133,0.2006,0.0776
2026-10-09,USO,148.31,2026-10-09T18:41:17.563489083Z,2026-11-20,42,C,151.0,1.018138,USO261120C00151000,8.05,8.28,8.165,1,,,0.4531,0.4953,0.0175,-0.1152,0.2007,0.0751
2026-10-09,USO,148.31,2026-10-09T18:41:17.563348419Z,2026-11-20,42,C,152.0,1.02488,USO261120C00152000,7.36,7.79,7.575,24,,,0.4448,0.4766,0.0178,-0.1128,0.2003,0.0726
2026-10-09,USO,148.31,2026-10-09T18:41:21.386720248Z,2026-11-20,42,C,153.0,1.031623,USO261120C00153000,7.28,7.41,7.345,15,,,0.4537,0.4613,0.0174,-0.1144,0.1997,0.0703
2026-10-09,USO,148.31,2026-10-09T18:41:17.563348419Z,2026-11-20,42,C,154.0,1.038366,USO261120C00154000,6.85,7.08,6.965,10,,,0.4542,0.4447,0.0173,-0.1138,0.1987,0.0679
2026-10-09,USO,148.31,2026-10-09T18:41:17.55897363Z,2026-11-20,42,C,155.0,1.045108,USO261120C00155000,6.24,6.81,6.525,51,,,0.4509,0.4272,0.0173,-0.112,0.1973,0.0654
2026-10-09,USO,148.31,2026-10-09T18:41:21.412940153Z,2026-11-20,42,C,156.0,1.051851,USO261120C00156000,6.09,6.38,6.235,9,,,0.4544,0.4119,0.017,-0.1118,0.1958,0.0631
2026-10-09,USO,148.31,2026-10-09T18:41:17.563348419Z,2026-11-20,42,C,157.0,1.058593,USO261120C00157000,5.85,6,5.925,41,,,0.4562,0.3965,0.0168,-0.111,0.1939,0.0608
2026-10-09,USO,148.31,2026-10-09T18:41:18.50855257Z,2026-11-20,42,C,158.0,1.065336,USO261120C00158000,5.39,5.72,5.555,13,,,0.4541,0.3799,0.0167,-0.109,0.1915,0.0584
2026-10-09,USO,148.31,2026-10-09T18:41:18.63888706Z,2026-11-20,42,C,159.0,1.072079,USO261120C00159000,5.28,5.43,5.355,68,,,0.4601,0.3669,0.0163,-0.109,0.1894,0.0564
2026-10-09,USO,148.31,2026-10-09T18:41:17.555441602Z,2026-11-20,42,C,160.0,1.078821,USO261120C00160000,4.98,5.18,5.08,209,,,0.4615,0.3525,0.016,-0.1077,0.1868,0.0543
2026-10-09,USO,148.31,2026-10-09T18:41:18.21950376Z,2026-11-20,42,C,161.0,1.085564,USO261120C00161000,4.7,4.99,4.845,10,,,0.4644,0.3392,0.0157,-0.1067,0.1841,0.0523
2026-10-09,USO,148.31,2026-10-09T18:41:21.386720248Z,2026-11-20,42,C,162.0,1.092307,USO261120C00162000,4.41,4.74,4.575,10,,,0.4647,0.325,0.0154,-0.1048,0.1811,0.0502
2026-10-09,USO,148.31,2026-10-09T18:41:20.956702128Z,2026-11-20,42,C,163.0,1.099049,USO261120C00163000,4.28,4.46,4.37,25,,,0.468,0.3127,0.015,-0.1037,0.1781,0.0483
2026-10-09,USO,148.31,2026-10-09T18:41:17.564082147Z,2026-11-20,42,C,164.0,1.105792,USO261120C00164000,4.11,4.22,4.165,20,,,0.4706,0.3006,0.0147,-0.1024,0.175,0.0465
2026-10-09,USO,148.31,2026-10-09T18:41:21.448590078Z,2026-11-20,42,C,165.0,1.112535,USO261120C00165000,3.82,3.94,3.88,75,,,0.468,0.2861,0.0144,-0.0995,0.1711,0.0443
2026-10-09,USO,148.31,2026-10-09T18:41:17.563463916Z,2026-11-20,42,C,166.0,1.119277,USO261120C00166000,3.61,3.73,3.67,18,,,0.4691,0.2739,0.0141,-0.0975,0.1675,0.0425
2026-10-09,USO,148.31,2026-10-09T18:40:29.910077248Z,2026-11-20,42,C,167.0,1.12602,USO261120C00167000,3.47,3.68,3.575,1,,,0.4765,0.2655,0.0137,-0.0974,0.1649,0.0412
2026-10-09,USO,148.31,2026-10-09T18:41:21.412940153Z,2026-11-20,42,C,168.0,1.132762,USO261120C00168000,3.16,3.41,3.285,40,,,0.4715,0.2507,0.0134,-0.0935,0.1601,0.039
2026-10-09,USO,148.31,2026-10-09T18:41:17.55659401Z,2026-11-20,42,C,169.0,1.139505,USO261120C00169000,3.13,3.33,3.23,3,,,0.4805,0.2442,0.013,-0.0938,0.1578,0.0379
2026-10-09,USO,148.31,2026-10-09T18:41:18.211608761Z,2026-11-20,42,C,170.0,1.146248,USO261120C00170000,3.03,3.13,3.08,115,,,0.4831,0.2344,0.0126,-0.0922,0.1544,0.0365
2026-10-09,USO,148.31,2026-10-09T18:41:17.652456248Z,2026-11-20,42,C,171.0,1.15299,USO261120C00171000,2.86,3,2.93,16,,,0.4852,0.2248,0.0123,-0.0904,0.1508,0.035
2026-10-09,USO,148.31,2026-10-09T18:41:17.563470578Z,2026-11-20,42,C,172.0,1.159733,USO261120C00172000,2.66,2.82,2.74,9,,,0.4841,0.2136,0.012,-0.0875,0.1464,0.0333
2026-10-09,USO,148.31,2026-10-09T18:41:17.563348419Z,2026-11-20,42,C,173.0,1.166476,USO261120C00173000,2.63,2.69,2.66,7,,,0.4899,0.2069,0.0116,-0.0868,0.1437,0.0322
2026-10-09,USO,148.31,2026-10-09T18:40:58.326754722Z,2026-11-20,42,C,174.0,1.173218,USO261120C00174000,2.44,2.51,2.475,80,,,0.488,0.196,0.0113,-0.0837,0.1391,0.0306
2026-10-09,USO,148.31,2026-10-09T18:41:20.956702128Z,2026-11-20,42,C,175.0,1.179961,USO261120C00175000,2.33,2.4,2.365,77,,,0.4908,0.1882,0.0109,-0.082,0.1357,0.0294
2026-10-09,USO,148.31,2026-10-09T18:41:17.563606798Z,2026-11-20,42,C,176.0,1.186704,USO261120C00176000,2.25,2.32,2.285,9,,,0.4955,0.1818,0.0106,-0.081,0.1328,0.0284
2026-10-09,USO,148.31,2026-10-09T18:41:22.399921052Z,2026-11-20,42,C,180.0,1.213674,USO261120C00180000,1.84,1.92,1.88,141,,,0.5039,0.1534,0.0093,-0.0737,0.1191,0.024
2026-10-09,USO,148.31,2026-10-09T18:41:18.63888706Z,2026-11-20,42,C,185.0,1.247387,USO261120C00185000,1.44,1.49,1.465,27,,,0.513,0.1234,0.0079,-0.0645,0.1026,0.0194
2026-10-09,USO,148.31,2026-10-09T18:41:17.395437231Z,2026-11-20,42,C,190.0,1.2811,USO261120C00190000,1.2,1.24,1.22,65,,,0.5302,0.1033,0.0067,-0.0585,0.0904,0.0162
2026-10-09,USO,148.31,2026-10-09T18:41:20.956702128Z,2026-11-20,42,C,195.0,1.314814,USO261120C00195000,0.95,1.03,0.99,17,,,0.5424,0.0851,0.0057,-0.0518,0.0783,0.0134
2026-10-09,USO,148.31,2026-10-09T18:41:21.17098625Z,2026-11-20,42,C,200.0,1.348527,USO261120C00200000,0.77,0.8,0.785,25,,,0.5508,0.069,0.0048,-0.0448,0.0668,0.0109
2026-10-09,USO,148.31,2026-10-09T18:41:18.458562713Z,2026-11-20,42,C,205.0,1.38224,USO261120C00205000,0.68,0.7,0.69,2,,,0.5702,0.06,0.0042,-0.0416,0.0599,0.0095
2026-10-09,USO,148.31,2026-10-09T18:41:17.564137406Z,2026-11-20,42,C,210.0,1.415953,USO261120C00210000,0.5,0.56,0.53,64,,,0.5732,0.0476,0.0034,-0.0347,0.0498,0.0075
2026-10-09,USO,148.31,2026-10-09T18:40:29.911999268Z,2026-11-20,42,C,215.0,1.449666,USO261120C00215000,0.47,0.52,0.495,2,,,0.5964,0.0434,0.0031,-0.0335,0.0463,0.0068
2026-10-09,USO,148.31,2026-10-09T18:41:17.559012609Z,2026-11-20,42,C,220.0,1.483379,USO261120C00220000,0.37,0.49,0.43,39,,,0.6107,0.0376,0.0027,-0.0305,0.0412,0.0059
2026-10-09,USO,148.31,2026-10-09T18:41:18.909250838Z,2026-11-20,42,C,225.0,1.517093,USO261120C00225000,0.32,0.4,0.36,2,,,0.6202,0.0318,0.0023,-0.027,0.0359,0.005
2026-10-09,USO,148.31,2026-10-09T18:41:17.932479993Z,2026-11-20,42,C,230.0,1.550806,USO261120C00230000,0.3,0.33,0.315,10,,,0.6332,0.0277,0.002,-0.0246,0.0321,0.0044
2026-10-09,USO,148.31,2026-10-09T18:41:17.558976629Z,2026-11-20,42,C,235.0,1.584519,USO261120C00235000,0.22,0.33,0.275,5,,,0.6452,0.0242,0.0018,-0.0223,0.0286,0.0038
2026-10-09,USO,148.31,2026-10-09T18:41:17.563949957Z,2026-11-20,42,P,60.0,0.404558,USO261120P00060000,0,2.17,1.085,1,,,,,,,,
2026-10-09,USO,148.31,2026-10-09T18:39:28.68154541Z,2026-11-20,42,P,65.0,0.438271,USO261120P00065000,0,2.17,1.085,1,,,,,,,,
2026-10-09,USO,148.31,2026-10-09T18:40:40.265606861Z,2026-11-20,42,P,70.0,0.471984,USO261120P00070000,0,0.38,0.19,15,,,,,,,,
2026-10-09,USO,148.31,2026-10-09T18:41:20.975196935Z,2026-11-20,42,P,75.0,0.505698,USO261120P00075000,0.01,0.12,0.065,1,,,,,,,,
2026-10-09,USO,148.31,2026-10-09T18:40:58.331528909Z,2026-11-20,42,P,80.0,0.539411,USO261120P00080000,0,0.4,0.2,2,,,,,,,,
2026-10-09,USO,148.31,2026-10-09T17:57:24.335006242Z,2026-11-20,42,P,85.0,0.573124,USO261120P00085000,0,0.12,0.06,1,,,,,,,,
2026-10-09,USO,148.31,2026-10-09T18:26:15.490643569Z,2026-11-20,42,P,90.0,0.606837,USO261120P00090000,0,0.13,0.065,1030,,,,,,,,
2026-10-09,USO,148.31,2026-10-09T18:41:17.558831746Z,2026-11-20,42,P,95.0,0.64055,USO261120P00095000,0.05,0.21,0.13,30,,,0.611,-0.0115,0.001,-0.0108,0.0151,-0.0021
2026-10-09,USO,148.31,2026-10-09T18:41:17.563560128Z,2026-11-20,42,P,100.0,0.674263,USO261120P00100000,0.15,0.22,0.185,127,,,0.5782,-0.0166,0.0014,-0.014,0.0208,-0.003
2026-10-09,USO,148.31,2026-10-09T18:41:17.558949088Z,2026-11-20,42,P,105.0,0.707977,USO261120P00105000,0.24,0.35,0.295,33,,,0.5573,-0.0259,0.0021,-0.0197,0.0303,-0.0048
2026-10-09,USO,148.31,2026-10-09T18:41:18.53990245Z,2026-11-20,42,P,110.0,0.74169,USO261120P00110000,0.42,0.44,0.43,90,,,0.5296,-0.0377,0.0031,-0.0254,0.0413,-0.0069
2026-10-09,USO,148.31,2026-10-09T18:41:17.55885357Z,2026-11-20,42,P,115.0,0.775403,USO261120P00115000,0.61,0.63,0.62,86,,,0.5019,-0.0543,0.0044,-0.0322,0.0554,-0.01
2026-10-09,USO,148.31,2026-10-09T18:41:17.558451501Z,2026-11-20,42,P,116.0,0.782146,USO261120P00116000,0.66,0.73,0.695,1,,,0.5012,-0.0599,0.0047,-0.0347,0.0598,-0.011
2026-10-09,USO,148.31,2026-10-09T18:40:39.155456653Z,2026-11-20,42,P,117.0,0.788888,USO261120P00117000,0.73,0.77,0.75,2,,,0.4963,-0.0644,0.005,-0.0363,0.0634,-0.0119
2026-10-09,USO,148.31,2026-10-09T18:40:39.155470097Z,2026-11-20,42,P,118.0,0.795631,USO261120P00118000,0.8,0.88,0.84,154,,,0.496,-0.0709,0.0054,-0.0391,0.0682,-0.0131
2026-10-09,USO,148.31,2026-10-09T18:41:17.558945721Z,2026-11-20,42,P,119.0,0.802373,USO261120P00119000,0.8,0.96,0.88,2,,,0.4876,-0.0749,0.0058,-0.04,0.0711,-0.0138
2026-10-09,USO,148.31,2026-10-09T18:41:18.887495925Z,2026-11-20,42,P,120.0,0.809116,USO261120P00120000,1,1.05,1.025,148,,,0.4927,-0.0843,0.0062,-0.0442,0.0778,-0.0156
2026-10-09,USO,148.31,2026-10-09T18:41:23.077883119Z,2026-11-20,42,P,121.0,0.815859,USO261120P00121000,1.06,1.08,1.07,71,,,0.4839,-0.0888,0.0066,-0.0451,0.0808,-0.0164
2026-10-09,USO,148.31,2026-10-09T18:41:21.386716252Z,2026-11-20,42,P,122.0,0.822601,USO261120P00122000,1.2,1.23,1.215,26,,,0.4865,-0.0981,0.0071,-0.0487,0.0871,-0.0181
2026-10-09,USO,148.31,2026-10-09T18:41:20.956702128Z,2026-11-20,42,P,123.0,0.829344,USO261120P00123000,1.26,1.31,1.285,2,,,0.4794,-0.1041,0.0075,-0.0501,0.0909,-0.0192
2026-10-09,USO,148.31,2026-10-09T18:41:17.27287275Z,2026-11-20,42,P,124.0,0.836087,USO261120P00124000,1.43,1.49,1.46,3,,,0.4829,-0.1148,0.008,-0.0541,0.0975,-0.0213
2026-10-09,USO,148.31,2026-10-09T18:41:18.005794802Z,2026-11-20,42,P,125.0,0.842829,USO261120P00125000,1.56,1.59,1.575,191,,,0.479,-0.123,0.0084,-0.0563,0.1024,-0.0228
2026-10-09,USO,148.31,2026-10-09T18:41:17.563428749Z,2026-11-20,42,P,126.0,0.849572,USO261120P00126000,1.66,1.72,1.69,51,,,0.4744,-0.1313,0.0089,-0.0582,0.1071,-0.0243
2026-10-09,USO,148.31,2026-10-09T18:41:17.558362733Z,2026-11-20,42,P,127.0,0.856314,USO261120P00127000,1.84,1.97,1.905,46,,,0.478,-0.1435,0.0094,-0.0623,0.1139,-0.0267
2026-10-09,USO,148.31,2026-10-09T18:41:21.170946204Z,2026-11-20,42,P,128.0,0.863057,USO261120P00128000,1.96,2.1,2.03,3,,,0.4727,-0.1525,0.0099,-0.0641,0.1186,-0.0284
2026-10-09,USO,148.31,2026-10-09T18:41:07.857755956Z,2026-11-20,42,P,129.0,0.8698,USO261120P00129000,2.15,2.28,2.215,7,,,0.4715,-0.1637,0.0104,-0.0669,0.1242,-0.0305
2026-10-09,USO,148.31,2026-10-09T18:41:21.170946204Z,2026-11-20,42,P,130.0,0.876542,USO261120P00130000,2.31,2.5,2.405,47,,,0.4698,-0.1752,0.0109,-0.0695,0.1298,-0.0327
2026-10-09,USO,148.31,2026-10-09T18:40:38.53272421Z,2026-11-20,42,P,131.0,0.883285,USO261120P00131000,2.58,2.68,2.63,4,,,0.4698,-0.1879,0.0114,-0.0725,0.1355,-0.0351
2026-10-09,USO,148.31,2026-10-09T18:41:17.553466627Z,2026-11-20,42,P,132.0,0.890028,USO261120P00132000,2.81,2.87,2.84,37,,,0.4676,-0.2001,0.0119,-0.0749,0.1409,-0.0374
2026-10-09,USO,148.31,2026-10-09T18:40:29.912061245Z,2026-11-20,42,P,133.0,0.89677,USO261120P00133000,2.99,3.14,3.065,3,,,0.4656,-0.2129,0.0124,-0.0773,0.1461,-0.0399
2026-10-09,USO,148.31,2026-10-09T18:41:18.367643682Z,2026-11-20,42,P,134.0,0.903513,USO261120P00134000,3.17,3.37,3.27,5,,,0.4615,-0.2253,0.0129,-0.079,0.151,-0.0422
2026-10-09,USO,148.31,2026-10-09T18:41:20.949962478Z,2026-11-20,42,P,135.0,0.910256,USO261120P00135000,3.55,3.58,3.565,100,,,0.4623,-0.2402,0.0134,-0.0819,0.1564,-0.0451
2026-10-09,USO,148.31,2026-10-09T18:40:29.911982706Z,2026-11-20,42,P,136.0,0.916998,USO261120P00136000,3.79,3.84,3.815,2,,,0.4593,-0.254,0.0139,-0.0837,0.1612,-0.0477
2026-10-09,USO,148.31,2026-10-09T18:41:18.887495925Z,2026-11-20,42,P,137.0,0.923741,USO261120P00137000,4.1,4.32,4.21,1,,,0.4642,-0.2709,0.0142,-0.0873,0.1666,-0.0511
2026-10-09,USO,148.31,2026-10-09T18:41:20.956702128Z,2026-11-20,42,P,138.0,0.930483,USO261120P00138000,4.48,4.52,4.5,18,,,0.4618,-0.2857,0.0146,-0.089,0.171,-0.0539
2026-10-09,USO,148.31,2026-10-09T18:41:18.904175904Z,2026-11-20,42,P,139.0,0.937226,USO261120P00139000,4.63,4.97,4.8,31,,,0.459,-0.3008,0.0151,-0.0904,0.1751,-0.0568
2026-10-09,USO,148.31,2026-10-09T18:41:17.387077315Z,2026-11-20,42,P,140.0,0.943969,USO261120P00140000,5.12,5.18,5.15,75,,,0.4582,-0.3168,0.0154,-0.0921,0.1791,-0.06
2026-10-09,USO,148.31,2026-10-09T18:41:18.6392825Z,2026-11-20,42,P,141.0,0.950711,USO261120P00141000,5.33,5.78,5.555,16,,,0.4595,-0.3336,0.0157,-0.0942,0.1829,-0.0633
2026-10-09,USO,148.31,2026-10-09T18:41:17.563489083Z,2026-11-20,42,P,142.0,0.957454,USO261120P00142000,5.76,5.91,5.835,21,,,0.4532,-0.349,0.0162,-0.0942,0.1861,-0.0663
2026-10-09,USO,148.31,2026-10-09T18:41:19.386344041Z,2026-11-20,42,P,143.0,0.964197,USO261120P00143000,6.37,6.49,6.43,18,,,0.4627,-0.3675,0.0162,-0.0979,0.1895,-0.0701
2026-10-09,USO,148.31,2026-10-09T18:41:17.563365004Z,2026-11-20,42,P,144.0,0.970939,USO261120P00144000,6.78,6.98,6.88,4,,,0.4635,-0.3844,0.0164,-0.0992,0.1922,-0.0735
2026-10-09,USO,148.31,2026-10-09T18:41:21.172216148Z,2026-11-20,42,P,145.0,0.977682,USO261120P00145000,7.28,7.53,7.405,70,,,0.4672,-0.4016,0.0165,-0.101,0.1945,-0.0771
2026-10-09,USO,148.31,2026-10-09T18:41:21.386720248Z,2026-11-20,42,P,146.0,0.984425,USO261120P00146000,7.65,7.83,7.74,12,,,0.4603,-0.4182,0.0169,-0.1002,0.1964,-0.0803
2026-10-09,USO,148.31,2026-10-09T18:41:17.563456603Z,2026-11-20,42,P,147.0,0.991167,USO261120P00147000,8.119,8.28,8.1995,87,,,0.459,-0.4353,0.0171,-0.1004,0.198,-0.0837
2026-10-09,USO,148.31,2026-10-09T18:41:21.96628288Z,2026-11-20,42,P,148.0,0.99791,USO261120P00148000,8.5,8.96,8.73,11,,,0.4603,-0.4525,0.0171,-0.1011,0.1993,-0.0873
2026-10-09,USO,148.31,2026-10-09T18:41:17.558881488Z,2026-11-20,42,P,149.0,1.004652,USO261120P00149000,9.01,9.33,9.17,48,,,0.4563,-0.4699,0.0173,-0.1002,0.2001,-0.0907
2026-10-09,USO,148.31,2026-10-09T18:41:23.063973146Z,2026-11-20,42,P,150.0,1.011395,USO261120P00150000,9.57,9.92,9.745,50,,,0.4581,-0.4869,0.0173,-0.1006,0.2006,-0.0943
2026-10-09,USO,148.31,2026-10-09T18:39:28.675409815Z,2026-11-20,42,P,151.0,1.018138,USO261120P00151000,10.01,10.33,10.17,73,,,0.4517,-0.5049,0.0176,-0.0988,0.2007,-0.0979
2026-10-09,USO,148.31,2026-10-09T18:39:28.064483072Z,2026-11-20,42,P,152.0,1.02488,USO261120P00152000,10.6,10.98,10.79,2,,,0.4541,-0.5216,0.0174,-0.0989,0.2004,-0.1014
2026-10-09,USO,148.31,2026-10-09T18:39:28.68226102Z,2026-11-20,42,P,153.0,1.031623,USO261120P00153000,11.2,11.91,11.555,2,,,0.4629,-0.5367,0.0171,-0.1004,0.1998,-0.1049
2026-10-09,USO,148.31,2026-10-09T18:41:19.920251484Z,2026-11-20,42,P,154.0,1.038366,USO261120P00154000,11.97,12.48,12.225,11,,,0.4663,-0.5523,0.0169,-0.1003,0.1989,-0.1083
2026-10-09,USO,148.31,2026-10-09T18:39:28.673114783Z,2026-11-20,42,P,155.0,1.045108,USO261120P00155000,12.54,12.87,12.705,2,,,0.4592,-0.5704,0.017,-0.0976,0.1975,-0.1119
2026-10-09,USO,148.31,2026-10-09T18:41:17.558357123Z,2026-11-20,42,P,156.0,1.051851,USO261120P00156000,13.11,13.82,13.465,21,,,0.4656,-0.5845,0.0166,-0.098,0.1962,-0.1152
2026-10-09,USO,148.31,2026-10-09T18:40:26.047497672Z,2026-11-20,42,P,157.0,1.058593,USO261120P00157000,13.78,14.77,14.275,1,,,0.4739,-0.5975,0.0162,-0.0988,0.1947,-0.1184
2026-10-09,USO,148.31,2026-10-09T18:41:17.558447085Z,2026-11-20,42,P,158.0,1.065336,USO261120P00158000,14.72,15.01,14.865,2,,,0.4701,-0.614,0.0162,-0.0963,0.1924,-0.1219
2026-10-09,USO,148.31,2026-10-09T18:39:28.682299661Z,2026-11-20,42,P,159.0,1.072079,USO261120P00159000,15.06,15.59,15.325,26,,,0.4586,-0.6337,0.0163,-0.0916,0.1893,-0.1258
2026-10-09,USO,148.31,2026-10-09T18:39:28.682304639Z,2026-11-20,42,P,160.0,1.078821,USO261120P00160000,15.67,16.62,16.145,13,,,0.4654,-0.6458,0.0159,-0.0917,0.1871,-0.1288
2026-10-09,USO,148.31,2026-10-09T18:41:07.866298058Z,2026-11-20,42,P,161.0,1.085564,USO261120P00161000,17.08,17.33,17.205,1,,,0.4845,-0.6521,0.0152,-0.095,0.1859,-0.1311
2026-10-09,USO,148.31,2026-10-09T18:40:16.10391642Z,2026-11-20,42,P,162.0,1.092307,USO261120P00162000,17.22,17.94,17.58,25,,,0.4659,-0.6744,0.0154,-0.0879,0.1812,-0.1353
2026-10-09,USO,148.31,2026-10-09T18:39:28.682339624Z,2026-11-20,42,P,163.0,1.099049,USO261120P00163000,18.51,18.8,18.655,2,,,0.485,-0.6792,0.0147,-0.0912,0.1801,-0.1374
2026-10-09,USO,148.31,2026-10-09T18:41:12.310383933Z,2026-11-20,42,P,164.0,1.105792,USO261120P00164000,18.49,19.93,19.21,7,,,0.4746,-0.6975,0.0146,-0.0861,0.1756,-0.1411
2026-10-09,USO,148.31,2026-10-09T18:40:29.976530997Z,2026-11-20,42,P,165.0,1.112535,USO261120P00165000,19.99,20.84,20.415,25,,,0.5006,-0.6976,0.0139,-0.0913,0.1755,-0.1425
2026-10-09,USO,148.31,2026-10-09T18:41:20.668328298Z,2026-11-20,42,P,166.0,1.119277,USO261120P00166000,20.61,20.9,20.755,1,,,0.4762,-0.7224,0.014,-0.0819,0.1686,-0.1471
2026-10-09,USO,148.31,2026-10-09T18:41:19.668007606Z,2026-11-20,42,P,167.0,1.12602,USO261120P00167000,21.33,21.96,21.645,,,,0.4831,-0.731,0.0136,-0.0815,0.166,-0.1496
2026-10-09,USO,148.31,2026-10-09T18:40:26.050507657Z,2026-11-20,42,P,168.0,1.132762,USO261120P00168000,22.22,22.98,22.6,1,,,0.4935,-0.7373,0.0131,-0.0822,0.164,-0.1518
2026-10-09,USO,148.31,2026-10-09T18:39:28.682415107Z,2026-11-20,42,P,169.0,1.139505,USO261120P00169000,23.1,23.36,23.23,78,,,0.4835,-0.7542,0.0129,-0.0767,0.1584,-0.1554
2026-10-09,USO,148.31,2026-10-09T18:40:26.047277699Z,2026-11-20,42,P,170.0,1.146248,USO261120P00170000,23.78,24.63,24.205,1,,,0.4945,-0.7593,0.0125,-0.0775,0.1566,-0.1574
2026-10-09,USO,148.31,2026-10-09T18:40:39.153477764Z,2026-11-20,42,P,171.0,1.15299,USO261120P00171000,24.75,25.36,25.055,2,,,0.4971,-0.7685,0.0122,-0.0758,0.1533,-0.16
2026-10-09,USO,148.31,2026-10-09T18:40:39.153499356Z,2026-11-20,42,P,172.0,1.159733,USO261120P00172000,24.86,26.32,25.59,1,,,0.4779,-0.7899,0.012,-0.0672,0.145,-0.1642
2026-10-09,USO,148.31,2026-10-09T18:41:17.417442154Z,2026-11-20,42,P,173.0,1.166476,USO261120P00173000,26.09,27.27,26.68,90,,,0.4958,-0.7898,0.0116,-0.0702,0.1451,-0.1655
2026-10-09,USO,148.31,2026-10-09T18:40:26.050152718Z,2026-11-20,42,P,174.0,1.173218,USO261120P00174000,27.21,27.75,27.48,12,,,0.4933,-0.8009,0.0113,-0.0668,0.1404,-0.1683
2026-10-09,USO,148.31,2026-10-09T18:39:28.68248962Z,2026-11-20,42,P,175.0,1.179961,USO261120P00175000,28.26,28.67,28.465,12,,,0.5035,-0.8045,0.0109,-0.0674,0.1389,-0.17
2026-10-09,USO,148.31,2026-10-09T18:40:29.951891125Z,2026-11-20,42,P,176.0,1.186704,USO261120P00176000,29.08,30.17,29.625,1,,,0.5262,-0.8011,0.0105,-0.072,0.1404,-0.1708
2026-10-09,USO,148.31,2026-10-09T18:40:29.911977449Z,2026-11-20,42,P,180.0,1.213674,USO261120P00180000,32.259,33.58,32.9195,4,,,0.5152,-0.8403,0.0094,-0.0581,0.1222,-0.1813
2026-10-09,USO,148.31,2026-10-09T18:41:14.051307256Z,2026-11-20,42,P,185.0,1.247387,USO261120P00185000,38.32,38.33,38.325,15,,,0.5983,-0.833,0.0083,-0.0723,0.1258,-0.1862
2026-10-09,USO,148.31,2026-10-09T18:40:29.939096093Z,2026-11-20,42,P,190.0,1.2811,USO261120P00190000,41.88,42.36,42.12,1,,,0.5347,-0.8945,0.0068,-0.0397,0.0918,-0.2011
2026-10-09,USO,148.31,2026-10-09T18:41:17.866125472Z,2026-11-20,42,P,195.0,1.314814,USO261120P00195000,46.79,47.36,47.075,2,,,0.5724,-0.9015,0.006,-0.0401,0.0873,-0.208
2026-10-09,USO,148.31,2026-10-09T18:40:25.97352963Z,2026-11-20,42,P,200.0,1.348527,USO261120P00200000,51.49,51.8,51.645,1,,,0.5576,-0.9283,0.0049,-0.0254,0.0688,-0.2178
2026-10-09,USO,148.31,2026-10-09T18:39:28.682609559Z,2026-11-20,42,P,205.0,1.38224,USO261120P00205000,55.01,57.47,56.24,8,,,0.525,-0.9558,0.0035,-0.0081,0.047,-0.2278
2026-10-09,USO,148.31,2026-10-09T18:39:28.682609559Z,2026-11-20,42,P,210.0,1.415953,USO261120P00210000,61.25,63.6,62.425,2,,,0.7322,-0.8959,0.0049,-0.0583,0.0909,-0.2247
2026-10-09,USO,148.31,2026-10-09T18:39:28.682605677Z,2026-11-20,42,P,215.0,1.449666,USO261120P00215000,65.28,68.9,67.09,1,,,0.7305,-0.9126,0.0043,-0.0478,0.0799,-0.2329
2026-10-09,USO,148.31,2026-10-09T18:39:28.682635311Z,2026-11-20,42,P,220.0,1.483379,USO261120P00220000,71.6,72.64,72.12,2,,,0.7704,-0.9133,0.0041,-0.0506,0.0794,-0.2388
2026-10-09,USO,148.31,2026-10-09T18:40:23.415554236Z,2026-11-20,42,P,225.0,1.517093,USO261120P00225000,74.6,78.94,76.77,,,,0.7574,-0.9301,0.0035,-0.0378,0.0674,-0.247
2026-10-09,USO,148.31,2026-10-09T18:40:23.413249202Z,2026-11-20,42,P,230.0,1.550806,USO261120P00230000,78.57,82.12,80.345,,,,,,,,,
2026-10-09,USO,148.31,2026-10-09T18:40:23.414655275Z,2026-11-20,42,P,235.0,1.584519,USO261120P00235000,85.17,86.75,85.96,,,,0.6549,-0.9739,0.0018,0.0009,0.0305,-0.2651
2026-10-09,GLD,384.54,2026-10-09T18:39:00.481990106Z,2026-10-16,7,C,205.0,0.533104,GLD261016C00205000,179.22,182.91,181.065,1,,,,,,,,
2026-10-09,GLD,384.54,2026-10-09T18:41:08.79299303Z,2026-10-16,7,C,210.0,0.546107,GLD261016C00210000,173.24,173.37,173.305,2,,,,,,,,
2026-10-09,GLD,384.54,2026-10-09T18:41:08.792987627Z,2026-10-16,7,C,215.0,0.55911,GLD261016C00215000,168.41,169.17,168.79,2,,,,,,,,
2026-10-09,GLD,384.54,2026-10-09T18:39:46.338596798Z,2026-10-16,7,C,220.0,0.572112,GLD261016C00220000,165.74,166.74,166.24,1,,,,,,,,
2026-10-09,GLD,384.54,2026-10-09T18:38:35.219705194Z,2026-10-16,7,C,225.0,0.585115,GLD261016C00225000,158.05,160.91,159.48,2,,,,,,,,
2026-10-09,GLD,384.54,2026-10-09T18:37:36.726211092Z,2026-10-16,7,C,230.0,0.598117,GLD261016C00230000,154.7,156.97,155.835,,,,,,,,,
2026-10-09,GLD,384.54,2026-10-09T18:41:08.793002602Z,2026-10-16,7,C,235.0,0.61112,GLD261016C00235000,147.21,147.65,147.43,1,,,,,,,,
2026-10-09,GLD,384.54,2026-10-09T18:40:58.276787242Z,2026-10-16,7,C,240.0,0.624122,GLD261016C00240000,147.19,148.09,147.64,1,,,,,,,,
2026-10-09,GLD,384.54,2026-10-09T18:40:58.327867329Z,2026-10-16,7,C,245.0,0.637125,GLD261016C00245000,136.89,142.55,139.72,,,,,,,,,
2026-10-09,GLD,384.54,2026-10-09T18:41:19.846927305Z,2026-10-16,7,C,250.0,0.650127,GLD261016C00250000,133.63,135.86,134.745,9,,,,,,,,
2026-10-09,GLD,384.54,2026-10-09T18:38:35.2197358Z,2026-10-16,7,C,255.0,0.66313,GLD261016C00255000,127.62,129.35,128.485,3,,,,,,,,
2026-10-09,GLD,384.54,2026-10-09T18:41:18.793273869Z,2026-10-16,7,C,260.0,0.676133,GLD261016C00260000,125.34,126.24,125.79,,,,,,,,,
2026-10-09,GLD,384.54,2026-10-09T18:40:16.190815712Z,2026-10-16,7,C,265.0,0.689135,GLD261016C00265000,120.62,122.13,121.375,1,,,,,,,,
2026-10-09,GLD,384.54,2026-10-09T18:39:00.404265406Z,2026-10-16,7,C,270.0,0.702138,GLD261016C00270000,115.41,117.06,116.235,4,,,,,,,,
2026-10-09,GLD,384.54,2026-10-09T18:41:08.793028274Z,2026-10-16,7,C,275.0,0.71514,GLD261016C00275000,111.03,111.93,111.48,3,,,,,,,,
2026-10-09,GLD,384.54,2026-10-09T18:41:18.756348883Z,2026-10-16,7,C,280.0,0.728143,GLD261016C00280000,106.08,106.43,106.255,2,,,,,,,,
2026-10-09,GLD,384.54,2026-10-09T18:39:36.765950116Z,2026-10-16,7,C,285.0,0.741145,GLD261016C00285000,100.64,101.74,101.19,2,,,,,,,,
2026-10-09,GLD,384.54,2026-10-09T18:41:08.793028274Z,2026-10-16,7,C,290.0,0.754148,GLD261016C00290000,93.08,93.7,93.39,1,,,,,,,,
2026-10-09,GLD,384.54,2026-10-09T18:40:16.179270586Z,2026-10-16,7,C,295.0,0.76715,GLD261016C00295000,89.07,89.92,89.495,2,,,,,,,,
2026-10-09,GLD,384.54,2026-10-09T18:41:23.784147076Z,2026-10-16,7,C,300.0,0.780153,GLD261016C00300000,85.07,85.9,85.485,2,,,,,,,,
2026-10-09,GLD,384.54,2026-10-09T18:41:08.793057596Z,2026-10-16,7,C,305.0,0.793155,GLD261016C00305000,79.11,81.18,80.145,1,,,0.8473,0.9793,0.0011,-0.192,0.0265,0.0569
2026-10-09,GLD,384.54,2026-10-09T18:41:23.79067688Z,2026-10-16,7,C,310.0,0.806158,GLD261016C00310000,74,75.28,74.64,1,,,,,,,,
2026-10-09,GLD,384.54,2026-10-09T18:41:22.013564472Z,2026-10-16,7,C,315.0,0.819161,GLD261016C00315000,70.76,71.56,71.16,3,,,0.9651,0.9412,0.0023,-0.4612,0.0624,0.0558
2026-10-09,GLD,384.54,2026-10-09T18:41:23.970146778Z,2026-10-16,7,C,320.0,0.832163,GLD261016C00320000,63.31,64.54,63.925,1,,,,,,,,
2026-10-09,GLD,384.54,2026-10-09T18:41:24.033172427Z,2026-10-16,7,C,325.0,0.845166,GLD261016C00325000,59.31,61.39,60.35,10,,,0.6965,0.9641,0.0021,-0.2421,0.042,0.0595
2026-10-09,GLD,384.54,2026-10-09T18:39:49.194122895Z,2026-10-16,7,C,330.0,0.858168,GLD261016C00330000,54.59,56.31,55.45,1,,,0.6648,0.9569,0.0026,-0.2647,0.0487,0.0599
2026-10-09,GLD,384.54,2026-10-09T18:41:23.89861342Z,2026-10-16,7,C,335.0,0.871171,GLD261016C00335000,49.74,50.92,50.33,2,,,0.586,0.9599,0.0028,-0.2264,0.046,0.0611
2026-10-09,GLD,384.54,2026-10-09T18:41:23.650287167Z,2026-10-16,7,C,340.0,0.884173,GLD261016C00340000,44.58,46.14,45.36,1,,,0.5396,0.955,0.0033,-0.2289,0.0505,0.0617
2026-10-09,GLD,384.54,2026-10-09T18:39:23.886972812Z,2026-10-16,7,C,341.0,0.886774,GLD261016C00341000,42.53,45.1,43.815,9,,,0.2539,0.9997,0.0001,-0.0372,0.0005,0.0653
2026-10-09,GLD,384.54,2026-10-09T18:39:00.405245183Z,2026-10-16,7,C,342.0,0.889374,GLD261016C00342000,41.32,43.66,42.49,10,,,,,,,,
2026-10-09,GLD,384.54,2026-10-09T18:41:23.883297774Z,2026-10-16,7,C,343.0,0.891975,GLD261016C00343000,41.2,41.21,41.205,6,,,,,,,,
2026-10-09,GLD,384.54,2026-10-09T18:39:00.406041097Z,2026-10-16,7,C,344.0,0.894575,GLD261016C00344000,39,40.97,39.985,10,,,,,,,,
2026-10-09,GLD,384.54,2026-10-09T18:40:16.179265726Z,2026-10-16,7,C,345.0,0.897176,GLD261016C00345000,38.88,39.77,39.325,1,,,,,,,,
2026-10-09,GLD,384.54,2026-10-09T18:39:23.559303354Z,2026-10-16,7,C,346.0,0.899776,GLD261016C00346000,38.27,38.68,38.475,2,,,,,,,,
2026-10-09,GLD,384.54,2026-10-09T18:41:08.79307761Z,2026-10-16,7,C,347.0,0.902377,GLD261016C00347000,36.81,37.59,37.2,2,,,,,,,,
2026-10-09,GLD,384.54,2026-10-09T18:39:00.406010299Z,2026-10-16,7,C,348.0,0.904977,GLD261016C00348000,36.14,36.74,36.44,4,,,,,,,,
2026-10-09,GLD,384.54,2026-10-09T18:39:23.647613694Z,2026-10-16,7,C,349.0,0.907578,GLD261016C00349000,34.82,36.93,35.875,4,,,0.3055,0.9901,0.0016,-0.0673,0.014,0.0661
2026-10-09,GLD,384.54,2026-10-09T18:41:23.864861811Z,2026-10-16,7,C,350.0,0.910178,GLD261016C00350000,34.21,34.37,34.29,29,,,,,,,,
2026-10-09,GLD,384.54,2026-10-09T18:41:19.964362375Z,2026-10-16,7,C,351.0,0.912779,GLD261016C00351000,33.74,34.41,34.075,4,,,0.3656,0.9674,0.0037,-0.1374,0.0388,0.0648
2026-10-09,GLD,384.54,2026-10-09T18:41:18.793343813Z,2026-10-16,7,C,352.0,0.915379,GLD261016C00352000,32.82,34.14,33.48,8,,,0.432,0.9359,0.0055,-0.2409,0.0668,0.0626
2026-10-09,GLD,384.54,2026-10-09T18:41:19.959662145Z,2026-10-16,7,C,353.0,0.91798,GLD261016C00353000,31.01,31.97,31.49,19,,,,,,,,
2026-10-09,GLD,384.54,2026-10-09T18:41:20.522041776Z,2026-10-16,7,C,354.0,0.92058,GLD261016C00354000,30.39,31.9,31.145,14,,,0.3527,0.9586,0.0047,-0.1548,0.0472,0.0647
2026-10-09,GLD,384.54,2026-10-09T18:41:18.756508864Z,2026-10-16,7,C,355.0,0.923181,GLD261016C00355000,29.19,30.68,29.935,18,,,0.2854,0.9804,0.0031,-0.0886,0.0253,0.0666
2026-10-09,GLD,384.54,2026-10-09T18:41:08.79312811Z,2026-10-16,7,C,356.0,0.925781,GLD261016C00356000,28.28,29.35,28.815,5,,,,,,,,
2026-10-09,GLD,384.54,2026-10-09T18:40:57.011509455Z,2026-10-16,7,C,357.0,0.928382,GLD261016C00357000,27.82,28.84,28.33,2,,,0.3555,0.9394,0.0063,-0.1977,0.0639,0.0639
2026-10-09,GLD,384.54,2026-10-09T18:41:08.79312811Z,2026-10-16,7,C,358.0,0.930982,GLD261016C00358000,26.92,27.36,27.14,7,,,0.3122,0.9549,0.0057,-0.149,0.0506,0.0652
2026-10-09,GLD,384.54,2026-10-09T18:40:16.179290575Z,2026-10-16,7,C,359.0,0.933583,GLD261016C00359000,25.31,26.45,25.88,11,,,0.2255,0.9875,0.0027,-0.0654,0.0172,0.0679
2026-10-09,GLD,384.54,2026-10-09T18:41:24.019641666Z,2026-10-16,7,C,360.0,0.936183,GLD261016C00360000,24.65,25.13,24.89,58,,,0.2226,0.9854,0.0031,-0.069,0.0197,0.0679
2026-10-09,GLD,384.54,2026-10-09T18:41:19.85149226Z,2026-10-16,7,C,361.0,0.938784,GLD261016C00361000,23.97,24.1,24.035,61,,,0.2607,0.9633,0.0058,-0.1166,0.0428,0.0664
2026-10-09,GLD,384.54,2026-10-09T18:40:54.229668068Z,2026-10-16,7,C,362.0,0.941385,GLD261016C00362000,23.03,23.61,23.32,59,,,0.3011,0.9317,0.0082,-0.1866,0.0702,0.0642
2026-10-09,GLD,384.54,2026-10-09T18:40:16.159261284Z,2026-10-16,7,C,363.0,0.943985,GLD261016C00363000,21.96,22.67,22.315,71,,,0.2897,0.9301,0.0087,-0.1835,0.0714,0.0643
2026-10-09,GLD,384.54,2026-10-09T18:39:00.399140967Z,2026-10-16,7,C,364.0,0.946586,GLD261016C00364000,20.81,21.07,20.94,73,,,0.2079,0.9743,0.0054,-0.0849,0.0318,0.0678
2026-10-09,GLD,384.54,2026-10-09T18:41:23.85607181Z,2026-10-16,7,C,365.0,0.949186,GLD261016C00365000,19.34,20.34,19.84,125,,,0.1421,0.9965,0.0014,-0.0443,0.0055,0.0697
2026-10-09,GLD,384.54,2026-10-09T18:41:18.643968528Z,2026-10-16,7,C,366.0,0.951787,GLD261016C00366000,18.95,18.96,18.955,148,,,0.1945,0.9698,0.0066,-0.0883,0.0364,0.0679
2026-10-09,GLD,384.54,2026-10-09T18:41:19.957287161Z,2026-10-16,7,C,367.0,0.954387,GLD261016C00367000,18.09,18.49,18.29,174,,,0.2436,0.9229,0.0111,-0.1698,0.077,0.0646
2026-10-09,GLD,384.54,2026-10-09T18:41:23.334702465Z,2026-10-16,7,C,368.0,0.956988,GLD261016C00368000,16.59,17.16,16.875,107,,,0.1487,0.9855,0.0046,-0.0594,0.0196,0.0694
2026-10-09,GLD,384.54,2026-10-09T18:41:23.482867276Z,2026-10-16,7,C,369.0,0.959588,GLD261016C00369000,15.92,16.129,16.0245,128,,,0.1824,0.9532,0.0101,-0.1052,0.0521,0.0672
2026-10-09,GLD,384.54,2026-10-09T18:41:24.149416467Z,2026-10-16,7,C,370.0,0.962189,GLD261016C00370000,14.79,15.6,15.195,274,,,0.1991,0.9251,0.0133,-0.1433,0.0753,0.0653
2026-10-09,GLD,384.54,2026-10-09T18:41:23.924902347Z,2026-10-16,7,C,371.0,0.964789,GLD261016C00371000,13.87,14.46,14.165,250,,,0.1846,0.9259,0.0143,-0.1348,0.0747,0.0656
2026-10-09,GLD,384.54,2026-10-09T18:41:23.915621723Z,2026-10-16,7,C,372.0,0.96739,GLD261016C00372000,13.31,13.35,13.33,189,,,0.1933,0.9,0.017,-0.1645,0.0935,0.0638
2026-10-09,GLD,384.54,2026-10-09T18:41:24.437761029Z,2026-10-16,7,C,373.0,0.96999,GLD261016C00373000,12.4,12.61,12.505,129,,,0.1989,0.8747,0.0195,-0.1905,0.1098,0.0621
2026-10-09,GLD,384.54,2026-10-09T18:41:23.863651854Z,2026-10-16,7,C,374.0,0.972591,GLD261016C00374000,11.45,11.68,11.565,76,,,0.192,0.8618,0.0216,-0.1952,0.1175,0.0613
2026-10-09,GLD,384.54,2026-10-09T18:41:24.177561608Z,2026-10-16,7,C,375.0,0.975191,GLD261016C00375000,10.46,10.88,10.67,642,,,0.188,0.8434,0.024,-0.205,0.1278,0.0602
2026-10-09,GLD,384.54,2026-10-09T18:41:24.211236317Z,2026-10-16,7,C,376.0,0.977792,GLD261016C00376000,9.79,10.11,9.95,188,,,0.1952,0.8088,0.0262,-0.2344,0.1451,0.0577
2026-10-09,GLD,384.54,2026-10-09T18:41:24.110006571Z,2026-10-16,7,C,377.0,0.980392,GLD261016C00377000,8.69,9.1,8.895,112,,,0.1777,0.8022,0.0294,-0.2199,0.1481,0.0575
2026-10-09,GLD,384.54,2026-10-09T18:41:24.287931293Z,2026-10-16,7,C,378.0,0.982993,GLD261016C00378000,7.93,8.44,8.185,103,,,0.1819,0.7658,0.0317,-0.2428,0.1634,0.0549
2026-10-09,GLD,384.54,2026-10-09T18:41:24.25178133Z,2026-10-16,7,C,379.0,0.985593,GLD261016C00379000,7.46,7.67,7.565,103,,,0.1888,0.7253,0.0332,-0.2684,0.1776,0.052
2026-10-09,GLD,384.54,2026-10-09T18:41:24.196931439Z,2026-10-16,7,C,380.0,0.988194,GLD261016C00380000,6.57,6.75,6.66,650,,,0.1777,0.701,0.0367,-0.2627,0.1849,0.0504
2026-10-09,GLD,384.54,2026-10-09T18:41:24.137791457Z,2026-10-16,7,C,381.0,0.990794,GLD261016C00381000,5.85,6.14,5.995,113,,,0.1781,0.6626,0.0385,-0.274,0.1946,0.0477
2026-10-09,GLD,384.54,2026-10-09T18:41:24.685996307Z,2026-10-16,7,C,382.0,0.993395,GLD261016C00382000,5.28,5.53,5.405,249,,,0.1802,0.6217,0.0396,-0.2856,0.2025,0.0448
2026-10-09,GLD,384.54,2026-10-09T18:41:24.144856438Z,2026-10-16,7,C,383.0,0.995995,GLD261016C00383000,4.82,5.03,4.925,251,,,0.1856,0.5793,0.0396,-0.2993,0.2083,0.0418
2026-10-09,GLD,384.54,2026-10-09T18:41:24.47556601Z,2026-10-16,7,C,384.0,0.998596,GLD261016C00384000,4.21,4.42,4.315,555,,,0.1827,0.5397,0.0408,-0.2975,0.2114,0.039
2026-10-09,GLD,384.54,2026-10-09T18:41:24.832680518Z,2026-10-16,7,C,385.0,1.001196,GLD261016C00385000,3.79,3.84,3.815,3699,,,0.1831,0.4988,0.0409,-0.2979,0.2125,0.0361
2026-10-09,GLD,384.54,2026-10-09T18:41:23.846799186Z,2026-10-16,7,C,386.0,1.003797,GLD261016C00386000,3.28,3.48,3.38,122,,,0.1847,0.4585,0.0403,-0.2972,0.2113,0.0332
2026-10-09,GLD,384.54,2026-10-09T18:41:24.137661736Z,2026-10-16,7,C,387.0,1.006397,GLD261016C00387000,2.82,3.04,2.93,954,,,0.1836,0.4181,0.0399,-0.2896,0.208,0.0303
2026-10-09,GLD,384.54,2026-10-09T18:41:24.650235888Z,2026-10-16,7,C,388.0,1.008998,GLD261016C00388000,2.43,2.59,2.51,361,,,0.1821,0.3779,0.0392,-0.2784,0.2024,0.0274
2026-10-09,GLD,384.54,2026-10-09T18:41:24.138166646Z,2026-10-16,7,C,389.0,1.011598,GLD261016C00389000,2.12,2.25,2.185,134,,,0.1833,0.3408,0.0376,-0.2694,0.1953,0.0247
2026-10-09,GLD,384.54,2026-10-09T18:41:24.108271501Z,2026-10-16,7,C,390.0,1.014199,GLD261016C00390000,1.87,1.98,1.925,776,,,0.1861,0.3074,0.0355,-0.2613,0.1872,0.0223
2026-10-09,GLD,384.54,2026-10-09T18:41:24.512455892Z,2026-10-16,7,C,391.0,1.016799,GLD261016C00391000,1.65,1.67,1.66,583,,,0.1871,0.2745,0.0335,-0.2483,0.1775,0.0199
2026-10-09,GLD,384.54,2026-10-09T18:41:23.460242293Z,2026-10-16,7,C,392.0,1.0194,GLD261016C00392000,1.39,1.48,1.435,115,,,0.1886,0.2444,0.0313,-0.235,0.1672,0.0177
2026-10-09,GLD,384.54,2026-10-09T18:41:24.250766287Z,2026-10-16,7,C,393.0,1.022,GLD261016C00393000,1.15,1.24,1.195,711,,,0.1874,0.2133,0.0291,-0.2159,0.1549,0.0155
2026-10-09,GLD,384.54,2026-10-09T18:41:24.61207574Z,2026-10-16,7,C,394.0,1.024601,GLD261016C00394000,1.02,1.1,1.06,96,,,0.1913,0.1911,0.0267,-0.2059,0.145,0.0139
2026-10-09,GLD,384.54,2026-10-09T18:41:24.149477335Z,2026-10-16,7,C,395.0,1.027201,GLD261016C00395000,0.86,0.9,0.88,1022,,,0.1907,0.1653,0.0245,-0.1869,0.1324,0.012
2026-10-09,GLD,384.54,2026-10-09T18:41:24.096121514Z,2026-10-16,7,C,396.0,1.029802,GLD261016C00396000,0.73,0.77,0.75,909,,,0.1921,0.1445,0.0222,-0.172,0.1211,0.0105
2026-10-09,GLD,384.54,2026-10-09T18:41:24.329386203Z,2026-10-16,7,C,397.0,1.032402,GLD261016C00397000,0.65,0.7,0.675,51,,,0.1969,0.13,0.0202,-0.1637,0.1127,0.0095
2026-10-09,GLD,384.54,2026-10-09T18:41:24.137721453Z,2026-10-16,7,C,398.0,1.035003,GLD261016C00398000,0.52,0.6,0.56,410,,,0.197,0.1115,0.0181,-0.1468,0.1011,0.0081
2026-10-09,GLD,384.54,2026-10-09T18:41:24.038796537Z,2026-10-16,7,C,399.0,1.037603,GLD261016C00399000,0.48,0.52,0.5,80,,,0.2011,0.0998,0.0164,-0.1381,0.0933,0.0073
2026-10-09,GLD,384.54,2026-10-09T18:41:23.264107599Z,2026-10-16,7,C,400.0,1.040204,GLD261016C00400000,0.42,0.44,0.43,5334,,,0.2032,0.0872,0.0147,-0.1262,0.0845,0.0063
2026-10-09,GLD,384.54,2026-10-09T18:41:24.138041726Z,2026-10-16,7,C,401.0,1.042804,GLD261016C00401000,0.32,0.39,0.355,1041,,,0.2034,0.0741,0.013,-0.1116,0.0747,0.0054
2026-10-09,GLD,384.54,2026-10-09T18:41:23.857456833Z,2026-10-16,7,C,402.0,1.045405,GLD261016C00402000,0.31,0.34,0.325,55,,,0.2085,0.0674,0.0117,-0.1061,0.0694,0.0049
2026-10-09,GLD,384.54,2026-10-09T18:41:24.137661736Z,2026-10-16,7,C,403.0,1.048005,GLD261016C00403000,0.23,0.3,0.265,73,,,0.2083,0.0566,0.0103,-0.0925,0.0606,0.0041
2026-10-09,GLD,384.54,2026-10-09T18:41:23.84676467Z,2026-10-16,7,C,404.0,1.050606,GLD261016C00404000,0.23,0.27,0.25,17,,,0.2144,0.0525,0.0094,-0.0897,0.0571,0.0038
2026-10-09,GLD,384.54,2026-10-09T18:41:24.149416467Z,2026-10-16,7,C,405.0,1.053206,GLD261016C00405000,0.17,0.19,0.18,553,,,0.2093,0.0404,0.0078,-0.0708,0.0462,0.0029
2026-10-09,GLD,384.54,2026-10-09T18:41:24.137971476Z,2026-10-16,7,C,406.0,1.055807,GLD261016C00406000,0.14,0.17,0.155,46,,,0.2117,0.0351,0.0069,-0.0638,0.0412,0.0026
2026-10-09,GLD,384.54,2026-10-09T18:41:24.138101626Z,2026-10-16,7,C,407.0,1.058407,GLD261016C00407000,0.12,0.14,0.13,4,,,0.2131,0.0299,0.006,-0.0562,0.0361,0.0022
2026-10-09,GLD,384.54,2026-10-09T18:41:23.841221845Z,2026-10-16,7,C,408.0,1.061008,GLD261016C00408000,0.1,0.13,0.115,283,,,0.2163,0.0265,0.0053,-0.0516,0.0327,0.0019
2026-10-09,GLD,384.54,2026-10-09T18:41:23.977646717Z,2026-10-16,7,C,409.0,1.063608,GLD261016C00409000,0.13,0.16,0.145,18,,,0.2326,0.0305,0.0056,-0.0623,0.0367,0.0022
2026-10-09,GLD,384.54,2026-10-09T18:41:23.485352248Z,2026-10-16,7,C,410.0,1.066209,GLD261016C00410000,0.08,0.1,0.09,1969,,,0.2227,0.0208,0.0042,-0.0432,0.0266,0.0015
2026-10-09,GLD,384.54,2026-10-09T18:41:24.135221462Z,2026-10-16,7,C,411.0,1.068809,GLD261016C00411000,0.11,0.13,0.12,7,,,0.2404,0.0251,0.0046,-0.0546,0.0312,0.0018
2026-10-09,GLD,384.54,2026-10-09T18:41:23.857816833Z,2026-10-16,7,C,412.0,1.07141,GLD261016C00412000,0.06,0.07,0.065,24,,,0.2261,0.0153,0.0032,-0.0338,0.0206,0.0011
2026-10-09,GLD,384.54,2026-10-09T18:41:24.139836769Z,2026-10-16,7,C,413.0,1.074011,GLD261016C00413000,0.05,0.08,0.065,2,,,0.233,0.0149,0.003,-0.034,0.0201,0.0011
2026-10-09,GLD,384.54,2026-10-09T18:41:23.853718877Z,2026-10-16,7,C,414.0,1.076611,GLD261016C00414000,0.04,0.07,0.055,5,,,0.2345,0.0128,0.0026,-0.0299,0.0176,0.0009
2026-10-09,GLD,384.54,2026-10-09T18:41:23.98197171Z,2026-10-16,7,C,415.0,1.079212,GLD261016C00415000,0.04,0.09,0.065,112,,,0.2466,0.0142,0.0028,-0.0345,0.0192,0.001
2026-10-09,GLD,384.54,2026-10-09T18:41:24.139866505Z,2026-10-16,7,C,416.0,1.081812,GLD261016C00416000,0.07,0.1,0.085,29,,,0.263,0.0171,0.003,-0.043,0.0225,0.0012
2026-10-09,GLD,384.54,2026-10-09T18:41:23.976846647Z,2026-10-16,7,C,417.0,1.084413,GLD261016C00417000,0.03,0.05,0.04,8,,,0.2442,0.0092,0.0019,-0.0235,0.0133,0.0007
2026-10-09,GLD,384.54,2026-10-09T18:41:24.135161422Z,2026-10-16,7,C,418.0,1.087013,GLD261016C00418000,0.02,0.04,0.03,5,,,0.2421,0.0072,0.0015,-0.0186,0.0106,0.0005
2026-10-09,GLD,384.54,2026-10-09T18:41:24.273826217Z,2026-10-16,7,C,419.0,1.089614,GLD261016C00419000,0.07,0.09,0.08,10,,,0.2812,0.0152,0.0026,-0.0417,0.0204,0.0011
2026-10-09,GLD,384.54,2026-10-09T18:41:23.98197171Z,2026-10-16,7,C,420.0,1.092214,GLD261016C00420000,0.06,0.07,0.065,996,,,0.2799,0.0127,0.0022,-0.0354,0.0175,0.0009
2026-10-09,GLD,384.54,2026-10-09T18:41:24.135221462Z,2026-10-16,7,C,421.0,1.094815,GLD261016C00421000,0.05,0.09,0.07,1,,,0.2893,0.0132,0.0022,-0.0378,0.018,0.001
2026-10-09,GLD,384.54,2026-10-09T18:41:24.135276711Z,2026-10-16,7,C,422.0,1.097415,GLD261016C00422000,0.05,0.08,0.065,4,,,0.293,0.0122,0.002,-0.0358,0.0169,0.0009
2026-10-09,GLD,384.54,2026-10-09T18:41:24.135341411Z,2026-10-16,7,C,423.0,1.100016,GLD261016C00423000,0.01,0.07,0.04,3,,,0.2818,0.0081,0.0015,-0.0242,0.0118,0.0006
2026-10-09,GLD,384.54,2026-10-09T18:41:24.141001489Z,2026-10-16,7,C,424.0,1.102616,GLD261016C00424000,0.01,0.07,0.04,50,,,0.2879,0.008,0.0014,-0.0243,0.0116,0.0006
2026-10-09,GLD,384.54,2026-10-09T18:41:23.981852155Z,2026-10-16,7,C,425.0,1.105217,GLD261016C00425000,0.01,0.03,0.02,88,,,0.2721,0.0045,0.0009,-0.0137,0.007,0.0003
2026-10-09,GLD,384.54,2026-10-09T18:41:23.984511653Z,2026-10-16,7,C,426.0,1.107817,GLD261016C00426000,0.05,0.07,0.06,16,,,0.3154,0.0106,0.0017,-0.0341,0.015,0.0008
2026-10-09,GLD,384.54,2026-10-09T18:41:23.976891635Z,2026-10-16,7,C,427.0,1.110418,GLD261016C00427000,0.01,0.06,0.035,20,,,0.3015,0.0068,0.0012,-0.022,0.0101,0.0005
2026-10-09,GLD,384.54,2026-10-09T18:41:24.139842509Z,2026-10-16,7,C,428.0,1.113018,GLD261016C00428000,0.04,0.08,0.06,12,,,0.328,0.0103,0.0016,-0.0344,0.0145,0.0007
2026-10-09,GLD,384.54,2026-10-09T18:41:24.13528194Z,2026-10-16,7,C,429.0,1.115619,GLD261016C00429000,0.01,0.03,0.02,1,,,0.2948,0.0041,0.0008,-0.0139,0.0065,0.0003
2026-10-09,GLD,384.54,2026-10-09T18:41:24.275986301Z,2026-10-16,7,C,430.0,1.118219,GLD261016C00430000,0.05,0.06,0.055,89,,,0.3368,0.0093,0.0014,-0.0323,0.0133,0.0007
2026-10-09,GLD,384.54,2026-10-09T18:41:24.241201435Z,2026-10-16,7,C,431.0,1.12082,GLD261016C00431000,0.01,0.03,0.02,2,,,0.306,0.004,0.0007,-0.014,0.0063,0.0003
2026-10-09,GLD,384.54,2026-10-09T18:40:11.931761497Z,2026-10-16,7,C,432.0,1.12342,GLD261016C00432000,0.01,0.07,0.04,1,,,0.3361,0.0069,0.0011,-0.025,0.0103,0.0005
2026-10-09,GLD,384.54,2026-10-09T18:40:22.362617053Z,2026-10-16,7,C,433.0,1.126021,GLD261016C00433000,0.03,0.07,0.05,357,,,0.351,0.0082,0.0012,-0.0302,0.0119,0.0006
2026-10-09,GLD,384.54,2026-10-09T18:41:24.134416487Z,2026-10-16,7,C,434.0,1.128621,GLD261016C00434000,0.03,0.06,0.045,2246,,,0.3526,0.0074,0.0011,-0.0278,0.0109,0.0005
2026-10-09,GLD,384.54,2026-10-09T18:41:23.981897174Z,2026-10-16,7,C,435.0,1.131222,GLD261016C00435000,0.01,0.05,0.03,20,,,0.3425,0.0053,0.0008,-0.0199,0.008,0.0004
2026-10-09,GLD,384.54,2026-10-09T18:40:32.993857276Z,2026-10-16,7,C,440.0,1.144224,GLD261016C00440000,0.03,0.05,0.04,60,,,0.3826,0.0062,0.0009,-0.0257,0.0093,0.0004
2026-10-09,GLD,384.54,2026-10-09T18:41:23.985372042Z,2026-10-16,7,C,445.0,1.157227,GLD261016C00445000,0.03,0.05,0.04,47,,,0.4108,0.0058,0.0008,-0.026,0.0088,0.0004
2026-10-09,GLD,384.54,2026-10-09T18:41:23.345047424Z,2026-10-16,7,C,450.0,1.170229,GLD261016C00450000,0.01,0.02,0.015,200,,,0.3971,0.0024,0.0004,-0.0115,0.004,0.0002
2026-10-09,GLD,384.54,2026-10-09T18:41:24.160936411Z,2026-10-16,7,C,455.0,1.183232,GLD261016C00455000,0.01,0.05,0.03,10,,,0.4519,0.0041,0.0005,-0.0209,0.0064,0.0003
2026-10-09,GLD,384.54,2026-10-09T18:41:23.985376984Z,2026-10-16,7,C,460.0,1.196234,GLD261016C00460000,0,0.04,0.02,1024,,,,,,,,
2026-10-09,GLD,384.54,2026-10-09T18:41:23.485912247Z,2026-10-16,7,C,465.0,1.209237,GLD261016C00465000,0,0.01,0.005,6,,,,,,,,
2026-10-09,GLD,384.54,2026-10-09T18:41:24.275896345Z,2026-10-16,7,C,470.0,1.22224,GLD261016C00470000,0,0.05,0.025,1,,,,,,,,
2026-10-09,GLD,384.54,2026-10-09T18:32:02.735503682Z,2026-10-16,7,C,475.0,1.235242,GLD261016C00475000,0,0.01,0.005,10,,,,,,,,
2026-10-09,GLD,384.54,2026-10-09T18:41:24.166131882Z,2026-10-16,7,C,480.0,1.248245,GLD261016C00480000,0,0.01,0.005,42,,,,,,,,
2026-10-09,GLD,384.54,2026-10-09T14:07:02.851732151Z,2026-10-16,7,C,485.0,1.261247,GLD261016C00485000,0,0.01,0.005,2,,,,,,,,
2026-10-09,GLD,384.54,2026-10-09T18:41:24.275896345Z,2026-10-16,7,C,490.0,1.27425,GLD261016C00490000,0,0.01,0.005,16,,,,,,,,
2026-10-09,GLD,384.54,2026-10-09T18:41:24.168586414Z,2026-10-16,7,C,495.0,1.287252,GLD261016C00495000,0,0.01,0.005,35,,,,,,,,
2026-10-09,GLD,384.54,2026-10-09T18:09:24.421073826Z,2026-10-16,7,C,500.0,1.300255,GLD261016C00500000,0,0.01,0.005,24,,,,,,,,
2026-10-09,GLD,384.54,2026-10-09T18:00:24.189032175Z,2026-10-16,7,C,505.0,1.313257,GLD261016C00505000,0,0.01,0.005,35,,,,,,,,
2026-10-09,GLD,384.54,2026-10-09T18:41:24.168416788Z,2026-10-16,7,C,510.0,1.32626,GLD261016C00510000,0,0.01,0.005,3,,,,,,,,
2026-10-09,GLD,384.54,2026-10-09T18:33:44.34055309Z,2026-10-16,7,C,515.0,1.339262,GLD261016C00515000,0,0.01,0.005,30,,,,,,,,
2026-10-09,GLD,384.54,2026-10-09T18:33:44.340863288Z,2026-10-16,7,C,520.0,1.352265,GLD261016C00520000,0,0.01,0.005,3,,,,,,,,
2026-10-09,GLD,384.54,2026-10-09T18:33:44.341984206Z,2026-10-16,7,C,525.0,1.365268,GLD261016C00525000,0,0.04,0.02,4,,,,,,,,
2026-10-09,GLD,384.54,2026-10-09T18:33:44.341867988Z,2026-10-16,7,C,530.0,1.37827,GLD261016C00530000,0,0.01,0.005,2,,,,,,,,
2026-10-09,GLD,384.54,2026-10-09T18:33:44.341067991Z,2026-10-16,7,C,535.0,1.391273,GLD261016C00535000,0,0.01,0.005,1,,,,,,,,
2026-10-09,GLD,384.54,2026-10-09T18:33:44.340893331Z,2026-10-16,7,C,540.0,1.404275,GLD261016C00540000,0,0.01,0.005,1,,,,,,,,
2026-10-09,GLD,384.54,2026-10-09T18:33:44.339872944Z,2026-10-16,7,C,545.0,1.417278,GLD261016C00545000,0,0.01,0.005,1,,,,,,,,
2026-10-09,GLD,384.54,2026-10-09T18:33:44.339857945Z,2026-10-16,7,C,550.0,1.43028,GLD261016C00550000,0,0.01,0.005,30,,,,,,,,
2026-10-09,GLD,384.54,2026-10-09T18:33:44.339953452Z,2026-10-16,7,C,555.0,1.443283,GLD261016C00555000,0,0.04,0.02,2,,,,,,,,
2026-10-09,GLD,384.54,2026-10-09T18:33:44.341907948Z,2026-10-16,7,C,560.0,1.456285,GLD261016C00560000,0,0.01,0.005,1,,,,,,,,
2026-10-09,GLD,384.54,2026-10-09T18:33:44.340834387Z,2026-10-16,7,C,565.0,1.469288,GLD261016C00565000,0,0.04,0.02,2,,,,,,,,
2026-10-09,GLD,384.54,2026-10-09T18:33:44.340484872Z,2026-10-16,7,C,570.0,1.482291,GLD261016C00570000,0,0.01,0.005,6,,,,,,,,
2026-10-09,GLD,384.54,2026-10-09T18:33:44.342103455Z,2026-10-16,7,C,575.0,1.495293,GLD261016C00575000,0,0.01,0.005,1,,,,,,,,
2026-10-09,GLD,384.54,2026-10-09T18:33:44.339648033Z,2026-10-16,7,C,580.0,1.508296,GLD261016C00580000,0,0.01,0.005,1,,,,,,,,
2026-10-09,GLD,384.54,2026-10-09T18:33:44.339799701Z,2026-10-16,7,C,585.0,1.521298,GLD261016C00585000,0,0.04,0.02,44,,,,,,,,
2026-10-09,GLD,384.54,2026-10-09T18:33:44.340605097Z,2026-10-16,7,C,590.0,1.534301,GLD261016C00590000,0,0.04,0.02,4,,,,,,,,
2026-10-09,GLD,384.54,2026-10-09T18:33:44.341678038Z,2026-10-16,7,C,595.0,1.547303,GLD261016C00595000,0,0.04,0.02,50,,,,,,,,
2026-10-09,GLD,384.54,2026-10-09T17:36:32.722023699Z,2026-10-16,7,C,600.0,1.560306,GLD261016C00600000,0,0.01,0.005,10,,,,,,,,
2026-10-09,GLD,384.54,2026-10-09T18:33:44.340368107Z,2026-10-16,7,C,605.0,1.573308,GLD261016C00605000,0,0.04,0.02,40,,,,,,,,
2026-10-09,GLD,384.54,2026-10-09T17:31:42.175696513Z,2026-10-16,7,C,610.0,1.586311,GLD261016C00610000,0,0.01,0.005,10,,,,,,,,
2026-10-09,GLD,384.54,2026-10-09T18:33:44.340330023Z,2026-10-16,7,C,615.0,1.599313,GLD261016C00615000,0,0.04,0.02,10,,,,,,,,
2026-10-09,GLD,384.54,2026-10-09T18:33:44.341168396Z,2026-10-16,7,P,205.0,0.533104,GLD261016P00205000,0,0.01,0.005,77,,,,,,,,
2026-10-09,GLD,384.54,2026-10-09T18:33:44.34241299Z,2026-10-16,7,P,210.0,0.546107,GLD261016P00210000,0,0.01,0.005,130,,,,,,,,
2026-10-09,GLD,384.54,2026-10-09T18:33:44.339784822Z,2026-10-16,7,P,215.0,0.55911,GLD261016P00215000,0,0.04,0.02,19,,,,,,,,
2026-10-09,GLD,384.54,2026-10-09T18:33:44.34180814Z,2026-10-16,7,P,220.0,0.572112,GLD261016P00220000,0,0.04,0.02,109,,,,,,,,
2026-10-09,GLD,384.54,2026-10-09T18:33:44.341572929Z,2026-10-16,7,P,225.0,0.585115,GLD261016P00225000,0,0.01,0.005,1,,,,,,,,
2026-10-09,GLD,384.54,2026-10-09T18:33:44.341642976Z,2026-10-16,7,P,230.0,0.598117,GLD261016P00230000,0,0.04,0.02,10,,,,,,,,
2026-10-09,GLD,384.54,2026-10-09T18:33:44.340653009Z,2026-10-16,7,P,235.0,0.61112,GLD261016P00235000,0,0.01,0.005,4,,,,,,,,
2026-10-09,GLD,384.54,2026-10-09T18:33:44.341392992Z,2026-10-16,7,P,240.0,0.624122,GLD261016P00240000,0,0.04,0.02,4,,,,,,,,
2026-10-09,GLD,384.54,2026-10-09T18:41:19.966332137Z,2026-10-16,7,P,245.0,0.637125,GLD261016P00245000,0,0.01,0.005,4,,,,,,,,
2026-10-09,GLD,384.54,2026-10-09T18:41:24.275811233Z,2026-10-16,7,P,250.0,0.650127,GLD261016P00250000,0,0.04,0.02,13,,,,,,,,
2026-10-09,GLD,384.54,2026-10-09T18:41:24.275816249Z,2026-10-16,7,P,255.0,0.66313,GLD261016P00255000,0,0.04,0.02,4,,,,,,,,
2026-10-09,GLD,384.54,2026-10-09T18:41:24.275811233Z,2026-10-16,7,P,260.0,0.676133,GLD261016P00260000,0,0.01,0.005,2,,,,,,,,
2026-10-09,GLD,384.54,2026-10-09T18:41:24.275811233Z,2026-10-16,7,P,265.0,0.689135,GLD261016P00265000,0,0.01,0.005,2,,,,,,,,
2026-10-09,GLD,384.54,2026-10-09T18:41:24.168556423Z,2026-10-16,7,P,270.0,0.702138,GLD261016P00270000,0,0.01,0.005,16,,,,,,,,
2026-10-09,GLD,384.54,2026-10-09T18:41:24.168711442Z,2026-10-16,7,P,275.0,0.71514,GLD261016P00275000,0,0.01,0.005,14,,,,,,,,
2026-10-09,GLD,384.54,2026-10-09T18:41:24.275986301Z,2026-10-16,7,P,280.0,0.728143,GLD261016P00280000,0,0.01,0.005,44,,,,,,,,
2026-10-09,GLD,384.54,2026-10-09T18:41:24.166321384Z,2026-10-16,7,P,285.0,0.741145,GLD261016P00285000,0,0.04,0.02,1,,,,,,,,
2026-10-09,GLD,384.54,2026-10-09T18:41:23.985396816Z,2026-10-16,7,P,290.0,0.754148,GLD261016P00290000,0.03,0.04,0.035,1,,,0.7524,-0.0028,0.0002,-0.0247,0.0046,-0.0002
2026-10-09,GLD,384.54,2026-10-09T18:41:23.985396816Z,2026-10-16,7,P,295.0,0.76715,GLD261016P00295000,0.01,0.04,0.025,21,,,0.6875,-0.0023,0.0002,-0.0184,0.0038,-0.0002
2026-10-09,GLD,384.54,2026-10-09T18:41:23.985396816Z,2026-10-16,7,P,300.0,0.780153,GLD261016P00300000,0.01,0.02,0.015,22,,,0.6173,-0.0016,0.0002,-0.0118,0.0027,-0.0001
2026-10-09,GLD,384.54,2026-10-09T18:41:23.986171628Z,2026-10-16,7,P,305.0,0.793155,GLD261016P00305000,0.01,0.02,0.015,2,,,0.5795,-0.0017,0.0002,-0.0117,0.0028,-0.0001
2026-10-09,GLD,384.54,2026-10-09T18:41:24.168711442Z,2026-10-16,7,P,310.0,0.806158,GLD261016P00310000,0.01,0.04,0.025,1,,,0.5693,-0.0027,0.0003,-0.0179,0.0044,-0.0002
2026-10-09,GLD,384.54,2026-10-09T18:41:25.493110187Z,2026-10-16,7,P,315.0,0.819161,GLD261016P00315000,0,0.01,0.005,1,,,,,,,,
2026-10-09,GLD,384.54,2026-10-09T18:41:24.502271466Z,2026-10-16,7,P,320.0,0.832163,GLD261016P00320000,0,0.04,0.02,30,,,,,,,,
2026-10-09,GLD,384.54,2026-10-09T18:41:23.985396816Z,2026-10-16,7,P,325.0,0.845166,GLD261016P00325000,0.01,0.04,0.025,2,,,0.455,-0.0033,0.0004,-0.0172,0.0053,-0.0003
2026-10-09,GLD,384.54,2026-10-09T18:41:23.853386813Z,2026-10-16,7,P,330.0,0.858168,GLD261016P00330000,0.01,0.03,0.02,1,,,0.4082,-0.003,0.0004,-0.0141,0.0049,-0.0002
2026-10-09,GLD,384.54,2026-10-09T18:41:23.985396816Z,2026-10-16,7,P,335.0,0.871171,GLD261016P00335000,0.03,0.05,0.04,12,,,0.4008,-0.0058,0.0008,-0.0247,0.0087,-0.0004
2026-10-09,GLD,384.54,2026-10-09T18:41:23.985396816Z,2026-10-16,7,P,340.0,0.884173,GLD261016P00340000,0.03,0.06,0.045,26,,,0.3674,-0.0069,0.001,-0.0267,0.0103,-0.0005
2026-10-09,GLD,384.54,2026-10-09T18:41:24.143492149Z,2026-10-16,7,P,341.0,0.886774,GLD261016P00341000,0.03,0.06,0.045,25,,,0.3597,-0.0071,0.001,-0.0266,0.0105,-0.0005
2026-10-09,GLD,384.54,2026-10-09T18:41:23.852891893Z,2026-10-16,7,P,342.0,0.889374,GLD261016P00342000,0.03,0.06,0.045,25,,,0.3519,-0.0072,0.0011,-0.0265,0.0107,-0.0005
2026-10-09,GLD,384.54,2026-10-09T18:41:23.852891893Z,2026-10-16,7,P,343.0,0.891975,GLD261016P00343000,0.01,0.06,0.035,25,,,0.3342,-0.006,0.001,-0.0214,0.0091,-0.0005
2026-10-09,GLD,384.54,2026-10-09T18:41:24.142212008Z,2026-10-16,7,P,344.0,0.894575,GLD261016P00344000,0.01,0.06,0.035,25,,,0.3266,-0.0062,0.001,-0.0214,0.0093,-0.0005
2026-10-09,GLD,384.54,2026-10-09T18:41:25.451829731Z,2026-10-16,7,P,345.0,0.897176,GLD261016P00345000,0.04,0.06,0.05,37,,,0.333,-0.0084,0.0013,-0.0285,0.0121,-0.0006
2026-10-09,GLD,384.54,2026-10-09T18:41:24.167346387Z,2026-10-16,7,P,346.0,0.899776,GLD261016P00346000,0.04,0.07,0.055,27,,,0.3292,-0.0092,0.0014,-0.0307,0.0132,-0.0007
2026-10-09,GLD,384.54,2026-10-09T18:41:24.137576438Z,2026-10-16,7,P,347.0,0.902377,GLD261016P00347000,0.01,0.07,0.04,998,,,0.3089,-0.0073,0.0012,-0.0235,0.0108,-0.0005
2026-10-09,GLD,384.54,2026-10-09T18:41:24.137846485Z,2026-10-16,7,P,348.0,0.904977,GLD261016P00348000,0.01,0.06,0.035,1,,,0.2965,-0.0067,0.0012,-0.0209,0.01,-0.0005
2026-10-09,GLD,384.54,2026-10-09T18:41:24.142492357Z,2026-10-16,7,P,349.0,0.907578,GLD261016P00349000,0.01,0.03,0.02,27,,,0.2713,-0.0044,0.0009,-0.0131,0.0068,-0.0003
2026-10-09,GLD,384.54,2026-10-09T18:41:24.161021446Z,2026-10-16,7,P,350.0,0.910178,GLD261016P00350000,0.06,0.07,0.065,246,,,0.3043,-0.0115,0.0019,-0.0344,0.016,-0.0009
2026-10-09,GLD,384.54,2026-10-09T18:41:24.502271466Z,2026-10-16,7,P,351.0,0.912779,GLD261016P00351000,0.01,0.07,0.04,25,,,0.2784,-0.008,0.0015,-0.023,0.0117,-0.0006
2026-10-09,GLD,384.54,2026-10-09T18:41:24.140766416Z,2026-10-16,7,P,352.0,0.915379,GLD261016P00352000,0.05,0.08,0.065,25,,,0.2883,-0.0121,0.002,-0.034,0.0167,-0.0009
2026-10-09,GLD,384.54,2026-10-09T18:41:25.745669575Z,2026-10-16,7,P,353.0,0.91798,GLD261016P00353000,0.02,0.04,0.03,3,,,0.2542,-0.0067,0.0014,-0.0179,0.01,-0.0005
2026-10-09,GLD,384.54,2026-10-09T18:41:25.498449702Z,2026-10-16,7,P,354.0,0.92058,GLD261016P00354000,0.02,0.05,0.035,34,,,0.2514,-0.0078,0.0016,-0.0202,0.0115,-0.0006
2026-10-09,GLD,384.54,2026-10-09T18:41:25.458364678Z,2026-10-16,7,P,355.0,0.923181,GLD261016P00355000,0.03,0.08,0.055,180,,,0.2584,-0.0115,0.0022,-0.0291,0.016,-0.0009
2026-10-09,GLD,384.54,2026-10-09T18:41:25.745669575Z,2026-10-16,7,P,356.0,0.925781,GLD261016P00356000,0.07,0.09,0.08,40,,,0.2639,-0.0158,0.0028,-0.039,0.0211,-0.0012
2026-10-09,GLD,384.54,2026-10-09T18:41:25.34225486Z,2026-10-16,7,P,357.0,0.928382,GLD261016P00357000,0.03,0.06,0.045,57,,,0.2363,-0.0104,0.0022,-0.0244,0.0147,-0.0008
2026-10-09,GLD,384.54,2026-10-09T18:41:23.260227595Z,2026-10-16,7,P,358.0,0.930982,GLD261016P00358000,0.08,0.11,0.095,82,,,0.2539,-0.019,0.0034,-0.044,0.0247,-0.0014
2026-10-09,GLD,384.54,2026-10-09T18:41:25.245165578Z,2026-10-16,7,P,359.0,0.933583,GLD261016P00359000,0.09,0.12,0.105,52,,,0.2493,-0.0211,0.0038,-0.0473,0.027,-0.0016
2026-10-09,GLD,384.54,2026-10-09T18:41:23.982026668Z,2026-10-16,7,P,360.0,0.936183,GLD261016P00360000,0.06,0.08,0.07,231,,,0.2266,-0.0161,0.0033,-0.0339,0.0214,-0.0012
2026-10-09,GLD,384.54,2026-10-09T18:41:23.977681687Z,2026-10-16,7,P,361.0,0.938784,GLD261016P00361000,0.11,0.14,0.125,15,,,0.239,-0.0256,0.0047,-0.0532,0.0318,-0.0019
2026-10-09,GLD,384.54,2026-10-09T18:41:23.974937008Z,2026-10-16,7,P,362.0,0.941385,GLD261016P00362000,0.08,0.11,0.095,9,,,0.2203,-0.0216,0.0044,-0.0424,0.0275,-0.0016
2026-10-09,GLD,384.54,2026-10-09T18:41:23.251807641Z,2026-10-16,7,P,363.0,0.943985,GLD261016P00363000,0.14,0.16,0.15,44,,,0.2286,-0.0313,0.0058,-0.0599,0.0375,-0.0023
2026-10-09,GLD,384.54,2026-10-09T18:41:24.04460158Z,2026-10-16,7,P,364.0,0.946586,GLD261016P00364000,0.15,0.18,0.165,518,,,0.2234,-0.0347,0.0064,-0.0638,0.0409,-0.0026
2026-10-09,GLD,384.54,2026-10-09T18:41:23.985851588Z,2026-10-16,7,P,365.0,0.949186,GLD261016P00365000,0.18,0.2,0.19,319,,,0.22,-0.0398,0.0073,-0.0701,0.0457,-0.003
2026-10-09,GLD,384.54,2026-10-09T18:41:23.856286768Z,2026-10-16,7,P,366.0,0.951787,GLD261016P00366000,0.16,0.24,0.2,111,,,0.2128,-0.0428,0.008,-0.0719,0.0485,-0.0032
2026-10-09,GLD,384.54,2026-10-09T18:41:25.144420132Z,2026-10-16,7,P,367.0,0.954387,GLD261016P00367000,0.23,0.27,0.25,26,,,0.2127,-0.0519,0.0094,-0.0838,0.0566,-0.0039
2026-10-09,GLD,384.54,2026-10-09T18:41:25.139905101Z,2026-10-16,7,P,368.0,0.956988,GLD261016P00368000,0.23,0.26,0.245,40,,,0.2021,-0.0533,0.0101,-0.0813,0.0578,-0.004
2026-10-09,GLD,384.54,2026-10-09T18:41:23.977631643Z,2026-10-16,7,P,369.0,0.959588,GLD261016P00369000,0.32,0.35,0.335,62,,,0.2061,-0.0685,0.012,-0.1007,0.0703,-0.0051
2026-10-09,GLD,384.54,2026-10-09T18:41:19.663952559Z,2026-10-16,7,P,370.0,0.962189,GLD261016P00370000,0.39,0.41,0.4,1453,,,0.2044,-0.0801,0.0137,-0.1124,0.0793,-0.006
2026-10-09,GLD,384.54,2026-10-09T18:41:23.784167161Z,2026-10-16,7,P,371.0,0.964789,GLD261016P00371000,0.41,0.48,0.445,115,,,0.199,-0.0896,0.0153,-0.1188,0.0862,-0.0067
2026-10-09,GLD,384.54,2026-10-09T18:41:23.977756646Z,2026-10-16,7,P,372.0,0.96739,GLD261016P00372000,0.47,0.54,0.505,605,,,0.1946,-0.1015,0.0171,-0.1271,0.0945,-0.0076
2026-10-09,GLD,384.54,2026-10-09T18:41:24.964135376Z,2026-10-16,7,P,373.0,0.96999,GLD261016P00373000,0.58,0.68,0.63,135,,,0.1955,-0.1213,0.0194,-0.1448,0.1073,-0.0091
2026-10-09,GLD,384.54,2026-10-09T18:41:24.683525694Z,2026-10-16,7,P,374.0,0.972591,GLD261016P00374000,0.69,0.76,0.725,48,,,0.1919,-0.1381,0.0216,-0.1552,0.1174,-0.0103
2026-10-09,GLD,384.54,2026-10-09T18:41:25.394284816Z,2026-10-16,7,P,375.0,0.975191,GLD261016P00375000,0.88,0.91,0.895,2386,,,0.193,-0.1628,0.0239,-0.1739,0.131,-0.0122
2026-10-09,GLD,384.54,2026-10-09T18:41:25.698074376Z,2026-10-16,7,P,376.0,0.977792,GLD261016P00376000,1.03,1.11,1.07,58,,,0.1925,-0.1879,0.0263,-0.1895,0.1435,-0.0141
2026-10-09,GLD,384.54,2026-10-09T18:41:25.205695184Z,2026-10-16,7,P,377.0,0.980392,GLD261016P00377000,1.18,1.29,1.235,61,,,0.1896,-0.2126,0.0287,-0.2006,0.1546,-0.0159
2026-10-09,GLD,384.54,2026-10-09T18:41:25.715544707Z,2026-10-16,7,P,378.0,0.982993,GLD261016P00378000,1.42,1.5,1.46,485,,,0.189,-0.2423,0.031,-0.2146,0.1664,-0.0182
2026-10-09,GLD,384.54,2026-10-09T18:41:25.15706507Z,2026-10-16,7,P,379.0,0.985593,GLD261016P00379000,1.67,1.74,1.705,105,,,0.1878,-0.2737,0.0333,-0.2264,0.1773,-0.0205
2026-10-09,GLD,384.54,2026-10-09T18:41:24.527491412Z,2026-10-16,7,P,380.0,0.988194,GLD261016P00380000,1.93,2.029,1.9795,395,,,0.1864,-0.3072,0.0354,-0.2364,0.1871,-0.023
2026-10-09,GLD,384.54,2026-10-09T18:41:23.98811226Z,2026-10-16,7,P,381.0,0.990794,GLD261016P00381000,2.24,2.41,2.325,98,,,0.187,-0.3443,0.037,-0.2475,0.1961,-0.0258
2026-10-09,GLD,384.54,2026-10-09T18:41:25.156990071Z,2026-10-16,7,P,382.0,0.993395,GLD261016P00382000,2.6,2.8,2.7,94,,,0.1871,-0.3823,0.0383,-0.2556,0.2031,-0.0287
2026-10-09,GLD,384.54,2026-10-09T18:41:25.14868507Z,2026-10-16,7,P,383.0,0.995995,GLD261016P00383000,2.98,3.22,3.1,507,,,0.1866,-0.4211,0.0394,-0.26,0.2083,-0.0317
2026-10-09,GLD,384.54,2026-10-09T18:41:23.846736748Z,2026-10-16,7,P,384.0,0.998596,GLD261016P00384000,3.38,3.61,3.495,103,,,0.1839,-0.4605,0.0405,-0.2585,0.2114,-0.0346
2026-10-09,GLD,384.54,2026-10-09T18:41:25.270264987Z,2026-10-16,7,P,385.0,1.001196,GLD261016P00385000,3.98,4.14,4.06,508,,,0.1874,-0.5009,0.04,-0.2635,0.2125,-0.0377
2026-10-09,GLD,384.54,2026-10-09T18:41:25.715715449Z,2026-10-16,7,P,386.0,1.003797,GLD261016P00386000,4.42,4.76,4.59,30,,,0.1874,-0.5407,0.0398,-0.2603,0.2114,-0.0408
2026-10-09,GLD,384.54,2026-10-09T18:41:25.774454304Z,2026-10-16,7,P,387.0,1.006397,GLD261016P00387000,5.03,5.28,5.155,33,,,0.1871,-0.5802,0.0392,-0.254,0.2082,-0.0438
2026-10-09,GLD,384.54,2026-10-09T18:41:25.696189463Z,2026-10-16,7,P,388.0,1.008998,GLD261016P00388000,5.51,5.93,5.72,5,,,0.185,-0.6201,0.0386,-0.2419,0.2028,-0.0468
2026-10-09,GLD,384.54,2026-10-09T18:41:25.395529787Z,2026-10-16,7,P,389.0,1.011598,GLD261016P00389000,6.23,6.69,6.46,19,,,0.1897,-0.6538,0.0365,-0.2387,0.1965,-0.0495
2026-10-09,GLD,384.54,2026-10-09T18:41:24.264836235Z,2026-10-16,7,P,390.0,1.014199,GLD261016P00390000,7.03,7.46,7.245,571,,,0.1952,-0.6839,0.0342,-0.2354,0.1895,-0.0518
2026-10-09,GLD,384.54,2026-10-09T18:41:25.15253006Z,2026-10-16,7,P,391.0,1.016799,GLD261016P00391000,7.78,8.25,8.015,7,,,0.1986,-0.7133,0.0322,-0.2271,0.1813,-0.0541
2026-10-09,GLD,384.54,2026-10-09T18:41:25.699364384Z,2026-10-16,7,P,392.0,1.0194,GLD261016P00392000,8.62,8.78,8.7,13,,,0.1955,-0.7475,0.0307,-0.206,0.1701,-0.0568
2026-10-09,GLD,384.54,2026-10-09T18:41:24.116406489Z,2026-10-16,7,P,393.0,1.022,GLD261016P00393000,9.45,9.92,9.685,6,,,0.2088,-0.7614,0.0279,-0.2139,0.165,-0.058
2026-10-09,GLD,384.54,2026-10-09T18:41:25.496824718Z,2026-10-16,7,P,394.0,1.024601,GLD261016P00394000,10.28,10.47,10.375,14,,,0.2027,-0.7948,0.0263,-0.1855,0.1514,-0.0606
2026-10-09,GLD,384.54,2026-10-09T18:41:25.715754415Z,2026-10-16,7,P,395.0,1.027201,GLD261016P00395000,11,11.4,11.2,67,,,0.2035,-0.8186,0.0243,-0.1693,0.1404,-0.0625
2026-10-09,GLD,384.54,2026-10-09T18:41:25.717909945Z,2026-10-16,7,P,396.0,1.029802,GLD261016P00396000,11.92,12.13,12.025,3,,,0.2026,-0.8424,0.0223,-0.1498,0.1283,-0.0644
2026-10-09,GLD,384.54,2026-10-09T18:41:25.748854377Z,2026-10-16,7,P,397.0,1.032402,GLD261016P00397000,13,13.04,13.02,8,,,0.2139,-0.8497,0.0205,-0.1538,0.1244,-0.0652
2026-10-09,GLD,384.54,2026-10-09T18:41:25.750054355Z,2026-10-16,7,P,398.0,1.035003,GLD261016P00398000,13.88,14.28,14.08,17,,,0.2303,-0.8504,0.019,-0.1676,0.124,-0.0654
2026-10-09,GLD,384.54,2026-10-09T18:41:25.375924833Z,2026-10-16,7,P,399.0,1.037603,GLD261016P00399000,14.35,15.08,14.715,8,,,0.2086,-0.8917,0.0167,-0.1095,0.099,-0.0686
2026-10-09,GLD,384.54,2026-10-09T18:41:25.706284391Z,2026-10-16,7,P,400.0,1.040204,GLD261016P00400000,15.75,16.1,15.925,232,,,0.2394,-0.8746,0.0162,-0.1504,0.1099,-0.0676
2026-10-09,GLD,384.54,2026-10-09T18:41:19.834502288Z,2026-10-16,7,P,401.0,1.042804,GLD261016P00401000,16.6,16.72,16.66,2,,,0.2233,-0.9056,0.0141,-0.1041,0.0896,-0.07
2026-10-09,GLD,384.54,2026-10-09T18:41:23.883681724Z,2026-10-16,7,P,402.0,1.045405,GLD261016P00402000,17.72,17.87,17.795,1,,,0.2479,-0.8949,0.0138,-0.1331,0.0969,-0.0694
2026-10-09,GLD,384.54,2026-10-09T18:41:25.442224757Z,2026-10-16,7,P,403.0,1.048005,GLD261016P00403000,18.29,19.04,18.665,25,,,0.2437,-0.9113,0.0124,-0.1097,0.0856,-0.0708
2026-10-09,GLD,384.54,2026-10-09T18:40:16.179485575Z,2026-10-16,7,P,404.0,1.050606,GLD261016P00404000,18.62,19.98,19.3,279,,,0.197,-0.9614,0.008,-0.0213,0.0446,-0.0746
2026-10-09,GLD,384.54,2026-10-09T18:41:25.570324546Z,2026-10-16,7,P,405.0,1.053206,GLD261016P00405000,19.98,20.46,20.22,3,,,0.183,-0.9773,0.0055,0.0047,0.0287,-0.076
2026-10-09,GLD,384.54,2026-10-09T18:41:25.09465013Z,2026-10-16,7,P,406.0,1.055807,GLD261016P00406000,20.96,21.53,21.245,30,,,0.1989,-0.9731,0.0059,-0.0048,0.033,-0.0758
2026-10-09,GLD,384.54,2026-10-09T18:41:24.140607265Z,2026-10-16,7,P,407.0,1.058407,GLD261016P00407000,22.5,22.91,22.705,7,,,0.2873,-0.9173,0.01,-0.1267,0.0812,-0.072
2026-10-09,GLD,384.54,2026-10-09T18:41:24.140612667Z,2026-10-16,7,P,408.0,1.061008,GLD261016P00408000,23.08,23.7,23.39,414,,,0.2491,-0.9531,0.0074,-0.0513,0.0522,-0.0748
2026-10-09,GLD,384.54,2026-10-09T18:41:24.140617376Z,2026-10-16,7,P,409.0,1.063608,GLD261016P00409000,23.77,25.38,24.575,1687,,,0.2885,-0.9337,0.0084,-0.1005,0.0686,-0.0736
2026-10-09,GLD,384.54,2026-10-09T18:41:25.451739932Z,2026-10-16,7,P,410.0,1.066209,GLD261016P00410000,25.2,25.87,25.535,1,,,0.2914,-0.9393,0.0077,-0.0921,0.064,-0.0742
2026-10-09,GLD,384.54,2026-10-09T18:41:24.138192041Z,2026-10-16,7,P,411.0,1.068809,GLD261016P00411000,26.31,27,26.655,151,,,0.318,-0.9293,0.008,-0.1227,0.072,-0.0737
2026-10-09,GLD,384.54,2026-10-09T18:41:24.138176641Z,2026-10-16,7,P,412.0,1.07141,GLD261016P00412000,27.48,27.89,27.685,1,,,0.3313,-0.9283,0.0078,-0.1314,0.0728,-0.0738
2026-10-09,GLD,384.54,2026-10-09T18:40:16.165983722Z,2026-10-16,7,P,413.0,1.074011,GLD261016P00413000,27.95,28.9,28.425,75,,,0.298,-0.9545,0.006,-0.0663,0.0509,-0.0758
2026-10-09,GLD,384.54,2026-10-09T18:40:10.823247834Z,2026-10-16,7,P,414.0,1.076611,GLD261016P00414000,28.72,30.08,29.4,3,,,0.3012,-0.9582,0.0056,-0.06,0.0476,-0.0763
2026-10-09,GLD,384.54,2026-10-09T18:41:22.513248673Z,2026-10-16,7,P,415.0,1.079212,GLD261016P00415000,29.55,30.71,30.13,258,,,,,,,,
2026-10-09,GLD,384.54,2026-10-09T18:40:54.230002861Z,2026-10-16,7,P,416.0,1.081812,GLD261016P00416000,30.54,32.439,31.4895,4,,,0.3353,-0.9509,0.0057,-0.0875,0.0542,-0.0762
2026-10-09,GLD,384.54,2026-10-09T18:39:00.390710333Z,2026-10-16,7,P,417.0,1.084413,GLD261016P00417000,32.5,33.3,32.9,4,,,0.4052,-0.9195,0.0069,-0.189,0.0795,-0.0741
2026-10-09,GLD,384.54,2026-10-09T18:39:23.901962821Z,2026-10-16,7,P,418.0,1.087013,GLD261016P00418000,33.16,34.87,34.015,1,,,0.4285,-0.9135,0.0069,-0.2159,0.0839,-0.0739
2026-10-09,GLD,384.54,2026-10-09T18:39:23.607808263Z,2026-10-16,7,P,419.0,1.089614,GLD261016P00419000,34.07,35.91,34.99,3,,,0.4348,-0.9165,0.0066,-0.2126,0.0818,-0.0743
2026-10-09,GLD,384.54,2026-10-09T18:41:25.140285452Z,2026-10-16,7,P,420.0,1.092214,GLD261016P00420000,35.1,35.77,35.435,310,,,0.3572,-0.9593,0.0046,-0.0757,0.0466,-0.0775
2026-10-09,GLD,384.54,2026-10-09T18:39:23.620403269Z,2026-10-16,7,P,421.0,1.094815,GLD261016P00421000,35.53,37.42,36.475,22,,,0.3736,-0.9563,0.0046,-0.0884,0.0493,-0.0775
2026-10-09,GLD,384.54,2026-10-09T18:39:23.76787299Z,2026-10-16,7,P,422.0,1.097415,GLD261016P00422000,36.85,38.22,37.535,112,,,0.3934,-0.952,0.0048,-0.1065,0.0532,-0.0774
2026-10-09,GLD,384.54,2026-10-09T18:39:00.403755861Z,2026-10-16,7,P,423.0,1.100016,GLD261016P00423000,37.41,39.56,38.485,5,,,0.3917,-0.9569,0.0044,-0.0932,0.0488,-0.078
2026-10-09,GLD,384.54,2026-10-09T18:39:01.905258249Z,2026-10-16,7,P,424.0,1.102616,GLD261016P00424000,39.14,39.98,39.56,3,,,0.4144,-0.9515,0.0046,-0.1155,0.0536,-0.0778
2026-10-09,GLD,384.54,2026-10-09T18:40:57.011598949Z,2026-10-16,7,P,425.0,1.105217,GLD261016P00425000,39.99,40.46,40.225,262,,,0.3318,-0.9837,0.0023,-0.0068,0.0217,-0.0803
2026-10-09,GLD,384.54,2026-10-09T18:39:26.862618838Z,2026-10-16,7,P,426.0,1.107817,GLD261016P00426000,41.01,41.63,41.32,290,,,0.3741,-0.9735,0.0031,-0.043,0.0327,-0.0797
2026-10-09,GLD,384.54,2026-10-09T18:39:00.403755861Z,2026-10-16,7,P,427.0,1.110418,GLD261016P00427000,41.27,43.36,42.315,3,,,0.3799,-0.9744,0.0029,-0.0419,0.0318,-0.08
2026-10-09,GLD,384.54,2026-10-09T18:39:23.605048272Z,2026-10-16,7,P,428.0,1.113018,GLD261016P00428000,43.37,44.84,44.105,1,,,0.5304,-0.9208,0.0052,-0.2554,0.0786,-0.0764
2026-10-09,GLD,384.54,2026-10-09T18:39:00.403755861Z,2026-10-16,7,P,429.0,1.115619,GLD261016P00429000,43.28,45.54,44.41,50,,,0.4214,-0.9665,0.0033,-0.0752,0.0397,-0.0798
2026-10-09,GLD,384.54,2026-10-09T18:41:25.139860118Z,2026-10-16,7,P,430.0,1.118219,GLD261016P00430000,44.33,46.06,45.195,306,,,0.3505,-0.9881,0.0017,0.004,0.0165,-0.0815
2026-10-09,GLD,384.54,2026-10-09T18:39:23.60264826Z,2026-10-16,7,P,431.0,1.12082,GLD261016P00431000,44.98,47.47,46.225,,,,0.3736,-0.9847,0.0019,-0.0094,0.0205,-0.0815
2026-10-09,GLD,384.54,2026-10-09T18:39:00.406045981Z,2026-10-16,7,P,432.0,1.12342,GLD261016P00432000,46.51,49.32,47.915,,,,0.539,-0.9346,0.0044,-0.2177,0.0678,-0.0781
2026-10-09,GLD,384.54,2026-10-09T18:39:00.406045981Z,2026-10-16,7,P,433.0,1.126021,GLD261016P00433000,48.47,50.43,49.45,25,,,0.6167,-0.9095,0.005,-0.34,0.0868,-0.0766
2026-10-09,GLD,384.54,2026-10-09T18:39:23.767843066Z,2026-10-16,7,P,434.0,1.128621,GLD261016P00434000,49.45,50.52,49.985,,,,0.566,-0.9324,0.0043,-0.2378,0.0696,-0.0784
2026-10-09,GLD,384.54,2026-10-09T18:41:25.140650074Z,2026-10-16,7,P,435.0,1.131222,GLD261016P00435000,49.96,51.19,50.575,1,,,0.5047,-0.9571,0.0034,-0.1307,0.0486,-0.0803
2026-10-09,GLD,384.54,2026-10-09T18:41:01.590072562Z,2026-10-16,7,P,440.0,1.144224,GLD261016P00440000,54.23,55.1,54.665,3,,,,,,,,
2026-10-09,GLD,384.54,2026-10-09T18:40:16.179592618Z,2026-10-16,7,P,445.0,1.157227,GLD261016P00445000,60.85,60.95,60.9,3,,,0.6425,-0.9438,0.0033,-0.2313,0.0602,-0.0813
2026-10-09,GLD,384.54,2026-10-09T18:41:25.140400329Z,2026-10-16,7,P,450.0,1.170229,GLD261016P00450000,65.64,66.64,66.14,1,,,0.7198,-0.9356,0.0033,-0.2992,0.067,-0.0817
2026-10-09,GLD,384.54,2026-10-09T18:39:23.543468441Z,2026-10-16,7,P,455.0,1.183232,GLD261016P00455000,69.2,70.34,69.77,1,,,,,,,,
2026-10-09,GLD,384.54,2026-10-09T18:40:16.179597725Z,2026-10-16,7,P,460.0,1.196234,GLD261016P00460000,75.23,75.72,75.475,3,,,0.662,-0.9713,0.0019,-0.1175,0.035,-0.0861
2026-10-09,GLD,384.54,2026-10-09T18:40:16.179588642Z,2026-10-16,7,P,465.0,1.209237,GLD261016P00465000,80.63,81.68,81.155,20,,,0.8382,-0.942,0.0026,-0.3227,0.0618,-0.085
2026-10-09,GLD,384.54,2026-10-09T18:39:00.3974205Z,2026-10-16,7,P,470.0,1.22224,GLD261016P00470000,85.12,85.44,85.28,294,,,0.6569,-0.9843,0.0011,-0.049,0.021,-0.0889
2026-10-09,GLD,384.54,2026-10-09T18:40:25.707397182Z,2026-10-16,7,P,475.0,1.235242,GLD261016P00475000,91.33,92.21,91.77,17,,,1.004,-0.9257,0.0026,-0.4893,0.0749,-0.0859
2026-10-09,GLD,384.54,2026-10-09T18:39:00.399122893Z,2026-10-16,7,P,480.0,1.248245,GLD261016P00480000,94.41,96.77,95.59,1,,,0.8282,-0.9692,0.0016,-0.1693,0.037,-0.0898
2026-10-09,GLD,384.54,2026-10-09T18:40:16.179588642Z,2026-10-16,7,P,485.0,1.261247,GLD261016P00485000,99.85,102.46,101.155,1,,,,,,,,
2026-10-09,GLD,384.54,2026-10-09T18:40:16.179592618Z,2026-10-16,7,P,490.0,1.27425,GLD261016P00490000,104.31,106.21,105.26,2,,,0.7688,-0.9866,0.0008,-0.0486,0.0183,-0.093
2026-10-09,GLD,384.54,2026-10-09T18:40:16.179588642Z,2026-10-16,7,P,495.0,1.287252,GLD261016P00495000,111.85,112.75,112.3,9,,,,,,,,
2026-10-09,GLD,384.54,2026-10-09T18:40:16.179588642Z,2026-10-16,7,P,500.0,1.300255,GLD261016P00500000,114.54,117.62,116.08,1,,,,,,,,
2026-10-09,GLD,384.54,2026-10-09T18:40:16.179592618Z,2026-10-16,7,P,505.0,1.313257,GLD261016P00505000,119.75,121.71,120.73,52,,,,,,,,
2026-10-09,GLD,384.54,2026-10-09T18:40:16.179605586Z,2026-10-16,7,P,510.0,1.32626,GLD261016P00510000,124.11,125.06,124.585,2,,,,,,,,
2026-10-09,GLD,384.54,2026-10-09T18:40:16.179605586Z,2026-10-16,7,P,515.0,1.339262,GLD261016P00515000,127.88,130.35,129.115,1,,,,,,,,
2026-10-09,GLD,384.54,2026-10-09T18:41:08.793423742Z,2026-10-16,7,P,520.0,1.352265,GLD261016P00520000,134.83,136.95,135.89,1,,,,,,,,
2026-10-09,GLD,384.54,2026-10-09T18:41:08.793443747Z,2026-10-16,7,P,525.0,1.365268,GLD261016P00525000,138.76,142.14,140.45,1,,,,,,,,
2026-10-09,GLD,384.54,2026-10-09T18:40:16.179605586Z,2026-10-16,7,P,530.0,1.37827,GLD261016P00530000,142.28,144.13,143.205,2,,,,,,,,
2026-10-09,GLD,384.54,2026-10-09T18:41:08.793447933Z,2026-10-16,7,P,535.0,1.391273,GLD261016P00535000,151.14,152.66,151.9,20,,,,,,,,
2026-10-09,GLD,384.54,2026-10-09T18:40:16.179615505Z,2026-10-16,7,P,540.0,1.404275,GLD261016P00540000,154.28,157.12,155.7,5,,,,,,,,
2026-10-09,GLD,384.54,2026-10-09T18:41:08.793443747Z,2026-10-16,7,P,545.0,1.417278,GLD261016P00545000,158.96,163.38,161.17,2,,,,,,,,
2026-10-09,GLD,384.54,2026-10-09T18:41:08.793464385Z,2026-10-16,7,P,550.0,1.43028,GLD261016P00550000,166.81,167.06,166.935,4,,,,,,,,
2026-10-09,GLD,384.54,2026-10-09T18:38:35.220126089Z,2026-10-16,7,P,555.0,1.443283,GLD261016P00555000,168.06,170.55,169.305,2,,,,,,,,
2026-10-09,GLD,384.54,2026-10-09T18:41:08.793464385Z,2026-10-16,7,P,560.0,1.456285,GLD261016P00560000,173.09,178.41,175.75,1,,,,,,,,
2026-10-09,GLD,384.54,2026-10-09T18:40:16.179630663Z,2026-10-16,7,P,565.0,1.469288,GLD261016P00565000,181.77,182.67,182.22,2,,,,,,,,
2026-10-09,GLD,384.54,2026-10-09T18:40:16.179630663Z,2026-10-16,7,P,570.0,1.482291,GLD261016P00570000,187.72,187.76,187.74,1,,,,,,,,
2026-10-09,GLD,384.54,2026-10-09T18:41:18.826488807Z,2026-10-16,7,P,575.0,1.495293,GLD261016P00575000,192.17,193.85,193.01,153,,,,,,,,
2026-10-09,GLD,384.54,2026-10-09T18:40:16.179640546Z,2026-10-16,7,P,580.0,1.508296,GLD261016P00580000,191.78,198.74,195.26,3,,,,,,,,
2026-10-09,GLD,384.54,2026-10-09T18:41:08.793487599Z,2026-10-16,7,P,585.0,1.521298,GLD261016P00585000,196.11,198.24,197.175,100,,,,,,,,
2026-10-09,GLD,384.54,2026-10-09T18:40:16.17974163Z,2026-10-16,7,P,590.0,1.534301,GLD261016P00590000,203.52,204.42,203.97,2,,,,,,,,
2026-10-09,GLD,384.54,2026-10-09T18:40:16.179736836Z,2026-10-16,7,P,595.0,1.547303,GLD261016P00595000,207.88,214.36,211.12,4,,,,,,,,
2026-10-09,GLD,384.54,2026-10-09T18:41:02.70881675Z,2026-10-16,7,P,600.0,1.560306,GLD261016P00600000,212.01,213.46,212.735,8,,,,,,,,
2026-10-09,GLD,384.54,2026-10-09T18:41:08.793487599Z,2026-10-16,7,P,605.0,1.573308,GLD261016P00605000,217.35,218.25,217.8,2,,,,,,,,
2026-10-09,GLD,384.54,2026-10-09T18:40:16.179736836Z,2026-10-16,7,P,610.0,1.586311,GLD261016P00610000,225.09,230.22,227.655,2,,,,,,,,
2026-10-09,GLD,384.54,2026-10-09T18:41:08.793504419Z,2026-10-16,7,P,615.0,1.599313,GLD261016P00615000,230.87,231.77,231.32,1,,,,,,,,
2026-10-09,GLD,384.54,2026-10-09T18:37:30.7815097Z,2026-11-20,42,C,205.0,0.533104,GLD261120C00205000,175.67,180.52,178.095,1,,,,,,,,
2026-10-09,GLD,384.54,2026-10-09T18:39:23.306699901Z,2026-11-20,42,C,210.0,0.546107,GLD261120C00210000,171.46,175.36,173.41,2,,,,,,,,
2026-10-09,GLD,384.54,2026-10-09T18:37:30.781545009Z,2026-11-20,42,C,215.0,0.55911,GLD261120C00215000,166.78,168.39,167.585,5,,,,,,,,
2026-10-09,GLD,384.54,2026-10-09T18:37:30.781545009Z,2026-11-20,42,C,220.0,0.572112,GLD261120C00220000,163.03,164.98,164.005,,,,,,,,,
2026-10-09,GLD,384.54,2026-10-09T18:39:23.306699901Z,2026-11-20,42,C,225.0,0.585115,GLD261120C00225000,156.24,159.19,157.715,1,,,,,,,,
2026-10-09,GLD,384.54,2026-10-09T18:37:30.781545009Z,2026-11-20,42,C,230.0,0.598117,GLD261120C00230000,154.97,157.94,156.455,1,,,0.8004,0.9796,0.0005,-0.0848,0.0642,0.2534
2026-10-09,GLD,384.54,2026-10-09T18:37:30.781545009Z,2026-11-20,42,C,235.0,0.61112,GLD261120C00235000,152.8,154.05,153.425,,,,,,,,,
2026-10-09,GLD,384.54,2026-10-09T18:39:23.306699901Z,2026-11-20,42,C,240.0,0.624122,GLD261120C00240000,145.62,148.06,146.84,1,,,0.7875,0.9723,0.0006,-0.1023,0.0831,0.2613
2026-10-09,GLD,384.54,2026-10-09T18:37:30.781545009Z,2026-11-20,42,C,245.0,0.637125,GLD261120C00245000,140.63,143.25,141.94,3,,,0.7669,0.97,0.0007,-0.1059,0.0888,0.2659
2026-10-09,GLD,384.54,2026-10-09T18:37:30.781545009Z,2026-11-20,42,C,250.0,0.650127,GLD261120C00250000,135.87,138.59,137.23,9,,,0.7654,0.9645,0.0008,-0.1179,0.1019,0.2689
2026-10-09,GLD,384.54,2026-10-09T18:37:30.781554862Z,2026-11-20,42,C,255.0,0.66313,GLD261120C00255000,129.44,131.6,130.52,,,,,,,,,
2026-10-09,GLD,384.54,2026-10-09T18:37:30.781549508Z,2026-11-20,42,C,260.0,0.676133,GLD261120C00260000,123.63,125.45,124.54,1,,,,,,,,
2026-10-09,GLD,384.54,2026-10-09T18:37:30.781594593Z,2026-11-20,42,C,265.0,0.689135,GLD261120C00265000,121.22,122.73,121.975,1,,,0.6475,0.9661,0.0009,-0.1025,0.0983,0.2871
2026-10-09,GLD,384.54,2026-10-09T18:37:30.781591564Z,2026-11-20,42,C,270.0,0.702138,GLD261120C00270000,115.88,116.48,116.18,2,,,0.5135,0.984,0.0006,-0.0601,0.0523,0.3017
2026-10-09,GLD,384.54,2026-10-09T18:37:30.781594593Z,2026-11-20,42,C,275.0,0.71514,GLD261120C00275000,110.04,111.19,110.615,2,,,,,,,,
2026-10-09,GLD,384.54,2026-10-09T18:37:30.781594593Z,2026-11-20,42,C,280.0,0.728143,GLD261120C00280000,105.15,107.83,106.49,3,,,0.5075,0.9747,0.0009,-0.0752,0.0769,0.3088
2026-10-09,GLD,384.54,2026-10-09T18:39:40.929549614Z,2026-11-20,42,C,285.0,0.741145,GLD261120C00285000,99.17,101.63,100.4,2,,,,,,,,
2026-10-09,GLD,384.54,2026-10-09T18:40:56.798554103Z,2026-11-20,42,C,290.0,0.754148,GLD261120C00290000,94.93,96.95,95.94,115,,,0.3386,0.9947,0.0003,-0.0388,0.02,0.3298
2026-10-09,GLD,384.54,2026-10-09T18:37:30.781594593Z,2026-11-20,42,C,295.0,0.76715,GLD261120C00295000,89.21,90.38,89.795,2,,,,,,,,
2026-10-09,GLD,384.54,2026-10-09T18:37:30.781591564Z,2026-11-20,42,C,300.0,0.780153,GLD261120C00300000,86.81,87.86,87.335,1,,,0.4799,0.9489,0.0017,-0.1079,0.1369,0.3194
2026-10-09,GLD,384.54,2026-10-09T18:39:23.306723768Z,2026-11-20,42,C,305.0,0.793155,GLD261120C00305000,79.95,81.17,80.56,3,,,,,,,,
2026-10-09,GLD,384.54,2026-10-09T18:37:30.781594593Z,2026-11-20,42,C,310.0,0.806158,GLD261120C00310000,75.69,76.94,76.315,39,,,0.3306,0.9782,0.0012,-0.0589,0.0679,0.345
2026-10-09,GLD,384.54,2026-10-09T18:37:30.781629482Z,2026-11-20,42,C,315.0,0.819161,GLD261120C00315000,70.77,71.58,71.175,1,,,0.2829,0.9852,0.001,-0.0495,0.049,0.354
2026-10-09,GLD,384.54,2026-10-09T18:41:23.923801732Z,2026-11-20,42,C,320.0,0.832163,GLD261120C00320000,65.6,65.8,65.7,1,,,,,,,,
2026-10-09,GLD,384.54,2026-10-09T18:39:46.379961759Z,2026-11-20,42,C,325.0,0.845166,GLD261120C00325000,60.72,61.54,61.13,21,,,0.2252,0.9893,0.001,-0.0441,0.037,0.3674
2026-10-09,GLD,384.54,2026-10-09T18:41:23.911721675Z,2026-11-20,42,C,330.0,0.858168,GLD261120C00330000,55.46,56.18,55.82,37,,,,,,,,
2026-10-09,GLD,384.54,2026-10-09T18:41:25.743604322Z,2026-11-20,42,C,335.0,0.871171,GLD261120C00335000,50.82,53.33,52.075,2,,,0.2809,0.9386,0.0033,-0.086,0.1583,0.3554
2026-10-09,GLD,384.54,2026-10-09T18:41:23.589382134Z,2026-11-20,42,C,340.0,0.884173,GLD261120C00340000,47.32,48.29,47.805,20,,,0.2945,0.9079,0.0043,-0.1079,0.2155,0.3467
2026-10-09,GLD,384.54,2026-10-09T18:41:23.918516682Z,2026-11-20,42,C,345.0,0.897176,GLD261120C00345000,42.37,43.45,42.91,1,,,0.2727,0.8977,0.005,-0.108,0.2328,0.3479
2026-10-09,GLD,384.54,2026-10-09T18:41:26.854062965Z,2026-11-20,42,C,350.0,0.910178,GLD261120C00350000,36.67,38.02,37.345,5,,,0.2213,0.9118,0.0055,-0.0886,0.2087,0.3605
2026-10-09,GLD,384.54,2026-10-09T18:40:25.563547382Z,2026-11-20,42,C,351.0,0.912779,GLD261120C00351000,36.69,37.12,36.905,5,,,0.2406,0.8878,0.0061,-0.1039,0.2488,0.3504
2026-10-09,GLD,384.54,2026-10-09T18:40:26.75601577Z,2026-11-20,42,C,352.0,0.915379,GLD261120C00352000,35.78,37.03,36.405,2,,,0.2541,0.869,0.0064,-0.1159,0.2775,0.3426
2026-10-09,GLD,384.54,2026-10-09T18:40:26.740815723Z,2026-11-20,42,C,353.0,0.91798,GLD261120C00353000,34.63,34.95,34.79,3,,,0.2254,0.8883,0.0065,-0.0994,0.2481,0.353
2026-10-09,GLD,384.54,2026-10-09T18:40:26.759195788Z,2026-11-20,42,C,354.0,0.92058,GLD261120C00354000,33.96,34.37,34.165,1,,,0.2344,0.8724,0.0068,-0.1083,0.2724,0.3467
2026-10-09,GLD,384.54,2026-10-09T18:41:24.466121023Z,2026-11-20,42,C,355.0,0.923181,GLD261120C00355000,32.99,33.73,33.36,1,,,0.2359,0.8634,0.0071,-0.1122,0.2855,0.3437
2026-10-09,GLD,384.54,2026-10-09T18:41:23.885426749Z,2026-11-20,42,C,356.0,0.925781,GLD261120C00356000,32.659,33.36,33.0095,1,,,0.2517,0.8411,0.0074,-0.1258,0.3159,0.3342
2026-10-09,GLD,384.54,2026-10-09T18:41:23.783722403Z,2026-11-20,42,C,357.0,0.928382,GLD261120C00357000,30.81,32.369,31.5895,2,,,0.2324,0.8508,0.0077,-0.1156,0.3031,0.3401
2026-10-09,GLD,384.54,2026-10-09T18:41:27.071307246Z,2026-11-20,42,C,358.0,0.930982,GLD261120C00358000,30.06,30.41,30.235,39,,,0.2149,0.8599,0.0079,-0.1065,0.2905,0.3457
2026-10-09,GLD,384.54,2026-10-09T18:41:24.507905935Z,2026-11-20,42,C,359.0,0.933583,GLD261120C00359000,28.89,29.31,29.1,1,,,0.2047,0.8621,0.0082,-0.1024,0.2873,0.348
2026-10-09,GLD,384.54,2026-10-09T18:41:26.853522641Z,2026-11-20,42,C,360.0,0.936183,GLD261120C00360000,28.43,29.46,28.945,5,,,0.2264,0.8306,0.0086,-0.1199,0.3294,0.3342
2026-10-09,GLD,384.54,2026-10-09T18:41:23.846176889Z,2026-11-20,42,C,361.0,0.938784,GLD261120C00361000,28.28,28.41,28.345,1,,,0.2322,0.8157,0.0088,-0.1266,0.3474,0.3283
2026-10-09,GLD,384.54,2026-10-09T18:41:18.6451891Z,2026-11-20,42,C,362.0,0.941385,GLD261120C00362000,26.6,27.65,27.125,1,,,0.2199,0.8181,0.0092,-0.121,0.3445,0.3308
2026-10-09,GLD,384.54,2026-10-09T18:41:19.838347788Z,2026-11-20,42,C,363.0,0.943985,GLD261120C00363000,26.28,26.77,26.525,2,,,0.2251,0.8031,0.0094,-0.1272,0.3618,0.3248
2026-10-09,GLD,384.54,2026-10-09T18:41:23.088668519Z,2026-11-20,42,C,364.0,0.946586,GLD261120C00364000,25.13,25.8,25.465,3,,,0.2173,0.8004,0.0099,-0.1246,0.3647,0.3249
2026-10-09,GLD,384.54,2026-10-09T18:41:25.534424636Z,2026-11-20,42,C,365.0,0.949186,GLD261120C00365000,24.37,25.18,24.775,9,,,0.2195,0.7878,0.0101,-0.1286,0.3782,0.3201
2026-10-09,GLD,384.54,2026-10-09T18:41:25.418909737Z,2026-11-20,42,C,366.0,0.951787,GLD261120C00366000,24.11,24.51,24.31,15,,,0.2269,0.7703,0.0103,-0.1361,0.3959,0.3129
2026-10-09,GLD,384.54,2026-10-09T18:41:25.139400148Z,2026-11-20,42,C,367.0,0.954387,GLD261120C00367000,23.09,23.31,23.2,3,,,0.2176,0.7676,0.0108,-0.1324,0.3984,0.313
2026-10-09,GLD,384.54,2026-10-09T18:40:41.761935329Z,2026-11-20,42,C,368.0,0.956988,GLD261120C00368000,22.23,22.26,22.245,1,,,0.2122,0.7611,0.0112,-0.1312,0.4045,0.3112
2026-10-09,GLD,384.54,2026-10-09T18:41:25.096505214Z,2026-11-20,42,C,369.0,0.959588,GLD261120C00369000,21.2,22.24,21.72,3,,,0.2171,0.745,0.0113,-0.1366,0.4189,0.3047
2026-10-09,GLD,384.54,2026-10-09T18:41:27.075572244Z,2026-11-20,42,C,370.0,0.962189,GLD261120C00370000,20.96,21.26,21.11,27,,,0.2195,0.7311,0.0115,-0.1403,0.4304,0.2992
2026-10-09,GLD,384.54,2026-10-09T18:41:25.140650074Z,2026-11-20,42,C,371.0,0.964789,GLD261120C00371000,19.71,20.24,19.975,14,,,0.2094,0.7271,0.0122,-0.1359,0.4336,0.2988
2026-10-09,GLD,384.54,2026-10-09T18:41:25.431604767Z,2026-11-20,42,C,372.0,0.96739,GLD261120C00372000,19.45,19.58,19.515,1,,,0.2147,0.7103,0.0122,-0.1412,0.4463,0.2919
2026-10-09,GLD,384.54,2026-10-09T18:41:25.138785095Z,2026-11-20,42,C,373.0,0.96999,GLD261120C00373000,18.72,19.05,18.885,2,,,0.2157,0.6968,0.0124,-0.1437,0.4557,0.2866
2026-10-09,GLD,384.54,2026-10-09T18:41:25.591234592Z,2026-11-20,42,C,374.0,0.972591,GLD261120C00374000,17.7,18.18,17.94,5,,,0.2095,0.6882,0.0129,-0.1415,0.4614,0.2839
2026-10-09,GLD,384.54,2026-10-09T18:41:25.590284514Z,2026-11-20,42,C,375.0,0.975191,GLD261120C00375000,16.86,17.29,17.075,90,,,0.205,0.6778,0.0134,-0.1403,0.4678,0.2803
2026-10-09,GLD,384.54,2026-10-09T18:41:26.853673763Z,2026-11-20,42,C,376.0,0.977792,GLD261120C00376000,16.81,17.11,16.96,73,,,0.216,0.6573,0.013,-0.1486,0.4794,0.2714
2026-10-09,GLD,384.54,2026-10-09T18:41:25.137525071Z,2026-11-20,42,C,377.0,0.980392,GLD261120C00377000,15.78,15.9,15.84,8,,,0.2057,0.6495,0.0138,-0.1435,0.4835,0.2692
2026-10-09,GLD,384.54,2026-10-09T18:41:24.131011739Z,2026-11-20,42,C,378.0,0.982993,GLD261120C00378000,15.51,15.71,15.61,23,,,0.2135,0.6315,0.0135,-0.1494,0.4919,0.2615
2026-10-09,GLD,384.54,2026-10-09T18:41:25.150405106Z,2026-11-20,42,C,379.0,0.985593,GLD261120C00379000,14.41,15.2,14.805,1,,,0.2093,0.6194,0.014,-0.1478,0.4969,0.2571
2026-10-09,GLD,384.54,2026-10-09T18:41:26.120193728Z,2026-11-20,42,C,380.0,0.988194,GLD261120C00380000,14.38,14.54,14.46,495,,,0.214,0.6036,0.0138,-0.1514,0.5028,0.2504
2026-10-09,GLD,384.54,2026-10-09T18:41:24.527230863Z,2026-11-20,42,C,381.0,0.990794,GLD261120C00381000,13.53,13.63,13.58,18,,,0.2078,0.5914,0.0143,-0.1483,0.5067,0.2461
2026-10-09,GLD,384.54,2026-10-09T18:41:26.853752649Z,2026-11-20,42,C,382.0,0.993395,GLD261120C00382000,12.98,13.1,13.04,74,,,0.2081,0.5768,0.0144,-0.1489,0.5107,0.2402
2026-10-09,GLD,384.54,2026-10-09T18:41:24.988760344Z,2026-11-20,42,C,383.0,0.995995,GLD261120C00383000,12.57,12.82,12.695,64,,,0.2119,0.5616,0.0143,-0.1515,0.5142,0.2339
2026-10-09,GLD,384.54,2026-10-09T18:41:23.850938013Z,2026-11-20,42,C,384.0,0.998596,GLD261120C00384000,11.67,12.08,11.875,29,,,0.2061,0.5478,0.0147,-0.1481,0.5167,0.2288
2026-10-09,GLD,384.54,2026-10-09T18:41:26.67607291Z,2026-11-20,42,C,385.0,1.001196,GLD261120C00385000,11.47,11.65,11.56,227,,,0.2099,0.533,0.0145,-0.1503,0.5186,0.2225
2026-10-09,GLD,384.54,2026-10-09T18:41:25.57062955Z,2026-11-20,42,C,386.0,1.003797,GLD261120C00386000,10.81,11.22,11.015,12,,,0.2089,0.5184,0.0146,-0.1495,0.5199,0.2167
2026-10-09,GLD,384.54,2026-10-09T18:41:24.12992655Z,2026-11-20,42,C,387.0,1.006397,GLD261120C00387000,10.42,10.58,10.5,13,,,0.2083,0.5038,0.0147,-0.1487,0.5204,0.2109
2026-10-09,GLD,384.54,2026-10-09T18:41:26.85739761Z,2026-11-20,42,C,388.0,1.008998,GLD261120C00388000,10.03,10.22,10.125,52,,,0.21,0.4896,0.0146,-0.1492,0.5202,0.205
2026-10-09,GLD,384.54,2026-10-09T18:41:25.699574526Z,2026-11-20,42,C,389.0,1.011598,GLD261120C00389000,9.48,9.86,9.67,12,,,0.21,0.4751,0.0145,-0.1484,0.5194,0.1991
2026-10-09,GLD,384.54,2026-10-09T18:41:25.588229526Z,2026-11-20,42,C,390.0,1.014199,GLD261120C00390000,9.07,9.1,9.085,1767,,,0.2071,0.4599,0.0147,-0.1457,0.5178,0.193
2026-10-09,GLD,384.54,2026-10-09T18:41:24.233006436Z,2026-11-20,42,C,391.0,1.016799,GLD261120C00391000,8.62,8.71,8.665,45,,,0.2072,0.4455,0.0146,-0.1446,0.5155,0.1872
2026-10-09,GLD,384.54,2026-10-09T18:41:25.442984808Z,2026-11-20,42,C,392.0,1.0194,GLD261120C00392000,8.28,8.37,8.325,14,,,0.2085,0.4318,0.0144,-0.1442,0.5128,0.1815
2026-10-09,GLD,384.54,2026-10-09T18:41:23.86158176Z,2026-11-20,42,C,393.0,1.022,GLD261120C00393000,7.8,8,7.9,13,,,0.208,0.4174,0.0144,-0.1424,0.5092,0.1756
2026-10-09,GLD,384.54,2026-10-09T18:41:26.869167612Z,2026-11-20,42,C,394.0,1.024601,GLD261120C00394000,7.59,7.77,7.68,17,,,0.2112,0.4052,0.0141,-0.143,0.5057,0.1705
2026-10-09,GLD,384.54,2026-10-09T18:41:24.868596238Z,2026-11-20,42,C,395.0,1.027201,GLD261120C00395000,7.22,7.37,7.295,279,,,0.2108,0.3913,0.014,-0.1411,0.501,0.1648
2026-10-09,GLD,384.54,2026-10-09T18:41:20.247336665Z,2026-11-20,42,C,396.0,1.029802,GLD261120C00396000,6.82,6.98,6.9,6,,,0.2101,0.3773,0.0139,-0.1387,0.4956,0.159
2026-10-09,GLD,384.54,2026-10-09T18:41:23.860006778Z,2026-11-20,42,C,397.0,1.032402,GLD261120C00397000,6.6,6.83,6.715,29,,,0.2133,0.3663,0.0135,-0.139,0.4909,0.1544
2026-10-09,GLD,384.54,2026-10-09T18:41:25.150435065Z,2026-11-20,42,C,398.0,1.035003,GLD261120C00398000,6.1,6.31,6.205,62,,,0.2096,0.3504,0.0136,-0.1344,0.4834,0.1479
2026-10-09,GLD,384.54,2026-10-09T18:41:26.853807633Z,2026-11-20,42,C,399.0,1.037603,GLD261120C00399000,5.84,6.17,6.005,8,,,0.212,0.3395,0.0132,-0.1339,0.4777,0.1433
2026-10-09,GLD,384.54,2026-10-09T18:41:26.855232643Z,2026-11-20,42,C,400.0,1.040204,GLD261120C00400000,5.63,5.85,5.74,1718,,,0.2129,0.3276,0.013,-0.1323,0.471,0.1383
2026-10-09,GLD,384.54,2026-10-09T18:41:26.853332677Z,2026-11-20,42,C,401.0,1.042804,GLD261120C00401000,5.37,5.45,5.41,21,,,0.2121,0.3145,0.0128,-0.1293,0.4631,0.1329
2026-10-09,GLD,384.54,2026-10-09T18:41:27.079882323Z,2026-11-20,42,C,402.0,1.045405,GLD261120C00402000,5.12,5.23,5.175,23,,,0.2132,0.3033,0.0126,-0.1276,0.4558,0.1283
2026-10-09,GLD,384.54,2026-10-09T18:41:27.067167249Z,2026-11-20,42,C,403.0,1.048005,GLD261120C00403000,4.89,5.07,4.98,28,,,0.2149,0.2931,0.0123,-0.1263,0.4488,0.124
2026-10-09,GLD,384.54,2026-10-09T18:41:23.844332057Z,2026-11-20,42,C,404.0,1.050606,GLD261120C00404000,4.53,4.87,4.7,317,,,0.2145,0.2811,0.0121,-0.1234,0.4399,0.119
2026-10-09,GLD,384.54,2026-10-09T18:41:25.202700067Z,2026-11-20,42,C,405.0,1.053206,GLD261120C00405000,4.43,4.48,4.455,375,,,0.2146,0.2699,0.0118,-0.1208,0.4312,0.1143
2026-10-09,GLD,384.54,2026-10-09T18:41:25.214695029Z,2026-11-20,42,C,406.0,1.055807,GLD261120C00406000,4.07,4.37,4.22,31,,,0.2147,0.2589,0.0116,-0.1181,0.4222,0.1097
2026-10-09,GLD,384.54,2026-10-09T18:41:27.073947292Z,2026-11-20,42,C,407.0,1.058407,GLD261120C00407000,3.88,4.09,3.985,15,,,0.2146,0.248,0.0113,-0.1152,0.4127,0.1051
2026-10-09,GLD,384.54,2026-10-09T18:41:25.333739862Z,2026-11-20,42,C,408.0,1.061008,GLD261120C00408000,3.8,3.9,3.85,4,,,0.2167,0.2398,0.011,-0.114,0.4053,0.1017
2026-10-09,GLD,384.54,2026-10-09T18:41:27.06972226Z,2026-11-20,42,C,409.0,1.063608,GLD261120C00409000,3.63,3.77,3.7,11,,,0.2182,0.2313,0.0107,-0.1124,0.3974,0.0981
2026-10-09,GLD,384.54,2026-10-09T18:41:23.981571638Z,2026-11-20,42,C,410.0,1.066209,GLD261120C00410000,3.37,3.45,3.41,454,,,0.216,0.2188,0.0105,-0.1077,0.3851,0.0929
2026-10-09,GLD,384.54,2026-10-09T18:41:27.074107285Z,2026-11-20,42,C,411.0,1.068809,GLD261120C00411000,3.23,3.34,3.285,31,,,0.2178,0.2112,0.0102,-0.1062,0.3772,0.0897
2026-10-09,GLD,384.54,2026-10-09T18:41:26.869227614Z,2026-11-20,42,C,412.0,1.07141,GLD261120C00412000,3.07,3.23,3.15,22,,,0.2192,0.2034,0.0099,-0.1043,0.369,0.0864
2026-10-09,GLD,384.54,2026-10-09T18:41:25.210099984Z,2026-11-20,42,C,413.0,1.074011,GLD261120C00413000,2.96,3.06,3.01,9,,,0.2202,0.1956,0.0096,-0.1022,0.3603,0.0831
2026-10-09,GLD,384.54,2026-10-09T18:41:25.412719768Z,2026-11-20,42,C,414.0,1.076611,GLD261120C00414000,2.85,2.97,2.91,7,,,0.2222,0.1891,0.0093,-0.1009,0.353,0.0803
2026-10-09,GLD,384.54,2026-10-09T18:41:23.981661604Z,2026-11-20,42,C,415.0,1.079212,GLD261120C00415000,2.7,2.77,2.735,139,,,0.2219,0.1802,0.0091,-0.0976,0.3426,0.0766
2026-10-09,GLD,384.54,2026-10-09T18:41:26.579213037Z,2026-11-20,42,C,416.0,1.081812,GLD261120C00416000,2.55,2.63,2.59,6,,,0.2223,0.1724,0.0088,-0.0949,0.333,0.0733
2026-10-09,GLD,384.54,2026-10-09T18:41:25.493110187Z,2026-11-20,42,C,417.0,1.084413,GLD261120C00417000,2.46,2.55,2.505,3,,,0.2243,0.1667,0.0085,-0.0936,0.3259,0.0709
2026-10-09,GLD,384.54,2026-10-09T18:41:25.838544167Z,2026-11-20,42,C,418.0,1.087013,GLD261120C00418000,2.34,2.43,2.385,27,,,0.225,0.1598,0.0083,-0.0913,0.3171,0.068
2026-10-09,GLD,384.54,2026-10-09T18:41:25.561499546Z,2026-11-20,42,C,419.0,1.089614,GLD261120C00419000,2.16,2.27,2.215,1,,,0.224,0.1511,0.008,-0.0875,0.3056,0.0643
2026-10-09,GLD,384.54,2026-10-09T18:41:25.43328985Z,2026-11-20,42,C,420.0,1.092214,GLD261120C00420000,2.11,2.18,2.145,170,,,0.226,0.1462,0.0078,-0.0862,0.299,0.0622
2026-10-09,GLD,384.54,2026-10-09T18:41:23.784077022Z,2026-11-20,42,C,421.0,1.094815,GLD261120C00421000,1.97,2.06,2.015,3,,,0.2258,0.139,0.0075,-0.0832,0.289,0.0592
2026-10-09,GLD,384.54,2026-10-09T18:41:23.784517009Z,2026-11-20,42,C,422.0,1.097415,GLD261120C00422000,1.9,2.009,1.9545,27,,,0.2279,0.1346,0.0073,-0.082,0.2827,0.0573
2026-10-09,GLD,384.54,2026-10-09T18:41:23.927671665Z,2026-11-20,42,C,423.0,1.100016,GLD261120C00423000,1.78,1.87,1.825,4,,,0.2274,0.1275,0.007,-0.0788,0.2723,0.0543
2026-10-09,GLD,384.54,2026-10-09T18:41:23.92560671Z,2026-11-20,42,C,424.0,1.102616,GLD261120C00424000,1.74,1.77,1.755,3,,,0.2289,0.1228,0.0068,-0.0772,0.2653,0.0523
2026-10-09,GLD,384.54,2026-10-09T18:41:25.264899994Z,2026-11-20,42,C,425.0,1.105217,GLD261120C00425000,1.7,1.72,1.71,234,,,0.2312,0.1193,0.0066,-0.0762,0.2599,0.0508
2026-10-09,GLD,384.54,2026-10-09T18:41:24.442006043Z,2026-11-20,42,C,426.0,1.107817,GLD261120C00426000,1.52,1.62,1.57,9,,,0.2296,0.1118,0.0063,-0.0723,0.2481,0.0476
2026-10-09,GLD,384.54,2026-10-09T18:41:24.271311265Z,2026-11-20,42,C,427.0,1.110418,GLD261120C00427000,1.52,1.59,1.555,11,,,0.2329,0.1096,0.0062,-0.0722,0.2447,0.0467
2026-10-09,GLD,384.54,2026-10-09T18:41:24.99181542Z,2026-11-20,42,C,428.0,1.113018,GLD261120C00428000,1.44,1.51,1.475,9,,,0.2334,0.1047,0.006,-0.0699,0.2367,0.0446
2026-10-09,GLD,384.54,2026-10-09T18:41:25.753564358Z,2026-11-20,42,C,429.0,1.115619,GLD261120C00429000,1.33,1.43,1.38,3,,,0.2331,0.0992,0.0057,-0.0671,0.2275,0.0423
2026-10-09,GLD,384.54,2026-10-09T18:41:26.637412973Z,2026-11-20,42,C,430.0,1.118219,GLD261120C00430000,1.35,1.37,1.36,109,,,0.236,0.097,0.0056,-0.0668,0.2239,0.0414
2026-10-09,GLD,384.54,2026-10-09T18:41:25.149720052Z,2026-11-20,42,C,431.0,1.12082,GLD261120C00431000,1.28,1.3,1.29,6,,,0.2365,0.0926,0.0054,-0.0646,0.2164,0.0395
2026-10-09,GLD,384.54,2026-10-09T18:41:26.215683603Z,2026-11-20,42,C,432.0,1.12342,GLD261120C00432000,1.18,1.22,1.2,1,,,0.2359,0.0874,0.0052,-0.0617,0.2072,0.0373
2026-10-09,GLD,384.54,2026-10-09T18:41:25.201125001Z,2026-11-20,42,C,433.0,1.126021,GLD261120C00433000,1.13,1.21,1.17,2,,,0.2381,0.0849,0.005,-0.0608,0.2028,0.0362
2026-10-09,GLD,384.54,2026-10-09T18:41:25.568874584Z,2026-11-20,42,C,434.0,1.128621,GLD261120C00434000,1.08,1.16,1.12,33,,,0.2391,0.0815,0.0048,-0.0592,0.1967,0.0348
2026-10-09,GLD,384.54,2026-10-09T18:41:23.985276762Z,2026-11-20,42,C,435.0,1.131222,GLD261120C00435000,1.03,1.11,1.07,54,,,0.2401,0.0782,0.0047,-0.0576,0.1906,0.0334
2026-10-09,GLD,384.54,2026-10-09T18:41:27.076192519Z,2026-11-20,42,C,436.0,1.133822,GLD261120C00436000,1.03,1.07,1.05,2,,,0.2425,0.0763,0.0045,-0.057,0.1871,0.0326
2026-10-09,GLD,384.54,2026-10-09T18:41:24.162636387Z,2026-11-20,42,C,437.0,1.136423,GLD261120C00437000,0.95,0.99,0.97,16,,,0.2415,0.0716,0.0043,-0.0541,0.1782,0.0306
2026-10-09,GLD,384.54,2026-10-09T18:41:23.844876999Z,2026-11-20,42,C,438.0,1.139023,GLD261120C00438000,0.91,0.99,0.95,208,,,0.2438,0.0698,0.0042,-0.0535,0.1747,0.0298
2026-10-09,GLD,384.54,2026-10-09T18:41:24.015051557Z,2026-11-20,42,C,439.0,1.141624,GLD261120C00439000,0.87,0.95,0.91,29,,,0.2448,0.067,0.0041,-0.052,0.1694,0.0286
2026-10-09,GLD,384.54,2026-10-09T18:41:23.98532659Z,2026-11-20,42,C,440.0,1.144224,GLD261120C00440000,0.83,0.88,0.855,32,,,0.2449,0.0635,0.0039,-0.0499,0.1625,0.0271
2026-10-09,GLD,384.54,2026-10-09T18:41:23.984127269Z,2026-11-20,42,C,441.0,1.146825,GLD261120C00441000,0.84,0.88,0.86,6,,,0.2485,0.0631,0.0038,-0.0503,0.1616,0.0269
2026-10-09,GLD,384.54,2026-10-09T18:41:24.165102137Z,2026-11-20,42,C,442.0,1.149425,GLD261120C00442000,0.82,0.85,0.835,4,,,0.2502,0.0612,0.0037,-0.0494,0.1578,0.0261
2026-10-09,GLD,384.54,2026-10-09T18:40:41.68393008Z,2026-11-20,42,C,443.0,1.152026,GLD261120C00443000,0.78,0.82,0.8,6,,,0.2511,0.0588,0.0036,-0.048,0.1529,0.0251
2026-10-09,GLD,384.54,2026-10-09T18:41:22.017514546Z,2026-11-20,42,C,444.0,1.154626,GLD261120C00444000,0.75,0.79,0.77,4,,,0.2524,0.0566,0.0035,-0.0469,0.1485,0.0242
2026-10-09,GLD,384.54,2026-10-09T18:41:24.214946332Z,2026-11-20,42,C,445.0,1.157227,GLD261120C00445000,0.73,0.76,0.745,7,,,0.2538,0.0548,0.0033,-0.0459,0.1447,0.0234
2026-10-09,GLD,384.54,2026-10-09T18:40:26.776106339Z,2026-11-20,42,C,446.0,1.159827,GLD261120C00446000,0.7,0.74,0.72,2,,,0.2552,0.053,0.0032,-0.0449,0.1408,0.0226
2026-10-09,GLD,384.54,2026-10-09T18:41:25.747119532Z,2026-11-20,42,C,447.0,1.162428,GLD261120C00447000,0.63,0.72,0.675,2,,,0.255,0.0501,0.0031,-0.0429,0.1348,0.0214
2026-10-09,GLD,384.54,2026-10-09T18:40:26.806825719Z,2026-11-20,42,C,448.0,1.165028,GLD261120C00448000,0.65,0.69,0.67,25,,,0.2578,0.0494,0.003,-0.0428,0.1331,0.0211
2026-10-09,GLD,384.54,2026-10-09T18:41:24.5009909Z,2026-11-20,42,C,449.0,1.167629,GLD261120C00449000,0.63,0.67,0.65,22,,,0.2593,0.0478,0.0029,-0.042,0.1299,0.0204
2026-10-09,GLD,384.54,2026-10-09T18:41:25.847594161Z,2026-11-20,42,C,450.0,1.170229,GLD261120C00450000,0.61,0.64,0.625,141,,,0.2604,0.0461,0.0028,-0.0409,0.126,0.0197
2026-10-09,GLD,384.54,2026-10-09T18:41:25.17237006Z,2026-11-20,42,C,455.0,1.183232,GLD261120C00455000,0.52,0.56,0.54,5,,,0.268,0.0396,0.0024,-0.0371,0.1115,0.0169
2026-10-09,GLD,384.54,2026-10-09T18:41:23.942786671Z,2026-11-20,42,C,460.0,1.196234,GLD261120C00460000,0.43,0.48,0.455,34,,,0.274,0.0334,0.0021,-0.033,0.0971,0.0143
2026-10-09,GLD,384.54,2026-10-09T18:41:25.441264737Z,2026-11-20,42,C,465.0,1.209237,GLD261120C00465000,0.4,0.44,0.42,10,,,0.2839,0.0302,0.0018,-0.0314,0.0894,0.0129
2026-10-09,GLD,384.54,2026-10-09T18:41:25.245480356Z,2026-11-20,42,C,470.0,1.22224,GLD261120C00470000,0.35,0.39,0.37,7,,,0.2913,0.0265,0.0016,-0.0288,0.0799,0.0113
2026-10-09,GLD,384.54,2026-10-09T18:41:25.245565019Z,2026-11-20,42,C,475.0,1.235242,GLD261120C00475000,0.32,0.35,0.335,29,,,0.2995,0.0237,0.0014,-0.0269,0.0728,0.0101
2026-10-09,GLD,384.54,2026-10-09T18:41:24.263631253Z,2026-11-20,42,C,480.0,1.248245,GLD261120C00480000,0.29,0.32,0.305,19,,,0.3077,0.0213,0.0013,-0.0252,0.0665,0.0091
2026-10-09,GLD,384.54,2026-10-09T18:41:24.169896452Z,2026-11-20,42,C,485.0,1.261247,GLD261120C00485000,0.22,0.26,0.24,59,,,0.3091,0.0171,0.0011,-0.021,0.0553,0.0073
2026-10-09,GLD,384.54,2026-10-09T18:41:24.218648459Z,2026-11-20,42,C,490.0,1.27425,GLD261120C00490000,0.25,0.27,0.26,45,,,0.3244,0.0176,0.001,-0.0226,0.0567,0.0075
2026-10-09,GLD,384.54,2026-10-09T18:41:24.160421544Z,2026-11-20,42,C,495.0,1.287252,GLD261120C00495000,0.23,0.26,0.245,2,,,0.3333,0.0163,0.0009,-0.0217,0.0531,0.0069
2026-10-09,GLD,384.54,2026-10-09T18:41:24.10400148Z,2026-11-20,42,C,500.0,1.300255,GLD261120C00500000,0.22,0.24,0.23,66,,,0.3417,0.0151,0.0009,-0.0208,0.0497,0.0064
2026-10-09,GLD,384.54,2026-10-09T18:41:23.98532659Z,2026-11-20,42,C,505.0,1.313257,GLD261120C00505000,0.16,0.23,0.195,1,,,0.3452,0.0129,0.0007,-0.0183,0.0434,0.0055
2026-10-09,GLD,384.54,2026-10-09T18:41:27.075938149Z,2026-11-20,42,C,510.0,1.32626,GLD261120C00510000,0.19,0.22,0.205,43,,,0.3584,0.0131,0.0007,-0.0192,0.0438,0.0055
2026-10-09,GLD,384.54,2026-10-09T18:41:23.853252088Z,2026-11-20,42,C,515.0,1.339262,GLD261120C00515000,0.14,0.16,0.15,6,,,0.3548,0.0099,0.0006,-0.015,0.0346,0.0042
2026-10-09,GLD,384.54,2026-10-09T18:41:24.167926659Z,2026-11-20,42,C,520.0,1.352265,GLD261120C00520000,0.13,0.2,0.165,3,,,0.3694,0.0105,0.0006,-0.0163,0.0361,0.0044
2026-10-09,GLD,384.54,2026-10-09T18:41:24.160576399Z,2026-11-20,42,C,525.0,1.365268,GLD261120C00525000,0.16,0.19,0.175,50,,,0.3823,0.0107,0.0006,-0.0172,0.0369,0.0045
2026-10-09,GLD,384.54,2026-10-09T18:41:24.160576399Z,2026-11-20,42,C,530.0,1.37827,GLD261120C00530000,0.15,0.18,0.165,3,,,0.3896,0.01,0.0005,-0.0165,0.0347,0.0042
2026-10-09,GLD,384.54,2026-10-09T18:41:24.160651384Z,2026-11-20,42,C,535.0,1.391273,GLD261120C00535000,0.11,0.13,0.12,1,,,0.3848,0.0076,0.0004,-0.0128,0.0272,0.0032
2026-10-09,GLD,384.54,2026-10-09T18:41:24.27556127Z,2026-11-20,42,C,540.0,1.404275,GLD261120C00540000,0.14,0.17,0.155,50,,,0.4062,0.0091,0.0005,-0.0158,0.032,0.0038
2026-10-09,GLD,384.54,2026-10-09T18:41:24.168131452Z,2026-11-20,42,C,545.0,1.417278,GLD261120C00545000,0.13,0.16,0.145,1,,,0.4126,0.0084,0.0004,-0.0151,0.03,0.0036
2026-10-09,GLD,384.54,2026-10-09T18:41:24.168006448Z,2026-11-20,42,C,550.0,1.43028,GLD261120C00550000,0.09,0.12,0.105,230,,,0.4069,0.0064,0.0003,-0.0116,0.0234,0.0027
2026-10-09,GLD,384.54,2026-10-09T18:40:12.379465836Z,2026-11-20,42,C,555.0,1.443283,GLD261120C00555000,0.12,0.15,0.135,1,,,0.4278,0.0077,0.0004,-0.0143,0.0275,0.0032
2026-10-09,GLD,384.54,2026-10-09T18:41:23.282162609Z,2026-11-20,42,C,560.0,1.456285,GLD261120C00560000,0.12,0.15,0.135,1,,,0.437,0.0075,0.0004,-0.0144,0.0271,0.0032
2026-10-09,GLD,384.54,2026-10-09T18:40:43.998237053Z,2026-11-20,42,C,565.0,1.469288,GLD261120C00565000,0.11,0.13,0.12,100,,,0.4401,0.0067,0.0003,-0.0131,0.0245,0.0028
2026-10-09,GLD,384.54,2026-10-09T18:40:23.004331084Z,2026-11-20,42,C,570.0,1.482291,GLD261120C00570000,0.11,0.12,0.115,40,,,0.4469,0.0064,0.0003,-0.0127,0.0234,0.0027
2026-10-09,GLD,384.54,2026-10-09T18:41:23.98532659Z,2026-11-20,42,C,575.0,1.495293,GLD261120C00575000,0.07,0.11,0.09,1,,,0.4437,0.0051,0.0003,-0.0104,0.0193,0.0022
2026-10-09,GLD,384.54,2026-10-09T18:41:24.160651384Z,2026-11-20,42,C,580.0,1.508296,GLD261120C00580000,0.06,0.08,0.07,100,,,0.4407,0.0041,0.0002,-0.0084,0.0158,0.0017
2026-10-09,GLD,384.54,2026-10-09T18:40:35.203034383Z,2026-11-20,42,C,585.0,1.521298,GLD261120C00585000,0.06,0.11,0.085,1,,,0.4578,0.0047,0.0002,-0.01,0.018,0.002
2026-10-09,GLD,384.54,2026-10-09T18:40:10.80001791Z,2026-11-20,42,C,590.0,1.534301,GLD261120C00590000,0.1,0.13,0.115,3,,,0.4811,0.006,0.0003,-0.0129,0.0221,0.0025
2026-10-09,GLD,384.54,2026-10-09T18:41:24.160776472Z,2026-11-20,42,C,595.0,1.547303,GLD261120C00595000,0.09,0.12,0.105,2,,,0.4847,0.0055,0.0002,-0.012,0.0204,0.0023
2026-10-09,GLD,384.54,2026-10-09T18:41:27.078117277Z,2026-11-20,42,C,600.0,1.560306,GLD261120C00600000,0.05,0.12,0.085,1,,,0.4822,0.0045,0.0002,-0.0101,0.0172,0.0019
2026-10-09,GLD,384.54,2026-10-09T18:41:23.97000776Z,2026-11-20,42,C,605.0,1.573308,GLD261120C00605000,0.09,0.12,0.105,4,,,0.501,0.0053,0.0002,-0.0121,0.0199,0.0022
2026-10-09,GLD,384.54,2026-10-09T18:40:10.820422887Z,2026-11-20,42,C,610.0,1.586311,GLD261120C00610000,0.08,0.12,0.1,2,,,0.5064,0.005,0.0002,-0.0116,0.019,0.0021
2026-10-09,GLD,384.54,2026-10-09T18:40:10.801537888Z,2026-11-20,42,C,615.0,1.599313,GLD261120C00615000,0.08,0.12,0.1,11,,,0.5143,0.005,0.0002,-0.0117,0.0187,0.0021
2026-10-09,GLD,384.54,2026-10-09T18:41:19.965567619Z,2026-11-20,42,P,205.0,0.533104,GLD261120P00205000,0,0.01,0.005,100,,,,,,,,
2026-10-09,GLD,384.54,2026-10-09T18:33:44.34094804Z,2026-11-20,42,P,210.0,0.546107,GLD261120P00210000,0,0.04,0.02,2,,,,,,,,
2026-10-09,GLD,384.54,2026-10-09T18:32:55.675580686Z,2026-11-20,42,P,215.0,0.55911,GLD261120P00215000,0,0.04,0.02,7,,,,,,,,
2026-10-09,GLD,384.54,2026-10-09T18:41:24.167661449Z,2026-11-20,42,P,220.0,0.572112,GLD261120P00220000,0,0.01,0.005,2,,,,,,,,
2026-10-09,GLD,384.54,2026-10-09T18:41:24.158421411Z,2026-11-20,42,P,225.0,0.585115,GLD261120P00225000,0,0.01,0.005,4,,,,,,,,
2026-10-09,GLD,384.54,2026-10-09T18:41:24.321626232Z,2026-11-20,42,P,230.0,0.598117,GLD261120P00230000,0.03,0.05,0.04,2,,,0.5438,-0.0018,0.0001,-0.0049,0.0077,-0.0009
2026-10-09,GLD,384.54,2026-10-09T18:41:24.158501687Z,2026-11-20,42,P,235.0,0.61112,GLD261120P00235000,0.03,0.05,0.04,4,,,0.5228,-0.0019,0.0001,-0.0049,0.008,-0.0009
2026-10-09,GLD,384.54,2026-10-09T18:41:24.167556384Z,2026-11-20,42,P,240.0,0.624122,GLD261120P00240000,0.01,0.02,0.015,10,,,0.4598,-0.0009,0,-0.0021,0.0039,-0.0004
2026-10-09,GLD,384.54,2026-10-09T18:41:24.158421411Z,2026-11-20,42,P,245.0,0.637125,GLD261120P00245000,0.01,0.02,0.015,1,,,0.4411,-0.0009,0.0001,-0.0021,0.004,-0.0004
2026-10-09,GLD,384.54,2026-10-09T18:41:24.160576399Z,2026-11-20,42,P,250.0,0.650127,GLD261120P00250000,0.04,0.06,0.05,10,,,0.4726,-0.0026,0.0001,-0.0058,0.0105,-0.0012
2026-10-09,GLD,384.54,2026-10-09T18:41:24.153931383Z,2026-11-20,42,P,255.0,0.66313,GLD261120P00255000,0.01,0.03,0.02,2,,,0.4151,-0.0013,0.0001,-0.0026,0.0054,-0.0006
2026-10-09,GLD,384.54,2026-10-09T18:41:23.981731685Z,2026-11-20,42,P,260.0,0.676133,GLD261120P00260000,0.04,0.08,0.06,5,,,0.4415,-0.0033,0.0002,-0.0067,0.0129,-0.0015
2026-10-09,GLD,384.54,2026-10-09T18:41:27.086387257Z,2026-11-20,42,P,265.0,0.689135,GLD261120P00265000,0.05,0.08,0.065,2,,,0.4256,-0.0037,0.0002,-0.0071,0.0142,-0.0017
2026-10-09,GLD,384.54,2026-10-09T18:41:26.0644539Z,2026-11-20,42,P,270.0,0.702138,GLD261120P00270000,0.02,0.05,0.035,1,,,0.3813,-0.0023,0.0001,-0.0042,0.0094,-0.0011
2026-10-09,GLD,384.54,2026-10-09T18:41:24.168966543Z,2026-11-20,42,P,275.0,0.71514,GLD261120P00275000,0.08,0.1,0.09,1,,,0.4016,-0.0052,0.0003,-0.0091,0.0195,-0.0024
2026-10-09,GLD,384.54,2026-10-09T18:41:24.160576399Z,2026-11-20,42,P,280.0,0.728143,GLD261120P00280000,0.09,0.12,0.105,1,,,0.3893,-0.0062,0.0003,-0.0103,0.0227,-0.0028
2026-10-09,GLD,384.54,2026-10-09T18:41:24.168021452Z,2026-11-20,42,P,285.0,0.741145,GLD261120P00285000,0.09,0.13,0.11,1,,,0.3721,-0.0067,0.0004,-0.0106,0.0245,-0.0031
2026-10-09,GLD,384.54,2026-10-09T18:41:24.33615622Z,2026-11-20,42,P,290.0,0.754148,GLD261120P00290000,0.11,0.15,0.13,25,,,0.3603,-0.008,0.0005,-0.012,0.0287,-0.0037
2026-10-09,GLD,384.54,2026-10-09T18:41:27.24115721Z,2026-11-20,42,P,295.0,0.76715,GLD261120P00295000,0.08,0.13,0.105,11,,,0.3321,-0.0072,0.0005,-0.0099,0.0259,-0.0033
2026-10-09,GLD,384.54,2026-10-09T18:41:23.253847644Z,2026-11-20,42,P,300.0,0.780153,GLD261120P00300000,0.15,0.18,0.165,11,,,0.3323,-0.0108,0.0007,-0.0142,0.037,-0.0049
2026-10-09,GLD,384.54,2026-10-09T18:41:25.224470412Z,2026-11-20,42,P,305.0,0.793155,GLD261120P00305000,0.13,0.17,0.15,5,,,0.3091,-0.0106,0.0007,-0.013,0.0364,-0.0048
2026-10-09,GLD,384.54,2026-10-09T18:41:24.154066404Z,2026-11-20,42,P,310.0,0.806158,GLD261120P00310000,0.21,0.24,0.225,1,,,0.3073,-0.0153,0.001,-0.0177,0.0501,-0.007
2026-10-09,GLD,384.54,2026-10-09T18:41:24.148246435Z,2026-11-20,42,P,315.0,0.819161,GLD261120P00315000,0.25,0.29,0.27,3,,,0.2958,-0.0186,0.0012,-0.0201,0.0594,-0.0085
2026-10-09,GLD,384.54,2026-10-09T18:41:24.275476302Z,2026-11-20,42,P,320.0,0.832163,GLD261120P00320000,0.32,0.34,0.33,673,,,0.285,-0.023,0.0015,-0.0231,0.071,-0.0105
2026-10-09,GLD,384.54,2026-10-09T18:41:25.699244425Z,2026-11-20,42,P,325.0,0.845166,GLD261120P00325000,0.38,0.42,0.4,20,,,0.2737,-0.0282,0.0018,-0.0263,0.0844,-0.013
2026-10-09,GLD,384.54,2026-10-09T18:41:24.148366402Z,2026-11-20,42,P,330.0,0.858168,GLD261120P00330000,0.47,0.51,0.49,64,,,0.2627,-0.035,0.0023,-0.03,0.1008,-0.016
2026-10-09,GLD,384.54,2026-10-09T18:41:24.901140401Z,2026-11-20,42,P,335.0,0.871171,GLD261120P00335000,0.6,0.64,0.62,63,,,0.2531,-0.0443,0.0028,-0.0349,0.1222,-0.0203
2026-10-09,GLD,384.54,2026-10-09T18:41:24.170151444Z,2026-11-20,42,P,340.0,0.884173,GLD261120P00340000,0.74,0.81,0.775,48,,,0.2427,-0.0557,0.0036,-0.04,0.1467,-0.0256
2026-10-09,GLD,384.54,2026-10-09T18:41:26.854312631Z,2026-11-20,42,P,345.0,0.897176,GLD261120P00345000,1.02,1.06,1.04,54,,,0.2361,-0.0733,0.0045,-0.0479,0.1815,-0.0336
2026-10-09,GLD,384.54,2026-10-09T18:41:27.329961868Z,2026-11-20,42,P,350.0,0.910178,GLD261120P00350000,1.31,1.38,1.345,1112,,,0.2275,-0.0939,0.0056,-0.0552,0.2186,-0.0431
2026-10-09,GLD,384.54,2026-10-09T18:41:25.54082958Z,2026-11-20,42,P,351.0,0.912779,GLD261120P00351000,1.39,1.49,1.44,3,,,0.2268,-0.0996,0.0059,-0.0574,0.2283,-0.0457
2026-10-09,GLD,384.54,2026-10-09T18:41:23.974641658Z,2026-11-20,42,P,352.0,0.915379,GLD261120P00352000,1.46,1.55,1.505,3,,,0.2246,-0.1042,0.0062,-0.0586,0.2358,-0.0478
2026-10-09,GLD,384.54,2026-10-09T18:41:23.974876828Z,2026-11-20,42,P,353.0,0.91798,GLD261120P00353000,1.6,1.68,1.64,17,,,0.2252,-0.1116,0.0065,-0.0616,0.2478,-0.0513
2026-10-09,GLD,384.54,2026-10-09T18:41:23.844511837Z,2026-11-20,42,P,354.0,0.92058,GLD261120P00354000,1.7,1.74,1.72,3,,,0.2232,-0.1169,0.0067,-0.0631,0.2561,-0.0537
2026-10-09,GLD,384.54,2026-10-09T18:41:25.71928434Z,2026-11-20,42,P,355.0,0.923181,GLD261120P00355000,1.78,1.83,1.805,202,,,0.2213,-0.1224,0.007,-0.0645,0.2647,-0.0563
2026-10-09,GLD,384.54,2026-10-09T18:41:27.20217206Z,2026-11-20,42,P,356.0,0.925781,GLD261120P00356000,1.88,2.02,1.95,2,,,0.2214,-0.1303,0.0073,-0.0673,0.2764,-0.0599
2026-10-09,GLD,384.54,2026-10-09T18:41:23.97448184Z,2026-11-20,42,P,357.0,0.928382,GLD261120P00357000,1.99,2.16,2.075,4,,,0.2205,-0.1375,0.0076,-0.0694,0.2868,-0.0632
2026-10-09,GLD,384.54,2026-10-09T18:41:27.49672166Z,2026-11-20,42,P,358.0,0.930982,GLD261120P00358000,2.13,2.23,2.18,27,,,0.2187,-0.1441,0.008,-0.0709,0.296,-0.0663
2026-10-09,GLD,384.54,2026-10-09T18:41:24.128877045Z,2026-11-20,42,P,359.0,0.933583,GLD261120P00359000,2.31,2.36,2.335,6,,,0.2184,-0.1524,0.0083,-0.0734,0.3074,-0.0701
2026-10-09,GLD,384.54,2026-10-09T18:41:26.855232643Z,2026-11-20,42,P,360.0,0.936183,GLD261120P00360000,2.43,2.54,2.485,557,,,0.2176,-0.1606,0.0086,-0.0756,0.3182,-0.0739
2026-10-09,GLD,384.54,2026-10-09T18:41:25.418629887Z,2026-11-20,42,P,361.0,0.938784,GLD261120P00361000,2.56,2.64,2.6,9,,,0.2155,-0.1678,0.0089,-0.0768,0.3274,-0.0773
2026-10-09,GLD,384.54,2026-10-09T18:41:25.534424636Z,2026-11-20,42,P,362.0,0.941385,GLD261120P00362000,2.78,2.81,2.795,4,,,0.2157,-0.1776,0.0092,-0.0795,0.3394,-0.0818
2026-10-09,GLD,384.54,2026-10-09T18:41:25.534424636Z,2026-11-20,42,P,363.0,0.943985,GLD261120P00363000,2.96,3.07,3.015,3,,,0.2162,-0.1881,0.0096,-0.0825,0.3518,-0.0867
2026-10-09,GLD,384.54,2026-10-09T18:41:23.974861819Z,2026-11-20,42,P,364.0,0.946586,GLD261120P00364000,3.14,3.19,3.165,114,,,0.2144,-0.1967,0.0099,-0.0838,0.3615,-0.0907
2026-10-09,GLD,384.54,2026-10-09T18:41:23.850767052Z,2026-11-20,42,P,365.0,0.949186,GLD261120P00365000,3.28,3.51,3.395,123,,,0.2147,-0.2075,0.0102,-0.0865,0.3733,-0.0957
2026-10-09,GLD,384.54,2026-10-09T18:41:23.844332057Z,2026-11-20,42,P,366.0,0.951787,GLD261120P00366000,3.54,3.58,3.56,279,,,0.2129,-0.2167,0.0106,-0.0877,0.3829,-0.1
2026-10-09,GLD,384.54,2026-10-09T18:41:25.419109811Z,2026-11-20,42,P,367.0,0.954387,GLD261120P00367000,3.68,3.78,3.73,9,,,0.211,-0.2261,0.0109,-0.0888,0.3923,-0.1044
2026-10-09,GLD,384.54,2026-10-09T18:41:25.458249692Z,2026-11-20,42,P,368.0,0.956988,GLD261120P00368000,4.019,4.08,4.0495,82,,,0.2126,-0.2393,0.0112,-0.0922,0.4048,-0.1105
2026-10-09,GLD,384.54,2026-10-09T18:41:23.869891777Z,2026-11-20,42,P,369.0,0.959588,GLD261120P00369000,4.15,4.33,4.24,3,,,0.2108,-0.2494,0.0115,-0.0932,0.414,-0.1152
2026-10-09,GLD,384.54,2026-10-09T18:41:23.981641673Z,2026-11-20,42,P,370.0,0.962189,GLD261120P00370000,4.5,4.56,4.53,82,,,0.2111,-0.2618,0.0118,-0.0954,0.4247,-0.1211
2026-10-09,GLD,384.54,2026-10-09T18:41:24.905325426Z,2026-11-20,42,P,371.0,0.964789,GLD261120P00371000,4.73,4.82,4.775,2,,,0.21,-0.2734,0.0121,-0.0967,0.434,-0.1265
2026-10-09,GLD,384.54,2026-10-09T18:41:24.128541577Z,2026-11-20,42,P,372.0,0.96739,GLD261120P00372000,4.98,5.12,5.05,3,,,0.2094,-0.2856,0.0124,-0.0982,0.4433,-0.1322
2026-10-09,GLD,384.54,2026-10-09T18:41:26.897882573Z,2026-11-20,42,P,373.0,0.96999,GLD261120P00373000,5.27,5.58,5.425,3,,,0.2107,-0.2995,0.0126,-0.1008,0.4533,-0.1388
2026-10-09,GLD,384.54,2026-10-09T18:41:23.9745522Z,2026-11-20,42,P,374.0,0.972591,GLD261120P00374000,5.75,5.77,5.76,9,,,0.2108,-0.3128,0.0129,-0.1024,0.462,-0.145
2026-10-09,GLD,384.54,2026-10-09T18:41:23.854914494Z,2026-11-20,42,P,375.0,0.975191,GLD261120P00375000,6.06,6.25,6.155,90,,,0.2119,-0.3268,0.013,-0.1046,0.4706,-0.1517
2026-10-09,GLD,384.54,2026-10-09T18:41:27.200977084Z,2026-11-20,42,P,376.0,0.977792,GLD261120P00376000,6.4,6.43,6.415,13,,,0.2099,-0.3391,0.0134,-0.1046,0.4775,-0.1574
2026-10-09,GLD,384.54,2026-10-09T18:41:26.742067857Z,2026-11-20,42,P,377.0,0.980392,GLD261120P00377000,6.68,6.87,6.775,7,,,0.2096,-0.3527,0.0136,-0.1057,0.4845,-0.1639
2026-10-09,GLD,384.54,2026-10-09T18:41:27.408621807Z,2026-11-20,42,P,378.0,0.982993,GLD261120P00378000,7.03,7.16,7.095,10,,,0.2083,-0.366,0.0138,-0.1059,0.4908,-0.1701
2026-10-09,GLD,384.54,2026-10-09T18:41:26.854027604Z,2026-11-20,42,P,379.0,0.985593,GLD261120P00379000,7.42,7.67,7.545,17,,,0.2093,-0.3806,0.0139,-0.1074,0.4969,-0.1771
2026-10-09,GLD,384.54,2026-10-09T18:41:23.801311823Z,2026-11-20,42,P,380.0,0.988194,GLD261120P00380000,7.93,7.97,7.95,1515,,,0.2092,-0.3947,0.0141,-0.1079,0.5022,-0.1838
2026-10-09,GLD,384.54,2026-10-09T18:41:24.814200549Z,2026-11-20,42,P,381.0,0.990794,GLD261120P00381000,8.27,8.35,8.31,1,,,0.2078,-0.4087,0.0143,-0.1076,0.5067,-0.1904
2026-10-09,GLD,384.54,2026-10-09T18:41:27.065432307Z,2026-11-20,42,P,382.0,0.993395,GLD261120P00382000,8.83,9.11,8.97,7,,,0.2121,-0.4241,0.0142,-0.1106,0.511,-0.198
2026-10-09,GLD,384.54,2026-10-09T18:41:27.409901841Z,2026-11-20,42,P,383.0,0.995995,GLD261120P00383000,9.1,9.56,9.33,15,,,0.2102,-0.4381,0.0144,-0.1096,0.5141,-0.2046
2026-10-09,GLD,384.54,2026-10-09T18:41:25.746589297Z,2026-11-20,42,P,384.0,0.998596,GLD261120P00384000,9.53,9.63,9.58,487,,,0.2059,-0.4522,0.0147,-0.107,0.5167,-0.2111
2026-10-09,GLD,384.54,2026-10-09T18:41:25.378704783Z,2026-11-20,42,P,385.0,1.001196,GLD261120P00385000,10.29,10.44,10.365,128,,,0.2117,-0.4671,0.0144,-0.1104,0.5186,-0.2186
2026-10-09,GLD,384.54,2026-10-09T18:41:27.081357427Z,2026-11-20,42,P,386.0,1.003797,GLD261120P00386000,10.86,10.92,10.89,2,,,0.2122,-0.4814,0.0144,-0.1103,0.5199,-0.2256
2026-10-09,GLD,384.54,2026-10-09T18:41:26.853673763Z,2026-11-20,42,P,387.0,1.006397,GLD261120P00387000,11.39,11.42,11.405,1,,,0.2122,-0.4957,0.0144,-0.1098,0.5204,-0.2325
2026-10-09,GLD,384.54,2026-10-09T18:41:23.974601624Z,2026-11-20,42,P,388.0,1.008998,GLD261120P00388000,11.9,12.12,12.01,12,,,0.2136,-0.5098,0.0143,-0.11,0.5203,-0.2394
2026-10-09,GLD,384.54,2026-10-09T18:41:28.210116081Z,2026-11-20,42,P,389.0,1.011598,GLD261120P00389000,12.38,12.53,12.455,3,,,0.2118,-0.5244,0.0144,-0.108,0.5194,-0.2464
2026-10-09,GLD,384.54,2026-10-09T18:41:26.853897923Z,2026-11-20,42,P,390.0,1.014199,GLD261120P00390000,13.06,13.21,13.135,53,,,0.2141,-0.5379,0.0142,-0.1085,0.5181,-0.2531
2026-10-09,GLD,384.54,2026-10-09T18:41:27.070112308Z,2026-11-20,42,P,391.0,1.016799,GLD261120P00391000,13.37,13.62,13.495,6,,,0.21,-0.5534,0.0144,-0.1047,0.5157,-0.2604
2026-10-09,GLD,384.54,2026-10-09T18:41:23.9745522Z,2026-11-20,42,P,392.0,1.0194,GLD261120P00392000,13.97,14.61,14.29,36,,,0.2141,-0.5657,0.0141,-0.106,0.5133,-0.2668
2026-10-09,GLD,384.54,2026-10-09T18:41:25.150405106Z,2026-11-20,42,P,393.0,1.022,GLD261120P00393000,14.5,15.12,14.81,3,,,0.2126,-0.5803,0.0141,-0.1035,0.5098,-0.2738
2026-10-09,GLD,384.54,2026-10-09T18:41:23.855973547Z,2026-11-20,42,P,394.0,1.024601,GLD261120P00394000,15.08,15.77,15.425,1,,,0.2126,-0.594,0.014,-0.1019,0.5059,-0.2806
2026-10-09,GLD,384.54,2026-10-09T18:41:28.210090555Z,2026-11-20,42,P,395.0,1.027201,GLD261120P00395000,16.19,16.49,16.34,106,,,0.2184,-0.604,0.0135,-0.104,0.5026,-0.2861
2026-10-09,GLD,384.54,2026-10-09T18:41:23.827551847Z,2026-11-20,42,P,396.0,1.029802,GLD261120P00396000,16.73,17.59,17.16,6,,,0.2221,-0.6147,0.0132,-0.1047,0.4987,-0.2918
2026-10-09,GLD,384.54,2026-10-09T18:41:22.494803841Z,2026-11-20,42,P,397.0,1.032402,GLD261120P00397000,17.08,18.41,17.745,6,,,0.2208,-0.6283,0.0131,-0.1019,0.4933,-0.2985
2026-10-09,GLD,384.54,2026-10-09T18:41:25.455149695Z,2026-11-20,42,P,398.0,1.035003,GLD261120P00398000,17.71,18.05,17.88,14,,,0.21,-0.6493,0.0135,-0.0922,0.4836,-0.3079
2026-10-09,GLD,384.54,2026-10-09T18:41:25.141955109Z,2026-11-20,42,P,399.0,1.037603,GLD261120P00399000,19.01,19.17,19.09,2,,,0.2211,-0.6532,0.0128,-0.0978,0.4816,-0.311
2026-10-09,GLD,384.54,2026-10-09T18:41:26.853583314Z,2026-11-20,42,P,400.0,1.040204,GLD261120P00400000,19.66,19.68,19.67,140,,,0.219,-0.6672,0.0127,-0.094,0.474,-0.3179
2026-10-09,GLD,384.54,2026-10-09T18:41:25.137980071Z,2026-11-20,42,P,401.0,1.042804,GLD261120P00401000,20.49,21.09,20.79,1,,,0.228,-0.6716,0.0122,-0.0981,0.4715,-0.3211
2026-10-09,GLD,384.54,2026-10-09T18:41:19.840092282Z,2026-11-20,42,P,402.0,1.045405,GLD261120P00402000,21.23,21.63,21.43,10,,,0.2267,-0.6843,0.012,-0.0947,0.4638,-0.3275
2026-10-09,GLD,384.54,2026-10-09T18:40:26.749527388Z,2026-11-20,42,P,403.0,1.048005,GLD261120P00403000,21.49,22.62,22.055,1,,,0.2247,-0.6975,0.0119,-0.0907,0.4553,-0.334
2026-10-09,GLD,384.54,2026-10-09T18:41:27.40535175Z,2026-11-20,42,P,404.0,1.050606,GLD261120P00404000,22.82,22.98,22.9,38,,,0.2274,-0.7062,0.0116,-0.09,0.4492,-0.3389
2026-10-09,GLD,384.54,2026-10-09T18:41:26.742072826Z,2026-11-20,42,P,405.0,1.053206,GLD261120P00405000,22.97,23.52,23.245,19,,,0.2185,-0.7261,0.0117,-0.0806,0.4344,-0.348
2026-10-09,GLD,384.54,2026-10-09T18:40:26.766555709Z,2026-11-20,42,P,406.0,1.055807,GLD261120P00406000,23.66,25.28,24.47,6,,,0.2295,-0.7258,0.0111,-0.0862,0.4346,-0.3493
2026-10-09,GLD,384.54,2026-10-09T18:40:05.777989883Z,2026-11-20,42,P,407.0,1.058407,GLD261120P00407000,24.86,25.35,25.105,2,,,0.2267,-0.7391,0.011,-0.0813,0.4239,-0.3559
2026-10-09,GLD,384.54,2026-10-09T18:41:19.303368045Z,2026-11-20,42,P,408.0,1.061008,GLD261120P00408000,25.25,26.67,25.96,1,,,0.2289,-0.7471,0.0107,-0.0801,0.4171,-0.3604
2026-10-09,GLD,384.54,2026-10-09T18:41:25.591959588Z,2026-11-20,42,P,409.0,1.063608,GLD261120P00409000,26.45,27.02,26.735,8,,,0.229,-0.757,0.0105,-0.0772,0.4083,-0.3657
2026-10-09,GLD,384.54,2026-10-09T18:41:25.027155413Z,2026-11-20,42,P,410.0,1.066209,GLD261120P00410000,27.19,27.88,27.535,21,,,0.2294,-0.7662,0.0102,-0.0746,0.3997,-0.3707
2026-10-09,GLD,384.54,2026-10-09T18:40:16.16104073Z,2026-11-20,42,P,411.0,1.068809,GLD261120P00411000,28.7,28.94,28.82,2,,,0.2419,-0.7626,0.0098,-0.0816,0.4032,-0.3706
2026-10-09,GLD,384.54,2026-10-09T18:40:16.169110574Z,2026-11-20,42,P,412.0,1.07141,GLD261120P00412000,28.75,30.25,29.5,1,,,0.2391,-0.7745,0.0096,-0.0764,0.3918,-0.3767
2026-10-09,GLD,384.54,2026-10-09T18:41:25.45337972Z,2026-11-20,42,P,413.0,1.074011,GLD261120P00413000,30.48,30.97,30.725,1,,,0.2501,-0.772,0.0093,-0.0822,0.3942,-0.377
2026-10-09,GLD,384.54,2026-10-09T18:41:08.826287653Z,2026-11-20,42,P,414.0,1.076611,GLD261120P00414000,30.95,31.77,31.36,5,,,0.2459,-0.7849,0.0091,-0.0759,0.3813,-0.3834
2026-10-09,GLD,384.54,2026-10-09T18:41:26.676272878Z,2026-11-20,42,P,415.0,1.079212,GLD261120P00415000,31.92,32.27,32.095,7,,,0.2439,-0.7953,0.0089,-0.0713,0.3703,-0.3889
2026-10-09,GLD,384.54,2026-10-09T18:41:27.501376814Z,2026-11-20,42,P,416.0,1.081812,GLD261120P00416000,33.23,33.63,33.43,2,,,0.2579,-0.7891,0.0086,-0.0796,0.3769,-0.3876
2026-10-09,GLD,384.54,2026-10-09T18:41:27.684081368Z,2026-11-20,42,P,417.0,1.084413,GLD261120P00417000,33.61,34.6,34.105,1,,,0.2541,-0.8007,0.0084,-0.0736,0.3644,-0.3936
2026-10-09,GLD,384.54,2026-10-09T18:41:15.652753267Z,2026-11-20,42,P,418.0,1.087013,GLD261120P00418000,34.79,35.15,34.97,2,,,0.2553,-0.8072,0.0082,-0.0715,0.3572,-0.3974
2026-10-09,GLD,384.54,2026-10-09T18:40:29.254732491Z,2026-11-20,42,P,419.0,1.089614,GLD261120P00419000,35.21,35.76,35.485,2,,,0.2461,-0.8243,0.0081,-0.061,0.3371,-0.4056
2026-10-09,GLD,384.54,2026-10-09T18:41:27.501376814Z,2026-11-20,42,P,420.0,1.092214,GLD261120P00420000,36.4,36.8,36.6,1,,,0.2542,-0.8231,0.0078,-0.0646,0.3386,-0.4063
2026-10-09,GLD,384.54,2026-10-09T18:41:25.153710402Z,2026-11-20,42,P,421.0,1.094815,GLD261120P00421000,36.95,37.86,37.405,2,,,0.253,-0.8313,0.0076,-0.0606,0.3284,-0.4109
2026-10-09,GLD,384.54,2026-10-09T18:41:08.797442805Z,2026-11-20,42,P,422.0,1.097415,GLD261120P00422000,37.9,38.64,38.27,2,,,0.2534,-0.8378,0.0074,-0.058,0.3203,-0.4148
2026-10-09,GLD,384.54,2026-10-09T18:40:35.204224121Z,2026-11-20,42,P,423.0,1.100016,GLD261120P00423000,39.23,40.32,39.775,2,,,0.2734,-0.8244,0.0072,-0.0714,0.3369,-0.4106
2026-10-09,GLD,384.54,2026-10-09T18:40:32.94635251Z,2026-11-20,42,P,424.0,1.102616,GLD261120P00424000,39.23,40.66,39.945,1,,,0.2519,-0.8525,0.007,-0.0508,0.3008,-0.4232
2026-10-09,GLD,384.54,2026-10-09T18:41:28.012580851Z,2026-11-20,42,P,425.0,1.105217,GLD261120P00425000,41.31,41.66,41.485,2,,,0.2737,-0.8369,0.0069,-0.0658,0.3214,-0.4181
2026-10-09,GLD,384.54,2026-10-09T18:40:05.780887594Z,2026-11-20,42,P,426.0,1.107817,GLD261120P00426000,42.04,43.32,42.68,5,,,0.2843,-0.8331,0.0067,-0.0715,0.3263,-0.4177
2026-10-09,GLD,384.54,2026-10-09T18:40:16.164530639Z,2026-11-20,42,P,427.0,1.110418,GLD261120P00427000,42.05,44.16,43.105,13,,,0.2704,-0.8523,0.0065,-0.0572,0.301,-0.4267
2026-10-09,GLD,384.54,2026-10-09T18:40:26.826200719Z,2026-11-20,42,P,428.0,1.113018,GLD261120P00428000,43.47,43.73,43.6,1,,,0.2572,-0.8711,0.0063,-0.0434,0.2743,-0.4356
2026-10-09,GLD,384.54,2026-10-09T18:40:35.203724117Z,2026-11-20,42,P,429.0,1.115619,GLD261120P00429000,43.86,45,44.43,32,,,0.255,-0.8788,0.0061,-0.0388,0.2628,-0.44
2026-10-09,GLD,384.54,2026-10-09T18:41:19.823307612Z,2026-11-20,42,P,430.0,1.118219,GLD261120P00430000,45.63,46.34,45.985,38,,,0.2793,-0.8608,0.0061,-0.0557,0.2892,-0.4338
2026-10-09,GLD,384.54,2026-10-09T18:41:23.838261813Z,2026-11-20,42,P,431.0,1.12082,GLD261120P00431000,46.64,47.59,47.115,40,,,0.288,-0.8581,0.006,-0.06,0.293,-0.4339
2026-10-09,GLD,384.54,2026-10-09T18:40:16.171365567Z,2026-11-20,42,P,432.0,1.12342,GLD261120P00432000,46.22,49.13,47.675,9,,,0.2766,-0.8739,0.0057,-0.0478,0.2702,-0.4416
2026-10-09,GLD,384.54,2026-10-09T18:41:24.131401499Z,2026-11-20,42,P,433.0,1.126021,GLD261120P00433000,48.13,49.51,48.82,5,,,0.286,-0.8703,0.0057,-0.0527,0.2755,-0.4413
2026-10-09,GLD,384.54,2026-10-09T18:39:00.396110328Z,2026-11-20,42,P,434.0,1.128621,GLD261120P00434000,49.74,51.73,50.735,3,,,0.3214,-0.8446,0.0057,-0.0789,0.3114,-0.4321
2026-10-09,GLD,384.54,2026-10-09T18:41:11.108710005Z,2026-11-20,42,P,435.0,1.131222,GLD261120P00435000,49.43,51.13,50.28,843,,,0.2733,-0.8914,0.0052,-0.0369,0.243,-0.4523
2026-10-09,GLD,384.54,2026-10-09T18:39:00.396110328Z,2026-11-20,42,P,436.0,1.133822,GLD261120P00436000,50.09,52.01,51.05,2,,,0.2675,-0.9012,0.005,-0.0296,0.2269,-0.4575
2026-10-09,GLD,384.54,2026-10-09T18:40:28.148019099Z,2026-11-20,42,P,437.0,1.136423,GLD261120P00437000,52.11,53.91,53.01,1,,,0.3094,-0.8692,0.0053,-0.0606,0.2772,-0.4456
2026-10-09,GLD,384.54,2026-10-09T18:41:21.152695534Z,2026-11-20,42,P,438.0,1.139023,GLD261120P00438000,53.53,55.69,54.61,6,,,0.3344,-0.8533,0.0053,-0.0783,0.2996,-0.4404
2026-10-09,GLD,384.54,2026-10-09T18:41:23.980681595Z,2026-11-20,42,P,439.0,1.141624,GLD261120P00439000,53.2,56.05,54.625,1,,,0.3031,-0.8835,0.005,-0.0499,0.2555,-0.4538
2026-10-09,GLD,384.54,2026-10-09T18:41:23.875557683Z,2026-11-20,42,P,440.0,1.144224,GLD261120P00440000,54.25,56.4,55.325,16,,,0.2948,-0.8946,0.0047,-0.0407,0.2378,-0.4595
2026-10-09,GLD,384.54,2026-10-09T18:41:19.921022125Z,2026-11-20,42,P,441.0,1.146825,GLD261120P00441000,55.9,58.84,57.37,4,,,0.3386,-0.8634,0.005,-0.0734,0.2856,-0.4481
2026-10-09,GLD,384.54,2026-10-09T18:39:00.396151675Z,2026-11-20,42,P,442.0,1.149425,GLD261120P00442000,55.73,58.53,57.13,1,,,0.2941,-0.9033,0.0045,-0.0348,0.2234,-0.4655
2026-10-09,GLD,384.54,2026-10-09T18:39:00.396151675Z,2026-11-20,42,P,443.0,1.152026,GLD261120P00443000,56.88,59.85,58.365,100,,,0.3081,-0.8958,0.0045,-0.0433,0.2358,-0.4636
2026-10-09,GLD,384.54,2026-10-09T18:39:00.396155144Z,2026-11-20,42,P,444.0,1.154626,GLD261120P00444000,58.29,61.3,59.795,5,,,0.3295,-0.883,0.0046,-0.0578,0.2564,-0.4595
2026-10-09,GLD,384.54,2026-10-09T18:39:27.131533275Z,2026-11-20,42,P,445.0,1.157227,GLD261120P00445000,59.01,61.17,60.09,1,,,0.3036,-0.907,0.0042,-0.0346,0.2171,-0.4705
2026-10-09,GLD,384.54,2026-10-09T18:40:10.809377938Z,2026-11-20,42,P,446.0,1.159827,GLD261120P00446000,58.64,63.56,61.1,7,,,0.3077,-0.9073,0.0041,-0.0354,0.2165,-0.4718
2026-10-09,GLD,384.54,2026-10-09T18:39:00.396155144Z,2026-11-20,42,P,447.0,1.162428,GLD261120P00447000,61.16,63.44,62.3,,,,0.3205,-0.9011,0.0042,-0.0428,0.227,-0.4705
2026-10-09,GLD,384.54,2026-10-09T18:40:10.809407856Z,2026-11-20,42,P,448.0,1.165028,GLD261120P00448000,62.37,66.13,64.25,2,,,0.3624,-0.8737,0.0044,-0.0738,0.2705,-0.4605
2026-10-09,GLD,384.54,2026-10-09T18:39:00.396165223Z,2026-11-20,42,P,449.0,1.167629,GLD261120P00449000,63.48,66.96,65.22,,,,0.3653,-0.8754,0.0043,-0.0735,0.268,-0.4624
2026-10-09,GLD,384.54,2026-10-09T18:41:27.079247276Z,2026-11-20,42,P,450.0,1.170229,GLD261120P00450000,66.19,66.69,66.44,21,,,0.3773,-0.8705,0.0043,-0.0806,0.2752,-0.4616
2026-10-09,GLD,384.54,2026-10-09T18:39:01.894143307Z,2026-11-20,42,P,455.0,1.183232,GLD261120P00455000,68.24,71.09,69.665,1,,,0.3181,-0.9283,0.0033,-0.0219,0.1785,-0.4909
2026-10-09,GLD,384.54,2026-10-09T18:40:21.307553385Z,2026-11-20,42,P,460.0,1.196234,GLD261120P00460000,75.96,77.56,76.76,5,,,0.4278,-0.871,0.0038,-0.0957,0.2746,-0.4737
2026-10-09,GLD,384.54,2026-10-09T18:39:00.396221077Z,2026-11-20,42,P,465.0,1.209237,GLD261120P00465000,81.43,82.58,82.005,40,,,0.4557,-0.8692,0.0036,-0.1057,0.2772,-0.479
2026-10-09,GLD,384.54,2026-10-09T18:39:01.492668809Z,2026-11-20,42,P,470.0,1.22224,GLD261120P00470000,82.74,88.63,85.685,6,,,0.4212,-0.9034,0.0031,-0.0655,0.2232,-0.4984
2026-10-09,GLD,384.54,2026-10-09T18:41:13.184036712Z,2026-11-20,42,P,475.0,1.235242,GLD261120P00475000,91.16,92.66,91.91,2,,,0.4892,-0.8775,0.0032,-0.1081,0.2647,-0.4941
2026-10-09,GLD,384.54,2026-10-09T18:39:01.492638846Z,2026-11-20,42,P,480.0,1.248245,GLD261120P00480000,93.55,97.38,95.465,6,,,0.4454,-0.9134,0.0027,-0.0613,0.2058,-0.514
2026-10-09,GLD,384.54,2026-10-09T18:39:01.492648871Z,2026-11-20,42,P,485.0,1.261247,GLD261120P00485000,97.66,103.27,100.465,1,,,0.4621,-0.9152,0.0026,-0.063,0.2027,-0.5206
2026-10-09,GLD,384.54,2026-10-09T18:39:02.002653299Z,2026-11-20,42,P,490.0,1.27425,GLD261120P00490000,102.63,106.86,104.745,1,,,0.4389,-0.9361,0.0022,-0.0355,0.1632,-0.5348
2026-10-09,GLD,384.54,2026-10-09T18:39:00.396227541Z,2026-11-20,42,P,495.0,1.287252,GLD261120P00495000,110.63,112.08,111.355,37,,,0.5362,-0.8984,0.0025,-0.0989,0.2317,-0.5257
2026-10-09,GLD,384.54,2026-10-09T18:39:00.396250479Z,2026-11-20,42,P,500.0,1.300255,GLD261120P00500000,116.11,117.56,116.835,1,,,0.573,-0.8907,0.0025,-0.1174,0.2442,-0.5286
2026-10-09,GLD,384.54,2026-10-09T18:39:00.396250479Z,2026-11-20,42,P,505.0,1.313257,GLD261120P00505000,117.94,119.13,118.535,2,,,0.3763,-0.9791,0.001,0.0237,0.0656,-0.5697
2026-10-09,GLD,384.54,2026-10-09T18:39:00.396250479Z,2026-11-20,42,P,510.0,1.32626,GLD261120P00510000,122.92,127.53,125.225,10,,,0.5291,-0.9276,0.002,-0.0615,0.1797,-0.5546
2026-10-09,GLD,384.54,2026-10-09T18:39:00.396250479Z,2026-11-20,42,P,515.0,1.339262,GLD261120P00515000,130.53,130.65,130.59,1,,,0.5639,-0.9204,0.002,-0.0778,0.1933,-0.5575
2026-10-09,GLD,384.54,2026-10-09T18:39:00.396250479Z,2026-11-20,42,P,520.0,1.352265,GLD261120P00520000,134.85,139.96,137.405,1,,,0.6613,-0.8874,0.0022,-0.145,0.2494,-0.5508
2026-10-09,GLD,384.54,2026-10-09T18:39:00.396260662Z,2026-11-20,42,P,525.0,1.365268,GLD261120P00525000,138.75,139.8,139.275,1,,,0.511,-0.9538,0.0015,-0.0225,0.1262,-0.5823
2026-10-09,GLD,384.54,2026-10-09T18:39:00.396265346Z,2026-11-20,42,P,530.0,1.37827,GLD261120P00530000,144.8,147.8,146.3,2,,,0.6444,-0.9095,0.0019,-0.1101,0.2128,-0.5708
2026-10-09,GLD,384.54,2026-10-09T18:39:00.396260662Z,2026-11-20,42,P,535.0,1.391273,GLD261120P00535000,149.89,149.95,149.92,1,,,0.5848,-0.9385,0.0016,-0.0555,0.1584,-0.5878
2026-10-09,GLD,384.54,2026-10-09T18:39:00.396290494Z,2026-11-20,42,P,540.0,1.404275,GLD261120P00540000,157.46,158.91,158.185,,,,0.7545,-0.8812,0.002,-0.1795,0.2592,-0.5719
2026-10-09,GLD,384.54,2026-10-09T18:40:23.096280988Z,2026-11-20,42,P,545.0,1.417278,GLD261120P00545000,162.86,164.41,163.635,2,,,0.7869,-0.8761,0.002,-0.1963,0.2668,-0.576
2026-10-09,GLD,384.54,2026-10-09T18:39:00.396286436Z,2026-11-20,42,P,550.0,1.43028,GLD261120P00550000,166.64,169.84,168.24,5,,,0.7869,-0.883,0.0019,-0.1857,0.2563,-0.5843
2026-10-09,GLD,384.54,2026-10-09T18:39:00.396290494Z,2026-11-20,42,P,555.0,1.443283,GLD261120P00555000,167.36,170.18,168.77,2,,,0.5472,-0.9685,0.001,-0.0022,0.0924,-0.6228
2026-10-09,GLD,384.54,2026-10-09T18:39:00.396290494Z,2026-11-20,42,P,560.0,1.456285,GLD261120P00560000,174.99,177.74,176.365,1,,,0.7347,-0.9139,0.0016,-0.1226,0.2049,-0.6074
2026-10-09,GLD,384.54,2026-10-09T18:39:00.396290494Z,2026-11-20,42,P,565.0,1.469288,GLD261120P00565000,180.65,180.89,180.77,1,,,0.718,-0.925,0.0015,-0.1004,0.1847,-0.6173
2026-10-09,GLD,384.54,2026-10-09T18:39:00.396290494Z,2026-11-20,42,P,570.0,1.482291,GLD261120P00570000,184.81,188.68,186.745,208,,,0.7807,-0.9093,0.0016,-0.1405,0.213,-0.6173
2026-10-09,GLD,384.54,2026-10-09T18:39:00.396290494Z,2026-11-20,42,P,575.0,1.495293,GLD261120P00575000,193.26,194.71,193.985,8,,,0.8886,-0.8788,0.0017,-0.2211,0.2628,-0.6121
2026-10-09,GLD,384.54,2026-10-09T18:39:00.396300149Z,2026-11-20,42,P,580.0,1.508296,GLD261120P00580000,198.16,199.46,198.81,8,,,0.8961,-0.882,0.0017,-0.2174,0.2578,-0.6191
2026-10-09,GLD,384.54,2026-10-09T18:40:29.407937334Z,2026-11-20,42,P,585.0,1.521298,GLD261120P00585000,199.93,202.09,201.01,4,,,0.7845,-0.9231,0.0014,-0.1161,0.1881,-0.6398
2026-10-09,GLD,384.54,2026-10-09T18:39:00.396295519Z,2026-11-20,42,P,590.0,1.534301,GLD261120P00590000,205.76,208.75,207.255,2,,,0.8585,-0.9047,0.0015,-0.1664,0.2211,-0.6388
2026-10-09,GLD,384.54,2026-10-09T18:39:00.396300149Z,2026-11-20,42,P,595.0,1.547303,GLD261120P00595000,212.45,213.75,213.1,1,,,0.9086,-0.8939,0.0015,-0.1989,0.2391,-0.6408
2026-10-09,GLD,384.54,2026-10-09T18:39:00.396315453Z,2026-11-20,42,P,600.0,1.560306,GLD261120P00600000,214,218.21,216.105,1,,,0.8285,-0.9231,0.0013,-0.1244,0.1882,-0.6571
2026-10-09,GLD,384.54,2026-10-09T18:39:00.396320336Z,2026-11-20,42,P,605.0,1.573308,GLD261120P00605000,218.39,218.64,218.515,1,,,0.647,-0.9735,0.0007,0.0018,0.0801,-0.6822
2026-10-09,GLD,384.54,2026-10-09T18:39:00.396315453Z,2026-11-20,42,P,610.0,1.586311,GLD261120P00610000,225.77,226.4,226.085,2,,,0.8528,-0.9243,0.0013,-0.1264,0.1859,-0.6692
2026-10-09,GLD,384.54,2026-10-09T18:39:01.4858038Z,2026-11-20,42,P,615.0,1.599313,GLD261120P00615000,232.85,234.25,233.55,2,,,0.98,-0.8911,0.0015,-0.2223,0.2435,-0.6631
