date,symbol,spot,quote_time,expiration,dte,type,strike,moneyness,option_symbol,bid,ask,mid,volume,open_interest,open_interest_date,iv,delta,gamma,theta,vega,rho
2026-09-14,SPY,760.93,2026-09-14T19:55:40.485900884Z,2026-10-09,25,C,535.0,0.703087,SPY261009C00535000,225.29,226.64,225.965,,,,,,,,,
2026-09-14,SPY,760.93,2026-09-14T19:55:34.342593694Z,2026-10-09,25,C,545.0,0.716229,SPY261009C00545000,215.83,219.45,217.64,,,,0.5457,0.9924,0.0002,-0.1017,0.0418,0.3681
2026-09-14,SPY,760.93,2026-09-14T19:55:39.399449667Z,2026-10-09,25,C,555.0,0.729371,SPY261009C00555000,202.36,210.84,206.6,1,1,2026-09-10,,,,,,
2026-09-14,SPY,760.93,2026-09-14T19:55:41.56227356Z,2026-10-09,25,C,570.0,0.749083,SPY261009C00570000,187.36,193.58,190.47,,,,,,,,,
2026-09-14,SPY,760.93,2026-09-14T19:55:35.107513179Z,2026-10-09,25,C,580.0,0.762225,SPY261009C00580000,177.29,181.72,179.505,4,58,2026-09-10,,,,,,
2026-09-14,SPY,760.93,2026-09-14T19:55:40.613390048Z,2026-10-09,25,C,590.0,0.775367,SPY261009C00590000,172.49,174.54,173.515,2,105,2026-09-10,0.5207,0.9747,0.0006,-0.1818,0.1177,0.3891
2026-09-14,SPY,760.93,2026-09-14T19:55:42.1768043Z,2026-10-09,25,C,605.0,0.79508,SPY261009C00605000,152.76,160.91,156.835,4,323,2026-09-10,,,,,,
2026-09-14,SPY,760.93,2026-09-14T19:55:40.319879899Z,2026-10-09,25,C,615.0,0.808222,SPY261009C00615000,146.14,148.07,147.105,1,253,2026-09-10,,,,,,
2026-09-14,SPY,760.93,2026-09-14T19:55:36.205969023Z,2026-10-09,25,C,625.0,0.821363,SPY261009C00625000,136.8,140.51,138.655,,,,0.4236,0.9681,0.0008,-0.183,0.1424,0.4096
2026-09-14,SPY,760.93,2026-09-14T19:55:40.211827172Z,2026-10-09,25,C,640.0,0.841076,SPY261009C00640000,121.52,124.32,122.92,8,50,2026-09-10,0.3119,0.9859,0.0006,-0.1102,0.0717,0.4296
2026-09-14,SPY,760.93,2026-09-14T19:55:43.30065952Z,2026-10-09,25,C,650.0,0.854218,SPY261009C00650000,108.54,113.64,111.09,476,3,2026-09-10,,,,,,
2026-09-14,SPY,760.93,2026-09-14T19:55:40.223846495Z,2026-10-09,25,C,660.0,0.86736,SPY261009C00660000,100.42,102.3,101.36,10,65,2026-09-10,,,,,,
2026-09-14,SPY,760.93,2026-09-14T19:55:39.448857449Z,2026-10-09,25,C,675.0,0.887072,SPY261009C00675000,87.47,87.83,87.65,7,1,2026-09-10,,,,,,
2026-09-14,SPY,760.93,2026-09-14T19:55:42.525736917Z,2026-10-09,25,C,685.0,0.900214,SPY261009C00685000,76.45,79.87,78.16,6,,,0.2158,0.9736,0.0014,-0.1217,0.1219,0.4539
2026-09-14,SPY,760.93,2026-09-14T19:55:42.552871469Z,2026-10-09,25,C,695.0,0.913356,SPY261009C00695000,66.39,68.3,67.345,2208,4,2026-09-10,,,,,,
2026-09-14,SPY,760.93,2026-09-14T19:55:39.575699965Z,2026-10-09,25,C,710.0,0.933069,SPY261009C00710000,51.75,55.71,53.73,1,17,2026-09-10,0.1796,0.9398,0.0033,-0.1545,0.238,0.453
2026-09-14,SPY,760.93,2026-09-14T19:55:43.507963892Z,2026-10-09,25,C,720.0,0.946211,SPY261009C00720000,42.62,45.51,44.065,7,24,2026-09-10,0.1625,0.9166,0.0047,-0.1675,0.3055,0.4475
2026-09-14,SPY,760.93,2026-09-14T19:55:42.493108892Z,2026-10-09,25,C,732.0,0.961981,SPY261009C00732000,33.17,34.64,33.905,2,1,2026-09-10,0.1683,0.8319,0.0075,-0.2309,0.5003,0.4103
2026-09-14,SPY,760.93,2026-09-14T19:55:42.887769713Z,2026-10-09,25,C,743.0,0.976437,SPY261009C00743000,23.31,24.06,23.685,1,15,2026-09-10,0.1405,0.7698,0.0109,-0.2286,0.605,0.385
2026-09-14,SPY,760.93,2026-09-14T19:55:43.473692105Z,2026-10-09,25,C,755.0,0.992207,SPY261009C00755000,14.55,14.76,14.655,27,311,2026-09-10,0.1293,0.6275,0.0147,-0.2432,0.7535,0.317
2026-09-14,SPY,760.93,2026-09-14T19:55:43.266468681Z,2026-10-09,25,C,767.0,1.007977,SPY261009C00767000,7.27,7.54,7.405,85,269,2026-09-10,0.1167,0.4367,0.0169,-0.217,0.7845,0.2226
2026-09-14,SPY,760.93,2026-09-14T19:55:43.646469608Z,2026-10-09,25,C,778.0,1.022433,SPY261009C00778000,3.09,3.13,3.11,399,907,2026-09-10,0.1075,0.2477,0.0148,-0.1547,0.6297,0.127
2026-09-14,SPY,760.93,2026-09-14T19:55:43.70459793Z,2026-10-09,25,C,790.0,1.038203,SPY261009C00790000,0.86,0.92,0.89,994,1309,2026-09-10,0.1009,0.0955,0.0084,-0.0757,0.3378,0.0492
2026-09-14,SPY,760.93,2026-09-14T19:55:42.503292908Z,2026-10-09,25,C,802.0,1.053973,SPY261009C00802000,0.26,0.27,0.265,83,399,2026-09-10,0.1032,0.0332,0.0036,-0.033,0.1472,0.0171
2026-09-14,SPY,760.93,2026-09-14T19:55:43.349345585Z,2026-10-09,25,C,814.0,1.069744,SPY261009C00814000,0.11,0.12,0.115,35,2754,2026-09-10,0.1128,0.0146,0.0016,-0.0178,0.0738,0.0075
2026-09-14,SPY,760.93,2026-09-14T19:55:43.20991874Z,2026-10-09,25,C,825.0,1.0842,SPY261009C00825000,0.07,0.08,0.075,3,243,2026-09-10,0.1256,0.009,0.001,-0.0129,0.0486,0.0047
2026-09-14,SPY,760.93,2026-09-14T19:55:43.245192181Z,2026-10-09,25,C,835.0,1.097341,SPY261009C00835000,0.05,0.06,0.055,8,196,2026-09-10,0.1373,0.0063,0.0006,-0.0102,0.0353,0.0032
2026-09-14,SPY,760.93,2026-09-14T19:55:43.269299687Z,2026-10-09,25,C,850.0,1.117054,SPY261009C00850000,0.03,0.04,0.035,1,160,2026-09-10,0.1534,0.0038,0.0004,-0.0071,0.0223,0.0019
2026-09-14,SPY,760.93,2026-09-14T19:55:37.080358338Z,2026-10-09,25,C,860.0,1.130196,SPY261009C00860000,0.03,0.04,0.035,1,35,2026-09-10,0.1681,0.0035,0.0003,-0.0072,0.0207,0.0018
2026-09-14,SPY,760.93,2026-09-14T19:55:43.245257332Z,2026-10-09,25,C,870.0,1.143338,SPY261009C00870000,0.01,0.04,0.025,24,24,2026-09-10,0.1767,0.0024,0.0002,-0.0055,0.015,0.0012
2026-09-14,SPY,760.93,2026-09-14T19:55:43.51426389Z,2026-10-09,25,C,885.0,1.16305,SPY261009C00885000,0,0.03,0.015,,,,,,,,,
2026-09-14,SPY,760.93,2026-09-14T19:55:43.749140571Z,2026-10-09,25,C,895.0,1.176192,SPY261009C00895000,0,0.03,0.015,,,,,,,,,
2026-09-14,SPY,760.93,2026-09-14T19:55:43.499152793Z,2026-10-09,25,C,905.0,1.189334,SPY261009C00905000,0,0.03,0.015,,,,,,,,,
2026-09-14,SPY,760.93,2026-09-14T19:55:42.502035779Z,2026-10-09,25,C,920.0,1.209047,SPY261009C00920000,0,0.03,0.015,,,,,,,,,
2026-09-14,SPY,760.93,2026-09-14T19:55:42.501969912Z,2026-10-09,25,C,930.0,1.222189,SPY261009C00930000,0,0.01,0.005,1,1,2026-09-10,,,,,,
2026-09-14,SPY,760.93,2026-09-14T19:55:42.503358549Z,2026-10-09,25,P,535.0,0.703087,SPY261009P00535000,0.12,0.13,0.125,2,21,2026-09-10,0.5207,-0.0038,0.0001,-0.0229,0.0223,-0.002
2026-09-14,SPY,760.93,2026-09-14T19:55:43.245512118Z,2026-10-09,25,P,545.0,0.716229,SPY261009P00545000,0.14,0.19,0.165,29,1,2026-09-10,0.5114,-0.0049,0.0001,-0.0287,0.0284,-0.0027
2026-09-14,SPY,760.93,2026-09-14T19:55:42.503453779Z,2026-10-09,25,P,555.0,0.729371,SPY261009P00555000,0.2,0.21,0.205,72,250,2026-09-10,0.4988,-0.0062,0.0002,-0.034,0.0346,-0.0033
2026-09-14,SPY,760.93,2026-09-14T19:55:42.503158616Z,2026-10-09,25,P,570.0,0.749083,SPY261009P00570000,0.24,0.25,0.245,1,13,2026-09-10,0.4712,-0.0076,0.0002,-0.0388,0.0419,-0.0041
2026-09-14,SPY,760.93,2026-09-14T19:55:42.355436192Z,2026-10-09,25,P,580.0,0.762225,SPY261009P00580000,0.23,0.28,0.255,101,51,2026-09-10,0.4482,-0.0083,0.0003,-0.0397,0.045,-0.0045
2026-09-14,SPY,760.93,2026-09-14T19:55:42.503534034Z,2026-10-09,25,P,590.0,0.775367,SPY261009P00590000,0.3,0.31,0.305,3,55,2026-09-10,0.4332,-0.0101,0.0003,-0.0454,0.0533,-0.0055
2026-09-14,SPY,760.93,2026-09-14T19:55:42.503453779Z,2026-10-09,25,P,605.0,0.79508,SPY261009P00605000,0.32,0.37,0.345,8,67,2026-09-10,0.4023,-0.012,0.0004,-0.0492,0.0624,-0.0065
2026-09-14,SPY,760.93,2026-09-14T19:55:42.503529245Z,2026-10-09,25,P,615.0,0.808222,SPY261009P00615000,0.36,0.41,0.385,17,78,2026-09-10,0.3831,-0.0139,0.0005,-0.053,0.0706,-0.0075
2026-09-14,SPY,760.93,2026-09-14T19:55:44.504706574Z,2026-10-09,25,P,625.0,0.821363,SPY261009P00625000,0.46,0.47,0.465,130,126,2026-09-10,0.3681,-0.0171,0.0006,-0.0606,0.0842,-0.0092
2026-09-14,SPY,760.93,2026-09-14T19:55:44.499995061Z,2026-10-09,25,P,640.0,0.841076,SPY261009P00640000,0.56,0.57,0.565,1,100,2026-09-10,0.3402,-0.0218,0.0008,-0.0688,0.1037,-0.0117
2026-09-14,SPY,760.93,2026-09-14T19:55:44.507377677Z,2026-10-09,25,P,650.0,0.854218,SPY261009P00650000,0.6,0.65,0.625,578,205,2026-09-10,0.3198,-0.0252,0.0009,-0.0729,0.1172,-0.0136
2026-09-14,SPY,760.93,2026-09-14T19:55:44.742147283Z,2026-10-09,25,P,660.0,0.86736,SPY261009P00660000,0.69,0.7,0.695,274,118,2026-09-10,0.2993,-0.0294,0.0011,-0.0773,0.1332,-0.0158
2026-09-14,SPY,760.93,2026-09-14T19:55:44.648223157Z,2026-10-09,25,P,675.0,0.887072,SPY261009P00675000,0.89,0.94,0.915,233,1120,2026-09-10,0.2737,-0.0404,0.0016,-0.0915,0.1731,-0.0217
2026-09-14,SPY,760.93,2026-09-14T19:55:44.633483049Z,2026-10-09,25,P,685.0,0.900214,SPY261009P00685000,1.08,1.13,1.105,29,232,2026-09-10,0.2563,-0.0504,0.002,-0.1019,0.2068,-0.027
2026-09-14,SPY,760.93,2026-09-14T19:55:38.379790031Z,2026-10-09,25,P,695.0,0.913356,SPY261009P00695000,1.34,1.35,1.345,579,1398,2026-09-10,0.2385,-0.0635,0.0026,-0.1132,0.2481,-0.034
2026-09-14,SPY,760.93,2026-09-14T19:55:44.496286261Z,2026-10-09,25,P,710.0,0.933069,SPY261009P00710000,1.98,2,1.99,583,1575,2026-09-10,0.2157,-0.0963,0.004,-0.1388,0.34,-0.0516
2026-09-14,SPY,760.93,2026-09-14T19:55:44.495745479Z,2026-10-09,25,P,720.0,0.946211,SPY261009P00720000,2.62,2.64,2.63,135,1146,2026-09-10,0.2003,-0.1289,0.0053,-0.1573,0.4188,-0.069
2026-09-14,SPY,760.93,2026-09-14T19:55:44.743029843Z,2026-10-09,25,P,732.0,0.961981,SPY261009P00732000,3.75,3.77,3.76,55,508,2026-09-10,0.1819,-0.1856,0.0074,-0.1786,0.5327,-0.0993
2026-09-14,SPY,760.93,2026-09-14T19:55:44.33565359Z,2026-10-09,25,P,743.0,0.976437,SPY261009P00743000,5.47,5.52,5.495,50,207,2026-09-10,0.1673,-0.2652,0.0098,-0.1967,0.6525,-0.142
2026-09-14,SPY,760.93,2026-09-14T19:55:44.739376518Z,2026-10-09,25,P,755.0,0.992207,SPY261009P00755000,8.18,8.24,8.21,940,1175,2026-09-10,0.1488,-0.3863,0.0129,-0.1952,0.762,-0.207
2026-09-14,SPY,760.93,2026-09-14T19:55:44.513237215Z,2026-10-09,25,P,767.0,1.007977,SPY261009P00767000,13.38,13.54,13.46,10,787,2026-09-10,0.1423,-0.549,0.014,-0.1794,0.7885,-0.2954
2026-09-14,SPY,760.93,2026-09-14T19:55:44.516068387Z,2026-10-09,25,P,778.0,1.022433,SPY261009P00778000,20.46,20.85,20.655,20,17,2026-09-10,0.1452,-0.6895,0.0122,-0.1473,0.7031,-0.3735
2026-09-14,SPY,760.93,2026-09-14T19:55:44.714606312Z,2026-10-09,25,P,790.0,1.038203,SPY261009P00790000,29.24,31.8,30.52,4,22,2026-09-10,0.1577,-0.7948,0.0091,-0.1123,0.5662,-0.4352
2026-09-14,SPY,760.93,2026-09-14T19:55:43.440411806Z,2026-10-09,25,P,802.0,1.053973,SPY261009P00802000,40.42,44.21,42.315,4,4,2026-09-10,0.1934,-0.8316,0.0065,-0.1233,0.5009,-0.4624
2026-09-14,SPY,760.93,2026-09-14T19:55:40.041874637Z,2026-10-09,25,P,814.0,1.069744,SPY261009P00814000,52.9,55.21,54.055,2,1,2026-09-10,0.2244,-0.8584,0.005,-0.1267,0.4467,-0.4844
2026-09-14,SPY,760.93,2026-09-14T19:55:44.7227557Z,2026-10-09,25,P,825.0,1.0842,SPY261009P00825000,62.89,67.83,65.36,12,10,2026-09-10,0.2631,-0.8645,0.0042,-0.1526,0.4335,-0.4954
2026-09-14,SPY,760.93,2026-09-14T19:55:44.021214526Z,2026-10-09,25,P,835.0,1.097341,SPY261009P00835000,74.04,76.52,75.28,2,2,2026-09-10,0.2891,-0.8759,0.0036,-0.1585,0.408,-0.5081
2026-09-14,SPY,760.93,2026-09-14T19:55:42.286281423Z,2026-10-09,25,P,850.0,1.117054,SPY261009P00850000,88.95,93.13,91.04,,,,0.3482,-0.8728,0.003,-0.2102,0.415,-0.5173
2026-09-14,SPY,760.93,2026-09-14T19:55:42.435817689Z,2026-10-09,25,P,860.0,1.130196,SPY261009P00860000,97.49,103.66,100.575,,,,0.3628,-0.8875,0.0026,-0.1952,0.3805,-0.5315
2026-09-14,SPY,760.93,2026-09-14T19:55:42.500017466Z,2026-10-09,25,P,870.0,1.143338,SPY261009P00870000,107.79,112.97,110.38,,,,0.3828,-0.8962,0.0024,-0.1922,0.359,-0.5427
2026-09-14,SPY,760.93,2026-09-14T19:55:44.86314114Z,2026-10-09,25,P,885.0,1.16305,SPY261009P00885000,125.53,126.64,126.085,,,,0.4391,-0.8913,0.0021,-0.2421,0.3712,-0.5509
2026-09-14,SPY,760.93,2026-09-14T19:55:40.382140307Z,2026-10-09,25,P,895.0,1.176192,SPY261009P00895000,132.6,135.78,134.19,,,,0.404,-0.9274,0.0017,-0.1346,0.275,-0.5753
2026-09-14,SPY,760.93,2026-09-14T19:55:43.616259867Z,2026-10-09,25,P,905.0,1.189334,SPY261009P00905000,141.92,149.49,145.705,,,,0.4761,-0.9045,0.0018,-0.2347,0.3378,-0.5713
2026-09-14,SPY,760.93,2026-09-14T19:55:44.010022971Z,2026-10-09,25,P,920.0,1.209047,SPY261009P00920000,157.75,160.91,159.33,,,,0.464,-0.9306,0.0014,-0.1559,0.2655,-0.5942
2026-09-14,SPY,760.93,2026-09-14T19:55:42.211718778Z,2026-10-09,25,P,930.0,1.222189,SPY261009P00930000,168.2,170.08,169.14,,,,0.4779,-0.9358,0.0013,-0.147,0.2501,-0.6036
2026-09-14,SPY,760.93,2026-09-14T19:55:43.447525005Z,2026-10-16,32,C,535.0,0.703087,SPY261016C00535000,224.43,224.88,224.655,1,1,2026-09-10,,,,,,
2026-09-14,SPY,760.93,2026-09-14T19:55:43.44559055Z,2026-10-16,32,C,545.0,0.716229,SPY261016C00545000,217.9,220.72,219.31,1,1,2026-09-10,0.6214,0.9728,0.0004,-0.1916,0.1412,0.4567
2026-09-14,SPY,760.93,2026-09-14T19:55:43.287503664Z,2026-10-16,32,C,555.0,0.729371,SPY261016C00555000,201.53,204.81,203.17,1,2,2026-09-10,,,,,,
2026-09-14,SPY,760.93,2026-09-14T19:55:43.723943977Z,2026-10-16,32,C,570.0,0.749083,SPY261016C00570000,189.52,192.42,190.97,10,23,2026-09-10,,,,,,
2026-09-14,SPY,760.93,2026-09-14T19:55:40.923568252Z,2026-10-16,32,C,580.0,0.762225,SPY261016C00580000,183.19,184.31,183.75,8,22,2026-09-10,0.4735,0.9789,0.0005,-0.1433,0.1143,0.4919
2026-09-14,SPY,760.93,2026-09-14T19:55:42.813999622Z,2026-10-16,32,C,590.0,0.775367,SPY261016C00590000,168.18,171.8,169.99,4,287,2026-09-10,,,,,,
2026-09-14,SPY,760.93,2026-09-14T19:55:43.930055323Z,2026-10-16,32,C,605.0,0.79508,SPY261016C00605000,156.58,159.32,157.95,18,47,2026-09-10,,,,,,
2026-09-14,SPY,760.93,2026-09-14T19:55:41.063722383Z,2026-10-16,32,C,615.0,0.808222,SPY261016C00615000,147.28,149.38,148.33,10,197,2026-09-10,0.3334,0.9875,0.0004,-0.1012,0.0731,0.5287
2026-09-14,SPY,760.93,2026-09-14T19:55:41.660504843Z,2026-10-16,32,C,625.0,0.821363,SPY261016C00625000,135.56,136.8,136.18,3,234,2026-09-10,,,,,,
2026-09-14,SPY,760.93,2026-09-14T19:55:36.000351433Z,2026-10-16,32,C,640.0,0.841076,SPY261016C00640000,121.82,123.51,122.665,2,422,2026-09-10,,,,,,
2026-09-14,SPY,760.93,2026-09-14T19:55:42.232247733Z,2026-10-16,32,C,650.0,0.854218,SPY261016C00650000,109.66,114.9,112.28,1,327,2026-09-10,,,,,,
2026-09-14,SPY,760.93,2026-09-14T19:55:39.63294834Z,2026-10-16,32,C,660.0,0.86736,SPY261016C00660000,101.23,104.01,102.62,5,282,2026-09-10,,,,,,
2026-09-14,SPY,760.93,2026-09-14T19:55:42.500361972Z,2026-10-16,32,C,675.0,0.887072,SPY261016C00675000,87,90.28,88.64,14,114,2026-09-10,0.214,0.9759,0.0012,-0.1112,0.1277,0.5733
2026-09-14,SPY,760.93,2026-09-14T19:55:43.918492714Z,2026-10-16,32,C,685.0,0.900214,SPY261016C00685000,78.31,80.86,79.585,4,1700,2026-09-10,0.238,0.9424,0.0022,-0.1635,0.2601,0.5589
2026-09-14,SPY,760.93,2026-09-14T19:55:43.508710881Z,2026-10-16,32,C,695.0,0.913356,SPY261016C00695000,68.07,69.55,68.81,5,1056,2026-09-10,0.1769,0.9657,0.0019,-0.1171,0.1713,0.5839
2026-09-14,SPY,760.93,2026-09-14T19:55:42.49740485Z,2026-10-16,32,C,708.0,0.93044,SPY261016C00708000,56.25,57.56,56.905,4,16,2026-09-10,0.1866,0.9182,0.0036,-0.1666,0.3407,0.5627
2026-09-14,SPY,760.93,2026-09-14T19:55:42.588537247Z,2026-10-16,32,C,720.0,0.946211,SPY261016C00720000,45.03,47.14,46.085,8,491,2026-09-10,0.1809,0.869,0.0052,-0.1998,0.4791,0.5394
2026-09-14,SPY,760.93,2026-09-14T19:55:43.458601502Z,2026-10-16,32,C,732.0,0.961981,SPY261016C00732000,34.68,36.48,35.58,3,92,2026-09-10,0.1696,0.8062,0.0072,-0.2245,0.6189,0.5066
2026-09-14,SPY,760.93,2026-09-14T19:55:42.49463323Z,2026-10-16,32,C,743.0,0.976437,SPY261016C00743000,25.28,25.46,25.37,10,458,2026-09-10,0.1423,0.7475,0.01,-0.2169,0.7197,0.4764
2026-09-14,SPY,760.93,2026-09-14T19:55:43.520454066Z,2026-10-16,32,C,755.0,0.992207,SPY261016C00755000,16.77,16.89,16.83,385,3953,2026-09-10,0.1358,0.6173,0.0125,-0.2298,0.8597,0.397
2026-09-14,SPY,760.93,2026-09-14T19:55:43.195253578Z,2026-10-16,32,C,767.0,1.007977,SPY261016C00767000,9.03,9.25,9.14,392,7549,2026-09-10,0.1199,0.4556,0.0147,-0.2027,0.8933,0.2959
2026-09-14,SPY,760.93,2026-09-14T19:55:43.281454486Z,2026-10-16,32,C,778.0,1.022433,SPY261016C00778000,4.39,4.45,4.42,309,3116,2026-09-10,0.1106,0.2883,0.0137,-0.1554,0.7691,0.1884
2026-09-14,SPY,760.93,2026-09-14T19:55:43.528372956Z,2026-10-16,32,C,790.0,1.038203,SPY261016C00790000,1.68,1.7,1.69,5395,16204,2026-09-10,0.1056,0.141,0.0094,-0.0943,0.504,0.0926
2026-09-14,SPY,760.93,2026-09-14T19:55:43.297291915Z,2026-10-16,32,C,800.0,1.051345,SPY261016C00800000,0.68,0.69,0.685,3460,16144,2026-09-10,0.1043,0.0672,0.0055,-0.053,0.2931,0.0442
2026-09-14,SPY,760.93,2026-09-14T19:55:43.281128409Z,2026-10-16,32,C,815.0,1.071058,SPY261016C00815000,0.17,0.22,0.195,1286,16502,2026-09-10,0.1084,0.0218,0.0021,-0.0215,0.1171,0.0143
2026-09-14,SPY,760.93,2026-09-14T19:55:33.947989253Z,2026-10-16,32,C,825.0,1.0842,SPY261016C00825000,0.13,0.14,0.135,30,16049,2026-09-10,0.1188,0.0144,0.0014,-0.0165,0.0826,0.0095
2026-09-14,SPY,760.93,2026-09-14T19:55:43.215952986Z,2026-10-16,32,C,835.0,1.097341,SPY261016C00835000,0.05,0.1,0.075,26,3436,2026-09-10,0.1249,0.0081,0.0008,-0.0104,0.0501,0.0054
2026-09-14,SPY,760.93,2026-09-14T19:55:43.36068816Z,2026-10-16,32,C,850.0,1.117054,SPY261016C00850000,0.01,0.06,0.035,8,10166,2026-09-10,0.1347,0.0038,0.0004,-0.0056,0.0254,0.0025
2026-09-14,SPY,760.93,2026-09-14T19:55:43.245754064Z,2026-10-16,32,C,860.0,1.130196,SPY261016C00860000,0.01,0.05,0.03,66,2026,2026-09-10,0.1455,0.0031,0.0003,-0.005,0.021,0.002
2026-09-14,SPY,760.93,2026-09-14T19:55:43.281311111Z,2026-10-16,32,C,870.0,1.143338,SPY261016C00870000,0.04,0.05,0.045,2,2234,2026-09-10,0.1647,0.004,0.0003,-0.0071,0.0265,0.0026
2026-09-14,SPY,760.93,2026-09-14T19:55:43.281258678Z,2026-10-16,32,C,885.0,1.16305,SPY261016C00885000,0.01,0.02,0.015,15,2382,2026-09-10,0.1659,0.0014,0.0001,-0.0028,0.0105,0.0009
2026-09-14,SPY,760.93,2026-09-14T19:55:42.5005179Z,2026-10-16,32,C,895.0,1.176192,SPY261016C00895000,0.03,0.04,0.035,8,466,2026-09-10,0.1914,0.0028,0.0002,-0.0059,0.0191,0.0018
2026-09-14,SPY,760.93,2026-09-14T19:55:42.492829169Z,2026-10-16,32,C,905.0,1.189334,SPY261016C00905000,0,0.01,0.005,1,87,2026-09-10,,,,,,
2026-09-14,SPY,760.93,2026-09-14T19:55:43.501618935Z,2026-10-16,32,C,920.0,1.209047,SPY261016C00920000,0,0.03,0.015,280,114,2026-09-10,,,,,,
2026-09-14,SPY,760.93,2026-09-14T19:55:42.492889165Z,2026-10-16,32,C,930.0,1.222189,SPY261016C00930000,0,0.03,0.015,1,371,2026-09-10,,,,,,
2026-09-14,SPY,760.93,2026-09-14T19:55:42.492934464Z,2026-10-16,32,C,940.0,1.23533,SPY261016C00940000,0,0.01,0.005,28,1022,2026-09-10,,,,,,
2026-09-14,SPY,760.93,2026-09-14T19:55:43.665068825Z,2026-10-16,32,C,955.0,1.255043,SPY261016C00955000,0,0.01,0.005,1,18,2026-09-10,,,,,,
2026-09-14,SPY,760.93,2026-09-14T19:55:42.492979259Z,2026-10-16,32,C,965.0,1.268185,SPY261016C00965000,0,0.01,0.005,206,785,2026-09-10,,,,,,
2026-09-14,SPY,760.93,2026-09-14T19:55:42.492884191Z,2026-10-16,32,C,980.0,1.287898,SPY261016C00980000,0,0.01,0.005,532,290,2026-09-10,,,,,,
2026-09-14,SPY,760.93,2026-09-14T19:55:42.4928391Z,2026-10-16,32,C,985.0,1.294469,SPY261016C00985000,0,0.03,0.015,407,595,2026-09-10,,,,,,
2026-09-14,SPY,760.93,2026-09-14T19:55:43.22146254Z,2026-10-16,32,P,535.0,0.703087,SPY261016P00535000,0.23,0.24,0.235,1,632,2026-09-10,0.4953,-0.0062,0.0002,-0.0302,0.0396,-0.0044
2026-09-14,SPY,760.93,2026-09-14T19:55:44.507620165Z,2026-10-16,32,P,545.0,0.716229,SPY261016P00545000,0.26,0.27,0.265,119,832,2026-09-10,0.479,-0.0072,0.0002,-0.033,0.0449,-0.005
2026-09-14,SPY,760.93,2026-09-14T19:55:33.948208529Z,2026-10-16,32,P,555.0,0.729371,SPY261016P00555000,0.29,0.3,0.295,258,247,2026-09-10,0.4619,-0.0082,0.0002,-0.0357,0.0504,-0.0057
2026-09-14,SPY,760.93,2026-09-14T19:55:42.500343452Z,2026-10-16,32,P,570.0,0.749083,SPY261016P00570000,0.35,0.36,0.355,25,922,2026-09-10,0.4378,-0.0102,0.0003,-0.0408,0.061,-0.0071
2026-09-14,SPY,760.93,2026-09-14T19:55:43.280648657Z,2026-10-16,32,P,580.0,0.762225,SPY261016P00580000,0.39,0.4,0.395,45,1754,2026-09-10,0.4207,-0.0116,0.0003,-0.044,0.0684,-0.0081
2026-09-14,SPY,760.93,2026-09-14T19:55:44.507534529Z,2026-10-16,32,P,590.0,0.775367,SPY261016P00590000,0.44,0.45,0.445,20,3199,2026-09-10,0.4043,-0.0134,0.0004,-0.0479,0.0775,-0.0093
2026-09-14,SPY,760.93,2026-09-14T19:55:44.297858765Z,2026-10-16,32,P,605.0,0.79508,SPY261016P00605000,0.52,0.53,0.525,4,2096,2026-09-10,0.3787,-0.0165,0.0005,-0.0535,0.0927,-0.0115
2026-09-14,SPY,760.93,2026-09-14T19:55:44.745250389Z,2026-10-16,32,P,615.0,0.808222,SPY261016P00615000,0.55,0.6,0.575,101,1135,2026-09-10,0.3605,-0.0187,0.0006,-0.0566,0.1033,-0.013
2026-09-14,SPY,760.93,2026-09-14T19:55:44.513878771Z,2026-10-16,32,P,625.0,0.821363,SPY261016P00625000,0.62,0.63,0.625,441,156860,2026-09-10,0.3417,-0.0212,0.0007,-0.0594,0.1146,-0.0147
2026-09-14,SPY,760.93,2026-09-14T19:55:42.500839402Z,2026-10-16,32,P,640.0,0.841076,SPY261016P00640000,0.76,0.81,0.785,148,4827,2026-09-10,0.3188,-0.0276,0.0009,-0.069,0.1431,-0.0191
2026-09-14,SPY,760.93,2026-09-14T19:55:33.947993633Z,2026-10-16,32,P,650.0,0.854218,SPY261016P00650000,0.91,0.92,0.915,286,21781,2026-09-10,0.3032,-0.033,0.0011,-0.0759,0.166,-0.0228
2026-09-14,SPY,760.93,2026-09-14T19:55:43.195134618Z,2026-10-16,32,P,660.0,0.86736,SPY261016P00660000,1.01,1.02,1.015,314,7737,2026-09-10,0.2846,-0.0383,0.0013,-0.0801,0.1873,-0.0264
2026-09-14,SPY,760.93,2026-09-14T19:55:44.389874134Z,2026-10-16,32,P,675.0,0.887072,SPY261016P00675000,1.3,1.31,1.305,404,14140,2026-09-10,0.2612,-0.0513,0.0018,-0.0926,0.2372,-0.0354
2026-09-14,SPY,760.93,2026-09-14T19:55:44.532087237Z,2026-10-16,32,P,685.0,0.900214,SPY261016P00685000,1.6,1.62,1.61,1144,2969,2026-09-10,0.2473,-0.0644,0.0023,-0.1043,0.2837,-0.0444
2026-09-14,SPY,760.93,2026-09-14T19:55:44.32835145Z,2026-10-16,32,P,695.0,0.913356,SPY261016P00695000,1.96,1.97,1.965,549,7358,2026-09-10,0.2323,-0.0805,0.0029,-0.1155,0.3365,-0.0554
2026-09-14,SPY,760.93,2026-09-14T19:55:44.812866485Z,2026-10-16,32,P,708.0,0.93044,SPY261016P00708000,2.59,2.63,2.61,273,1744,2026-09-10,0.2131,-0.1097,0.0039,-0.1317,0.4227,-0.0754
2026-09-14,SPY,760.93,2026-09-14T19:55:43.92093003Z,2026-10-16,32,P,720.0,0.946211,SPY261016P00720000,3.52,3.54,3.53,1912,26389,2026-09-10,0.1967,-0.1498,0.0053,-0.149,0.525,-0.1031
2026-09-14,SPY,760.93,2026-09-14T19:55:44.26224877Z,2026-10-16,32,P,732.0,0.961981,SPY261016P00732000,4.83,4.86,4.845,119,36560,2026-09-10,0.18,-0.2067,0.007,-0.1639,0.6433,-0.1421
2026-09-14,SPY,760.93,2026-09-14T19:55:44.334972194Z,2026-10-16,32,P,743.0,0.976437,SPY261016P00743000,6.48,6.59,6.535,109,2074,2026-09-10,0.1639,-0.279,0.0091,-0.171,0.7571,-0.1918
2026-09-14,SPY,760.93,2026-09-14T19:55:44.706868794Z,2026-10-16,32,P,755.0,0.992207,SPY261016P00755000,9.45,9.83,9.64,2210,28462,2026-09-10,0.1507,-0.392,0.0113,-0.1716,0.8657,-0.27
2026-09-14,SPY,760.93,2026-09-14T19:55:44.718691983Z,2026-10-16,32,P,767.0,1.007977,SPY261016P00767000,14.19,14.61,14.4,247,5778,2026-09-10,0.1398,-0.5354,0.0126,-0.1514,0.8954,-0.3698
2026-09-14,SPY,760.93,2026-09-14T19:55:44.451274519Z,2026-10-16,32,P,778.0,1.022433,SPY261016P00778000,21.24,21.56,21.4,6,590,2026-09-10,0.1425,-0.6642,0.0114,-0.1278,0.8217,-0.4619
2026-09-14,SPY,760.93,2026-09-14T19:55:42.500829535Z,2026-10-16,32,P,790.0,1.038203,SPY261016P00790000,30.49,31.99,31.24,21,122,2026-09-10,0.157,-0.7611,0.0088,-0.1075,0.6987,-0.5352
2026-09-14,SPY,760.93,2026-09-14T19:55:44.282662482Z,2026-10-16,32,P,800.0,1.051345,SPY261016P00800000,38.81,41.36,40.085,30,517,2026-09-10,0.1698,-0.8167,0.0069,-0.0894,0.5981,-0.58
2026-09-14,SPY,760.93,2026-09-14T19:55:43.861730361Z,2026-10-16,32,P,815.0,1.071058,SPY261016P00815000,54.64,57.68,56.16,4,5,2026-09-10,0.2306,-0.8216,0.005,-0.1405,0.588,-0.5974
2026-09-14,SPY,760.93,2026-09-14T19:55:44.783120593Z,2026-10-16,32,P,825.0,1.0842,SPY261016P00825000,64.47,65.85,65.16,1,1,2026-09-10,0.2392,-0.8549,0.0042,-0.1171,0.5137,-0.6275
2026-09-14,SPY,760.93,2026-09-14T19:55:41.114514215Z,2026-10-16,32,P,835.0,1.097341,SPY261016P00835000,72.94,77.25,75.095,4,,,0.2632,-0.8663,0.0036,-0.1229,0.4859,-0.6438
2026-09-14,SPY,760.93,2026-09-14T19:55:42.160663488Z,2026-10-16,32,P,850.0,1.117054,SPY261016P00850000,88.5,92.48,90.49,4,7,2026-09-10,0.308,-0.8709,0.003,-0.1494,0.4743,-0.6604
2026-09-14,SPY,760.93,2026-09-14T19:55:44.142623597Z,2026-10-16,32,P,860.0,1.130196,SPY261016P00860000,97.26,103.24,100.25,8,,,0.3264,-0.8816,0.0027,-0.147,0.4465,-0.676
2026-09-14,SPY,760.93,2026-09-14T19:55:44.456682341Z,2026-10-16,32,P,870.0,1.143338,SPY261016P00870000,107.33,112.08,109.705,16,,,0.3362,-0.8964,0.0024,-0.1301,0.4056,-0.6943
2026-09-14,SPY,760.93,2026-09-14T19:55:30.647749641Z,2026-10-16,32,P,885.0,1.16305,SPY261016P00885000,124.96,128.419,126.6895,,,,0.415,-0.8728,0.0022,-0.2216,0.4694,-0.6934
2026-09-14,SPY,760.93,2026-09-14T19:55:44.488463184Z,2026-10-16,32,P,895.0,1.176192,SPY261016P00895000,131.28,139.23,135.255,4,,,0.4041,-0.8976,0.002,-0.1683,0.4023,-0.7174
2026-09-14,SPY,760.93,2026-09-14T19:55:42.500935317Z,2026-10-16,32,P,905.0,1.189334,SPY261016P00905000,142.69,147.81,145.25,,,,0.425,-0.9011,0.0018,-0.1735,0.3923,-0.7285
2026-09-14,SPY,760.93,2026-09-14T19:55:31.275085287Z,2026-10-16,32,P,920.0,1.209047,SPY261016P00920000,159.53,163.35,161.44,,,,0.4855,-0.8897,0.0017,-0.2342,0.4245,-0.7351
2026-09-14,SPY,760.93,2026-09-14T19:55:41.998196151Z,2026-10-16,32,P,930.0,1.222189,SPY261016P00930000,167.59,172.49,170.04,2,1,2026-09-10,0.4702,-0.911,0.0015,-0.1762,0.3628,-0.7569
2026-09-14,SPY,760.93,2026-09-14T19:55:31.960334047Z,2026-10-16,32,P,940.0,1.23533,SPY261016P00940000,180.14,182.43,181.285,4,,,0.5226,-0.8973,0.0015,-0.2387,0.4031,-0.7576
2026-09-14,SPY,760.93,2026-09-14T19:55:41.423535956Z,2026-10-16,32,P,955.0,1.255043,SPY261016P00955000,190.34,198.13,194.235,,,,0.4941,-0.9273,0.0012,-0.1461,0.3113,-0.789
2026-09-14,SPY,760.93,2026-09-14T19:55:44.407595315Z,2026-10-16,32,P,965.0,1.268185,SPY261016P00965000,207.05,209.94,208.495,,,,0.6243,-0.8799,0.0014,-0.3479,0.451,-0.7698
2026-09-14,SPY,760.93,2026-09-14T19:55:43.946671384Z,2026-10-16,32,P,980.0,1.287898,SPY261016P00980000,218.42,224.09,221.255,,,,0.5992,-0.9063,0.0012,-0.2576,0.377,-0.7986
2026-09-14,SPY,760.93,2026-09-14T19:55:44.556941413Z,2026-10-16,32,P,985.0,1.294469,SPY261016P00985000,222.31,230.68,226.495,4,,,0.6148,-0.9046,0.0012,-0.2713,0.3821,-0.8021
2026-09-14,QQQ,709.485,2026-09-14T19:55:33.279317869Z,2026-10-09,25,C,500.0,0.704737,QQQ261009C00500000,206.39,211.6,208.995,,,,,,,,,
2026-09-14,QQQ,709.485,2026-09-14T19:55:46.564196978Z,2026-10-09,25,C,510.0,0.718831,QQQ261009C00510000,201.81,204.56,203.185,20,20,2026-09-10,0.7611,0.9617,0.0006,-0.2853,0.1546,0.3282
2026-09-14,QQQ,709.485,2026-09-14T19:55:46.564146776Z,2026-10-09,25,C,520.0,0.732926,QQQ261009C00520000,191.71,194.89,193.3,10,10,2026-09-10,0.7294,0.9588,0.0007,-0.2899,0.1639,0.3336
2026-09-14,QQQ,709.485,2026-09-14T19:55:46.564227001Z,2026-10-09,25,C,530.0,0.747021,QQQ261009C00530000,181.86,185.64,183.75,10,10,2026-09-10,0.7163,0.9519,0.0008,-0.3173,0.1856,0.3367
2026-09-14,QQQ,709.485,2026-09-14T19:55:46.556208036Z,2026-10-09,25,C,540.0,0.761115,QQQ261009C00540000,172.42,175.81,174.115,,,,0.696,0.9457,0.0009,-0.3366,0.2046,0.3403
2026-09-14,QQQ,709.485,2026-09-14T19:55:46.556473423Z,2026-10-09,25,C,550.0,0.77521,QQQ261009C00550000,161.22,164.72,162.97,,,,0.5969,0.9577,0.0008,-0.2537,0.1673,0.3538
2026-09-14,QQQ,709.485,2026-09-14T19:55:46.556523565Z,2026-10-09,25,C,560.0,0.789305,QQQ261009C00560000,150.21,153.79,152.0,6,16,2026-09-10,0.4945,0.9722,0.0007,-0.1736,0.1188,0.3683
2026-09-14,QQQ,709.485,2026-09-14T19:55:46.559530719Z,2026-10-09,25,C,575.0,0.810447,QQQ261009C00575000,133.95,137.66,135.805,,,,,,,,,
2026-09-14,QQQ,709.485,2026-09-14T19:55:46.556223192Z,2026-10-09,25,C,585.0,0.824542,QQQ261009C00585000,125.28,126.82,126.05,1,1,2026-09-10,0.2415,0.9991,0.0001,-0.0635,0.0056,0.3992
2026-09-14,QQQ,709.485,2026-09-14T19:55:46.556323108Z,2026-10-09,25,C,595.0,0.838636,QQQ261009C00595000,116.68,119.89,118.285,1,14,2026-09-10,0.4531,0.9413,0.0014,-0.2544,0.2175,0.3764
2026-09-14,QQQ,709.485,2026-09-14T19:55:46.556177728Z,2026-10-09,25,C,605.0,0.852731,QQQ261009C00605000,107.29,108.2,107.745,10,10,2026-09-10,0.3928,0.9481,0.0015,-0.2139,0.1972,0.387
2026-09-14,QQQ,709.485,2026-09-14T19:55:46.555722539Z,2026-10-09,25,C,615.0,0.866826,QQQ261009C00615000,95.23,98.35,96.79,1,,,0.3023,0.9699,0.0012,-0.1383,0.1266,0.4051
2026-09-14,QQQ,709.485,2026-09-14T19:55:46.556874426Z,2026-10-09,25,C,630.0,0.887968,QQQ261009C00630000,81.72,84.83,83.275,1,2,2026-09-10,0.3314,0.9256,0.0023,-0.2329,0.2612,0.3928
2026-09-14,QQQ,709.485,2026-09-14T19:55:46.564507764Z,2026-10-09,25,C,640.0,0.902063,QQQ261009C00640000,71.89,74.87,73.38,7,7,2026-09-10,0.3008,0.9166,0.0027,-0.2316,0.2849,0.3952
2026-09-14,QQQ,709.485,2026-09-14T19:55:46.788406466Z,2026-10-09,25,C,650.0,0.916157,QQQ261009C00650000,62.05,66.33,64.19,2,36,2026-09-10,0.2908,0.8894,0.0035,-0.263,0.3505,0.3883
2026-09-14,QQQ,709.485,2026-09-14T19:55:46.558057298Z,2026-10-09,25,C,660.0,0.930252,QQQ261009C00660000,54.6,56.7,55.65,5,27,2026-09-10,0.2898,0.8476,0.0044,-0.3106,0.4376,0.3738
2026-09-14,QQQ,709.485,2026-09-14T19:55:46.787910029Z,2026-10-09,25,C,670.0,0.944347,QQQ261009C00670000,43.67,46.65,45.16,6,13,2026-09-10,0.2393,0.8384,0.0055,-0.275,0.4548,0.3765
2026-09-14,QQQ,709.485,2026-09-14T19:55:46.562738375Z,2026-10-09,25,C,682.0,0.961261,QQQ261009C00682000,34.84,35.11,34.975,1,1,2026-09-10,0.2249,0.7721,0.0072,-0.3059,0.561,0.3512
2026-09-14,QQQ,709.485,2026-09-14T19:55:44.741272456Z,2026-10-09,25,C,693.0,0.976765,QQQ261009C00693000,25.96,26.44,26.2,2,1,2026-09-10,0.2097,0.6929,0.009,-0.3222,0.6524,0.3188
2026-09-14,QQQ,709.485,2026-09-14T19:55:46.891090914Z,2026-10-09,25,C,704.0,0.992269,QQQ261009C00704000,17.9,17.98,17.94,99,9,2026-09-10,0.1894,0.5928,0.011,-0.315,0.7206,0.2758
2026-09-14,QQQ,709.485,2026-09-14T19:55:47.271792963Z,2026-10-09,25,C,715.0,1.007773,QQQ261009C00715000,11.21,11.78,11.495,874,342,2026-09-10,0.1781,0.4658,0.012,-0.2962,0.7381,0.2185
2026-09-14,QQQ,709.485,2026-09-14T19:55:47.023907385Z,2026-10-09,25,C,726.0,1.023277,QQQ261009C00726000,6.3,6.61,6.455,53,90,2026-09-10,0.1658,0.3273,0.0117,-0.2459,0.6702,0.1546
2026-09-14,QQQ,709.485,2026-09-14T19:55:46.002613423Z,2026-10-09,25,C,737.0,1.038782,QQQ261009C00737000,3.05,3.17,3.11,52,68,2026-09-10,0.1553,0.1976,0.0096,-0.1746,0.516,0.0939
2026-09-14,QQQ,709.485,2026-09-14T19:55:46.366956848Z,2026-10-09,25,C,748.0,1.054286,QQQ261009C00748000,1.31,1.45,1.38,23,106,2026-09-10,0.1506,0.1049,0.0065,-0.1093,0.3374,0.05
2026-09-14,QQQ,709.485,2026-09-14T19:55:47.179929273Z,2026-10-09,25,C,759.0,1.06979,QQQ261009C00759000,0.53,0.6,0.565,24,32,2026-09-10,0.1486,0.0498,0.0037,-0.0603,0.1908,0.0238
2026-09-14,QQQ,709.485,2026-09-14T19:55:44.926092874Z,2026-10-09,25,C,770.0,1.085294,QQQ261009C00770000,0.27,0.3,0.285,687,613,2026-09-10,0.1547,0.0264,0.0021,-0.0371,0.1137,0.0126
2026-09-14,QQQ,709.485,2026-09-14T19:55:46.606032142Z,2026-10-09,25,C,780.0,1.099389,QQQ261009C00780000,0.11,0.19,0.15,47,551,2026-09-10,0.1597,0.0145,0.0012,-0.0229,0.0684,0.007
2026-09-14,QQQ,709.485,2026-09-14T19:55:47.027531054Z,2026-10-09,25,C,790.0,1.113484,QQQ261009C00790000,0.05,0.09,0.07,43,710,2026-09-10,0.1623,0.0072,0.0007,-0.0125,0.037,0.0034
2026-09-14,QQQ,709.485,2026-09-14T19:55:46.522196784Z,2026-10-09,25,C,800.0,1.127578,QQQ261009C00800000,0.05,0.09,0.07,499,175,2026-09-10,0.1792,0.0066,0.0006,-0.0127,0.0342,0.0031
2026-09-14,QQQ,709.485,2026-09-14T19:55:44.670914811Z,2026-10-09,25,C,815.0,1.148721,QQQ261009C00815000,0.03,0.07,0.05,20,56,2026-09-10,0.1967,0.0044,0.0004,-0.0098,0.0242,0.0021
2026-09-14,QQQ,709.485,2026-09-14T19:55:47.027591148Z,2026-10-09,25,C,825.0,1.162815,QQQ261009C00825000,0.03,0.06,0.045,500,8,2026-09-10,0.21,0.0038,0.0003,-0.0091,0.021,0.0018
2026-09-14,QQQ,709.485,2026-09-14T19:55:47.027622662Z,2026-10-09,25,C,835.0,1.17691,QQQ261009C00835000,0,0.02,0.01,220,115,2026-09-10,,,,,,
2026-09-14,QQQ,709.485,2026-09-14T19:55:02.897353559Z,2026-10-09,25,C,845.0,1.191005,QQQ261009C00845000,0,0.06,0.03,,,,,,,,,
2026-09-14,QQQ,709.485,2026-09-14T19:55:02.897013224Z,2026-10-09,25,C,860.0,1.212147,QQQ261009C00860000,0,0.06,0.03,140,140,2026-09-10,,,,,,
2026-09-14,QQQ,709.485,2026-09-14T19:55:47.027531054Z,2026-10-09,25,C,870.0,1.226242,QQQ261009C00870000,0,0.05,0.025,,,,,,,,,
2026-09-14,QQQ,709.485,2026-09-14T19:55:47.027602063Z,2026-10-09,25,C,880.0,1.240336,QQQ261009C00880000,0,0.05,0.025,,,,,,,,,
2026-09-14,QQQ,709.485,2026-09-14T19:55:45.833676237Z,2026-10-09,25,C,890.0,1.254431,QQQ261009C00890000,0,0.01,0.005,,,,,,,,,
2026-09-14,QQQ,709.485,2026-09-14T19:55:45.836873465Z,2026-10-09,25,C,900.0,1.268526,QQQ261009C00900000,0,0.01,0.005,,,,,,,,,
2026-09-14,QQQ,709.485,2026-09-14T19:55:39.688075944Z,2026-10-09,25,C,910.0,1.28262,QQQ261009C00910000,0,0.01,0.005,,,,,,,,,
2026-09-14,QQQ,709.485,2026-09-14T19:55:39.688115256Z,2026-10-09,25,C,920.0,1.296715,QQQ261009C00920000,0,0.01,0.005,,,,,,,,,
2026-09-14,QQQ,709.485,2026-09-14T19:55:47.965955805Z,2026-10-09,25,P,500.0,0.704737,QQQ261009P00500000,0.13,0.18,0.155,41,167,2026-09-10,0.5342,-0.0048,0.0001,-0.0271,0.0257,-0.0024
2026-09-14,QQQ,709.485,2026-09-14T19:55:48.020972161Z,2026-10-09,25,P,510.0,0.718831,QQQ261009P00510000,0.15,0.23,0.19,35,85,2026-09-10,0.519,-0.0059,0.0002,-0.0318,0.0311,-0.003
2026-09-14,QQQ,709.485,2026-09-14T19:55:47.976335564Z,2026-10-09,25,P,520.0,0.732926,QQQ261009P00520000,0.22,0.26,0.24,6,8,2026-09-10,0.5058,-0.0075,0.0002,-0.0382,0.0383,-0.0038
2026-09-14,QQQ,709.485,2026-09-14T19:55:47.967629794Z,2026-10-09,25,P,530.0,0.747021,QQQ261009P00530000,0.26,0.3,0.28,1,10,2026-09-10,0.4877,-0.0089,0.0003,-0.0428,0.0446,-0.0045
2026-09-14,QQQ,709.485,2026-09-14T19:55:47.981437822Z,2026-10-09,25,P,540.0,0.761115,QQQ261009P00540000,0.26,0.31,0.285,2,74,2026-09-10,0.4611,-0.0095,0.0003,-0.0429,0.0474,-0.0048
2026-09-14,QQQ,709.485,2026-09-14T19:55:47.972526486Z,2026-10-09,25,P,550.0,0.77521,QQQ261009P00550000,0.36,0.4,0.38,7,222,2026-09-10,0.451,-0.0126,0.0004,-0.0535,0.0604,-0.0064
2026-09-14,QQQ,709.485,2026-09-14T19:55:47.980455384Z,2026-10-09,25,P,560.0,0.789305,QQQ261009P00560000,0.42,0.46,0.44,6,130,2026-09-10,0.4322,-0.0149,0.0005,-0.0593,0.0699,-0.0075
2026-09-14,QQQ,709.485,2026-09-14T19:55:47.918201718Z,2026-10-09,25,P,575.0,0.810447,QQQ261009P00575000,0.49,0.54,0.515,16,74,2026-09-10,0.3998,-0.0184,0.0006,-0.0656,0.0839,-0.0093
2026-09-14,QQQ,709.485,2026-09-14T19:55:47.440285762Z,2026-10-09,25,P,585.0,0.824542,QQQ261009P00585000,0.63,0.64,0.635,158,491,2026-09-10,0.3844,-0.023,0.0008,-0.076,0.1012,-0.0116
2026-09-14,QQQ,709.485,2026-09-14T19:55:47.568987895Z,2026-10-09,25,P,595.0,0.838636,QQQ261009P00595000,0.74,0.76,0.75,6,170,2026-09-10,0.366,-0.0278,0.0009,-0.0848,0.1187,-0.014
2026-09-14,QQQ,709.485,2026-09-14T19:55:48.009234178Z,2026-10-09,25,P,605.0,0.852731,QQQ261009P00605000,0.89,0.91,0.9,2,140,2026-09-10,0.3484,-0.0341,0.0012,-0.0953,0.1406,-0.0172
2026-09-14,QQQ,709.485,2026-09-14T19:55:47.980545869Z,2026-10-09,25,P,615.0,0.866826,QQQ261009P00615000,1.08,1.16,1.12,110,125,2026-09-10,0.3327,-0.043,0.0015,-0.1096,0.1697,-0.0217
2026-09-14,QQQ,709.485,2026-09-14T19:55:47.479068123Z,2026-10-09,25,P,630.0,0.887968,QQQ261009P00630000,1.5,1.57,1.535,74,333,2026-09-10,0.3075,-0.0604,0.0021,-0.1322,0.2225,-0.0304
2026-09-14,QQQ,709.485,2026-09-14T19:55:47.370188168Z,2026-10-09,25,P,640.0,0.902063,QQQ261009P00640000,1.83,1.97,1.9,323,1223,2026-09-10,0.2902,-0.0761,0.0027,-0.1485,0.2659,-0.0383
2026-09-14,QQQ,709.485,2026-09-14T19:55:47.833534561Z,2026-10-09,25,P,650.0,0.916157,QQQ261009P00650000,2.41,2.46,2.435,508,926,2026-09-10,0.2748,-0.0982,0.0034,-0.1692,0.3215,-0.0494
2026-09-14,QQQ,709.485,2026-09-14T19:55:47.692442731Z,2026-10-09,25,P,660.0,0.930252,QQQ261009P00660000,3.01,3.08,3.045,254,738,2026-09-10,0.2567,-0.1249,0.0043,-0.1866,0.3821,-0.0628
2026-09-14,QQQ,709.485,2026-09-14T19:55:48.247097691Z,2026-10-09,25,P,670.0,0.944347,QQQ261009P00670000,3.97,4.09,4.03,256,986,2026-09-10,0.2424,-0.1641,0.0055,-0.2102,0.4594,-0.0825
2026-09-14,QQQ,709.485,2026-09-14T19:55:48.172899993Z,2026-10-09,25,P,682.0,0.961261,QQQ261009P00682000,5.59,5.84,5.715,7,78,2026-09-10,0.2258,-0.2282,0.0072,-0.2361,0.5614,-0.1148
2026-09-14,QQQ,709.485,2026-09-14T19:55:48.009264162Z,2026-10-09,25,P,693.0,0.976765,QQQ261009P00693000,7.99,8.14,8.065,14,44,2026-09-10,0.2129,-0.3088,0.0089,-0.2548,0.654,-0.1556
2026-09-14,QQQ,709.485,2026-09-14T19:55:47.767266351Z,2026-10-09,25,P,704.0,0.992269,QQQ261009P00704000,10.79,11.13,10.96,146,164,2026-09-10,0.195,-0.4084,0.0107,-0.2499,0.7213,-0.206
2026-09-14,QQQ,709.485,2026-09-14T19:55:47.850109165Z,2026-10-09,25,P,715.0,1.007773,QQQ261009P00715000,15.66,15.82,15.74,62,508,2026-09-10,0.1871,-0.5308,0.0114,-0.2355,0.7387,-0.2688
2026-09-14,QQQ,709.485,2026-09-14T19:55:47.845578316Z,2026-10-09,25,P,726.0,1.023277,QQQ261009P00726000,21.63,22.14,21.885,197,18,2026-09-10,0.179,-0.6587,0.011,-0.1928,0.6814,-0.3352
2026-09-14,QQQ,709.485,2026-09-14T19:55:47.970837535Z,2026-10-09,25,P,737.0,1.038782,QQQ261009P00737000,28.05,31.04,29.545,1,3,2026-09-10,0.1727,-0.7759,0.0093,-0.1314,0.5557,-0.3973
2026-09-14,QQQ,709.485,2026-09-14T19:55:47.970797411Z,2026-10-09,25,P,748.0,1.054286,QQQ261009P00748000,37.5,38.88,38.19,20,,,0.1602,-0.8798,0.0067,-0.05,0.3719,-0.4538
2026-09-14,QQQ,709.485,2026-09-14T19:55:47.970732193Z,2026-10-09,25,P,759.0,1.06979,QQQ261009P00759000,47.55,50.03,48.79,,,,0.1805,-0.9108,0.0048,-0.0356,0.2995,-0.4761
2026-09-14,QQQ,709.485,2026-09-14T19:55:47.400601226Z,2026-10-09,25,P,770.0,1.085294,QQQ261009P00770000,57.53,60.58,59.055,,,,0.179,-0.952,0.003,0.0103,0.1853,-0.5031
2026-09-14,QQQ,709.485,2026-09-14T19:55:33.272029535Z,2026-10-09,25,P,780.0,1.099389,QQQ261009P00780000,69.85,70.27,70.06,2,,,0.2473,-0.9176,0.0033,-0.0644,0.2824,-0.4939
2026-09-14,QQQ,709.485,2026-09-14T19:55:47.970972797Z,2026-10-09,25,P,790.0,1.113484,QQQ261009P00790000,79.41,83.04,81.225,,,,0.3117,-0.8931,0.0032,-0.1387,0.3422,-0.4897
2026-09-14,QQQ,709.485,2026-09-14T19:55:47.970581877Z,2026-10-09,25,P,800.0,1.127578,QQQ261009P00800000,88.55,90.02,89.285,,,,0.2642,-0.9517,0.002,-0.0186,0.1862,-0.5237
2026-09-14,QQQ,709.485,2026-09-14T19:55:47.970732193Z,2026-10-09,25,P,815.0,1.148721,QQQ261009P00815000,105.19,107.52,106.355,,,,0.3829,-0.9042,0.0024,-0.1637,0.3157,-0.5123
2026-09-14,QQQ,709.485,2026-09-14T19:55:28.922928768Z,2026-10-09,25,P,825.0,1.162815,QQQ261009P00825000,114.35,117.04,115.695,,,,0.3857,-0.9217,0.002,-0.1293,0.2717,-0.5272
2026-09-14,QQQ,709.485,2026-09-14T19:55:47.729406119Z,2026-10-09,25,P,835.0,1.17691,QQQ261009P00835000,124.11,125.97,125.04,,,,0.3833,-0.939,0.0017,-0.0892,0.2241,-0.542
2026-09-14,QQQ,709.485,2026-09-14T19:55:47.812694891Z,2026-10-09,25,P,845.0,1.191005,QQQ261009P00845000,131.68,138.66,135.17,,,,0.4122,-0.9383,0.0016,-0.1028,0.2261,-0.5486
2026-09-14,QQQ,709.485,2026-09-14T19:55:47.970837535Z,2026-10-09,25,P,860.0,1.212147,QQQ261009P00860000,148.17,149.37,148.77,,,,0.3598,-0.9754,0.0009,0.0107,0.1071,-0.576
2026-09-14,QQQ,709.485,2026-09-14T19:55:47.970837535Z,2026-10-09,25,P,870.0,1.226242,QQQ261009P00870000,159.48,162.69,161.085,,,,0.5072,-0.9264,0.0015,-0.1776,0.2592,-0.5606
2026-09-14,QQQ,709.485,2026-09-14T19:55:48.000333136Z,2026-10-09,25,P,880.0,1.240336,QQQ261009P00880000,169.96,171.18,170.57,,,,0.5086,-0.9371,0.0013,-0.1463,0.2295,-0.5723
2026-09-14,QQQ,709.485,2026-09-14T19:55:47.970877508Z,2026-10-09,25,P,890.0,1.254431,QQQ261009P00890000,179.91,185.12,182.515,,,,0.604,-0.9095,0.0015,-0.2794,0.3028,-0.567
2026-09-14,QQQ,709.485,2026-09-14T19:55:43.306795337Z,2026-10-09,25,P,900.0,1.268526,QQQ261009P00900000,189.02,189.89,189.455,,,,0.4931,-0.9606,0.0009,-0.0651,0.1582,-0.5966
2026-09-14,QQQ,709.485,2026-09-14T19:55:47.970773128Z,2026-10-09,25,P,910.0,1.28262,QQQ261009P00910000,198.74,201.25,199.995,,,,0.5447,-0.9511,0.001,-0.1137,0.1882,-0.5992
2026-09-14,QQQ,709.485,2026-09-14T19:55:47.970797411Z,2026-10-09,25,P,920.0,1.296715,QQQ261009P00920000,212.33,216.07,214.2,,,,0.7253,-0.8961,0.0013,-0.3976,0.3352,-0.5822
2026-09-14,QQQ,709.485,2026-09-14T19:55:46.561823996Z,2026-10-16,32,C,500.0,0.704737,QQQ261016C00500000,209.27,214.28,211.775,1,113,2026-09-10,0.5605,0.9865,0.0003,-0.1147,0.0726,0.428
2026-09-14,QQQ,709.485,2026-09-14T19:55:46.561718872Z,2026-10-16,32,C,510.0,0.718831,QQQ261016C00510000,202.38,207.09,204.735,8,13,2026-09-10,0.7338,0.9499,0.0007,-0.2981,0.2171,0.4114
2026-09-14,QQQ,709.485,2026-09-14T19:55:32.711334235Z,2026-10-16,32,C,520.0,0.732926,QQQ261016C00520000,188.1,196.25,192.175,22,65,2026-09-10,0.5417,0.9793,0.0004,-0.1415,0.1049,0.4407
2026-09-14,QQQ,709.485,2026-09-14T19:55:46.562967337Z,2026-10-16,32,C,530.0,0.747021,QQQ261016C00530000,177.62,180.76,179.19,2,41,2026-09-10,,,,,,
2026-09-14,QQQ,709.485,2026-09-14T19:55:46.562726116Z,2026-10-16,32,C,540.0,0.761115,QQQ261016C00540000,170.01,170.31,170.16,1,194,2026-09-10,,,,,,
2026-09-14,QQQ,709.485,2026-09-14T19:55:46.562640986Z,2026-10-16,32,C,550.0,0.77521,QQQ261016C00550000,160.41,164.95,162.68,1,145,2026-09-10,0.4876,0.9685,0.0007,-0.1683,0.1488,0.4598
2026-09-14,QQQ,709.485,2026-09-14T19:55:46.561308459Z,2026-10-16,32,C,560.0,0.789305,QQQ261016C00560000,151.97,156.56,154.265,40,190,2026-09-10,0.5375,0.9438,0.001,-0.2536,0.2377,0.4518
2026-09-14,QQQ,709.485,2026-09-14T19:55:46.562420401Z,2026-10-16,32,C,575.0,0.810447,QQQ261016C00575000,136.53,141.09,138.81,1,43,2026-09-10,0.4688,0.9461,0.0011,-0.2243,0.2301,0.4668
2026-09-14,QQQ,709.485,2026-09-14T19:55:46.563377668Z,2026-10-16,32,C,585.0,0.824542,QQQ261016C00585000,127.16,128.81,127.985,1,95,2026-09-10,0.3985,0.9575,0.0011,-0.1761,0.19,0.4834
2026-09-14,QQQ,709.485,2026-09-14T19:55:46.561538251Z,2026-10-16,32,C,595.0,0.838636,QQQ261016C00595000,116.03,117,116.515,46,191,2026-09-10,0.1946,0.9992,0.0001,-0.0639,0.006,0.5194
2026-09-14,QQQ,709.485,2026-09-14T19:55:46.566540206Z,2026-10-16,32,C,605.0,0.852731,QQQ261016C00605000,107.76,111.15,109.455,3,368,2026-09-10,0.397,0.9255,0.0017,-0.2409,0.296,0.4797
2026-09-14,QQQ,709.485,2026-09-14T19:55:46.537776593Z,2026-10-16,32,C,615.0,0.866826,QQQ261016C00615000,96.52,98.62,97.57,8,532,2026-09-10,0.2885,0.9604,0.0014,-0.142,0.1795,0.5119
2026-09-14,QQQ,709.485,2026-09-14T19:55:43.307894072Z,2026-10-16,32,C,630.0,0.887968,QQQ261016C00630000,83.8,84.42,84.11,7,779,2026-09-10,0.3063,0.9182,0.0024,-0.2115,0.3177,0.4974
2026-09-14,QQQ,709.485,2026-09-14T19:55:46.513799353Z,2026-10-16,32,C,640.0,0.902063,QQQ261016C00640000,73.74,76.8,75.27,124,340,2026-09-10,0.3065,0.8885,0.0029,-0.2491,0.3988,0.4867
2026-09-14,QQQ,709.485,2026-09-14T19:55:46.125498454Z,2026-10-16,32,C,650.0,0.916157,QQQ261016C00650000,64.43,67.09,65.76,27,1585,2026-09-10,0.2844,0.8691,0.0036,-0.2561,0.4465,0.483
2026-09-14,QQQ,709.485,2026-09-14T19:55:46.685615496Z,2026-10-16,32,C,660.0,0.930252,QQQ261016C00660000,52.98,55.74,54.36,9,1016,2026-09-10,0.2185,0.8853,0.0042,-0.199,0.4069,0.5031
2026-09-14,QQQ,709.485,2026-09-14T19:55:42.577837059Z,2026-10-16,32,C,671.0,0.945756,QQQ261016C00671000,45.45,45.63,45.54,6,27,2026-09-10,0.2263,0.8203,0.0055,-0.2509,0.5507,0.4703
2026-09-14,QQQ,709.485,2026-09-14T19:55:46.48984727Z,2026-10-16,32,C,682.0,0.961261,QQQ261016C00682000,35.96,37.24,36.6,12,42,2026-09-10,0.2181,0.757,0.0068,-0.2765,0.6576,0.4388
2026-09-14,QQQ,709.485,2026-09-14T19:55:46.178775613Z,2026-10-16,32,C,693.0,0.976765,QQQ261016C00693000,27.55,28.05,27.8,17,109,2026-09-10,0.2023,0.6841,0.0084,-0.2841,0.7472,0.4012
2026-09-14,QQQ,709.485,2026-09-14T19:55:46.870084792Z,2026-10-16,32,C,704.0,0.992269,QQQ261016C00704000,20.34,20.46,20.4,543,178,2026-09-10,0.1939,0.5882,0.0096,-0.2893,0.8175,0.348
2026-09-14,QQQ,709.485,2026-09-14T19:55:46.996326872Z,2026-10-16,32,C,715.0,1.007773,QQQ261016C00715000,13.42,13.57,13.495,1302,6493,2026-09-10,0.1785,0.4777,0.0106,-0.2675,0.8368,0.2853
2026-09-14,QQQ,709.485,2026-09-14T19:55:46.202456419Z,2026-10-16,32,C,726.0,1.023277,QQQ261016C00726000,8.39,8.46,8.425,568,772,2026-09-10,0.1698,0.3576,0.0105,-0.2338,0.7841,0.215
2026-09-14,QQQ,709.485,2026-09-14T19:55:46.637380459Z,2026-10-16,32,C,737.0,1.038782,QQQ261016C00737000,4.65,4.69,4.67,292,434,2026-09-10,0.1606,0.2404,0.0092,-0.1814,0.6537,0.1455
2026-09-14,QQQ,709.485,2026-09-14T19:55:46.523918561Z,2026-10-16,32,C,748.0,1.054286,QQQ261016C00748000,2.38,2.41,2.395,169,986,2026-09-10,0.1551,0.1458,0.007,-0.127,0.4807,0.0886
2026-09-14,QQQ,709.485,2026-09-14T19:55:46.433192092Z,2026-10-16,32,C,760.0,1.0712,QQQ261016C00760000,1.1,1.12,1.11,1664,6343,2026-09-10,0.1531,0.0779,0.0045,-0.0789,0.3061,0.0475
2026-09-14,QQQ,709.485,2026-09-14T19:55:45.622507488Z,2026-10-16,32,C,770.0,1.085294,QQQ261016C00770000,0.54,0.62,0.58,1678,23082,2026-09-10,0.1537,0.0445,0.0029,-0.0507,0.1974,0.0272
2026-09-14,QQQ,709.485,2026-09-14T19:55:46.191951795Z,2026-10-16,32,C,780.0,1.099389,QQQ261016C00780000,0.34,0.35,0.345,563,5799,2026-09-10,0.1588,0.0275,0.0019,-0.035,0.1328,0.0168
2026-09-14,QQQ,709.485,2026-09-14T19:55:46.520545492Z,2026-10-16,32,C,790.0,1.113484,QQQ261016C00790000,0.15,0.18,0.165,1049,3594,2026-09-10,0.1588,0.0142,0.0011,-0.0199,0.0761,0.0087
2026-09-14,QQQ,709.485,2026-09-14T19:55:46.856442035Z,2026-10-16,32,C,800.0,1.127578,QQQ261016C00800000,0.13,0.15,0.14,6129,28433,2026-09-10,0.1714,0.0115,0.0008,-0.0178,0.0632,0.007
2026-09-14,QQQ,709.485,2026-09-14T19:55:45.37904638Z,2026-10-16,32,C,815.0,1.148721,QQQ261016C00815000,0.06,0.1,0.08,15,1728,2026-09-10,0.1821,0.0065,0.0005,-0.0115,0.0386,0.004
2026-09-14,QQQ,709.485,2026-09-14T19:55:47.241706342Z,2026-10-16,32,C,825.0,1.162815,QQQ261016C00825000,0.05,0.08,0.065,27,7415,2026-09-10,0.1921,0.0052,0.0004,-0.0098,0.0313,0.0032
2026-09-14,QQQ,709.485,2026-09-14T19:55:46.86477186Z,2026-10-16,32,C,835.0,1.17691,QQQ261016C00835000,0.03,0.07,0.05,8,1911,2026-09-10,0.2003,0.0039,0.0003,-0.0079,0.0244,0.0024
2026-09-14,QQQ,709.485,2026-09-14T19:55:46.864426236Z,2026-10-16,32,C,845.0,1.191005,QQQ261016C00845000,0.01,0.02,0.015,3,1617,2026-09-10,0.191,0.0013,0.0001,-0.0029,0.0093,0.0008
2026-09-14,QQQ,709.485,2026-09-14T19:55:46.818982665Z,2026-10-16,32,C,855.0,1.205099,QQQ261016C00855000,0,0.02,0.01,2,614,2026-09-10,,,,,,
2026-09-14,QQQ,709.485,2026-09-14T19:55:46.364874051Z,2026-10-16,32,C,870.0,1.226242,QQQ261016C00870000,0,0.05,0.025,1,325,2026-09-10,,,,,,
2026-09-14,QQQ,709.485,2026-09-14T19:55:47.024558468Z,2026-10-16,32,C,880.0,1.240336,QQQ261016C00880000,0,0.02,0.01,10,1448,2026-09-10,,,,,,
2026-09-14,QQQ,709.485,2026-09-14T19:55:47.025515393Z,2026-10-16,32,C,890.0,1.254431,QQQ261016C00890000,0,0.01,0.005,2,331,2026-09-10,,,,,,
2026-09-14,QQQ,709.485,2026-09-14T19:55:47.025280202Z,2026-10-16,32,C,900.0,1.268526,QQQ261016C00900000,0,0.01,0.005,1,17309,2026-09-10,,,,,,
2026-09-14,QQQ,709.485,2026-09-14T19:55:47.025289851Z,2026-10-16,32,C,910.0,1.28262,QQQ261016C00910000,0,0.01,0.005,5,471,2026-09-10,,,,,,
2026-09-14,QQQ,709.485,2026-09-14T19:55:47.025530508Z,2026-10-16,32,C,920.0,1.296715,QQQ261016C00920000,0,0.01,0.005,40,4229,2026-09-10,,,,,,
2026-09-14,QQQ,709.485,2026-09-14T19:55:48.011160173Z,2026-10-16,32,P,500.0,0.704737,QQQ261016P00500000,0.24,0.27,0.255,321,6426,2026-09-10,0.5016,-0.0071,0.0002,-0.0318,0.0413,-0.0046
2026-09-14,QQQ,709.485,2026-09-14T19:55:47.954232734Z,2026-10-16,32,P,510.0,0.718831,QQQ261016P00510000,0.28,0.36,0.32,2,748,2026-09-10,0.4902,-0.0089,0.0002,-0.0379,0.0504,-0.0058
2026-09-14,QQQ,709.485,2026-09-14T19:55:48.012305998Z,2026-10-16,32,P,520.0,0.732926,QQQ261016P00520000,0.33,0.37,0.35,909,4756,2026-09-10,0.4702,-0.01,0.0003,-0.0404,0.056,-0.0065
2026-09-14,QQQ,709.485,2026-09-14T19:55:47.965900832Z,2026-10-16,32,P,530.0,0.747021,QQQ261016P00530000,0.39,0.42,0.405,606,1531,2026-09-10,0.4538,-0.0118,0.0003,-0.0449,0.0646,-0.0077
2026-09-14,QQQ,709.485,2026-09-14T19:55:47.506737381Z,2026-10-16,32,P,540.0,0.761115,QQQ261016P00540000,0.45,0.49,0.47,226,8568,2026-09-10,0.4375,-0.0139,0.0004,-0.05,0.0747,-0.0091
2026-09-14,QQQ,709.485,2026-09-14T19:55:47.841333993Z,2026-10-16,32,P,550.0,0.77521,QQQ261016P00550000,0.57,0.6,0.585,76,16812,2026-09-10,0.4256,-0.0174,0.0005,-0.0587,0.0903,-0.0113
2026-09-14,QQQ,709.485,2026-09-14T19:55:47.902105076Z,2026-10-16,32,P,560.0,0.789305,QQQ261016P00560000,0.65,0.69,0.67,107,2801,2026-09-10,0.4083,-0.0204,0.0006,-0.0643,0.1033,-0.0133
2026-09-14,QQQ,709.485,2026-09-14T19:55:48.059117698Z,2026-10-16,32,P,575.0,0.810447,QQQ261016P00575000,0.84,0.86,0.85,153,5585,2026-09-10,0.3844,-0.0265,0.0008,-0.0755,0.1291,-0.0173
2026-09-14,QQQ,709.485,2026-09-14T19:55:48.062570595Z,2026-10-16,32,P,585.0,0.824542,QQQ261016P00585000,0.96,1,0.98,125,4827,2026-09-10,0.3672,-0.0314,0.0009,-0.0826,0.1483,-0.0204
2026-09-14,QQQ,709.485,2026-09-14T19:55:47.71647695Z,2026-10-16,32,P,595.0,0.838636,QQQ261016P00595000,1.09,1.13,1.11,102,8518,2026-09-10,0.3485,-0.0366,0.0011,-0.0889,0.1686,-0.0238
2026-09-14,QQQ,709.485,2026-09-14T19:55:47.766020927Z,2026-10-16,32,P,605.0,0.852731,QQQ261016P00605000,1.34,1.38,1.36,82,10033,2026-09-10,0.3347,-0.0453,0.0014,-0.1012,0.2002,-0.0294
2026-09-14,QQQ,709.485,2026-09-14T19:55:47.683814659Z,2026-10-16,32,P,615.0,0.866826,QQQ261016P00615000,1.58,1.61,1.595,118,4092,2026-09-10,0.3177,-0.0544,0.0017,-0.1108,0.2317,-0.0352
2026-09-14,QQQ,709.485,2026-09-14T19:55:47.999114735Z,2026-10-16,32,P,630.0,0.887968,QQQ261016P00630000,2.16,2.19,2.175,783,19650,2026-09-10,0.2964,-0.0752,0.0023,-0.1322,0.2981,-0.0487
2026-09-14,QQQ,709.485,2026-09-14T19:55:48.173454733Z,2026-10-16,32,P,640.0,0.902063,QQQ261016P00640000,2.59,2.64,2.615,1112,25831,2026-09-10,0.2799,-0.0922,0.0028,-0.1448,0.3474,-0.0597
2026-09-14,QQQ,709.485,2026-09-14T19:55:47.678406386Z,2026-10-16,32,P,650.0,0.916157,QQQ261016P00650000,3.33,3.34,3.335,6679,31461,2026-09-10,0.2675,-0.1172,0.0035,-0.1637,0.4132,-0.0758
2026-09-14,QQQ,709.485,2026-09-14T19:55:47.432656863Z,2026-10-16,32,P,660.0,0.930252,QQQ261016P00660000,4.16,4.26,4.21,1508,21334,2026-09-10,0.2539,-0.1478,0.0043,-0.181,0.4851,-0.0956
2026-09-14,QQQ,709.485,2026-09-14T19:55:47.709805777Z,2026-10-16,32,P,671.0,0.945756,QQQ261016P00671000,5.36,5.6,5.48,195,487,2026-09-10,0.239,-0.1914,0.0054,-0.1991,0.5726,-0.1238
2026-09-14,QQQ,709.485,2026-09-14T19:55:47.683783835Z,2026-10-16,32,P,682.0,0.961261,QQQ261016P00682000,7.15,7.38,7.265,114,1074,2026-09-10,0.2254,-0.2489,0.0067,-0.2153,0.6662,-0.1612
2026-09-14,QQQ,709.485,2026-09-14T19:55:47.893598287Z,2026-10-16,32,P,693.0,0.976765,QQQ261016P00693000,9.68,9.74,9.71,242,1027,2026-09-10,0.2125,-0.3225,0.008,-0.2253,0.7538,-0.2091
2026-09-14,QQQ,709.485,2026-09-14T19:55:47.683720209Z,2026-10-16,32,P,704.0,0.992269,QQQ261016P00704000,12.79,12.9,12.845,351,390,2026-09-10,0.1982,-0.4125,0.0094,-0.2213,0.8179,-0.2679
2026-09-14,QQQ,709.485,2026-09-14T19:55:47.426583317Z,2026-10-16,32,P,715.0,1.007773,QQQ261016P00715000,16.81,16.99,16.9,1597,6181,2026-09-10,0.1827,-0.5205,0.0104,-0.1985,0.8371,-0.3386
2026-09-14,QQQ,709.485,2026-09-14T19:55:48.215098759Z,2026-10-16,32,P,726.0,1.023277,QQQ261016P00726000,22.95,23.63,23.29,172,305,2026-09-10,0.1807,-0.6323,0.0099,-0.1741,0.7917,-0.4138
2026-09-14,QQQ,709.485,2026-09-14T19:55:47.890676426Z,2026-10-16,32,P,737.0,1.038782,QQQ261016P00737000,31.09,33.02,32.055,13,106,2026-09-10,0.1959,-0.7145,0.0083,-0.162,0.7139,-0.4726
2026-09-14,QQQ,709.485,2026-09-14T19:55:43.3087833Z,2026-10-16,32,P,748.0,1.054286,QQQ261016P00748000,38.25,40.61,39.43,1,17,2026-09-10,0.1766,-0.8206,0.0071,-0.0867,0.5501,-0.5451
2026-09-14,QQQ,709.485,2026-09-14T19:55:47.924256305Z,2026-10-16,32,P,760.0,1.0712,QQQ261016P00760000,47.98,52.44,50.21,32,269,2026-09-10,0.1862,-0.8763,0.0052,-0.0546,0.4295,-0.5891
2026-09-14,QQQ,709.485,2026-09-14T19:55:47.908548973Z,2026-10-16,32,P,770.0,1.085294,QQQ261016P00770000,59.31,60.69,60.0,7,23,2026-09-10,0.2073,-0.8936,0.0042,-0.0522,0.3857,-0.6085
2026-09-14,QQQ,709.485,2026-09-14T19:55:47.966273595Z,2026-10-16,32,P,780.0,1.099389,QQQ261016P00780000,67.34,71.04,69.19,2,10,2026-09-10,0.2077,-0.9269,0.0032,-0.0186,0.2918,-0.6373
2026-09-14,QQQ,709.485,2026-09-14T19:55:47.965952243Z,2026-10-16,32,P,790.0,1.113484,QQQ261016P00790000,79.92,83,81.46,2,,,0.2941,-0.8751,0.0033,-0.1251,0.4323,-0.6158
2026-09-14,QQQ,709.485,2026-09-14T19:55:47.965906223Z,2026-10-16,32,P,800.0,1.127578,QQQ261016P00800000,87.27,93.05,90.16,3,7,2026-09-10,0.2851,-0.9097,0.0027,-0.0754,0.3421,-0.645
2026-09-14,QQQ,709.485,2026-09-14T19:55:47.965976084Z,2026-10-16,32,P,815.0,1.148721,QQQ261016P00815000,102.62,104.81,103.715,24,,,0.265,-0.9538,0.0017,-0.0025,0.2034,-0.6843
2026-09-14,QQQ,709.485,2026-09-14T19:55:47.966116012Z,2026-10-16,32,P,825.0,1.162815,QQQ261016P00825000,113.84,114.46,114.15,15,10,2026-09-10,0.3056,-0.9433,0.0018,-0.0322,0.2393,-0.6869
2026-09-14,QQQ,709.485,2026-09-14T19:55:47.966151069Z,2026-10-16,32,P,835.0,1.17691,QQQ261016P00835000,124.55,127.12,125.835,2,,,0.3849,-0.9101,0.002,-0.1242,0.3408,-0.6765
2026-09-14,QQQ,709.485,2026-09-14T19:55:48.078704185Z,2026-10-16,32,P,845.0,1.191005,QQQ261016P00845000,133,136.34,134.67,3,,,0.368,-0.9355,0.0016,-0.0687,0.2649,-0.7
2026-09-14,QQQ,709.485,2026-09-14T19:55:47.966993025Z,2026-10-16,32,P,855.0,1.205099,QQQ261016P00855000,142.83,146.12,144.475,2,,,0.3808,-0.9415,0.0015,-0.061,0.2455,-0.7124
2026-09-14,QQQ,709.485,2026-09-14T19:55:47.967164259Z,2026-10-16,32,P,870.0,1.226242,QQQ261016P00870000,161.15,162.64,161.895,2,,,0.4916,-0.9039,0.0016,-0.191,0.3581,-0.7043
2026-09-14,QQQ,709.485,2026-09-14T19:55:47.967208987Z,2026-10-16,32,P,880.0,1.240336,QQQ261016P00880000,168.03,173.87,170.95,6,,,0.4844,-0.9201,0.0015,-0.1499,0.3121,-0.7223
2026-09-14,QQQ,709.485,2026-09-14T19:55:47.967389427Z,2026-10-16,32,P,890.0,1.254431,QQQ261016P00890000,178.19,185.28,181.735,4,,,0.529,-0.911,0.0014,-0.1931,0.3385,-0.726
2026-09-14,QQQ,709.485,2026-09-14T19:55:47.967556423Z,2026-10-16,32,P,900.0,1.268526,QQQ261016P00900000,185.27,191.89,188.58,2,,,0.4225,-0.9649,0.0009,-0.016,0.1627,-0.7656
2026-09-14,QQQ,709.485,2026-09-14T19:55:47.96760038Z,2026-10-16,32,P,910.0,1.28262,QQQ261016P00910000,194.97,205.13,200.05,1,,,0.5115,-0.9388,0.0011,-0.1124,0.2542,-0.7594
2026-09-14,QQQ,709.485,2026-09-14T19:55:47.967649713Z,2026-10-16,32,P,920.0,1.296715,QQQ261016P00920000,210.78,213.36,212.07,4,,,0.5992,-0.9125,0.0013,-0.2229,0.3342,-0.7536
2026-09-14,IWM,288.01,2026-09-14T19:55:49.803220997Z,2026-10-09,25,C,205.0,0.711781,IWM261009C00205000,83.93,86.53,85.23,2,,,0.8782,0.9458,0.0017,-0.165,0.0828,0.1282
2026-09-14,IWM,288.01,2026-09-14T19:55:01.174769863Z,2026-10-09,25,C,210.0,0.729141,IWM261009C00210000,76.13,79.17,77.65,,,,,,,,,
2026-09-14,IWM,288.01,2026-09-14T19:55:01.037122145Z,2026-10-09,25,C,215.0,0.746502,IWM261009C00215000,71.97,75.52,73.745,,,,0.5068,0.989,0.0008,-0.0441,0.0218,0.1446
2026-09-14,IWM,288.01,2026-09-14T19:55:01.565364515Z,2026-10-09,25,C,220.0,0.763862,IWM261009C00220000,66.54,70.24,68.39,,,,,,,,,
2026-09-14,IWM,288.01,2026-09-14T19:55:49.803165973Z,2026-10-09,25,C,225.0,0.781223,IWM261009C00225000,63.5,66.21,64.855,2,,,0.6355,0.9434,0.0024,-0.1306,0.0858,0.1417
2026-09-14,IWM,288.01,2026-09-14T19:55:07.236266729Z,2026-10-09,25,C,230.0,0.798583,IWM261009C00230000,58.12,59.27,58.695,,,,0.3587,0.9933,0.0007,-0.0339,0.0142,0.1558
2026-09-14,IWM,288.01,2026-09-14T19:55:01.151489554Z,2026-10-09,25,C,235.0,0.815944,IWM261009C00235000,53.29,55.86,54.575,2,2,2026-09-10,0.5113,0.946,0.0028,-0.1073,0.0827,0.1492
2026-09-14,IWM,288.01,2026-09-14T19:55:43.736029788Z,2026-10-09,25,C,240.0,0.833304,IWM261009C00240000,47.04,50.78,48.91,,,,0.3646,0.9765,0.002,-0.0547,0.0418,0.1592
2026-09-14,IWM,288.01,2026-09-14T19:55:07.221557659Z,2026-10-09,25,C,245.0,0.850665,IWM261009C00245000,43.04,46.2,44.62,,,,0.4292,0.9357,0.0039,-0.1048,0.0947,0.154
2026-09-14,IWM,288.01,2026-09-14T19:55:16.805362268Z,2026-10-09,25,C,250.0,0.868025,IWM261009C00250000,37.4,40.54,38.97,1,46,2026-09-10,0.302,0.9689,0.0031,-0.057,0.0529,0.1645
2026-09-14,IWM,288.01,2026-09-14T19:55:03.457238055Z,2026-10-09,25,C,255.0,0.885386,IWM261009C00255000,32.49,35.5,33.995,2,2,2026-09-10,0.2691,0.9642,0.0039,-0.0574,0.0593,0.1669
2026-09-14,IWM,288.01,2026-09-14T19:55:50.141901707Z,2026-10-09,25,C,259.0,0.899274,IWM261009C00259000,28.43,32.25,30.34,4,20,2026-09-10,0.2826,0.9343,0.006,-0.0794,0.0964,0.1635
2026-09-14,IWM,288.01,2026-09-14T19:55:28.273652834Z,2026-10-09,25,C,264.0,0.916635,IWM261009C00264000,25.01,26.42,25.715,,,,0.2738,0.9012,0.0084,-0.0962,0.1311,0.1602
2026-09-14,IWM,288.01,2026-09-14T19:55:49.829497723Z,2026-10-09,25,C,268.0,0.930523,IWM261009C00268000,20.55,21.03,20.79,4,12,2026-09-10,0.1337,0.9843,0.0039,-0.0353,0.0296,0.18
2026-09-14,IWM,288.01,2026-09-14T19:55:49.829493998Z,2026-10-09,25,C,273.0,0.947884,IWM261009C00273000,16.63,16.81,16.72,12,55,2026-09-10,0.1948,0.8704,0.0144,-0.0864,0.1591,0.1603
2026-09-14,IWM,288.01,2026-09-14T19:55:50.096753873Z,2026-10-09,25,C,277.0,0.961772,IWM261009C00277000,13.45,13.58,13.515,4,74,2026-09-10,0.1987,0.796,0.0189,-0.1074,0.2136,0.1478
2026-09-14,IWM,288.01,2026-09-14T19:55:50.32458612Z,2026-10-09,25,C,281.0,0.975661,IWM261009C00281000,10.11,10.19,10.15,32,36,2026-09-10,0.1821,0.7249,0.0243,-0.1123,0.2516,0.1361
2026-09-14,IWM,288.01,2026-09-14T19:55:50.199989527Z,2026-10-09,25,C,286.0,0.993021,IWM261009C00286000,6.68,6.9,6.79,228,77,2026-09-10,0.1766,0.5921,0.0292,-0.1204,0.2927,0.1122
2026-09-14,IWM,288.01,2026-09-14T19:55:50.206239432Z,2026-10-09,25,C,290.0,1.006909,IWM261009C00290000,4.31,4.38,4.345,464,126,2026-09-10,0.1635,0.4695,0.0323,-0.1117,0.2999,0.0896
2026-09-14,IWM,288.01,2026-09-14T19:55:49.979168919Z,2026-10-09,25,C,295.0,1.02427,IWM261009C00295000,2.24,2.28,2.26,78,283,2026-09-10,0.1555,0.3076,0.03,-0.0914,0.265,0.0591
2026-09-14,IWM,288.01,2026-09-14T19:55:49.925638086Z,2026-10-09,25,C,299.0,1.038158,IWM261009C00299000,1.21,1.26,1.235,23,156,2026-09-10,0.1523,0.1971,0.0242,-0.0695,0.2092,0.038
2026-09-14,IWM,288.01,2026-09-14T19:55:50.051491095Z,2026-10-09,25,C,304.0,1.055519,IWM261009C00304000,0.46,0.53,0.495,90,49,2026-09-10,0.1481,0.0959,0.0152,-0.0408,0.1283,0.0186
2026-09-14,IWM,288.01,2026-09-14T19:55:49.854351932Z,2026-10-09,25,C,308.0,1.069407,IWM261009C00308000,0.24,0.26,0.25,20,135,2026-09-10,0.1504,0.053,0.0095,-0.0261,0.0815,0.0103
2026-09-14,IWM,288.01,2026-09-14T19:55:50.077332602Z,2026-10-09,25,C,312.5,1.085032,IWM261009C00312500,0.12,0.13,0.125,1,67,2026-09-10,0.1562,0.0281,0.0055,-0.016,0.0485,0.0055
2026-09-14,IWM,288.01,2026-09-14T19:55:50.046514209Z,2026-10-09,25,C,317.0,1.100656,IWM261009C00317000,0.02,0.04,0.03,27,38,2026-09-10,0.1473,0.0082,0.002,-0.0052,0.0169,0.0016
2026-09-14,IWM,288.01,2026-09-14T19:55:46.159337946Z,2026-10-09,25,C,321.0,1.114545,IWM261009C00321000,0.04,0.06,0.05,1,31,2026-09-10,0.1752,0.0112,0.0022,-0.0081,0.0222,0.0022
2026-09-14,IWM,288.01,2026-09-14T19:55:30.473283943Z,2026-10-09,25,C,326.0,1.131905,IWM261009C00326000,0.01,0.05,0.03,1,5,2026-09-10,0.1854,0.0067,0.0013,-0.0054,0.0141,0.0013
2026-09-14,IWM,288.01,2026-09-14T19:54:55.810177672Z,2026-10-09,25,C,330.0,1.145794,IWM261009C00330000,0.03,0.04,0.035,3,1,2026-09-10,0.2053,0.007,0.0013,-0.0063,0.0148,0.0014
2026-09-14,IWM,288.01,2026-09-14T19:55:42.491874596Z,2026-10-09,25,C,335.0,1.163154,IWM261009C00335000,0,0.01,0.005,2,,,,,,,,
2026-09-14,IWM,288.01,2026-09-14T19:55:38.559915065Z,2026-10-09,25,C,338.0,1.17357,IWM261009C00338000,0,0.04,0.02,,,,,,,,,
2026-09-14,IWM,288.01,2026-09-14T19:55:42.491953641Z,2026-10-09,25,C,345.0,1.197875,IWM261009C00345000,0,0.01,0.005,,,,,,,,,
2026-09-14,IWM,288.01,2026-09-14T19:54:10.075824191Z,2026-10-09,25,C,350.0,1.215236,IWM261009C00350000,0,0.01,0.005,2,2,2026-09-10,,,,,,
2026-09-14,IWM,288.01,2026-09-14T19:54:10.075824191Z,2026-10-09,25,C,355.0,1.232596,IWM261009C00355000,0,0.03,0.015,,,,,,,,,
2026-09-14,IWM,288.01,2026-09-14T19:55:42.491953641Z,2026-10-09,25,C,360.0,1.249957,IWM261009C00360000,0,0.01,0.005,,,,,,,,,
2026-09-14,IWM,288.01,2026-09-14T19:55:42.491953641Z,2026-10-09,25,C,365.0,1.267317,IWM261009C00365000,0,0.03,0.015,,,,,,,,,
2026-09-14,IWM,288.01,2026-09-14T19:55:42.491953641Z,2026-10-09,25,C,370.0,1.284678,IWM261009C00370000,0,0.01,0.005,,,,,,,,,
2026-09-14,IWM,288.01,2026-09-14T19:55:48.07923725Z,2026-10-09,25,P,205.0,0.711781,IWM261009P00205000,0.08,0.1,0.09,27,28,2026-09-10,0.5426,-0.0065,0.0004,-0.0147,0.0138,-0.0013
2026-09-14,IWM,288.01,2026-09-14T19:55:51.317834096Z,2026-10-09,25,P,210.0,0.729141,IWM261009P00210000,0.09,0.11,0.1,1,631,2026-09-10,0.5148,-0.0075,0.0005,-0.0159,0.0156,-0.0016
2026-09-14,IWM,288.01,2026-09-14T19:55:50.046425238Z,2026-10-09,25,P,215.0,0.746502,IWM261009P00215000,0.11,0.13,0.12,375,375,2026-09-10,0.492,-0.0092,0.0007,-0.0182,0.0188,-0.0019
2026-09-14,IWM,288.01,2026-09-14T19:55:50.141797796Z,2026-10-09,25,P,220.0,0.763862,IWM261009P00220000,0.13,0.14,0.135,6,10,2026-09-10,0.465,-0.0108,0.0008,-0.0197,0.0215,-0.0022
2026-09-14,IWM,288.01,2026-09-14T19:55:50.051226742Z,2026-10-09,25,P,225.0,0.781223,IWM261009P00225000,0.15,0.17,0.16,7,122,2026-09-10,0.4413,-0.0133,0.001,-0.0222,0.0257,-0.0027
2026-09-14,IWM,288.01,2026-09-14T19:55:50.448730366Z,2026-10-09,25,P,230.0,0.798583,IWM261009P00230000,0.14,0.15,0.145,1,17,2026-09-10,0.4014,-0.0132,0.0011,-0.0202,0.0256,-0.0027
2026-09-14,IWM,288.01,2026-09-14T19:55:50.275907879Z,2026-10-09,25,P,235.0,0.815944,IWM261009P00235000,0.17,0.19,0.18,50,637,2026-09-10,0.3799,-0.0169,0.0015,-0.0235,0.0316,-0.0035
2026-09-14,IWM,288.01,2026-09-14T19:55:50.044370392Z,2026-10-09,25,P,240.0,0.833304,IWM261009P00240000,0.26,0.27,0.265,4,150,2026-09-10,0.3682,-0.0245,0.0021,-0.0311,0.0433,-0.005
2026-09-14,IWM,288.01,2026-09-14T19:55:50.058797009Z,2026-10-09,25,P,245.0,0.850665,IWM261009P00245000,0.32,0.33,0.325,20,322,2026-09-10,0.3452,-0.0311,0.0027,-0.0355,0.0528,-0.0064
2026-09-14,IWM,288.01,2026-09-14T19:55:50.081273389Z,2026-10-09,25,P,250.0,0.868025,IWM261009P00250000,0.36,0.42,0.39,3,35,2026-09-10,0.3202,-0.039,0.0035,-0.0395,0.0636,-0.008
2026-09-14,IWM,288.01,2026-09-14T19:55:50.500684294Z,2026-10-09,25,P,255.0,0.885386,IWM261009P00255000,0.52,0.54,0.53,1,306,2026-09-10,0.3022,-0.0534,0.0048,-0.0479,0.082,-0.0109
2026-09-14,IWM,288.01,2026-09-14T19:55:50.735258989Z,2026-10-09,25,P,259.0,0.899274,IWM261009P00259000,0.61,0.63,0.62,5,11,2026-09-10,0.2815,-0.065,0.006,-0.0518,0.0956,-0.0132
2026-09-14,IWM,288.01,2026-09-14T19:55:51.324625305Z,2026-10-09,25,P,264.0,0.916635,IWM261009P00264000,0.89,0.92,0.905,3,14,2026-09-10,0.2669,-0.0935,0.0083,-0.0643,0.126,-0.0191
2026-09-14,IWM,288.01,2026-09-14T19:55:50.752931136Z,2026-10-09,25,P,268.0,0.930523,IWM261009P00268000,1.12,1.2,1.16,2,3000,2026-09-10,0.2509,-0.1209,0.0106,-0.0723,0.1516,-0.0247
2026-09-14,IWM,288.01,2026-09-14T19:55:51.080818531Z,2026-10-09,25,P,273.0,0.947884,IWM261009P00273000,1.64,1.68,1.66,10,279,2026-09-10,0.2336,-0.1711,0.0144,-0.0842,0.1916,-0.0349
2026-09-14,IWM,288.01,2026-09-14T19:55:50.818708157Z,2026-10-09,25,P,277.0,0.961772,IWM261009P00277000,2.29,2.34,2.315,38,1371,2026-09-10,0.2238,-0.2295,0.018,-0.0952,0.2286,-0.0469
2026-09-14,IWM,288.01,2026-09-14T19:55:51.048606717Z,2026-10-09,25,P,281.0,0.975661,IWM261009P00281000,3.13,3.14,3.135,9752,156,2026-09-10,0.2112,-0.3009,0.0219,-0.1015,0.2625,-0.0615
2026-09-14,IWM,288.01,2026-09-14T19:55:50.823339586Z,2026-10-09,25,P,286.0,0.993021,IWM261009P00286000,4.59,4.67,4.63,101,231,2026-09-10,0.1976,-0.4157,0.0262,-0.1032,0.294,-0.0852
2026-09-14,IWM,288.01,2026-09-14T19:55:50.21996936Z,2026-10-09,25,P,290.0,1.006909,IWM261009P00290000,6.36,6.5,6.43,31,1872,2026-09-10,0.1926,-0.5232,0.0274,-0.0992,0.3002,-0.1076
2026-09-14,IWM,288.01,2026-09-14T19:55:50.816933915Z,2026-10-09,25,P,295.0,1.02427,IWM261009P00295000,9.16,9.59,9.375,218,992,2026-09-10,0.1892,-0.6574,0.0258,-0.0841,0.277,-0.1361
2026-09-14,IWM,288.01,2026-09-14T19:55:50.82342937Z,2026-10-09,25,P,299.0,1.038158,IWM261009P00299000,12.24,12.28,12.26,10,10,2026-09-10,0.1893,-0.7508,0.0222,-0.0667,0.2392,-0.1565
2026-09-14,IWM,288.01,2026-09-14T19:55:46.155410229Z,2026-10-09,25,P,304.0,1.055519,IWM261009P00304000,14.94,17.09,16.015,2,2,2026-09-10,0.1717,-0.8687,0.0165,-0.0274,0.1606,-0.1823
2026-09-14,IWM,288.01,2026-09-14T19:55:01.183827526Z,2026-10-09,25,P,308.0,1.069407,IWM261009P00308000,18.34,21.21,19.775,3,10,2026-09-10,0.1845,-0.9049,0.0122,-0.0178,0.1275,-0.1921
2026-09-14,IWM,288.01,2026-09-14T19:55:03.499839315Z,2026-10-09,25,P,312.5,1.085032,IWM261009P00312500,23.24,26.14,24.69,,,,0.2466,-0.8831,0.0106,-0.0439,0.148,-0.1911
2026-09-14,IWM,288.01,2026-09-14T19:55:49.973516213Z,2026-10-09,25,P,317.0,1.100656,IWM261009P00317000,27.86,30.12,28.99,,,,0.2634,-0.9063,0.0084,-0.0362,0.1262,-0.1986
2026-09-14,IWM,288.01,2026-09-14T19:55:01.485552525Z,2026-10-09,25,P,321.0,1.114545,IWM261009P00321000,31.08,35,33.04,,,,0.2941,-0.9092,0.0074,-0.0417,0.1232,-0.202
2026-09-14,IWM,288.01,2026-09-14T19:55:01.485066678Z,2026-10-09,25,P,326.0,1.131905,IWM261009P00326000,36.88,39.61,38.245,,,,0.3432,-0.904,0.0066,-0.057,0.1284,-0.2045
2026-09-14,IWM,288.01,2026-09-14T19:55:01.117595178Z,2026-10-09,25,P,330.0,1.145794,IWM261009P00330000,40.17,42.8,41.485,,,,0.2906,-0.9569,0.0042,-0.007,0.069,-0.2172
2026-09-14,IWM,288.01,2026-09-14T19:55:01.037879274Z,2026-10-09,25,P,335.0,1.163154,IWM261009P00335000,46.06,49.18,47.62,,,,0.4299,-0.8967,0.0055,-0.0845,0.1354,-0.2095
2026-09-14,IWM,288.01,2026-09-14T19:55:01.570135056Z,2026-10-09,25,P,338.0,1.17357,IWM261009P00338000,47.7,51.34,49.52,,,,0.3404,-0.9575,0.0035,-0.0125,0.0683,-0.2228
2026-09-14,IWM,288.01,2026-09-14T19:55:01.568482521Z,2026-10-09,25,P,345.0,1.197875,IWM261009P00345000,54.7,58.5,56.6,,,,0.39,-0.9546,0.0032,-0.0215,0.0719,-0.2271
2026-09-14,IWM,288.01,2026-09-14T19:55:50.090971564Z,2026-10-09,25,P,350.0,1.215236,IWM261009P00350000,60.6,64.58,62.59,,,,0.5197,-0.9108,0.0041,-0.0925,0.1216,-0.2226
2026-09-14,IWM,288.01,2026-09-14T19:55:01.174981451Z,2026-10-09,25,P,355.0,1.232596,IWM261009P00355000,64.54,69.46,67.0,,,,0.4929,-0.9377,0.0033,-0.0559,0.0924,-0.2309
2026-09-14,IWM,288.01,2026-09-14T19:55:01.036896882Z,2026-10-09,25,P,360.0,1.249957,IWM261009P00360000,69.49,72.57,71.03,,,,,,,,,
2026-09-14,IWM,288.01,2026-09-14T19:55:01.037478615Z,2026-10-09,25,P,365.0,1.267317,IWM261009P00365000,74.11,80,77.055,,,,0.5524,-0.9392,0.0029,-0.064,0.0908,-0.2381
2026-09-14,IWM,288.01,2026-09-14T19:55:01.449251011Z,2026-10-09,25,P,370.0,1.284678,IWM261009P00370000,79.73,84.61,82.17,,,,0.5911,-0.9363,0.0028,-0.0745,0.094,-0.241
2026-09-14,IWM,288.01,2026-09-14T19:55:01.400320453Z,2026-10-16,32,C,205.0,0.711781,IWM261016C00205000,82.65,86.28,84.465,2,1,2026-09-10,0.659,0.9684,0.0013,-0.0828,0.0606,0.1705
2026-09-14,IWM,288.01,2026-09-14T19:55:08.042290203Z,2026-10-16,32,C,210.0,0.729141,IWM261016C00210000,78.21,81.09,79.65,2,70,2026-09-10,0.6447,0.9615,0.0015,-0.0924,0.0713,0.173
2026-09-14,IWM,288.01,2026-09-14T19:55:50.098558144Z,2026-10-16,32,C,215.0,0.746502,IWM261016C00215000,71.2,74.39,72.795,2,40,2026-09-10,,,,,,
2026-09-14,IWM,288.01,2026-09-14T19:55:49.970568234Z,2026-10-16,32,C,220.0,0.763862,IWM261016C00220000,66.7,70.63,68.665,1,10,2026-09-10,,,,,,
2026-09-14,IWM,288.01,2026-09-14T19:55:01.03651231Z,2026-10-16,32,C,225.0,0.781223,IWM261016C00225000,61.29,65.34,63.315,10,100,2026-09-10,,,,,,
2026-09-14,IWM,288.01,2026-09-14T19:55:49.801906554Z,2026-10-16,32,C,230.0,0.798583,IWM261016C00230000,56.8,58.93,57.865,3,17,2026-09-10,,,,,,
2026-09-14,IWM,288.01,2026-09-14T19:55:48.978945932Z,2026-10-16,32,C,235.0,0.815944,IWM261016C00235000,51.68,56,53.84,1,83,2026-09-10,0.2558,0.9972,0.0004,-0.0274,0.0074,0.2046
2026-09-14,IWM,288.01,2026-09-14T19:55:50.071669103Z,2026-10-16,32,C,240.0,0.833304,IWM261016C00240000,47.1,49.8,48.45,8,85,2026-09-10,,,,,,
2026-09-14,IWM,288.01,2026-09-14T19:55:49.806954148Z,2026-10-16,32,C,245.0,0.850665,IWM261016C00245000,41.93,45.52,43.725,21,53,2026-09-10,,,,,,
2026-09-14,IWM,288.01,2026-09-14T19:55:50.089230861Z,2026-10-16,32,C,250.0,0.868025,IWM261016C00250000,38.02,40.07,39.045,18,152,2026-09-10,0.2468,0.9783,0.0025,-0.0425,0.0442,0.2128
2026-09-14,IWM,288.01,2026-09-14T19:55:50.085065946Z,2026-10-16,32,C,255.0,0.885386,IWM261016C00255000,33.09,35.24,34.165,5,360,2026-09-10,0.2362,0.966,0.0037,-0.0493,0.0644,0.214
2026-09-14,IWM,288.01,2026-09-14T19:55:46.157149637Z,2026-10-16,32,C,260.0,0.902746,IWM261016C00260000,28.52,29.12,28.82,26,532,2026-09-10,,,,,,
2026-09-14,IWM,288.01,2026-09-14T19:55:49.852191264Z,2026-10-16,32,C,265.0,0.920107,IWM261016C00265000,24.22,24.82,24.52,32,183,2026-09-10,0.2069,0.9259,0.0079,-0.064,0.1196,0.2123
2026-09-14,IWM,288.01,2026-09-14T19:55:49.252272141Z,2026-10-16,32,C,270.0,0.937467,IWM261016C00270000,20.05,20.3,20.175,464,609,2026-09-10,0.2119,0.8676,0.0119,-0.0845,0.1827,0.2014
2026-09-14,IWM,288.01,2026-09-14T19:55:49.878318557Z,2026-10-16,32,C,273.0,0.947884,IWM261016C00273000,17.32,17.72,17.52,15,101,2026-09-10,0.2042,0.8346,0.0143,-0.091,0.2121,0.1954
2026-09-14,IWM,288.01,2026-09-14T19:55:49.09334847Z,2026-10-16,32,C,277.0,0.961772,IWM261016C00277000,13.98,14.4,14.19,1,216,2026-09-10,0.1964,0.7759,0.0179,-0.1002,0.2552,0.1835
2026-09-14,IWM,288.01,2026-09-14T19:55:49.790499356Z,2026-10-16,32,C,281.0,0.975661,IWM261016C00281000,10.81,11.18,10.995,30,264,2026-09-10,0.1851,0.7053,0.0218,-0.1052,0.2941,0.1685
2026-09-14,IWM,288.01,2026-09-14T19:55:49.805439856Z,2026-10-16,32,C,286.0,0.993021,IWM261016C00286000,7.45,7.69,7.57,47,163,2026-09-10,0.176,0.5896,0.0259,-0.1082,0.3316,0.1422
2026-09-14,IWM,288.01,2026-09-14T19:55:49.680422366Z,2026-10-16,32,C,290.0,1.006909,IWM261016C00290000,5.19,5.32,5.255,590,7835,2026-09-10,0.1684,0.4824,0.0278,-0.1034,0.3399,0.1172
2026-09-14,IWM,288.01,2026-09-14T19:55:49.328869735Z,2026-10-16,32,C,295.0,1.02427,IWM261016C00295000,2.97,3.11,3.04,844,9746,2026-09-10,0.1606,0.3416,0.0268,-0.0886,0.3131,0.0836
2026-09-14,IWM,288.01,2026-09-14T19:55:50.140578245Z,2026-10-16,32,C,299.0,1.038158,IWM261016C00299000,1.74,1.83,1.785,735,4053,2026-09-10,0.1548,0.236,0.0233,-0.0705,0.2627,0.058
2026-09-14,IWM,288.01,2026-09-14T19:55:49.804930001Z,2026-10-16,32,C,304.0,1.055519,IWM261016C00304000,0.8,0.83,0.815,417,2430,2026-09-10,0.149,0.1304,0.0167,-0.0459,0.1808,0.0322
2026-09-14,IWM,288.01,2026-09-14T19:55:49.805439856Z,2026-10-16,32,C,308.0,1.069407,IWM261016C00308000,0.4,0.42,0.41,489,1939,2026-09-10,0.1468,0.0745,0.0112,-0.0297,0.1201,0.0184
2026-09-14,IWM,288.01,2026-09-14T19:55:49.807625112Z,2026-10-16,32,C,312.0,1.083296,IWM261016C00312000,0.23,0.25,0.24,371,10017,2026-09-10,0.1513,0.0459,0.0075,-0.0208,0.0821,0.0114
2026-09-14,IWM,288.01,2026-09-14T19:55:49.809078634Z,2026-10-16,32,C,317.0,1.100656,IWM261016C00317000,0.07,0.13,0.1,3,584,2026-09-10,0.1521,0.0212,0.0039,-0.0109,0.0433,0.0053
2026-09-14,IWM,288.01,2026-09-14T19:54:55.812874482Z,2026-10-16,32,C,321.0,1.114545,IWM261016C00321000,0.07,0.08,0.075,2,500,2026-09-10,0.1625,0.0154,0.0028,-0.0089,0.0331,0.0038
2026-09-14,IWM,288.01,2026-09-14T19:55:48.077910342Z,2026-10-16,32,C,325.0,1.128433,IWM261016C00325000,0.05,0.06,0.055,3251,7932,2026-09-10,0.1716,0.0111,0.002,-0.007,0.025,0.0028
2026-09-14,IWM,288.01,2026-09-14T19:55:50.072701572Z,2026-10-16,32,C,330.0,1.145794,IWM261016C00330000,0.04,0.05,0.045,6194,18421,2026-09-10,0.1861,0.0086,0.0015,-0.0061,0.02,0.0021
2026-09-14,IWM,288.01,2026-09-14T19:55:01.036587521Z,2026-10-16,32,C,335.0,1.163154,IWM261016C00335000,0.03,0.04,0.035,4,1301,2026-09-10,0.1985,0.0065,0.0011,-0.005,0.0155,0.0016
2026-09-14,IWM,288.01,2026-09-14T19:55:50.145069171Z,2026-10-16,32,C,340.0,1.180515,IWM261016C00340000,0,0.04,0.02,7,2171,2026-09-10,,,,,,
2026-09-14,IWM,288.01,2026-09-14T19:55:50.051771607Z,2026-10-16,32,C,345.0,1.197875,IWM261016C00345000,0,0.01,0.005,1,697,2026-09-10,,,,,,
2026-09-14,IWM,288.01,2026-09-14T19:55:38.558947475Z,2026-10-16,32,C,350.0,1.215236,IWM261016C00350000,0,0.01,0.005,208,5946,2026-09-10,,,,,,
2026-09-14,IWM,288.01,2026-09-14T19:54:10.06284333Z,2026-10-16,32,C,355.0,1.232596,IWM261016C00355000,0,0.03,0.015,2,202,2026-09-10,,,,,,
2026-09-14,IWM,288.01,2026-09-14T19:54:10.062834654Z,2026-10-16,32,C,360.0,1.249957,IWM261016C00360000,0,0.01,0.005,6,777,2026-09-10,,,,,,
2026-09-14,IWM,288.01,2026-09-14T19:54:10.062838343Z,2026-10-16,32,C,365.0,1.267317,IWM261016C00365000,0,0.01,0.005,50,424,2026-09-10,,,,,,
2026-09-14,IWM,288.01,2026-09-14T19:55:50.145069171Z,2026-10-16,32,C,370.0,1.284678,IWM261016C00370000,0,0.03,0.015,2,905,2026-09-10,,,,,,
2026-09-14,IWM,288.01,2026-09-14T19:55:51.318017675Z,2026-10-16,32,P,205.0,0.711781,IWM261016P00205000,0.11,0.13,0.12,2,3556,2026-09-10,0.498,-0.0081,0.0005,-0.0145,0.019,-0.0022
2026-09-14,IWM,288.01,2026-09-14T19:55:48.07838241Z,2026-10-16,32,P,210.0,0.729141,IWM261016P00210000,0.09,0.14,0.115,375,3289,2026-09-10,0.4641,-0.0084,0.0006,-0.0138,0.0194,-0.0022
2026-09-14,IWM,288.01,2026-09-14T19:55:51.068748363Z,2026-10-16,32,P,215.0,0.746502,IWM261016P00215000,0.11,0.13,0.12,75,440,2026-09-10,0.4359,-0.0092,0.0007,-0.0141,0.0212,-0.0024
2026-09-14,IWM,288.01,2026-09-14T19:55:48.07800147Z,2026-10-16,32,P,220.0,0.763862,IWM261016P00220000,0.18,0.19,0.185,1,794,2026-09-10,0.4305,-0.0138,0.001,-0.0197,0.03,-0.0036
2026-09-14,IWM,288.01,2026-09-14T19:55:49.345769612Z,2026-10-16,32,P,225.0,0.781223,IWM261016P00225000,0.21,0.22,0.215,6,1373,2026-09-10,0.4082,-0.0165,0.0012,-0.0219,0.0351,-0.0044
2026-09-14,IWM,288.01,2026-09-14T19:55:50.054981018Z,2026-10-16,32,P,230.0,0.798583,IWM261016P00230000,0.24,0.26,0.25,2183,11278,2026-09-10,0.3859,-0.0199,0.0015,-0.0242,0.0411,-0.0052
2026-09-14,IWM,288.01,2026-09-14T19:55:51.575977822Z,2026-10-16,32,P,235.0,0.815944,IWM261016P00235000,0.29,0.31,0.3,594,2770,2026-09-10,0.3652,-0.0246,0.0019,-0.0273,0.0492,-0.0065
2026-09-14,IWM,288.01,2026-09-14T19:55:50.841210675Z,2026-10-16,32,P,240.0,0.833304,IWM261016P00240000,0.36,0.37,0.365,644,5566,2026-09-10,0.345,-0.0308,0.0024,-0.031,0.0593,-0.0081
2026-09-14,IWM,288.01,2026-09-14T19:55:50.675791312Z,2026-10-16,32,P,245.0,0.850665,IWM261016P00245000,0.44,0.46,0.45,67,3163,2026-09-10,0.3253,-0.0389,0.003,-0.0353,0.0719,-0.0102
2026-09-14,IWM,288.01,2026-09-14T19:55:50.873988847Z,2026-10-16,32,P,250.0,0.868025,IWM261016P00250000,0.52,0.58,0.55,686,10406,2026-09-10,0.3044,-0.0491,0.0039,-0.0397,0.0867,-0.0129
2026-09-14,IWM,288.01,2026-09-14T19:55:49.897640893Z,2026-10-16,32,P,255.0,0.885386,IWM261016P00255000,0.72,0.74,0.73,14,16108,2026-09-10,0.2883,-0.0657,0.0052,-0.047,0.109,-0.0172
2026-09-14,IWM,288.01,2026-09-14T19:55:50.873693254Z,2026-10-16,32,P,260.0,0.902746,IWM261016P00260000,0.95,0.97,0.96,422,26851,2026-09-10,0.271,-0.0872,0.0069,-0.0546,0.1353,-0.0229
2026-09-14,IWM,288.01,2026-09-14T19:55:50.292733444Z,2026-10-16,32,P,265.0,0.920107,IWM261016P00265000,1.24,1.27,1.255,2983,27269,2026-09-10,0.2525,-0.1156,0.0091,-0.0619,0.1662,-0.0303
2026-09-14,IWM,288.01,2026-09-14T19:55:50.627463451Z,2026-10-16,32,P,270.0,0.937467,IWM261016P00270000,1.72,1.76,1.74,1980,35379,2026-09-10,0.2377,-0.1583,0.0119,-0.0716,0.2061,-0.0415
2026-09-14,IWM,288.01,2026-09-14T19:55:50.868886674Z,2026-10-16,32,P,273.0,0.947884,IWM261016P00273000,2.12,2.14,2.13,38467,1427,2026-09-10,0.2292,-0.1913,0.0139,-0.0772,0.2324,-0.0502
2026-09-14,IWM,288.01,2026-09-14T19:55:51.078526668Z,2026-10-16,32,P,277.0,0.961772,IWM261016P00277000,2.85,2.9,2.875,213,15050,2026-09-10,0.221,-0.248,0.0168,-0.0854,0.2699,-0.0651
2026-09-14,IWM,288.01,2026-09-14T19:55:51.078511549Z,2026-10-16,32,P,281.0,0.975661,IWM261016P00281000,3.8,3.81,3.805,122,31871,2026-09-10,0.2113,-0.3157,0.0197,-0.0902,0.3032,-0.0831
2026-09-14,IWM,288.01,2026-09-14T19:55:50.810602683Z,2026-10-16,32,P,286.0,0.993021,IWM261016P00286000,5.34,5.41,5.375,195,7088,2026-09-10,0.1999,-0.4185,0.0229,-0.0908,0.3331,-0.1104
2026-09-14,IWM,288.01,2026-09-14T19:55:50.851009751Z,2026-10-16,32,P,290.0,1.006909,IWM261016P00290000,7.13,7.22,7.175,2767,33112,2026-09-10,0.1955,-0.5123,0.0239,-0.0877,0.3401,-0.1357
2026-09-14,IWM,288.01,2026-09-14T19:55:50.851595497Z,2026-10-16,32,P,295.0,1.02427,IWM261016P00295000,9.76,9.84,9.8,255,14698,2026-09-10,0.1852,-0.6359,0.0238,-0.0725,0.3203,-0.1692
2026-09-14,IWM,288.01,2026-09-14T19:55:51.231912422Z,2026-10-16,32,P,299.0,1.038158,IWM261016P00299000,12.72,12.74,12.73,11,2476,2026-09-10,0.1901,-0.7178,0.0208,-0.0626,0.2882,-0.1924
2026-09-14,IWM,288.01,2026-09-14T19:55:50.051983739Z,2026-10-16,32,P,304.0,1.055519,IWM261016P00304000,14.98,17.59,16.285,17,199,2026-09-10,0.175,-0.8292,0.017,-0.0325,0.2165,-0.2237
2026-09-14,IWM,288.01,2026-09-14T19:55:49.797211244Z,2026-10-16,32,P,308.0,1.069407,IWM261016P00308000,18.62,21.74,20.18,10,22,2026-09-10,0.1986,-0.854,0.0135,-0.0327,0.1953,-0.2333
2026-09-14,IWM,288.01,2026-09-14T19:55:50.113069427Z,2026-10-16,32,P,312.0,1.083296,IWM261016P00312000,22.3,25.88,24.09,30,20,2026-09-10,0.2208,-0.8726,0.0111,-0.0326,0.1779,-0.2415
2026-09-14,IWM,288.01,2026-09-14T19:55:50.117078981Z,2026-10-16,32,P,317.0,1.100656,IWM261016P00317000,27.26,31.01,29.135,15,16,2026-09-10,0.2557,-0.8817,0.0091,-0.0378,0.1689,-0.2482
2026-09-14,IWM,288.01,2026-09-14T19:55:03.502196386Z,2026-10-16,32,P,321.0,1.114545,IWM261016P00321000,31.09,34.31,32.7,1,13,2026-09-10,0.2511,-0.9155,0.0072,-0.0208,0.1321,-0.2599
2026-09-14,IWM,288.01,2026-09-14T19:55:01.036788126Z,2026-10-16,32,P,325.0,1.128433,IWM261016P00325000,36.25,38.41,37.33,1,66,2026-09-10,0.317,-0.8857,0.0071,-0.051,0.1649,-0.2564
2026-09-14,IWM,288.01,2026-09-14T19:55:49.797452231Z,2026-10-16,32,P,330.0,1.145794,IWM261016P00330000,40.49,42.59,41.54,2,37,2026-09-10,0.2878,-0.935,0.0052,-0.0161,0.1081,-0.2725
2026-09-14,IWM,288.01,2026-09-14T19:55:07.221314926Z,2026-10-16,32,P,335.0,1.163154,IWM261016P00335000,46.35,48.34,47.345,1,1,2026-09-10,0.3769,-0.8976,0.0056,-0.0576,0.1523,-0.2682
2026-09-14,IWM,288.01,2026-09-14T19:55:01.401578017Z,2026-10-16,32,P,340.0,1.180515,IWM261016P00340000,49.99,54.33,52.16,1,,,0.392,-0.9102,0.0048,-0.0517,0.1382,-0.2756
2026-09-14,IWM,288.01,2026-09-14T19:55:49.797452231Z,2026-10-16,32,P,345.0,1.197875,IWM261016P00345000,55.13,58.88,57.005,50,,,0.407,-0.9206,0.0043,-0.0464,0.126,-0.2825
2026-09-14,IWM,288.01,2026-09-14T19:55:01.318760582Z,2026-10-16,32,P,350.0,1.215236,IWM261016P00350000,59.46,62.88,61.17,100,,,0.3433,-0.9666,0.0025,0.0016,0.0634,-0.2977
2026-09-14,IWM,288.01,2026-09-14T19:55:01.035950747Z,2026-10-16,32,P,355.0,1.232596,IWM261016P00355000,64.569,68.92,66.7445,,,,0.4351,-0.9373,0.0033,-0.0363,0.1052,-0.2952
2026-09-14,IWM,288.01,2026-09-14T19:55:01.317949929Z,2026-10-16,32,P,360.0,1.249957,IWM261016P00360000,71.17,72.33,71.75,,,,0.4599,-0.9389,0.0031,-0.0383,0.1031,-0.3
2026-09-14,IWM,288.01,2026-09-14T19:55:50.105962477Z,2026-10-16,32,P,365.0,1.267317,IWM261016P00365000,76.19,77.48,76.835,,,,0.4919,-0.937,0.0029,-0.0448,0.1055,-0.304
2026-09-14,IWM,288.01,2026-09-14T19:55:49.797457853Z,2026-10-16,32,P,370.0,1.284678,IWM261016P00370000,80.54,82.49,81.515,,,,0.4816,-0.9517,0.0024,-0.0272,0.0856,-0.3118
2026-09-14,GLD,393.05,2026-09-14T19:55:00.438671727Z,2026-10-09,25,C,280.0,0.712378,GLD261009C00280000,114.34,115.68,115.01,,,,0.7708,0.9637,0.001,-0.1539,0.082,0.1807
2026-09-14,GLD,393.05,2026-09-14T19:55:19.232216032Z,2026-10-09,25,C,285.0,0.725099,GLD261009C00285000,109.02,110.77,109.895,,,,0.7217,0.9649,0.001,-0.1432,0.0797,0.1845
2026-09-14,GLD,393.05,2026-09-14T19:55:49.010383118Z,2026-10-09,25,C,295.0,0.750541,GLD261009C00295000,97.9,101.1,99.5,,,,0.601,0.9726,0.001,-0.1076,0.065,0.1937
2026-09-14,GLD,393.05,2026-09-14T19:55:00.438701208Z,2026-10-09,25,C,300.0,0.763262,GLD261009C00300000,94.5,96.12,95.31,,,,0.664,0.9512,0.0015,-0.1673,0.1041,0.1908
2026-09-14,GLD,393.05,2026-09-14T19:55:14.185089815Z,2026-10-09,25,C,305.0,0.775983,GLD261009C00305000,87.2,89.09,88.145,,,,,,,,,
2026-09-14,GLD,393.05,2026-09-14T19:55:00.43871644Z,2026-10-09,25,C,310.0,0.788704,GLD261009C00310000,83.56,85.2,84.38,,,,0.4893,0.9737,0.0012,-0.0926,0.0628,0.2043
2026-09-14,GLD,393.05,2026-09-14T19:55:00.438726256Z,2026-10-09,25,C,315.0,0.801425,GLD261009C00315000,79.07,81.88,80.475,,,,0.5767,0.9405,0.002,-0.1705,0.1217,0.1981
2026-09-14,GLD,393.05,2026-09-14T19:55:18.694984406Z,2026-10-09,25,C,325.0,0.826867,GLD261009C00325000,69.86,71.99,70.925,,,,0.5423,0.9235,0.0026,-0.1908,0.1479,0.2
2026-09-14,GLD,393.05,2026-09-14T19:55:00.438962429Z,2026-10-09,25,C,330.0,0.839588,GLD261009C00330000,64.14,64.61,64.375,8,1,2026-09-10,0.3718,0.9694,0.0018,-0.0859,0.0711,0.2169
2026-09-14,GLD,393.05,2026-09-14T19:55:37.477645028Z,2026-10-09,25,C,335.0,0.852309,GLD261009C00335000,59.13,61.07,60.1,8,2,2026-09-10,0.4164,0.9388,0.0028,-0.1359,0.1245,0.2116
2026-09-14,GLD,393.05,2026-09-14T19:55:39.089728968Z,2026-10-09,25,C,340.0,0.86503,GLD261009C00340000,54.38,55.32,54.85,,,,0.3649,0.9445,0.003,-0.1172,0.1153,0.2167
2026-09-14,GLD,393.05,2026-09-14T19:55:46.143474518Z,2026-10-09,25,C,350.0,0.890472,GLD261009C00350000,43.98,45.63,44.805,,,,0.3013,0.9386,0.0039,-0.109,0.1247,0.222
2026-09-14,GLD,393.05,2026-09-14T19:55:39.079068449Z,2026-10-09,25,C,355.0,0.903193,GLD261009C00355000,40.54,41.21,40.875,,,,0.3369,0.8903,0.0054,-0.1623,0.193,0.2117
2026-09-14,GLD,393.05,2026-09-14T19:55:39.091423099Z,2026-10-09,25,C,360.0,0.915914,GLD261009C00360000,34.84,36.21,35.525,,,,0.2856,0.8939,0.0062,-0.1406,0.1885,0.2163
2026-09-14,GLD,393.05,2026-09-14T19:55:39.082451529Z,2026-10-09,25,C,365.0,0.928635,GLD261009C00365000,30.49,30.9,30.695,1,2,2026-09-10,0.2611,0.8761,0.0076,-0.1426,0.2105,0.2148
2026-09-14,GLD,393.05,2026-09-14T19:55:49.10436284Z,2026-10-09,25,C,372.0,0.946444,GLD261009C00372000,24.82,25.15,24.985,1,,,0.2635,0.8079,0.0101,-0.1787,0.281,0.2004
2026-09-14,GLD,393.05,2026-09-14T19:55:44.679702773Z,2026-10-09,25,C,378.0,0.96171,GLD261009C00378000,20.16,20.17,20.165,1,2,2026-09-10,0.2541,0.7452,0.0123,-0.1962,0.3302,0.1868
2026-09-14,GLD,393.05,2026-09-14T19:55:53.178836634Z,2026-10-09,25,C,384.0,0.976975,GLD261009C00384000,15.58,16.219,15.8995,1,2,2026-09-10,0.2492,0.6663,0.0142,-0.2121,0.3742,0.1685
2026-09-14,GLD,393.05,2026-09-14T19:55:53.121715722Z,2026-10-09,25,C,390.0,0.99224,GLD261009C00390000,12.13,12.27,12.2,204,9,2026-09-10,0.246,0.5767,0.0155,-0.2205,0.4028,0.1469
2026-09-14,GLD,393.05,2026-09-14T19:55:53.419565849Z,2026-10-09,25,C,396.0,1.007505,GLD261009C00396000,8.89,9.27,9.08,61,6,2026-09-10,0.2434,0.4821,0.0159,-0.2184,0.41,0.1236
2026-09-14,GLD,393.05,2026-09-14T19:55:53.179032931Z,2026-10-09,25,C,402.0,1.022771,GLD261009C00402000,6.67,6.72,6.695,15,45,2026-09-10,0.2452,0.3904,0.0152,-0.2089,0.3948,0.1005
2026-09-14,GLD,393.05,2026-09-14T19:55:53.179117411Z,2026-10-09,25,C,408.0,1.038036,GLD261009C00408000,4.83,4.95,4.89,27,34,2026-09-10,0.2489,0.3083,0.0137,-0.1924,0.362,0.0797
2026-09-14,GLD,393.05,2026-09-14T19:55:53.179117411Z,2026-10-09,25,C,414.0,1.053301,GLD261009C00414000,3.5,3.6,3.55,1,120,2026-09-10,0.2537,0.2389,0.0119,-0.1713,0.319,0.0619
2026-09-14,GLD,393.05,2026-09-14T19:55:53.179117411Z,2026-10-09,25,C,420.0,1.068566,GLD261009C00420000,2.54,2.59,2.565,144,96,2026-09-10,0.259,0.1824,0.0099,-0.1482,0.2722,0.0474
2026-09-14,GLD,393.05,2026-09-14T19:55:48.676241194Z,2026-10-09,25,C,426.0,1.083832,GLD261009C00426000,1.85,1.97,1.91,3,118,2026-09-10,0.2674,0.1404,0.0081,-0.1282,0.2294,0.0365
2026-09-14,GLD,393.05,2026-09-14T19:55:50.663412112Z,2026-10-09,25,C,432.0,1.099097,GLD261009C00432000,1.37,1.48,1.425,1,10,2026-09-10,0.2755,0.1078,0.0065,-0.1093,0.1906,0.028
2026-09-14,GLD,393.05,2026-09-14T19:55:48.676241194Z,2026-10-09,25,C,440.0,1.11945,GLD261009C00440000,0.9,1.03,0.965,32,306,2026-09-10,0.2858,0.0754,0.0048,-0.0866,0.1462,0.0196
2026-09-14,GLD,393.05,2026-09-14T19:55:53.126818293Z,2026-10-09,25,C,445.0,1.132171,GLD261009C00445000,0.71,0.91,0.81,6,129,2026-09-10,0.2961,0.0631,0.0041,-0.078,0.1274,0.0164
2026-09-14,GLD,393.05,2026-09-14T19:55:49.040235987Z,2026-10-09,25,C,450.0,1.144893,GLD261009C00450000,0.58,0.72,0.65,3,164,2026-09-10,0.3031,0.0512,0.0034,-0.0676,0.1081,0.0133
2026-09-14,GLD,393.05,2026-09-14T19:55:50.555004226Z,2026-10-09,25,C,455.0,1.157614,GLD261009C00455000,0.46,0.62,0.54,8,39,2026-09-10,0.3117,0.0426,0.0028,-0.0598,0.0932,0.0111
2026-09-14,GLD,393.05,2026-09-14T19:55:53.129529322Z,2026-10-09,25,C,465.0,1.183056,GLD261009C00465000,0.31,0.43,0.37,19,45,2026-09-10,0.3271,0.0293,0.002,-0.0461,0.0687,0.0076
2026-09-14,GLD,393.05,2026-09-14T19:55:49.025354513Z,2026-10-09,25,C,470.0,1.195777,GLD261009C00470000,0.29,0.4,0.345,5,75,2026-09-10,0.3405,0.0266,0.0018,-0.0442,0.0634,0.0069
2026-09-14,GLD,393.05,2026-09-14T19:55:53.126818293Z,2026-10-09,25,C,475.0,1.208498,GLD261009C00475000,0.25,0.36,0.305,1,15,2026-09-10,0.3506,0.0233,0.0015,-0.0407,0.0567,0.0061
2026-09-14,GLD,393.05,2026-09-14T19:55:53.129599817Z,2026-10-09,25,C,480.0,1.221219,GLD261009C00480000,0.21,0.37,0.29,17,386,2026-09-10,0.3641,0.0216,0.0014,-0.0395,0.0531,0.0056
2026-09-14,GLD,393.05,2026-09-14T19:55:53.133574466Z,2026-10-09,25,C,485.0,1.23394,GLD261009C00485000,0.15,0.34,0.245,1,21,2026-09-10,0.3708,0.0183,0.0012,-0.0349,0.0461,0.0047
2026-09-14,GLD,393.05,2026-09-14T19:55:50.296301654Z,2026-10-09,25,C,495.0,1.259382,GLD261009C00495000,0.1,0.23,0.165,23,,,0.3804,0.0125,0.0008,-0.0259,0.0333,0.0033
2026-09-14,GLD,393.05,2026-09-14T19:55:53.111931585Z,2026-10-09,25,C,500.0,1.272103,GLD261009C00500000,0.07,0.25,0.16,1,27,2026-09-10,0.3932,0.0118,0.0008,-0.0254,0.0318,0.0031
2026-09-14,GLD,393.05,2026-09-14T19:55:53.111637074Z,2026-10-09,25,C,505.0,1.284824,GLD261009C00505000,0.1,0.24,0.17,2,6,2026-09-10,0.4104,0.012,0.0007,-0.0269,0.0322,0.0031
2026-09-14,GLD,393.05,2026-09-14T19:55:53.113210339Z,2026-10-09,25,C,510.0,1.297545,GLD261009C00510000,0.05,0.23,0.14,2,7,2026-09-10,0.4141,0.01,0.0006,-0.0232,0.0275,0.0026
2026-09-14,GLD,393.05,2026-09-14T19:55:54.557215526Z,2026-10-09,25,P,280.0,0.712378,GLD261009P00280000,0.01,0.11,0.06,2,7,2026-09-10,0.4991,-0.0037,0.0002,-0.0111,0.0113,-0.001
2026-09-14,GLD,393.05,2026-09-14T19:55:54.56586078Z,2026-10-09,25,P,285.0,0.725099,GLD261009P00285000,0.01,0.11,0.06,2,25,2026-09-10,0.4755,-0.0038,0.0002,-0.011,0.0117,-0.0011
2026-09-14,GLD,393.05,2026-09-14T19:55:54.539052026Z,2026-10-09,25,P,295.0,0.750541,GLD261009P00295000,0.04,0.08,0.06,2,9,2026-09-10,0.4292,-0.0042,0.0003,-0.0108,0.0128,-0.0012
2026-09-14,GLD,393.05,2026-09-14T19:55:54.049032498Z,2026-10-09,25,P,300.0,0.763262,GLD261009P00300000,0.06,0.1,0.08,12,50,2026-09-10,0.42,-0.0056,0.0004,-0.0136,0.0165,-0.0016
2026-09-14,GLD,393.05,2026-09-14T19:55:54.536621277Z,2026-10-09,25,P,305.0,0.775983,GLD261009P00305000,0.04,0.11,0.075,2,5,2026-09-10,0.3941,-0.0056,0.0004,-0.0128,0.0165,-0.0016
2026-09-14,GLD,393.05,2026-09-14T19:55:54.562743655Z,2026-10-09,25,P,310.0,0.788704,GLD261009P00310000,0.09,0.12,0.105,2,7,2026-09-10,0.3869,-0.0077,0.0005,-0.0166,0.0219,-0.0022
2026-09-14,GLD,393.05,2026-09-14T19:55:54.539282593Z,2026-10-09,25,P,315.0,0.801425,GLD261009P00315000,0.07,0.2,0.135,2,5,2026-09-10,0.3757,-0.01,0.0007,-0.0202,0.0274,-0.0028
2026-09-14,GLD,393.05,2026-09-14T19:55:54.042624197Z,2026-10-09,25,P,325.0,0.826867,GLD261009P00325000,0.17,0.26,0.215,3,3,2026-09-10,0.3514,-0.0161,0.0011,-0.0285,0.0415,-0.0045
2026-09-14,GLD,393.05,2026-09-14T19:55:54.05966787Z,2026-10-09,25,P,330.0,0.839588,GLD261009P00330000,0.22,0.24,0.23,8,390,2026-09-10,0.3305,-0.0181,0.0013,-0.0295,0.0458,-0.005
2026-09-14,GLD,393.05,2026-09-14T19:55:54.063000905Z,2026-10-09,25,P,335.0,0.852309,GLD261009P00335000,0.29,0.31,0.3,1,29,2026-09-10,0.3195,-0.0236,0.0017,-0.0357,0.0574,-0.0066
2026-09-14,GLD,393.05,2026-09-14T19:55:54.060465319Z,2026-10-09,25,P,340.0,0.86503,GLD261009P00340000,0.29,0.39,0.34,6,102,2026-09-10,0.3009,-0.0279,0.0021,-0.0384,0.0658,-0.0077
2026-09-14,GLD,393.05,2026-09-14T19:55:54.060840613Z,2026-10-09,25,P,350.0,0.890472,GLD261009P00350000,0.58,0.71,0.645,4,70,2026-09-10,0.2839,-0.0512,0.0036,-0.0592,0.1081,-0.0142
2026-09-14,GLD,393.05,2026-09-14T19:55:54.490666157Z,2026-10-09,25,P,355.0,0.903193,GLD261009P00355000,0.85,0.87,0.86,5,1370,2026-09-10,0.2736,-0.0676,0.0046,-0.0707,0.1344,-0.0188
2026-09-14,GLD,393.05,2026-09-14T19:55:54.491708507Z,2026-10-09,25,P,360.0,0.915914,GLD261009P00360000,1.1,1.24,1.17,18,1054,2026-09-10,0.2646,-0.0901,0.006,-0.0847,0.1672,-0.0251
2026-09-14,GLD,393.05,2026-09-14T19:55:54.059562824Z,2026-10-09,25,P,365.0,0.928635,GLD261009P00365000,1.53,1.66,1.595,18,6364,2026-09-10,0.2561,-0.1196,0.0076,-0.1001,0.2053,-0.0333
2026-09-14,GLD,393.05,2026-09-14T19:55:54.515851189Z,2026-10-09,25,P,372.0,0.946444,GLD261009P00372000,2.46,2.59,2.525,4,15,2026-09-10,0.2473,-0.1781,0.0102,-0.125,0.2681,-0.0497
2026-09-14,GLD,393.05,2026-09-14T19:55:54.059723199Z,2026-10-09,25,P,378.0,0.96171,GLD261009P00378000,3.72,3.92,3.82,11,1337,2026-09-10,0.2444,-0.2474,0.0126,-0.1484,0.3251,-0.0692
2026-09-14,GLD,393.05,2026-09-14T19:55:54.518612733Z,2026-10-09,25,P,384.0,0.976975,GLD261009P00384000,5.48,5.75,5.615,6,74,2026-09-10,0.2427,-0.3303,0.0145,-0.1668,0.3726,-0.0928
2026-09-14,GLD,393.05,2026-09-14T19:55:54.51337588Z,2026-10-09,25,P,390.0,0.99224,GLD261009P00390000,7.71,7.87,7.79,51,273,2026-09-10,0.2372,-0.4215,0.016,-0.1728,0.4024,-0.1188
2026-09-14,GLD,393.05,2026-09-14T19:55:54.420179349Z,2026-10-09,25,P,396.0,1.007505,GLD261009P00396000,10.96,11.22,11.09,6,13,2026-09-10,0.2455,-0.5176,0.0158,-0.1789,0.41,-0.1469
2026-09-14,GLD,393.05,2026-09-14T19:55:54.532069829Z,2026-10-09,25,P,402.0,1.022771,GLD261009P00402000,14.15,14.92,14.535,2,70,2026-09-10,0.2434,-0.6106,0.0153,-0.1655,0.3945,-0.1743
2026-09-14,GLD,393.05,2026-09-14T19:55:54.505336088Z,2026-10-09,25,P,408.0,1.038036,GLD261009P00408000,18.15,18.78,18.465,4,44,2026-09-10,0.24,-0.6991,0.0141,-0.1413,0.3581,-0.2008
2026-09-14,GLD,393.05,2026-09-14T19:55:54.457693051Z,2026-10-09,25,P,414.0,1.053301,GLD261009P00414000,23.69,23.99,23.84,21,29,2026-09-10,0.2664,-0.7495,0.0116,-0.1411,0.3272,-0.2181
2026-09-14,GLD,393.05,2026-09-14T19:55:54.438346773Z,2026-10-09,25,P,420.0,1.068566,GLD261009P00420000,28.35,28.94,28.645,1,45,2026-09-10,0.2668,-0.81,0.0099,-0.1128,0.2792,-0.2377
2026-09-14,GLD,393.05,2026-09-14T19:55:54.457251297Z,2026-10-09,25,P,426.0,1.083832,GLD261009P00426000,33.77,33.92,33.845,1,3,2026-09-10,0.2711,-0.8561,0.0081,-0.0878,0.2333,-0.2536
2026-09-14,GLD,393.05,2026-09-14T19:55:54.458143479Z,2026-10-09,25,P,432.0,1.099097,GLD261009P00432000,39.18,40.46,39.82,12,47,2026-09-10,0.3028,-0.8686,0.0068,-0.093,0.2192,-0.2611
2026-09-14,GLD,393.05,2026-09-14T19:55:54.441419723Z,2026-10-09,25,P,440.0,1.11945,GLD261009P00440000,46.3,48.06,47.18,1,1,2026-09-10,0.3109,-0.9056,0.0053,-0.0655,0.173,-0.2761
2026-09-14,GLD,393.05,2026-09-14T19:55:54.519279257Z,2026-10-09,25,P,445.0,1.132171,GLD261009P00445000,51.4,51.62,51.51,,,,0.288,-0.9424,0.0039,-0.0243,0.1187,-0.289
2026-09-14,GLD,393.05,2026-09-14T19:55:54.491217619Z,2026-10-09,25,P,450.0,1.144893,GLD261009P00450000,55.53,58.04,56.785,,,,0.3315,-0.9314,0.0039,-0.0461,0.136,-0.2896
2026-09-14,GLD,393.05,2026-09-14T19:55:14.185708429Z,2026-10-09,25,P,455.0,1.157614,GLD261009P00455000,61.48,64.14,62.81,,,,0.4178,-0.8962,0.0042,-0.1117,0.1855,-0.2843
2026-09-14,GLD,393.05,2026-09-14T19:55:00.447051546Z,2026-10-09,25,P,465.0,1.183056,GLD261009P00465000,69.2,72.15,70.675,,,,,,,,,
2026-09-14,GLD,393.05,2026-09-14T19:55:14.365868257Z,2026-10-09,25,P,470.0,1.195777,GLD261009P00470000,75.82,77.18,76.5,,,,0.3914,-0.9525,0.0025,-0.0327,0.1019,-0.3088
2026-09-14,GLD,393.05,2026-09-14T19:55:14.339415524Z,2026-10-09,25,P,475.0,1.208498,GLD261009P00475000,80.41,83.2,81.805,,,,0.439,-0.9416,0.0026,-0.0582,0.1199,-0.3095
2026-09-14,GLD,393.05,2026-09-14T19:55:00.447347788Z,2026-10-09,25,P,480.0,1.221219,GLD261009P00480000,84.09,87.69,85.89,,,,0.3402,-0.985,0.0011,0.0229,0.0389,-0.324
2026-09-14,GLD,393.05,2026-09-14T19:55:14.360897381Z,2026-10-09,25,P,485.0,1.23394,GLD261009P00485000,89.18,92.96,91.07,,,,0.3949,-0.9748,0.0014,0.0017,0.0605,-0.3248
2026-09-14,GLD,393.05,2026-09-14T19:55:05.785913266Z,2026-10-09,25,P,495.0,1.259382,GLD261009P00495000,101.91,103.8,102.855,,,,0.5956,-0.917,0.0025,-0.139,0.1573,-0.3173
2026-09-14,GLD,393.05,2026-09-14T19:55:05.66353617Z,2026-10-09,25,P,500.0,1.272103,GLD261009P00500000,104.11,106.89,105.5,2,,,,,,,,
2026-09-14,GLD,393.05,2026-09-14T19:55:14.358315217Z,2026-10-09,25,P,505.0,1.284824,GLD261009P00505000,110.45,112.95,111.7,,,,0.5453,-0.9522,0.0018,-0.0609,0.1023,-0.3328
2026-09-14,GLD,393.05,2026-09-14T19:55:14.336488037Z,2026-10-09,25,P,510.0,1.297545,GLD261009P00510000,115.26,118.77,117.015,,,,0.5925,-0.9436,0.0019,-0.0875,0.1168,-0.3342
2026-09-14,GLD,393.05,2026-09-14T19:55:07.816841435Z,2026-10-16,32,C,280.0,0.712378,GLD261016C00280000,111.75,114.47,113.11,1,4,2026-09-10,,,,,,
2026-09-14,GLD,393.05,2026-09-14T19:55:00.378751912Z,2026-10-16,32,C,285.0,0.725099,GLD261016C00285000,110.32,112.02,111.17,3,4,2026-09-10,0.736,0.9451,0.0013,-0.1758,0.1292,0.2282
2026-09-14,GLD,393.05,2026-09-14T19:55:14.186137554Z,2026-10-16,32,C,295.0,0.750541,GLD261016C00295000,99.33,99.69,99.51,2,10,2026-09-10,0.5008,0.9789,0.0009,-0.076,0.0589,0.2501
2026-09-14,GLD,393.05,2026-09-14T19:55:49.378164208Z,2026-10-16,32,C,300.0,0.763262,GLD261016C00300000,94.99,96.44,95.715,10,501,2026-09-10,0.6033,0.9474,0.0015,-0.1467,0.1249,0.2426
2026-09-14,GLD,393.05,2026-09-14T19:55:14.186143205Z,2026-10-16,32,C,305.0,0.775983,GLD261016C00305000,88.92,92.18,90.55,1,6,2026-09-10,0.5592,0.9489,0.0016,-0.1362,0.122,0.2476
2026-09-14,GLD,393.05,2026-09-14T19:55:14.186177128Z,2026-10-16,32,C,310.0,0.788704,GLD261016C00310000,84.24,85.79,85.015,2,11,2026-09-10,0.4815,0.9608,0.0015,-0.1049,0.0987,0.2565
2026-09-14,GLD,393.05,2026-09-14T19:55:05.761129687Z,2026-10-16,32,C,315.0,0.801425,GLD261016C00315000,78.97,80.95,79.96,3,47,2026-09-10,0.4478,0.9609,0.0016,-0.1001,0.0985,0.261
2026-09-14,GLD,393.05,2026-09-14T19:55:39.077799906Z,2026-10-16,32,C,325.0,0.826867,GLD261016C00325000,70.49,71.64,71.065,11,166,2026-09-10,0.4746,0.926,0.0025,-0.1516,0.163,0.2568
2026-09-14,GLD,393.05,2026-09-14T19:55:39.087305695Z,2026-10-16,32,C,330.0,0.839588,GLD261016C00330000,64.04,67.46,65.75,11,76,2026-09-10,0.4251,0.9304,0.0027,-0.1348,0.1556,0.2629
2026-09-14,GLD,393.05,2026-09-14T19:55:39.072961488Z,2026-10-16,32,C,335.0,0.852309,GLD261016C00335000,60.08,61.03,60.555,2,161,2026-09-10,0.3835,0.9323,0.0029,-0.1233,0.1522,0.2682
2026-09-14,GLD,393.05,2026-09-14T19:55:39.079417647Z,2026-10-16,32,C,342.0,0.870118,GLD261016C00342000,52.54,55.15,53.845,2,12,2026-09-10,0.3608,0.9173,0.0036,-0.1322,0.1775,0.2689
2026-09-14,GLD,393.05,2026-09-14T19:55:39.080450725Z,2026-10-16,32,C,348.0,0.885384,GLD261016C00348000,47.91,48.1,48.005,1,2,2026-09-10,0.3343,0.9054,0.0043,-0.1347,0.1961,0.2699
2026-09-14,GLD,393.05,2026-09-14T19:55:48.459819062Z,2026-10-16,32,C,354.0,0.900649,GLD261016C00354000,41.24,41.96,41.6,2,2,2026-09-10,0.2786,0.9115,0.0049,-0.1144,0.1866,0.2776
2026-09-14,GLD,393.05,2026-09-14T19:55:52.911606287Z,2026-10-16,32,C,360.0,0.915914,GLD261016C00360000,35.49,36.31,35.9,12,562,2026-09-10,0.2589,0.8902,0.0062,-0.1213,0.2186,0.2753
2026-09-14,GLD,393.05,2026-09-14T19:55:52.911606287Z,2026-10-16,32,C,366.0,0.931179,GLD261016C00366000,30.51,31.34,30.925,2,65,2026-09-10,0.263,0.8407,0.0079,-0.1474,0.2823,0.2626
2026-09-14,GLD,393.05,2026-09-14T19:55:53.160985836Z,2026-10-16,32,C,372.0,0.946444,GLD261016C00372000,25.71,26.21,25.96,1,70,2026-09-10,0.2562,0.7903,0.0097,-0.164,0.3351,0.2496
2026-09-14,GLD,393.05,2026-09-14T19:55:53.113106688Z,2026-10-16,32,C,378.0,0.96171,GLD261016C00378000,21.17,21.51,21.34,1,130,2026-09-10,0.2502,0.7287,0.0114,-0.1786,0.3857,0.2324
2026-09-14,GLD,393.05,2026-09-14T19:55:53.130673575Z,2026-10-16,32,C,384.0,0.976975,GLD261016C00384000,17.25,17.65,17.45,2,13,2026-09-10,0.2523,0.6531,0.0126,-0.1945,0.4296,0.2098
2026-09-14,GLD,393.05,2026-09-14T19:55:53.132883888Z,2026-10-16,32,C,390.0,0.99224,GLD261016C00390000,13.43,13.67,13.55,137,7774,2026-09-10,0.2435,0.5755,0.0138,-0.1958,0.4559,0.1864
2026-09-14,GLD,393.05,2026-09-14T19:55:53.179600298Z,2026-10-16,32,C,396.0,1.007505,GLD261016C00396000,10.62,10.68,10.65,2,123,2026-09-10,0.2461,0.4919,0.0139,-0.1976,0.4642,0.1602
2026-09-14,GLD,393.05,2026-09-14T19:55:53.130703637Z,2026-10-16,32,C,402.0,1.022771,GLD261016C00402000,8.109,8.41,8.2595,114,869,2026-09-10,0.2491,0.4117,0.0134,-0.1923,0.4529,0.1346
2026-09-14,GLD,393.05,2026-09-14T19:55:53.179691236Z,2026-10-16,32,C,408.0,1.038036,GLD261016C00408000,6.07,6.31,6.19,56,1427,2026-09-10,0.249,0.3357,0.0126,-0.1783,0.4243,0.1103
2026-09-14,GLD,393.05,2026-09-14T19:55:53.179736178Z,2026-10-16,32,C,414.0,1.053301,GLD261016C00414000,4.62,4.73,4.675,12,139,2026-09-10,0.2525,0.27,0.0113,-0.1624,0.3848,0.089
2026-09-14,GLD,393.05,2026-09-14T19:55:53.179741183Z,2026-10-16,32,C,420.0,1.068566,GLD261016C00420000,3.43,3.56,3.495,1593,5144,2026-09-10,0.2559,0.2138,0.0098,-0.144,0.339,0.0706
2026-09-14,GLD,393.05,2026-09-14T19:55:49.443515279Z,2026-10-16,32,C,426.0,1.083832,GLD261016C00426000,2.57,2.73,2.65,238,211,2026-09-10,0.2615,0.169,0.0083,-0.1265,0.2934,0.0559
2026-09-14,GLD,393.05,2026-09-14T19:55:49.708441756Z,2026-10-16,32,C,430.0,1.094008,GLD261016C00430000,2.14,2.19,2.165,464,9126,2026-09-10,0.2638,0.1426,0.0073,-0.1137,0.2623,0.0472
2026-09-14,GLD,393.05,2026-09-14T19:55:53.197663397Z,2026-10-16,32,C,440.0,1.11945,GLD261016C00440000,1.37,1.46,1.415,6787,9565,2026-09-10,0.2759,0.0969,0.0053,-0.0899,0.1995,0.0321
2026-09-14,GLD,393.05,2026-09-14T19:55:50.405499224Z,2026-10-16,32,C,445.0,1.132171,GLD261016C00445000,1.14,1.23,1.185,3156,6825,2026-09-10,0.2839,0.0815,0.0046,-0.0811,0.1755,0.0271
2026-09-14,GLD,393.05,2026-09-14T19:55:53.109503106Z,2026-10-16,32,C,450.0,1.144893,GLD261016C00450000,0.95,0.98,0.965,816,44135,2026-09-10,0.2897,0.0673,0.0039,-0.0713,0.1517,0.0224
2026-09-14,GLD,393.05,2026-09-14T19:55:53.127064935Z,2026-10-16,32,C,455.0,1.157614,GLD261016C00455000,0.79,0.8,0.795,1400,4025,2026-09-10,0.2959,0.056,0.0033,-0.063,0.1314,0.0186
2026-09-14,GLD,393.05,2026-09-14T19:55:49.025664464Z,2026-10-16,32,C,465.0,1.183056,GLD261016C00465000,0.56,0.62,0.59,62,1458,2026-09-10,0.3124,0.0414,0.0024,-0.0519,0.103,0.0137
2026-09-14,GLD,393.05,2026-09-14T19:55:53.180027032Z,2026-10-16,32,C,470.0,1.195777,GLD261016C00470000,0.45,0.53,0.49,53,2406,2026-09-10,0.318,0.0346,0.0021,-0.0457,0.0892,0.0115
2026-09-14,GLD,393.05,2026-09-14T19:55:48.418026124Z,2026-10-16,32,C,475.0,1.208498,GLD261016C00475000,0.37,0.47,0.42,27,2386,2026-09-10,0.325,0.0297,0.0018,-0.041,0.0785,0.0099
2026-09-14,GLD,393.05,2026-09-14T19:55:50.841028523Z,2026-10-16,32,C,480.0,1.221219,GLD261016C00480000,0.37,0.41,0.39,25,3561,2026-09-10,0.3359,0.027,0.0016,-0.0392,0.0726,0.009
2026-09-14,GLD,393.05,2026-09-14T19:55:49.778794601Z,2026-10-16,32,C,485.0,1.23394,GLD261016C00485000,0.28,0.46,0.37,16,1626,2026-09-10,0.3475,0.0251,0.0014,-0.038,0.0682,0.0083
2026-09-14,GLD,393.05,2026-09-14T19:55:53.180027032Z,2026-10-16,32,C,495.0,1.259382,GLD261016C00495000,0.27,0.31,0.29,1,1468,2026-09-10,0.3623,0.0195,0.0011,-0.032,0.0551,0.0065
2026-09-14,GLD,393.05,2026-09-14T19:55:49.925469636Z,2026-10-16,32,C,500.0,1.272103,GLD261016C00500000,0.24,0.28,0.26,321,10315,2026-09-10,0.3699,0.0173,0.001,-0.0295,0.0499,0.0057
2026-09-14,GLD,393.05,2026-09-14T19:55:49.020491046Z,2026-10-16,32,C,505.0,1.284824,GLD261016C00505000,0.22,0.26,0.24,10,34114,2026-09-10,0.3788,0.0158,0.0009,-0.0279,0.0461,0.0052
2026-09-14,GLD,393.05,2026-09-14T19:55:50.214318222Z,2026-10-16,32,C,510.0,1.297545,GLD261016C00510000,0.16,0.22,0.19,9,1139,2026-09-10,0.3795,0.0128,0.0007,-0.0233,0.0384,0.0042
2026-09-14,GLD,393.05,2026-09-14T19:55:54.254840598Z,2026-10-16,32,P,280.0,0.712378,GLD261016P00280000,0.03,0.13,0.08,76,8640,2026-09-10,0.4561,-0.0046,0.0003,-0.011,0.0157,-0.0017
2026-09-14,GLD,393.05,2026-09-14T19:55:54.046393136Z,2026-10-16,32,P,285.0,0.725099,GLD261016P00285000,0.03,0.13,0.08,269,232,2026-09-10,0.4347,-0.0048,0.0003,-0.0109,0.0163,-0.0017
2026-09-14,GLD,393.05,2026-09-14T19:55:54.045818485Z,2026-10-16,32,P,295.0,0.750541,GLD261016P00295000,0.06,0.17,0.115,80,513,2026-09-10,0.41,-0.0071,0.0004,-0.0144,0.023,-0.0025
2026-09-14,GLD,393.05,2026-09-14T19:55:54.045766322Z,2026-10-16,32,P,300.0,0.763262,GLD261016P00300000,0.08,0.15,0.115,81,917,2026-09-10,0.3886,-0.0075,0.0005,-0.0143,0.024,-0.0027
2026-09-14,GLD,393.05,2026-09-14T19:55:54.045385109Z,2026-10-16,32,P,305.0,0.775983,GLD261016P00305000,0.14,0.17,0.155,78,486,2026-09-10,0.3819,-0.0099,0.0006,-0.018,0.0308,-0.0036
2026-09-14,GLD,393.05,2026-09-14T19:55:54.045385109Z,2026-10-16,32,P,310.0,0.788704,GLD261016P00310000,0.13,0.24,0.185,68,431,2026-09-10,0.3692,-0.012,0.0007,-0.0205,0.0364,-0.0043
2026-09-14,GLD,393.05,2026-09-14T19:55:54.046763814Z,2026-10-16,32,P,315.0,0.801425,GLD261016P00315000,0.17,0.23,0.2,31,528,2026-09-10,0.3514,-0.0135,0.0008,-0.0215,0.0402,-0.0048
2026-09-14,GLD,393.05,2026-09-14T19:55:54.062325542Z,2026-10-16,32,P,325.0,0.826867,GLD261016P00325000,0.27,0.31,0.29,94,2181,2026-09-10,0.3262,-0.0201,0.0013,-0.028,0.0566,-0.0072
2026-09-14,GLD,393.05,2026-09-14T19:55:54.434352796Z,2026-10-16,32,P,330.0,0.839588,GLD261016P00330000,0.38,0.43,0.405,14,2333,2026-09-10,0.3213,-0.0274,0.0017,-0.0357,0.0734,-0.0098
2026-09-14,GLD,393.05,2026-09-14T19:55:54.040007268Z,2026-10-16,32,P,335.0,0.852309,GLD261016P00335000,0.46,0.56,0.51,2,8313,2026-09-10,0.3109,-0.0345,0.0021,-0.0417,0.0889,-0.0123
2026-09-14,GLD,393.05,2026-09-14T19:55:54.038475562Z,2026-10-16,32,P,342.0,0.870118,GLD261016P00342000,0.6,0.68,0.64,1,16,2026-09-10,0.2905,-0.0447,0.0028,-0.0479,0.1096,-0.0159
2026-09-14,GLD,393.05,2026-09-14T19:55:53.914824193Z,2026-10-16,32,P,348.0,0.885384,GLD261016P00348000,0.81,0.93,0.87,1,331,2026-09-10,0.2793,-0.0602,0.0037,-0.0581,0.1389,-0.0215
2026-09-14,GLD,393.05,2026-09-14T19:55:54.058731905Z,2026-10-16,32,P,354.0,0.900649,GLD261016P00354000,1.12,1.23,1.175,15,11,2026-09-10,0.2677,-0.0805,0.0048,-0.0693,0.1738,-0.0288
2026-09-14,GLD,393.05,2026-09-14T19:55:53.91482875Z,2026-10-16,32,P,360.0,0.915914,GLD261016P00360000,1.62,1.72,1.67,102,1704,2026-09-10,0.2598,-0.1106,0.0062,-0.0844,0.2196,-0.0396
2026-09-14,GLD,393.05,2026-09-14T19:55:53.91485419Z,2026-10-16,32,P,366.0,0.931179,GLD261016P00366000,2.25,2.37,2.31,4,67,2026-09-10,0.2504,-0.1484,0.0079,-0.0991,0.2694,-0.0531
2026-09-14,GLD,393.05,2026-09-14T19:55:54.481620519Z,2026-10-16,32,P,372.0,0.946444,GLD261016P00372000,3.29,3.46,3.375,5,92,2026-09-10,0.2473,-0.2022,0.0098,-0.118,0.3279,-0.0726
2026-09-14,GLD,393.05,2026-09-14T19:55:54.038403501Z,2026-10-16,32,P,378.0,0.96171,GLD261016P00378000,4.72,4.78,4.75,73,156,2026-09-10,0.2429,-0.266,0.0116,-0.1335,0.3819,-0.0958
2026-09-14,GLD,393.05,2026-09-14T19:55:54.253286038Z,2026-10-16,32,P,384.0,0.976975,GLD261016P00384000,6.54,6.7,6.62,54,67,2026-09-10,0.2406,-0.3412,0.0131,-0.1458,0.427,-0.1234
2026-09-14,GLD,393.05,2026-09-14T19:55:54.036278348Z,2026-10-16,32,P,390.0,0.99224,GLD261016P00390000,9.11,9.26,9.185,701,4758,2026-09-10,0.2431,-0.4245,0.0138,-0.1548,0.4559,-0.1543
2026-09-14,GLD,393.05,2026-09-14T19:55:54.420206471Z,2026-10-16,32,P,396.0,1.007505,GLD261016P00396000,11.72,12.03,11.875,60,331,2026-09-10,0.2373,-0.5096,0.0144,-0.1499,0.4641,-0.186
2026-09-14,GLD,393.05,2026-09-14T19:55:54.044909008Z,2026-10-16,32,P,402.0,1.022771,GLD261016P00402000,15.38,15.9,15.64,52,930,2026-09-10,0.2439,-0.5908,0.0137,-0.1464,0.4522,-0.2173
2026-09-14,GLD,393.05,2026-09-14T19:55:54.451964767Z,2026-10-16,32,P,408.0,1.038036,GLD261016P00408000,19.34,20.24,19.79,2,684,2026-09-10,0.2492,-0.6642,0.0126,-0.1358,0.4244,-0.2462
2026-09-14,GLD,393.05,2026-09-14T19:55:54.550494803Z,2026-10-16,32,P,414.0,1.053301,GLD261016P00414000,23.72,24.08,23.9,3,224,2026-09-10,0.2433,-0.7385,0.0115,-0.1111,0.3786,-0.2754
2026-09-14,GLD,393.05,2026-09-14T19:55:54.472589002Z,2026-10-16,32,P,420.0,1.068566,GLD261016P00420000,29.6,29.95,29.775,55,1097,2026-09-10,0.2768,-0.7666,0.0095,-0.1194,0.3563,-0.2903
2026-09-14,GLD,393.05,2026-09-14T19:55:54.463302048Z,2026-10-16,32,P,426.0,1.083832,GLD261016P00426000,34.22,34.67,34.445,2,101,2026-09-10,0.2702,-0.8224,0.0083,-0.0904,0.3028,-0.3136
2026-09-14,GLD,393.05,2026-09-14T19:55:54.420319512Z,2026-10-16,32,P,430.0,1.094008,GLD261016P00430000,37.64,38.1,37.87,26,935,2026-09-10,0.2707,-0.8507,0.0074,-0.0754,0.2705,-0.3263
2026-09-14,GLD,393.05,2026-09-14T19:55:54.519059839Z,2026-10-16,32,P,440.0,1.11945,GLD261016P00440000,46.49,47.04,46.765,1,1316,2026-09-10,0.2688,-0.9092,0.0052,-0.0376,0.1902,-0.3543
2026-09-14,GLD,393.05,2026-09-14T19:55:54.519290326Z,2026-10-16,32,P,445.0,1.132171,GLD261016P00445000,52.26,53.36,52.81,4,284,2026-09-10,0.3393,-0.8754,0.0052,-0.0851,0.239,-0.348
2026-09-14,GLD,393.05,2026-09-14T19:55:54.435455617Z,2026-10-16,32,P,450.0,1.144893,GLD261016P00450000,55.42,56.95,56.185,5,86,2026-09-10,0.2731,-0.9443,0.0035,-0.011,0.1308,-0.3746
2026-09-14,GLD,393.05,2026-09-14T19:55:54.519094854Z,2026-10-16,32,P,455.0,1.157614,GLD261016P00455000,62.08,63.46,62.77,2,14,2026-09-10,0.3816,-0.8867,0.0043,-0.0902,0.2235,-0.3606
2026-09-14,GLD,393.05,2026-09-14T19:55:00.397356172Z,2026-10-16,32,P,465.0,1.183056,GLD261016P00465000,72.3,72.74,72.52,10,38,2026-09-10,0.4116,-0.9017,0.0036,-0.0851,0.2018,-0.3743
2026-09-14,GLD,393.05,2026-09-14T19:55:05.796354439Z,2026-10-16,32,P,470.0,1.195777,GLD261016P00470000,74.95,79.93,77.44,10,54,2026-09-10,0.4276,-0.907,0.0033,-0.0839,0.1936,-0.3804
2026-09-14,GLD,393.05,2026-09-14T19:55:49.011198983Z,2026-10-16,32,P,475.0,1.208498,GLD261016P00475000,80.73,83.91,82.32,1,2,2026-09-10,0.4408,-0.9131,0.0031,-0.0806,0.1841,-0.3868
2026-09-14,GLD,393.05,2026-09-14T19:55:30.755454326Z,2026-10-16,32,P,480.0,1.221219,GLD261016P00480000,86.82,88.46,87.64,1,2,2026-09-10,0.4771,-0.9067,0.003,-0.0982,0.1941,-0.3893
2026-09-14,GLD,393.05,2026-09-14T19:55:05.669259439Z,2026-10-16,32,P,485.0,1.23394,GLD261016P00485000,89.7,94.85,92.275,3,,,0.4763,-0.9187,0.0027,-0.0828,0.1751,-0.3975
2026-09-14,GLD,393.05,2026-09-14T19:55:05.169714743Z,2026-10-16,32,P,495.0,1.259382,GLD261016P00495000,98.92,104.13,101.525,9,,,0.4631,-0.944,0.0021,-0.0455,0.1313,-0.4143
2026-09-14,GLD,393.05,2026-09-14T19:55:14.343427472Z,2026-10-16,32,P,500.0,1.272103,GLD261016P00500000,106.07,107.2,106.635,2,,,0.4885,-0.9416,0.0021,-0.0536,0.1357,-0.418
2026-09-14,GLD,393.05,2026-09-14T19:55:05.806612203Z,2026-10-16,32,P,505.0,1.284824,GLD261016P00505000,109.45,113.18,111.315,52,,,0.4799,-0.9525,0.0018,-0.0355,0.1152,-0.4258
2026-09-14,GLD,393.05,2026-09-14T19:55:05.663285682Z,2026-10-16,32,P,510.0,1.297545,GLD261016P00510000,113.9,118.57,116.235,2,,,0.4892,-0.9557,0.0016,-0.0317,0.1089,-0.4312
2026-09-14,USO,156.47,2026-09-14T19:55:20.834982109Z,2026-10-09,25,C,110.0,0.70301,USO261009C00110000,44.68,49.29,46.985,,,,0.6896,0.9802,0.0017,-0.0382,0.0197,0.0729
2026-09-14,USO,156.47,2026-09-14T19:55:49.773150387Z,2026-10-09,25,C,114.0,0.728574,USO261009C00114000,41.33,44.88,43.105,41,157,2026-09-10,0.6747,0.9711,0.0024,-0.0478,0.027,0.0746
2026-09-14,USO,156.47,2026-09-14T19:55:48.349073199Z,2026-10-09,25,C,117.0,0.747747,USO261009C00117000,38.03,40.37,39.2,3,1,2026-09-10,,,,,,
2026-09-14,USO,156.47,2026-09-14T19:55:55.234394482Z,2026-10-09,25,C,119.0,0.760529,USO261009C00119000,36.26,38.21,37.235,2,157,2026-09-10,,,,,,
2026-09-14,USO,156.47,2026-09-14T19:55:48.348912852Z,2026-10-09,25,C,122.0,0.779702,USO261009C00122000,33.9,35.24,34.57,,,,,,,,,
2026-09-14,USO,156.47,2026-09-14T19:55:48.348912852Z,2026-10-09,25,C,124.0,0.792484,USO261009C00124000,31.73,34.57,33.15,4,4,2026-09-10,0.5275,0.9619,0.0038,-0.048,0.0339,0.0804
2026-09-14,USO,156.47,2026-09-14T19:55:43.929966204Z,2026-10-09,25,C,126.5,0.808462,USO261009C00126500,30.03,31.09,30.56,,,,0.4607,0.9675,0.0038,-0.04,0.0297,0.0828
2026-09-14,USO,156.47,2026-09-14T19:55:55.675836583Z,2026-10-09,25,C,129.0,0.824439,USO261009C00129000,27.2,29.12,28.16,1,3,2026-09-10,0.4525,0.9566,0.005,-0.0468,0.0377,0.0832
2026-09-14,USO,156.47,2026-09-14T19:55:55.44329722Z,2026-10-09,25,C,131.0,0.837221,USO261009C00131000,25.24,28.17,26.705,1,27,2026-09-10,0.5273,0.9156,0.0072,-0.079,0.0634,0.0798
2026-09-14,USO,156.47,2026-09-14T19:55:55.675931458Z,2026-10-09,25,C,134.0,0.856394,USO261009C00134000,22.68,25.61,24.145,2,65,2026-09-10,0.5349,0.8842,0.0089,-0.0974,0.0799,0.0782
2026-09-14,USO,156.47,2026-09-14T19:55:55.675836583Z,2026-10-09,25,C,136.0,0.869176,USO261009C00136000,21.19,23.81,22.5,1,14,2026-09-10,0.5388,0.8608,0.01,-0.1095,0.0908,0.0768
2026-09-14,USO,156.47,2026-09-14T19:55:55.443292206Z,2026-10-09,25,C,138.0,0.881958,USO261009C00138000,19.86,22.01,20.935,1,35,2026-09-10,0.5444,0.8344,0.0112,-0.1224,0.1019,0.0751
2026-09-14,USO,156.47,2026-09-14T19:55:54.036405903Z,2026-10-09,25,C,141.0,0.901131,USO261009C00141000,17.26,19.42,18.34,1,96,2026-09-10,0.5202,0.803,0.013,-0.1294,0.1136,0.0735
2026-09-14,USO,156.47,2026-09-14T19:55:54.036889122Z,2026-10-09,25,C,143.0,0.913913,USO261009C00143000,15.98,18.06,17.02,8,20,2026-09-10,0.5339,0.7683,0.0139,-0.1441,0.1249,0.0707
2026-09-14,USO,156.47,2026-09-14T19:55:44.107359005Z,2026-10-09,25,C,146.0,0.933086,USO261009C00146000,12.96,16.69,14.825,4,18,2026-09-10,0.5261,0.7228,0.0155,-0.1546,0.1372,0.0673
2026-09-14,USO,156.47,2026-09-14T19:55:55.456774381Z,2026-10-09,25,C,148.0,0.945868,USO261009C00148000,12.08,14.43,13.255,3,68,2026-09-10,0.5081,0.6932,0.0169,-0.1561,0.1438,0.0652
2026-09-14,USO,156.47,2026-09-14T19:55:55.262857625Z,2026-10-09,25,C,150.0,0.95865,USO261009C00150000,11.32,12.96,12.14,2235,2277,2026-09-10,0.517,0.6552,0.0174,-0.1654,0.1508,0.0619
2026-09-14,USO,156.47,2026-09-14T19:55:55.407406705Z,2026-10-09,25,C,153.0,0.977823,USO261009C00153000,9.49,11.22,10.355,140,26,2026-09-10,0.513,0.6003,0.0184,-0.171,0.1582,0.0572
2026-09-14,USO,156.47,2026-09-14T19:55:55.262852415Z,2026-10-09,25,C,155.0,0.990605,USO261009C00155000,8.58,10.92,9.75,122,220,2026-09-10,0.5409,0.5621,0.0178,-0.1827,0.1614,0.0536
2026-09-14,USO,156.47,2026-09-14T19:55:56.626581079Z,2026-10-09,25,C,157.5,1.006583,USO261009C00157500,8.02,9.08,8.55,1,1,2026-09-10,0.5412,0.5173,0.018,-0.1842,0.1632,0.0496
2026-09-14,USO,156.47,2026-09-14T19:55:55.075927046Z,2026-10-09,25,C,160.0,1.02256,USO261009C00160000,7.21,7.99,7.6,77,612,2026-09-10,0.55,0.4743,0.0177,-0.1863,0.163,0.0456
2026-09-14,USO,156.47,2026-09-14T19:55:55.527237268Z,2026-10-09,25,C,162.0,1.035342,USO261009C00162000,6.5,7.37,6.935,5,11,2026-09-10,0.5583,0.4418,0.0173,-0.187,0.1616,0.0426
2026-09-14,USO,156.47,2026-09-14T19:55:55.262857625Z,2026-10-09,25,C,165.0,1.054515,USO261009C00165000,5.83,6.55,6.19,262,488,2026-09-10,0.5796,0.3988,0.0163,-0.1891,0.1581,0.0385
2026-09-14,USO,156.47,2026-09-14T19:55:55.000988743Z,2026-10-09,25,C,170.0,1.08647,USO261009C00170000,4.52,4.99,4.755,43,682,2026-09-10,0.5859,0.3275,0.015,-0.1781,0.1479,0.0318
2026-09-14,USO,156.47,2026-09-14T19:55:55.521984811Z,2026-10-09,25,C,175.0,1.118425,USO261009C00175000,3.32,4.13,3.725,17,51,2026-09-10,0.5998,0.2684,0.0134,-0.1659,0.135,0.0262
2026-09-14,USO,156.47,2026-09-14T19:55:55.456659134Z,2026-10-09,25,C,180.0,1.15038,USO261009C00180000,2.55,3.42,2.985,158,151,2026-09-10,0.6186,0.2213,0.0117,-0.1538,0.1217,0.0217
2026-09-14,USO,156.47,2026-09-14T19:55:55.262857625Z,2026-10-09,25,C,185.0,1.182335,USO261009C00185000,1.9,2.83,2.365,92,46,2026-09-10,0.6332,0.1809,0.0102,-0.1392,0.1078,0.0178
2026-09-14,USO,156.47,2026-09-14T19:55:55.457425912Z,2026-10-09,25,C,190.0,1.21429,USO261009C00190000,1.69,2.12,1.905,2,223,2026-09-10,0.6499,0.149,0.0087,-0.1258,0.0951,0.0147
2026-09-14,USO,156.47,2026-09-14T19:55:55.457211297Z,2026-10-09,25,C,195.0,1.246245,USO261009C00195000,1.13,1.5,1.315,1,33,2026-09-10,0.6378,0.1114,0.0073,-0.1008,0.0777,0.011
2026-09-14,USO,156.47,2026-09-14T19:55:55.262852415Z,2026-10-09,25,C,200.0,1.2782,USO261009C00200000,1.13,1.38,1.255,22,47,2026-09-10,0.6816,0.1017,0.0064,-0.1007,0.0728,0.01
2026-09-14,USO,156.47,2026-09-14T19:55:55.428762747Z,2026-10-09,25,P,110.0,0.70301,USO261009P00110000,0.03,0.24,0.135,13,461,2026-09-10,0.6407,-0.0139,0.0013,-0.0183,0.0145,-0.0016
2026-09-14,USO,156.47,2026-09-14T19:55:55.428677416Z,2026-10-09,25,P,114.0,0.728574,USO261009P00114000,0,0.31,0.155,1,90,2026-09-10,,,,,,
2026-09-14,USO,156.47,2026-09-14T19:55:55.262867687Z,2026-10-09,25,P,117.0,0.747747,USO261009P00117000,0.16,0.59,0.375,6,16,2026-09-10,0.6437,-0.0339,0.0029,-0.0391,0.0309,-0.0039
2026-09-14,USO,156.47,2026-09-14T19:55:55.598392462Z,2026-10-09,25,P,119.0,0.760529,USO261009P00119000,0.31,0.58,0.445,1,9,2026-09-10,0.6331,-0.04,0.0033,-0.044,0.0353,-0.0046
2026-09-14,USO,156.47,2026-09-14T19:55:55.426152254Z,2026-10-09,25,P,122.0,0.779702,USO261009P00122000,0.33,0.77,0.55,99,114,2026-09-10,0.6121,-0.0495,0.0041,-0.0504,0.0419,-0.0057
2026-09-14,USO,156.47,2026-09-14T19:55:54.039504047Z,2026-10-09,25,P,124.0,0.792484,USO261009P00124000,0.59,0.67,0.63,3,41,2026-09-10,0.5976,-0.0568,0.0047,-0.0548,0.0467,-0.0065
2026-09-14,USO,156.47,2026-09-14T19:55:55.234404514Z,2026-10-09,25,P,126.5,0.808462,USO261009P00126500,0.54,0.8,0.67,2,14,2026-09-10,0.5647,-0.0629,0.0053,-0.0561,0.0506,-0.0072
2026-09-14,USO,156.47,2026-09-14T19:55:57.279025155Z,2026-10-09,25,P,129.0,0.824439,USO261009P00129000,0.81,1.06,0.935,1,41,2026-09-10,0.5696,-0.0826,0.0065,-0.0696,0.0624,-0.0095
2026-09-14,USO,156.47,2026-09-14T19:55:55.454223269Z,2026-10-09,25,P,131.0,0.837221,USO261009P00131000,0.86,1.48,1.17,3,115,2026-09-10,0.5696,-0.0995,0.0075,-0.0798,0.0716,-0.0115
2026-09-14,USO,156.47,2026-09-14T19:55:55.453461504Z,2026-10-09,25,P,134.0,0.856394,USO261009P00134000,1.36,1.9,1.63,3,20,2026-09-10,0.5726,-0.1298,0.009,-0.0968,0.0866,-0.015
2026-09-14,USO,156.47,2026-09-14T19:55:55.570992137Z,2026-10-09,25,P,136.0,0.869176,USO261009P00136000,1.74,2,1.87,1,23,2026-09-10,0.5608,-0.1476,0.01,-0.1033,0.0944,-0.0171
2026-09-14,USO,156.47,2026-09-14T19:55:55.262872451Z,2026-10-09,25,P,138.0,0.881958,USO261009P00138000,1.83,2.52,2.175,23,59,2026-09-10,0.5522,-0.1685,0.0111,-0.1108,0.1031,-0.0196
2026-09-14,USO,156.47,2026-09-14T19:55:55.421189679Z,2026-10-09,25,P,141.0,0.901131,USO261009P00141000,2.62,3.28,2.95,4,91,2026-09-10,0.5596,-0.2112,0.0126,-0.1288,0.1184,-0.0247
2026-09-14,USO,156.47,2026-09-14T19:55:55.262877391Z,2026-10-09,25,P,143.0,0.913913,USO261009P00143000,2.95,3.58,3.265,5,43,2026-09-10,0.5417,-0.2343,0.0138,-0.1319,0.1256,-0.0273
2026-09-14,USO,156.47,2026-09-14T19:55:55.449682478Z,2026-10-09,25,P,146.0,0.933086,USO261009P00146000,3.84,4.7,4.27,5,16,2026-09-10,0.5483,-0.2833,0.0151,-0.147,0.1386,-0.0333
2026-09-14,USO,156.47,2026-09-14T19:55:55.458529781Z,2026-10-09,25,P,148.0,0.945868,USO261009P00148000,4.41,5.91,5.16,8,70,2026-09-10,0.5612,-0.319,0.0155,-0.1584,0.1463,-0.0377
2026-09-14,USO,156.47,2026-09-14T19:55:57.859253002Z,2026-10-09,25,P,150.0,0.95865,USO261009P00150000,5.53,5.99,5.76,130,169,2026-09-10,0.5494,-0.3504,0.0165,-0.1604,0.1518,-0.0415
2026-09-14,USO,156.47,2026-09-14T19:55:55.44832427Z,2026-10-09,25,P,153.0,0.977823,USO261009P00153000,5.77,8.34,7.055,27,15,2026-09-10,0.5496,-0.4027,0.0172,-0.1669,0.1585,-0.048
2026-09-14,USO,156.47,2026-09-14T19:55:55.608826651Z,2026-10-09,25,P,155.0,0.990605,USO261009P00155000,7.69,9.55,8.62,34,22,2026-09-10,0.5876,-0.4382,0.0164,-0.1816,0.1614,-0.0529
2026-09-14,USO,156.47,2026-09-14T19:55:55.455616625Z,2026-10-09,25,P,157.5,1.006583,USO261009P00157500,8.96,10.29,9.625,3,7,2026-09-10,0.5697,-0.4807,0.0171,-0.1771,0.1632,-0.0581
2026-09-14,USO,156.47,2026-09-14T19:55:55.001594862Z,2026-10-09,25,P,160.0,1.02256,USO261009P00160000,10.35,11.9,11.125,4,8,2026-09-10,0.5759,-0.5219,0.0169,-0.1782,0.1631,-0.0636
2026-09-14,USO,156.47,2026-09-14T19:55:56.152356372Z,2026-10-09,25,P,162.0,1.035342,USO261009P00162000,11.64,13.05,12.345,,,,0.5776,-0.5543,0.0167,-0.1767,0.1619,-0.0679
2026-09-14,USO,156.47,2026-09-14T19:55:55.52975823Z,2026-10-09,25,P,165.0,1.054515,USO261009P00165000,13.63,15.62,14.625,7,,,0.6014,-0.5954,0.0157,-0.1796,0.1587,-0.0738
2026-09-14,USO,156.47,2026-09-14T19:55:55.262887393Z,2026-10-09,25,P,170.0,1.08647,USO261009P00170000,17.84,18.56,18.2,1,2,2026-09-10,0.6107,-0.6636,0.0146,-0.1698,0.1494,-0.0836
2026-09-14,USO,156.47,2026-09-14T19:55:55.262887393Z,2026-10-09,25,P,175.0,1.118425,USO261009P00175000,21.68,22.02,21.85,,,,0.6043,-0.7297,0.0134,-0.1496,0.1355,-0.0932
2026-09-14,USO,156.47,2026-09-14T19:55:55.262887393Z,2026-10-09,25,P,180.0,1.15038,USO261009P00180000,25.3,28.03,26.665,14,1,2026-09-10,0.669,-0.7572,0.0114,-0.1563,0.1281,-0.0994
2026-09-14,USO,156.47,2026-09-14T19:55:55.4569205Z,2026-10-09,25,P,185.0,1.182335,USO261009P00185000,29.63,32.13,30.88,,,,0.6761,-0.8004,0.0101,-0.1385,0.1145,-0.1069
2026-09-14,USO,156.47,2026-09-14T19:55:55.072132949Z,2026-10-09,25,P,190.0,1.21429,USO261009P00190000,34.13,34.91,34.52,,,,0.6047,-0.8709,0.0085,-0.0864,0.0862,-0.117
2026-09-14,USO,156.47,2026-09-14T19:55:56.152672105Z,2026-10-09,25,P,195.0,1.246245,USO261009P00195000,38.36,39.87,39.115,,,,0.6095,-0.9004,0.007,-0.0686,0.0717,-0.1233
2026-09-14,USO,156.47,2026-09-14T19:55:55.610355335Z,2026-10-09,25,P,200.0,1.2782,USO261009P00200000,42.44,44.48,43.46,,,,0.5458,-0.9483,0.0047,-0.0274,0.0434,-0.1314
2026-09-14,USO,156.47,2026-09-14T19:55:54.04894236Z,2026-10-16,32,C,110.0,0.70301,USO261016C00110000,45.24,48.31,46.775,17,3136,2026-09-10,,,,,,
2026-09-14,USO,156.47,2026-09-14T19:55:29.271741533Z,2026-10-16,32,C,112.0,0.715792,USO261016C00112000,43.3,44.89,44.095,2,57,2026-09-10,,,,,,
2026-09-14,USO,156.47,2026-09-14T19:55:48.365996725Z,2026-10-16,32,C,114.0,0.728574,USO261016C00114000,41.92,42.74,42.33,10,116,2026-09-10,,,,,,
2026-09-14,USO,156.47,2026-09-14T19:55:50.476110445Z,2026-10-16,32,C,117.0,0.747747,USO261016C00117000,38.75,40.68,39.715,1,46,2026-09-10,,,,,,
2026-09-14,USO,156.47,2026-09-14T19:55:51.150906915Z,2026-10-16,32,C,119.0,0.760529,USO261016C00119000,37.42,38.96,38.19,1,175,2026-09-10,0.5241,0.9688,0.0029,-0.0385,0.0326,0.0994
2026-09-14,USO,156.47,2026-09-14T19:55:44.931535742Z,2026-10-16,32,C,122.0,0.779702,USO261016C00122000,33.58,36.28,34.93,2,251,2026-09-10,0.3576,0.9926,0.0012,-0.0179,0.0095,0.1055
2026-09-14,USO,156.47,2026-09-14T19:55:53.861279614Z,2026-10-16,32,C,124.0,0.792484,USO261016C00124000,32.49,34.34,33.415,2,131,2026-09-10,0.5077,0.95,0.0044,-0.05,0.0478,0.101
2026-09-14,USO,156.47,2026-09-14T19:55:53.959468317Z,2026-10-16,32,C,126.0,0.805266,USO261016C00126000,30.49,32.229,31.3595,1,187,2026-09-10,0.4667,0.9517,0.0046,-0.0462,0.0465,0.1031
2026-09-14,USO,156.47,2026-09-14T19:55:53.96064192Z,2026-10-16,32,C,129.0,0.824439,USO261016C00129000,27.73,29.56,28.645,8,188,2026-09-10,0.4747,0.9289,0.0062,-0.0589,0.0629,0.1023
2026-09-14,USO,156.47,2026-09-14T19:55:55.000640157Z,2026-10-16,32,C,131.0,0.837221,USO261016C00131000,27.18,27.77,27.475,1,152,2026-09-10,0.55,0.8836,0.0077,-0.0895,0.0907,0.0971
2026-09-14,USO,156.47,2026-09-14T19:55:55.408719339Z,2026-10-16,32,C,134.0,0.856394,USO261016C00134000,24.2,26.17,25.185,7,397,2026-09-10,0.5682,0.8475,0.009,-0.1082,0.1092,0.0942
2026-09-14,USO,156.47,2026-09-14T19:55:55.409591491Z,2026-10-16,32,C,136.0,0.869176,USO261016C00136000,21.78,23.94,22.86,4,898,2026-09-10,0.5026,0.8507,0.01,-0.0961,0.1077,0.0967
2026-09-14,USO,156.47,2026-09-14T19:55:55.262898399Z,2026-10-16,32,C,138.0,0.881958,USO261016C00138000,20.23,22.07,21.15,3,453,2026-09-10,0.4927,0.8308,0.0111,-0.1014,0.1169,0.0954
2026-09-14,USO,156.47,2026-09-14T19:55:55.262898399Z,2026-10-16,32,C,141.0,0.901131,USO261016C00141000,18.73,20.64,19.685,15,424,2026-09-10,0.5536,0.7697,0.0118,-0.1323,0.1408,0.0883
2026-09-14,USO,156.47,2026-09-14T19:55:56.581680153Z,2026-10-16,32,C,143.0,0.913913,USO261016C00143000,17.69,19.15,18.42,6,255,2026-09-10,0.5626,0.7403,0.0124,-0.1423,0.1502,0.0854
2026-09-14,USO,156.47,2026-09-14T19:55:56.155322071Z,2026-10-16,32,C,146.0,0.933086,USO261016C00146000,14.46,16.26,15.36,28,295,2026-09-10,0.4947,0.7155,0.0148,-0.1316,0.1572,0.0847
2026-09-14,USO,156.47,2026-09-14T19:55:55.407821935Z,2026-10-16,32,C,148.0,0.945868,USO261016C00148000,13.22,15.26,14.24,4,840,2026-09-10,0.5049,0.6808,0.0153,-0.1402,0.1655,0.0809
2026-09-14,USO,156.47,2026-09-14T19:55:55.262906313Z,2026-10-16,32,C,150.0,0.95865,USO261016C00150000,13.37,14.02,13.695,783,5316,2026-09-10,0.5436,0.6421,0.0148,-0.156,0.173,0.0761
2026-09-14,USO,156.47,2026-09-14T19:55:54.036327641Z,2026-10-16,32,C,153.0,0.977823,USO261016C00153000,10.48,12.49,11.485,4,344,2026-09-10,0.5131,0.5972,0.0163,-0.1524,0.1793,0.0719
2026-09-14,USO,156.47,2026-09-14T19:55:55.262898399Z,2026-10-16,32,C,155.0,0.990605,USO261016C00155000,10.59,11.14,10.865,672,2718,2026-09-10,0.536,0.5637,0.0159,-0.1609,0.1825,0.0678
2026-09-14,USO,156.47,2026-09-14T19:55:55.520857808Z,2026-10-16,32,C,158.0,1.009778,USO261016C00158000,9.36,10.75,10.055,364,159,2026-09-10,0.5693,0.5187,0.0151,-0.1717,0.1846,0.0623
2026-09-14,USO,156.47,2026-09-14T19:55:55.262906313Z,2026-10-16,32,C,160.0,1.02256,USO261016C00160000,8.89,9.34,9.115,1765,4764,2026-09-10,0.5655,0.4884,0.0152,-0.1703,0.1848,0.059
2026-09-14,USO,156.47,2026-09-14T19:55:54.043423888Z,2026-10-16,32,C,162.0,1.035342,USO261016C00162000,7.58,9.09,8.335,61,647,2026-09-10,0.5673,0.4592,0.0151,-0.1696,0.1839,0.0557
2026-09-14,USO,156.47,2026-09-14T19:55:55.262916245Z,2026-10-16,32,C,165.0,1.054515,USO261016C00165000,6.74,7.35,7.045,590,3130,2026-09-10,0.5575,0.4136,0.0151,-0.1633,0.1805,0.0506
2026-09-14,USO,156.47,2026-09-14T19:55:55.000756241Z,2026-10-16,32,C,170.0,1.08647,USO261016C00170000,5.63,6.05,5.84,798,4171,2026-09-10,0.5797,0.3529,0.0138,-0.1611,0.1721,0.0433
2026-09-14,USO,156.47,2026-09-14T19:55:55.118791824Z,2026-10-16,32,C,175.0,1.118425,USO261016C00175000,4.55,5.14,4.845,246,1946,2026-09-10,0.5994,0.3006,0.0125,-0.1554,0.1612,0.037
2026-09-14,USO,156.47,2026-09-14T19:55:55.00063708Z,2026-10-16,32,C,180.0,1.15038,USO261016C00180000,3.67,4.03,3.85,828,2090,2026-09-10,0.6057,0.2506,0.0113,-0.1432,0.1474,0.031
2026-09-14,USO,156.47,2026-09-14T19:55:56.195903929Z,2026-10-16,32,C,185.0,1.182335,USO261016C00185000,2.76,3.14,2.95,169,3019,2026-09-10,0.6042,0.2039,0.0101,-0.1269,0.1312,0.0254
2026-09-14,USO,156.47,2026-09-14T19:55:55.443808748Z,2026-10-16,32,C,190.0,1.21429,USO261016C00190000,2.13,2.73,2.43,363,1613,2026-09-10,0.6195,0.1715,0.0089,-0.1167,0.1179,0.0214
2026-09-14,USO,156.47,2026-09-14T19:55:55.44994973Z,2026-10-16,32,C,195.0,1.246245,USO261016C00195000,2.05,2.22,2.135,190,592,2026-09-10,0.6458,0.1497,0.0078,-0.1111,0.1079,0.0187
2026-09-14,USO,156.47,2026-09-14T19:55:55.262906313Z,2026-10-16,32,C,200.0,1.2782,USO261016C00200000,1.51,1.92,1.715,1429,9105,2026-09-10,0.653,0.124,0.0068,-0.0986,0.0948,0.0155
2026-09-14,USO,156.47,2026-09-14T19:55:55.597840771Z,2026-10-16,32,P,110.0,0.70301,USO261016P00110000,0.24,0.48,0.36,507,14621,2026-09-10,0.6649,-0.0283,0.0021,-0.0307,0.0301,-0.0042
2026-09-14,USO,156.47,2026-09-14T19:55:55.238146764Z,2026-10-16,32,P,112.0,0.715792,USO261016P00112000,0.03,0.81,0.42,10,194,2026-09-10,0.6545,-0.0329,0.0024,-0.0342,0.034,-0.0049
2026-09-14,USO,156.47,2026-09-14T19:55:55.597570344Z,2026-10-16,32,P,114.0,0.728574,USO261016P00114000,0.22,0.57,0.395,3,891,2026-09-10,0.6183,-0.0329,0.0026,-0.0323,0.034,-0.0049
2026-09-14,USO,156.47,2026-09-14T19:55:54.03619162Z,2026-10-16,32,P,117.0,0.747747,USO261016P00117000,0.34,0.86,0.6,7,601,2026-09-10,0.6263,-0.0466,0.0034,-0.0434,0.0452,-0.0069
2026-09-14,USO,156.47,2026-09-14T19:55:57.859252981Z,2026-10-16,32,P,119.0,0.760529,USO261016P00119000,0.45,0.8,0.625,1,2668,2026-09-10,0.6019,-0.0501,0.0037,-0.0441,0.0478,-0.0074
2026-09-14,USO,156.47,2026-09-14T19:55:47.878049153Z,2026-10-16,32,P,122.0,0.779702,USO261016P00122000,0.42,1.18,0.8,12,2487,2026-09-10,0.5901,-0.0629,0.0045,-0.0517,0.0573,-0.0093
2026-09-14,USO,156.47,2026-09-14T19:55:55.597244358Z,2026-10-16,32,P,124.0,0.792484,USO261016P00124000,0.68,1.39,1.035,34,526,2026-09-10,0.5969,-0.0773,0.0052,-0.0612,0.0671,-0.0115
2026-09-14,USO,156.47,2026-09-14T19:55:55.596678012Z,2026-10-16,32,P,126.0,0.805266,USO261016P00126000,0.92,1.27,1.095,78,251,2026-09-10,0.574,-0.0839,0.0058,-0.0625,0.0714,-0.0125
2026-09-14,USO,156.47,2026-09-14T19:55:55.452523667Z,2026-10-16,32,P,129.0,0.824439,USO261016P00129000,1.26,1.68,1.47,126,281,2026-09-10,0.5733,-0.1071,0.0069,-0.0746,0.0855,-0.016
2026-09-14,USO,156.47,2026-09-14T19:55:55.45852808Z,2026-10-16,32,P,131.0,0.837221,USO261016P00131000,1.35,2.029,1.6895,144,801,2026-09-10,0.5644,-0.1216,0.0077,-0.0803,0.0935,-0.0182
2026-09-14,USO,156.47,2026-09-14T19:55:55.60026787Z,2026-10-16,32,P,134.0,0.856394,USO261016P00134000,1.79,2.28,2.035,22,728,2026-09-10,0.5476,-0.145,0.009,-0.0878,0.1056,-0.0217
2026-09-14,USO,156.47,2026-09-14T19:55:55.262946044Z,2026-10-16,32,P,136.0,0.869176,USO261016P00136000,2.26,2.85,2.555,30,739,2026-09-10,0.5584,-0.1707,0.0098,-0.0995,0.1176,-0.0257
2026-09-14,USO,156.47,2026-09-14T19:55:55.262946044Z,2026-10-16,32,P,138.0,0.881958,USO261016P00138000,2.6,3.27,2.935,7,211,2026-09-10,0.5523,-0.192,0.0107,-0.1057,0.1265,-0.0289
2026-09-14,USO,156.47,2026-09-14T19:55:55.262986137Z,2026-10-16,32,P,141.0,0.901131,USO261016P00141000,3.09,3.95,3.52,26,188,2026-09-10,0.5384,-0.2254,0.012,-0.1129,0.1391,-0.034
2026-09-14,USO,156.47,2026-09-14T19:55:55.262986137Z,2026-10-16,32,P,143.0,0.913913,USO261016P00143000,3.69,4.64,4.165,25,774,2026-09-10,0.5428,-0.2541,0.0127,-0.1213,0.1485,-0.0385
2026-09-14,USO,156.47,2026-09-14T19:55:55.262977316Z,2026-10-16,32,P,146.0,0.933086,USO261016P00146000,4.54,5.7,5.12,138,362,2026-09-10,0.5405,-0.2966,0.0138,-0.13,0.1603,-0.0452
2026-09-14,USO,156.47,2026-09-14T19:55:55.6091929Z,2026-10-16,32,P,148.0,0.945868,USO261016P00148000,5.7,6.75,6.225,51,954,2026-09-10,0.5624,-0.3307,0.0139,-0.1415,0.1679,-0.0508
2026-09-14,USO,156.47,2026-09-14T19:55:55.448699595Z,2026-10-16,32,P,150.0,0.95865,USO261016P00150000,6.58,6.84,6.71,2516,2964,2026-09-10,0.5434,-0.3579,0.0148,-0.1403,0.173,-0.055
2026-09-14,USO,156.47,2026-09-14T19:55:54.036963359Z,2026-10-16,32,P,153.0,0.977823,USO261016P00153000,7.15,9.11,8.13,23,536,2026-09-10,0.5486,-0.405,0.0152,-0.1464,0.1796,-0.0627
2026-09-14,USO,156.47,2026-09-14T19:55:57.859252981Z,2026-10-16,32,P,155.0,0.990605,USO261016P00155000,8.98,9.69,9.335,489,976,2026-09-10,0.5617,-0.4363,0.0151,-0.152,0.1825,-0.068
2026-09-14,USO,156.47,2026-09-14T19:55:55.448218463Z,2026-10-16,32,P,158.0,1.009778,USO261016P00158000,10.22,11.47,10.845,155,109,2026-09-10,0.5584,-0.4823,0.0154,-0.1521,0.1847,-0.0757
2026-09-14,USO,156.47,2026-09-14T19:55:55.262986137Z,2026-10-16,32,P,160.0,1.02256,USO261016P00160000,11.4,12.21,11.805,247,193,2026-09-10,0.5496,-0.5139,0.0157,-0.149,0.1847,-0.0808
2026-09-14,USO,156.47,2026-09-14T19:55:55.088450032Z,2026-10-16,32,P,162.0,1.035342,USO261016P00162000,12.97,13.93,13.45,4,3,2026-09-10,0.5747,-0.5394,0.0149,-0.1549,0.1839,-0.0858
2026-09-14,USO,156.47,2026-09-14T19:55:55.458753732Z,2026-10-16,32,P,165.0,1.054515,USO261016P00165000,14.68,16.04,15.36,10,22,2026-09-10,0.5767,-0.5814,0.0146,-0.152,0.181,-0.0932
2026-09-14,USO,156.47,2026-09-14T19:55:54.05219627Z,2026-10-16,32,P,170.0,1.08647,USO261016P00170000,17.85,19.66,18.755,45,85,2026-09-10,0.5775,-0.6478,0.0139,-0.1426,0.172,-0.1053
2026-09-14,USO,156.47,2026-09-14T19:55:55.455616415Z,2026-10-16,32,P,175.0,1.118425,USO261016P00175000,22.56,24.93,23.745,18,2,2026-09-10,0.6583,-0.6769,0.0118,-0.1575,0.1663,-0.1137
2026-09-14,USO,156.47,2026-09-14T19:55:54.058063749Z,2026-10-16,32,P,180.0,1.15038,USO261016P00180000,25.59,27.88,26.735,7,78,2026-09-10,0.6034,-0.7504,0.0114,-0.1236,0.1471,-0.1264
2026-09-14,USO,156.47,2026-09-14T19:55:54.056094193Z,2026-10-16,32,P,185.0,1.182335,USO261016P00185000,30.54,32.89,31.715,2,43,2026-09-10,0.6675,-0.7677,0.0099,-0.1316,0.1415,-0.1331
2026-09-14,USO,156.47,2026-09-14T19:55:55.408503547Z,2026-10-16,32,P,190.0,1.21429,USO261016P00190000,33.94,37.46,35.7,59,20,2026-09-10,0.6513,-0.814,0.0089,-0.1092,0.1241,-0.143
2026-09-14,USO,156.47,2026-09-14T19:55:55.685560817Z,2026-10-16,32,P,195.0,1.246245,USO261016P00195000,39.84,42.96,41.4,2,86,2026-09-10,0.7631,-0.8013,0.0079,-0.1366,0.1292,-0.1462
2026-09-14,USO,156.47,2026-09-14T19:55:45.476647305Z,2026-10-16,32,P,200.0,1.2782,USO261016P00200000,43.26,46.39,44.825,1,115,2026-09-10,0.6795,-0.8649,0.0069,-0.088,0.1007,-0.1579
2026-09-14,TSLA,359.0,2026-09-14T19:55:59.821826613Z,2026-10-09,25,C,255.0,0.710306,TSLA261009C00255000,102.11,109.68,105.895,190,13,2026-09-10,0.7928,0.9612,0.0011,-0.1502,0.079,0.1638
2026-09-14,TSLA,359.0,2026-09-14T19:55:59.821834681Z,2026-10-09,25,C,260.0,0.724234,TSLA261009C00260000,98.16,103.37,100.765,190,13,2026-09-10,0.7374,0.9626,0.0012,-0.1386,0.0767,0.1677
2026-09-14,TSLA,359.0,2026-09-14T19:55:59.821876076Z,2026-10-09,25,C,270.0,0.752089,TSLA261009C00270000,88.31,93.06,90.685,108,7,2026-09-10,0.6522,0.9616,0.0014,-0.1288,0.0784,0.1743
2026-09-14,TSLA,359.0,2026-09-14T19:55:59.821961694Z,2026-10-09,25,C,275.0,0.766017,TSLA261009C00275000,82.78,89.58,86.18,116,7,2026-09-10,0.6703,0.9476,0.0017,-0.1614,0.1006,0.174
2026-09-14,TSLA,359.0,2026-09-14T19:55:59.821961694Z,2026-10-09,25,C,280.0,0.779944,TSLA261009C00280000,79.02,83.29,81.155,120,17,2026-09-10,0.6302,0.9457,0.0019,-0.1573,0.1034,0.1769
2026-09-14,TSLA,359.0,2026-09-14T19:55:59.821911153Z,2026-10-09,25,C,285.0,0.793872,TSLA261009C00285000,73.19,79.52,76.355,1,15,2026-09-10,0.611,0.9381,0.0021,-0.1672,0.1146,0.1784
2026-09-14,TSLA,359.0,2026-09-14T19:55:59.218317049Z,2026-10-09,25,C,290.0,0.807799,TSLA261009C00290000,67.01,72.97,69.99,92,38,2026-09-10,0.4045,0.9818,0.0012,-0.0634,0.0419,0.1935
2026-09-14,TSLA,359.0,2026-09-14T19:55:59.821911153Z,2026-10-09,25,C,295.0,0.821727,TSLA261009C00295000,65.89,66.13,66.01,140,5,2026-09-10,0.5071,0.9412,0.0025,-0.1401,0.1102,0.1862
2026-09-14,TSLA,359.0,2026-09-14T19:55:57.07714199Z,2026-10-09,25,C,300.0,0.835655,TSLA261009C00300000,60.38,62.97,61.675,184,26,2026-09-10,0.5235,0.9189,0.0031,-0.1758,0.1412,0.1837
2026-09-14,TSLA,359.0,2026-09-14T19:55:59.821911153Z,2026-10-09,25,C,305.0,0.849582,TSLA261009C00305000,55.23,57.94,56.585,27,2,2026-09-10,0.4799,0.9163,0.0034,-0.1671,0.1444,0.1865
2026-09-14,TSLA,359.0,2026-09-14T19:55:59.821970377Z,2026-10-09,25,C,310.0,0.86351,TSLA261009C00310000,50.62,53.05,51.835,10,11,2026-09-10,0.459,0.9037,0.004,-0.1757,0.1604,0.1867
2026-09-14,TSLA,359.0,2026-09-14T19:55:59.821961694Z,2026-10-09,25,C,320.0,0.891365,TSLA261009C00320000,43.24,43.58,43.41,2,62,2026-09-10,0.4625,0.8489,0.0054,-0.2309,0.2201,0.179
2026-09-14,TSLA,359.0,2026-09-14T19:55:59.408359751Z,2026-10-09,25,C,325.0,0.905292,TSLA261009C00325000,37.8,39.02,38.41,1,30,2026-09-10,0.4207,0.8369,0.0062,-0.2221,0.2315,0.1795
2026-09-14,TSLA,359.0,2026-09-14T19:55:59.821961694Z,2026-10-09,25,C,330.0,0.91922,TSLA261009C00330000,33.81,35.19,34.5,18,175,2026-09-10,0.4216,0.8,0.0071,-0.2482,0.263,0.1731
2026-09-14,TSLA,359.0,2026-09-14T19:55:59.825173055Z,2026-10-09,25,C,335.0,0.933148,TSLA261009C00335000,29.76,31.38,30.57,18,177,2026-09-10,0.4144,0.7629,0.0079,-0.2659,0.2901,0.1666
2026-09-14,TSLA,359.0,2026-09-14T19:55:59.821961694Z,2026-10-09,25,C,340.0,0.947075,TSLA261009C00340000,26.77,26.86,26.815,27,87,2026-09-10,0.4068,0.7217,0.0088,-0.2808,0.3153,0.1591
2026-09-14,TSLA,359.0,2026-09-14T19:55:59.825159298Z,2026-10-09,25,C,345.0,0.961003,TSLA261009C00345000,23.55,23.75,23.65,36,143,2026-09-10,0.4105,0.6728,0.0094,-0.3011,0.3391,0.1492
2026-09-14,TSLA,359.0,2026-09-14T19:56:00.242436828Z,2026-10-09,25,C,350.0,0.97493,TSLA261009C00350000,20.48,20.71,20.595,144,289,2026-09-10,0.4098,0.6232,0.0099,-0.3136,0.3568,0.1391
2026-09-14,TSLA,359.0,2026-09-14T19:55:59.647840263Z,2026-10-09,25,C,355.0,0.988858,TSLA261009C00355000,17.52,17.75,17.635,114,480,2026-09-10,0.4047,0.5725,0.0103,-0.318,0.3686,0.1287
2026-09-14,TSLA,359.0,2026-09-14T19:55:59.250293892Z,2026-10-09,25,C,360.0,1.002786,TSLA261009C00360000,15.31,15.36,15.335,376,633,2026-09-10,0.4105,0.5205,0.0103,-0.3252,0.3743,0.1175
2026-09-14,TSLA,359.0,2026-09-14T19:56:00.134559736Z,2026-10-09,25,C,365.0,1.016713,TSLA261009C00365000,12.82,13.23,13.025,417,559,2026-09-10,0.409,0.4691,0.0104,-0.3219,0.3737,0.1064
2026-09-14,TSLA,359.0,2026-09-14T19:55:59.816462167Z,2026-10-09,25,C,375.0,1.044568,TSLA261009C00375000,9.25,9.45,9.35,298,794,2026-09-10,0.4117,0.3717,0.0098,-0.3054,0.3553,0.085
2026-09-14,TSLA,359.0,2026-09-14T19:55:59.494219226Z,2026-10-09,25,C,380.0,1.058496,TSLA261009C00380000,7.83,8.01,7.92,913,851,2026-09-10,0.4151,0.3279,0.0093,-0.2932,0.3394,0.0752
2026-09-14,TSLA,359.0,2026-09-14T19:55:59.200615297Z,2026-10-09,25,C,385.0,1.072423,TSLA261009C00385000,6.31,6.66,6.485,226,632,2026-09-10,0.4122,0.2841,0.0088,-0.2725,0.3185,0.0654
2026-09-14,TSLA,359.0,2026-09-14T19:55:59.819529201Z,2026-10-09,25,C,390.0,1.086351,TSLA261009C00390000,5.32,5.49,5.405,166,420,2026-09-10,0.4145,0.2464,0.0081,-0.2543,0.2963,0.0569
2026-09-14,TSLA,359.0,2026-09-14T19:55:59.819474138Z,2026-10-09,25,C,395.0,1.100279,TSLA261009C00395000,4.36,4.47,4.415,118,203,2026-09-10,0.4142,0.2107,0.0074,-0.2322,0.2713,0.0488
2026-09-14,TSLA,359.0,2026-09-14T19:55:59.816563112Z,2026-10-09,25,C,400.0,1.114206,TSLA261009C00400000,3.63,3.83,3.73,855,977,2026-09-10,0.42,0.1825,0.0067,-0.2154,0.2487,0.0423
2026-09-14,TSLA,359.0,2026-09-14T19:56:00.242607426Z,2026-10-09,25,C,405.0,1.128134,TSLA261009C00405000,3.1,3.17,3.135,75,373,2026-09-10,0.4251,0.1574,0.006,-0.1978,0.2261,0.0365
2026-09-14,TSLA,359.0,2026-09-14T19:55:59.816888127Z,2026-10-09,25,C,410.0,1.142061,TSLA261009C00410000,2.52,2.58,2.55,164,577,2026-09-10,0.4259,0.1328,0.0054,-0.1765,0.2017,0.0309
2026-09-14,TSLA,359.0,2026-09-14T19:55:59.823854772Z,2026-10-09,25,C,415.0,1.155989,TSLA261009C00415000,2.15,2.2,2.175,182,414,2026-09-10,0.4329,0.115,0.0048,-0.162,0.1824,0.0268
2026-09-14,TSLA,359.0,2026-09-14T19:55:59.816577861Z,2026-10-09,25,C,425.0,1.183844,TSLA261009C00425000,1.46,1.57,1.515,81,469,2026-09-10,0.4415,0.0837,0.0037,-0.1305,0.1444,0.0195
2026-09-14,TSLA,359.0,2026-09-14T19:55:59.820015611Z,2026-10-09,25,C,430.0,1.197772,TSLA261009C00430000,1.25,1.3,1.275,293,492,2026-09-10,0.4465,0.0716,0.0033,-0.1172,0.1283,0.0167
2026-09-14,TSLA,359.0,2026-09-14T19:56:00.134761172Z,2026-10-09,25,C,435.0,1.211699,TSLA261009C00435000,1.1,1.14,1.12,81,190,2026-09-10,0.4556,0.063,0.0029,-0.1082,0.1163,0.0147
2026-09-14,TSLA,359.0,2026-09-14T19:55:59.738045123Z,2026-10-09,25,C,440.0,1.225627,TSLA261009C00440000,0.91,0.95,0.93,60,354,2026-09-10,0.4589,0.0534,0.0025,-0.0956,0.1021,0.0125
2026-09-14,TSLA,359.0,2026-09-14T19:55:59.820553363Z,2026-10-09,25,C,445.0,1.239554,TSLA261009C00445000,0.79,0.83,0.81,81,269,2026-09-10,0.4665,0.0467,0.0022,-0.0873,0.0918,0.0109
2026-09-14,TSLA,359.0,2026-09-14T19:55:59.816508221Z,2026-10-09,25,C,450.0,1.253482,TSLA261009C00450000,0.73,0.77,0.75,260,467,2026-09-10,0.4789,0.0428,0.002,-0.0834,0.0855,0.01
2026-09-14,TSLA,359.0,2026-09-14T19:56:00.243375092Z,2026-10-09,25,C,455.0,1.267409,TSLA261009C00455000,0.61,0.68,0.645,65,66,2026-09-10,0.4846,0.0371,0.0018,-0.0751,0.0762,0.0087
2026-09-14,TSLA,359.0,2026-09-14T19:55:59.882459181Z,2026-10-09,25,C,460.0,1.281337,TSLA261009C00460000,0.54,0.57,0.555,50,201,2026-09-10,0.49,0.0322,0.0016,-0.0676,0.0678,0.0075
2026-09-14,TSLA,359.0,2026-09-14T19:55:58.241235633Z,2026-10-09,25,C,465.0,1.295265,TSLA261009C00465000,0.48,0.51,0.495,83,184,2026-09-10,0.4981,0.0287,0.0014,-0.0625,0.0617,0.0067
2026-09-14,TSLA,359.0,2026-09-14T19:55:59.137747421Z,2026-10-09,25,P,255.0,0.710306,TSLA261009P00255000,0.4,0.44,0.42,12,22,2026-09-10,0.6533,-0.0178,0.0007,-0.0532,0.0413,-0.0047
2026-09-14,TSLA,359.0,2026-09-14T19:55:59.494216947Z,2026-10-09,25,P,260.0,0.724234,TSLA261009P00260000,0.44,0.48,0.46,8,258,2026-09-10,0.6302,-0.02,0.0008,-0.0565,0.0455,-0.0052
2026-09-14,TSLA,359.0,2026-09-14T19:55:59.494216947Z,2026-10-09,25,P,270.0,0.752089,TSLA261009P00270000,0.55,0.59,0.57,7,53,2026-09-10,0.5873,-0.0258,0.0011,-0.0652,0.0564,-0.0067
2026-09-14,TSLA,359.0,2026-09-14T19:56:00.985414968Z,2026-10-09,25,P,275.0,0.766017,TSLA261009P00275000,0.62,0.66,0.64,8,46,2026-09-10,0.5667,-0.0295,0.0013,-0.0703,0.063,-0.0077
2026-09-14,TSLA,359.0,2026-09-14T19:55:59.494216947Z,2026-10-09,25,P,280.0,0.779944,TSLA261009P00280000,0.66,0.7,0.68,2,479,2026-09-10,0.5405,-0.0325,0.0014,-0.0725,0.0683,-0.0085
2026-09-14,TSLA,359.0,2026-09-14T19:55:59.488488254Z,2026-10-09,25,P,285.0,0.793872,TSLA261009P00285000,0.76,0.8,0.78,4,251,2026-09-10,0.5218,-0.0378,0.0017,-0.0792,0.0773,-0.0098
2026-09-14,TSLA,359.0,2026-09-14T19:56:00.742244794Z,2026-10-09,25,P,290.0,0.807799,TSLA261009P00290000,0.92,0.93,0.925,73,209,2026-09-10,0.5065,-0.045,0.002,-0.0884,0.089,-0.0117
2026-09-14,TSLA,359.0,2026-09-14T19:55:59.825186112Z,2026-10-09,25,P,295.0,0.821727,TSLA261009P00295000,1.04,1.09,1.065,12,285,2026-09-10,0.488,-0.0525,0.0023,-0.0962,0.1008,-0.0136
2026-09-14,TSLA,359.0,2026-09-14T19:56:01.31378628Z,2026-10-09,25,P,300.0,0.835655,TSLA261009P00300000,1.24,1.29,1.265,51,535,2026-09-10,0.4726,-0.0626,0.0028,-0.1068,0.1156,-0.0162
2026-09-14,TSLA,359.0,2026-09-14T19:56:00.985610436Z,2026-10-09,25,P,305.0,0.849582,TSLA261009P00305000,1.52,1.6,1.56,68,242,2026-09-10,0.4615,-0.0763,0.0033,-0.1213,0.1347,-0.0198
2026-09-14,TSLA,359.0,2026-09-14T19:56:00.985419063Z,2026-10-09,25,P,310.0,0.86351,TSLA261009P00310000,1.81,1.87,1.84,53,343,2026-09-10,0.4453,-0.0903,0.0039,-0.1327,0.153,-0.0235
2026-09-14,TSLA,359.0,2026-09-14T19:56:01.486793649Z,2026-10-09,25,P,320.0,0.891365,TSLA261009P00320000,2.77,2.84,2.805,166,567,2026-09-10,0.4247,-0.1329,0.0054,-0.1661,0.2018,-0.0346
2026-09-14,TSLA,359.0,2026-09-14T19:56:00.985604578Z,2026-10-09,25,P,325.0,0.905292,TSLA261009P00325000,3.46,3.56,3.51,205,514,2026-09-10,0.4172,-0.1614,0.0062,-0.1854,0.2299,-0.0421
2026-09-14,TSLA,359.0,2026-09-14T19:56:01.247899275Z,2026-10-09,25,P,330.0,0.91922,TSLA261009P00330000,4.45,4.56,4.505,291,568,2026-09-10,0.4154,-0.1971,0.0071,-0.2087,0.2607,-0.0515
2026-09-14,TSLA,359.0,2026-09-14T19:55:59.816616451Z,2026-10-09,25,P,335.0,0.933148,TSLA261009P00335000,5.37,5.53,5.45,47,218,2026-09-10,0.4049,-0.2328,0.008,-0.2233,0.2872,-0.061
2026-09-14,TSLA,359.0,2026-09-14T19:56:00.650852145Z,2026-10-09,25,P,340.0,0.947075,TSLA261009P00340000,6.94,7.04,6.99,284,557,2026-09-10,0.4078,-0.2789,0.0088,-0.2463,0.3156,-0.0733
2026-09-14,TSLA,359.0,2026-09-14T19:56:00.985419063Z,2026-10-09,25,P,345.0,0.961003,TSLA261009P00345000,8.48,8.63,8.555,134,253,2026-09-10,0.4039,-0.3253,0.0095,-0.2602,0.3383,-0.0858
2026-09-14,TSLA,359.0,2026-09-14T19:55:59.819541666Z,2026-10-09,25,P,350.0,0.97493,TSLA261009P00350000,10.51,10.66,10.585,104,559,2026-09-10,0.4062,-0.3762,0.0099,-0.2745,0.3566,-0.0997
2026-09-14,TSLA,359.0,2026-09-14T19:55:59.816505647Z,2026-10-09,25,P,355.0,0.988858,TSLA261009P00355000,12.67,12.69,12.68,98,207,2026-09-10,0.4031,-0.4275,0.0104,-0.2798,0.3686,-0.1138
2026-09-14,TSLA,359.0,2026-09-14T19:56:01.254004006Z,2026-10-09,25,P,360.0,1.002786,TSLA261009P00360000,15,15.03,15.015,204,287,2026-09-10,0.3994,-0.4802,0.0106,-0.2794,0.3743,-0.1284
2026-09-14,TSLA,359.0,2026-09-14T19:56:00.88651337Z,2026-10-09,25,P,365.0,1.016713,TSLA261009P00365000,17.89,18.22,18.055,167,221,2026-09-10,0.4076,-0.5313,0.0104,-0.2828,0.3736,-0.143
2026-09-14,TSLA,359.0,2026-09-14T19:55:59.821962694Z,2026-10-09,25,P,375.0,1.044568,TSLA261009P00375000,23.21,24.94,24.075,30,144,2026-09-10,0.4023,-0.6322,0.01,-0.2586,0.354,-0.1719
2026-09-14,TSLA,359.0,2026-09-14T19:56:01.111950657Z,2026-10-09,25,P,380.0,1.058496,TSLA261009P00380000,26.21,28.63,27.42,10,178,2026-09-10,0.3989,-0.6802,0.0095,-0.2396,0.3358,-0.186
2026-09-14,TSLA,359.0,2026-09-14T19:55:59.821962694Z,2026-10-09,25,P,385.0,1.072423,TSLA261009P00385000,30.58,32.82,31.7,5,28,2026-09-10,0.4179,-0.7129,0.0087,-0.2375,0.3201,-0.197
2026-09-14,TSLA,359.0,2026-09-14T19:55:59.182278504Z,2026-10-09,25,P,390.0,1.086351,TSLA261009P00390000,34.81,36.49,35.65,3,106,2026-09-10,0.4221,-0.7492,0.008,-0.2207,0.299,-0.2086
2026-09-14,TSLA,359.0,2026-09-14T19:55:59.218214198Z,2026-10-09,25,P,395.0,1.100279,TSLA261009P00395000,38.67,40.12,39.395,3,16,2026-09-10,0.4132,-0.79,0.0074,-0.19,0.2707,-0.2212
2026-09-14,TSLA,359.0,2026-09-14T19:55:59.82190732Z,2026-10-09,25,P,400.0,1.114206,TSLA261009P00400000,43.07,45.04,44.055,1,59,2026-09-10,0.4331,-0.8093,0.0067,-0.1864,0.2555,-0.2292
2026-09-14,TSLA,359.0,2026-09-14T19:55:59.821902489Z,2026-10-09,25,P,405.0,1.128134,TSLA261009P00405000,47.18,49.55,48.365,4,13,2026-09-10,0.4359,-0.836,0.006,-0.1661,0.2323,-0.2387
2026-09-14,TSLA,359.0,2026-09-14T19:55:59.82190732Z,2026-10-09,25,P,410.0,1.142061,TSLA261009P00410000,52.26,54.32,53.29,6,20,2026-09-10,0.4621,-0.8455,0.0055,-0.1692,0.2234,-0.2444
2026-09-14,TSLA,359.0,2026-09-14T19:55:59.821957428Z,2026-10-09,25,P,415.0,1.155989,TSLA261009P00415000,56.05,58.98,57.515,1,11,2026-09-10,0.4532,-0.8732,0.0049,-0.1383,0.1953,-0.2541
2026-09-14,TSLA,359.0,2026-09-14T19:55:59.821706843Z,2026-10-09,25,P,425.0,1.183844,TSLA261009P00425000,65.12,66.91,66.015,2,7,2026-09-10,0.4091,-0.9331,0.0034,-0.0578,0.1218,-0.2746
2026-09-14,TSLA,359.0,2026-09-14T19:55:59.821872457Z,2026-10-09,25,P,430.0,1.197772,TSLA261009P00430000,69.88,73.46,71.67,1,19,2026-09-10,0.4807,-0.9118,0.0035,-0.1029,0.1503,-0.2733
2026-09-14,TSLA,359.0,2026-09-14T19:55:59.821706843Z,2026-10-09,25,P,435.0,1.211699,TSLA261009P00435000,75.08,76.84,75.96,3,5,2026-09-10,0.4498,-0.9396,0.0028,-0.0581,0.1125,-0.283
2026-09-14,TSLA,359.0,2026-09-14T19:55:59.821892339Z,2026-10-09,25,P,440.0,1.225627,TSLA261009P00440000,79.65,82.01,80.83,20,20,2026-09-10,0.4596,-0.9464,0.0025,-0.0503,0.1025,-0.288
2026-09-14,TSLA,359.0,2026-09-14T19:55:59.821837228Z,2026-10-09,25,P,445.0,1.239554,TSLA261009P00445000,84.41,85.54,84.975,2,5,2026-09-10,0.3372,-0.9909,0.0008,0.0304,0.0231,-0.3018
2026-09-14,TSLA,359.0,2026-09-14T19:55:59.821737858Z,2026-10-09,25,P,450.0,1.253482,TSLA261009P00450000,86.89,95.22,91.055,2,5,2026-09-10,0.5236,-0.9409,0.0024,-0.0711,0.1107,-0.2937
2026-09-14,TSLA,359.0,2026-09-14T19:55:59.821737858Z,2026-10-09,25,P,455.0,1.267409,TSLA261009P00455000,92.43,100.73,96.58,1,7,2026-09-10,0.5884,-0.9259,0.0025,-0.1103,0.1318,-0.2938
2026-09-14,TSLA,359.0,2026-09-14T19:55:59.821837228Z,2026-10-09,25,P,460.0,1.281337,TSLA261009P00460000,97.78,105.49,101.635,2,6,2026-09-10,0.6141,-0.926,0.0024,-0.1164,0.1317,-0.2973
2026-09-14,TSLA,359.0,2026-09-14T19:55:59.821737858Z,2026-10-09,25,P,465.0,1.295265,TSLA261009P00465000,101.09,110.21,105.65,1,1,2026-09-10,0.5432,-0.9583,0.0017,-0.044,0.0837,-0.308
2026-09-14,TSLA,359.0,2026-09-14T19:55:59.326976329Z,2026-10-16,32,C,255.0,0.710306,TSLA261016C00255000,100.12,110.16,105.14,6,91,2026-09-10,0.5532,0.9857,0.0006,-0.0593,0.0385,0.2181
2026-09-14,TSLA,359.0,2026-09-14T19:55:59.822628707Z,2026-10-16,32,C,260.0,0.724234,TSLA261016C00260000,98.2,102.5,100.35,1,56,2026-09-10,0.5667,0.9786,0.0009,-0.0745,0.0544,0.22
2026-09-14,TSLA,359.0,2026-09-14T19:55:59.822738452Z,2026-10-16,32,C,270.0,0.752089,TSLA261016C00270000,90.99,93.08,92.035,3,139,2026-09-10,0.6818,0.9368,0.0017,-0.166,0.1319,0.2141
2026-09-14,TSLA,359.0,2026-09-14T19:55:59.591626689Z,2026-10-16,32,C,275.0,0.766017,TSLA261016C00275000,82.33,88.12,85.225,1,189,2026-09-10,0.4498,0.9818,0.0009,-0.0613,0.0475,0.2343
2026-09-14,TSLA,359.0,2026-09-14T19:55:59.24942543Z,2026-10-16,32,C,280.0,0.779944,TSLA261016C00280000,78.94,84.57,81.755,1,138,2026-09-10,0.5899,0.9369,0.002,-0.1481,0.1318,0.2232
2026-09-14,TSLA,359.0,2026-09-14T19:55:59.822759226Z,2026-10-16,32,C,285.0,0.793872,TSLA261016C00285000,73.85,77.29,75.57,1,84,2026-09-10,0.4458,0.9671,0.0016,-0.0828,0.0781,0.2381
2026-09-14,TSLA,359.0,2026-09-14T19:55:59.82276801Z,2026-10-16,32,C,290.0,0.807799,TSLA261016C00290000,72.37,73.82,73.095,6,182,2026-09-10,0.6042,0.9033,0.0027,-0.1981,0.182,0.2202
2026-09-14,TSLA,359.0,2026-09-14T19:55:59.822722978Z,2026-10-16,32,C,295.0,0.821727,TSLA261016C00295000,65.39,68.15,66.77,1,97,2026-09-10,0.4893,0.9265,0.0027,-0.1411,0.1481,0.2331
2026-09-14,TSLA,359.0,2026-09-14T19:55:59.822632673Z,2026-10-16,32,C,300.0,0.835655,TSLA261016C00300000,61.28,61.83,61.555,62,545,2026-09-10,0.4417,0.9283,0.0029,-0.1288,0.1454,0.2382
2026-09-14,TSLA,359.0,2026-09-14T19:55:59.822694135Z,2026-10-16,32,C,305.0,0.849582,TSLA261016C00305000,55.68,59.48,57.58,12,582,2026-09-10,0.4691,0.8974,0.0036,-0.167,0.1901,0.2319
2026-09-14,TSLA,359.0,2026-09-14T19:55:59.822643063Z,2026-10-16,32,C,310.0,0.86351,TSLA261016C00310000,52.35,54.59,53.47,93,1992,2026-09-10,0.4765,0.8716,0.0041,-0.1931,0.2229,0.2274
2026-09-14,TSLA,359.0,2026-09-14T19:55:59.594077507Z,2026-10-16,32,C,320.0,0.891365,TSLA261016C00320000,43.12,44.17,43.645,41,1359,2026-09-10,0.4104,0.8494,0.0054,-0.1867,0.2484,0.2291
2026-09-14,TSLA,359.0,2026-09-14T19:55:59.822759226Z,2026-10-16,32,C,325.0,0.905292,TSLA261016C00325000,39.94,40.84,40.39,81,1253,2026-09-10,0.4362,0.8052,0.0059,-0.2257,0.2929,0.218
2026-09-14,TSLA,359.0,2026-09-14T19:55:59.240834937Z,2026-10-16,32,C,330.0,0.91922,TSLA261016C00330000,35.72,36.42,36.07,284,2113,2026-09-10,0.4178,0.7791,0.0067,-0.2314,0.3154,0.2136
2026-09-14,TSLA,359.0,2026-09-14T19:55:59.297369931Z,2026-10-16,32,C,335.0,0.933148,TSLA261016C00335000,32.409,33.32,32.8645,17,3125,2026-09-10,0.4289,0.737,0.0072,-0.2567,0.3468,0.2031
2026-09-14,TSLA,359.0,2026-09-14T19:55:59.825800549Z,2026-10-16,32,C,340.0,0.947075,TSLA261016C00340000,28.63,29.49,29.06,164,2180,2026-09-10,0.4168,0.7016,0.0078,-0.2634,0.3687,0.1953
2026-09-14,TSLA,359.0,2026-09-14T19:55:59.550468457Z,2026-10-16,32,C,345.0,0.961003,TSLA261016C00345000,25.45,25.6,25.525,111,1161,2026-09-10,0.4073,0.6618,0.0084,-0.2695,0.3887,0.1859
2026-09-14,TSLA,359.0,2026-09-14T19:55:59.740276243Z,2026-10-16,32,C,350.0,0.97493,TSLA261016C00350000,23,23.1,23.05,406,4328,2026-09-10,0.4192,0.6153,0.0086,-0.2868,0.4062,0.1734
2026-09-14,TSLA,359.0,2026-09-14T19:56:00.079154443Z,2026-10-16,32,C,355.0,0.988858,TSLA261016C00355000,19.66,20.04,19.85,778,1893,2026-09-10,0.4075,0.5716,0.0091,-0.2851,0.4172,0.1625
2026-09-14,TSLA,359.0,2026-09-14T19:55:59.33984613Z,2026-10-16,32,C,360.0,1.002786,TSLA261016C00360000,17.08,17.72,17.4,2582,4186,2026-09-10,0.4086,0.5258,0.0092,-0.2881,0.4232,0.1502
2026-09-14,TSLA,359.0,2026-09-14T19:56:00.248834586Z,2026-10-16,32,C,365.0,1.016713,TSLA261016C00365000,15.29,15.38,15.335,3000,2741,2026-09-10,0.4133,0.4811,0.0091,-0.29,0.4236,0.138
2026-09-14,TSLA,359.0,2026-09-14T19:56:00.242945009Z,2026-10-16,32,C,375.0,1.044568,TSLA261016C00375000,11.03,11.32,11.175,950,3780,2026-09-10,0.4066,0.3918,0.0089,-0.273,0.4083,0.1135
2026-09-14,TSLA,359.0,2026-09-14T19:56:00.242784587Z,2026-10-16,32,C,380.0,1.058496,TSLA261016C00380000,9.75,9.9,9.825,2653,7412,2026-09-10,0.4136,0.3534,0.0085,-0.2676,0.3951,0.1026
2026-09-14,TSLA,359.0,2026-09-14T19:55:59.110228394Z,2026-10-16,32,C,385.0,1.072423,TSLA261016C00385000,8.33,8.43,8.38,1475,2081,2026-09-10,0.4136,0.3146,0.0081,-0.2549,0.3774,0.0917
2026-09-14,TSLA,359.0,2026-09-14T19:55:59.817746631Z,2026-10-16,32,C,390.0,1.086351,TSLA261016C00390000,7.19,7.21,7.2,1306,3105,2026-09-10,0.4162,0.2797,0.0076,-0.2423,0.3576,0.0817
2026-09-14,TSLA,359.0,2026-09-14T19:55:59.819014366Z,2026-10-16,32,C,395.0,1.100279,TSLA261016C00395000,5.98,6.18,6.08,298,2297,2026-09-10,0.4161,0.2459,0.0071,-0.2263,0.3348,0.0721
2026-09-14,TSLA,359.0,2026-09-14T19:56:00.242795338Z,2026-10-16,32,C,400.0,1.114206,TSLA261016C00400000,5.2,5.3,5.25,3772,11307,2026-09-10,0.4206,0.2178,0.0066,-0.2133,0.3129,0.0639
2026-09-14,TSLA,359.0,2026-09-14T19:55:59.384127917Z,2026-10-16,32,C,405.0,1.128134,TSLA261016C00405000,4.37,4.41,4.39,467,1420,2026-09-10,0.4202,0.1893,0.0061,-0.1956,0.2878,0.0557
2026-09-14,TSLA,359.0,2026-09-14T19:55:59.299334485Z,2026-10-16,32,C,410.0,1.142061,TSLA261016C00410000,3.72,3.83,3.775,965,2610,2026-09-10,0.4244,0.1665,0.0055,-0.1819,0.2654,0.0491
2026-09-14,TSLA,359.0,2026-09-14T19:55:59.825190083Z,2026-10-16,32,C,415.0,1.155989,TSLA261016C00415000,3.17,3.27,3.22,257,1908,2026-09-10,0.4276,0.1456,0.005,-0.1674,0.2429,0.043
2026-09-14,TSLA,359.0,2026-09-14T19:56:00.07913603Z,2026-10-16,32,C,425.0,1.183844,TSLA261016C00425000,2.3,2.33,2.315,243,2771,2026-09-10,0.4329,0.1099,0.0041,-0.139,0.1997,0.0326
2026-09-14,TSLA,359.0,2026-09-14T19:55:59.828843088Z,2026-10-16,32,C,430.0,1.197772,TSLA261016C00430000,2.009,2.05,2.0295,461,8404,2026-09-10,0.4393,0.0973,0.0037,-0.129,0.1828,0.0288
2026-09-14,TSLA,359.0,2026-09-14T19:55:59.250422818Z,2026-10-16,32,C,435.0,1.211699,TSLA261016C00435000,1.75,1.79,1.77,184,2186,2026-09-10,0.4449,0.0858,0.0033,-0.1189,0.1666,0.0255
2026-09-14,TSLA,359.0,2026-09-14T19:55:59.384357255Z,2026-10-16,32,C,440.0,1.225627,TSLA261016C00440000,1.48,1.51,1.495,422,1671,2026-09-10,0.4471,0.0741,0.003,-0.1068,0.1491,0.022
2026-09-14,TSLA,359.0,2026-09-14T19:55:59.34013328Z,2026-10-16,32,C,445.0,1.239554,TSLA261016C00445000,1.34,1.36,1.35,53,1846,2026-09-10,0.4558,0.0669,0.0027,-0.1005,0.1378,0.0199
2026-09-14,TSLA,359.0,2026-09-14T19:55:59.719531725Z,2026-10-16,32,C,450.0,1.253482,TSLA261016C00450000,1.18,1.21,1.195,996,8033,2026-09-10,0.4622,0.0595,0.0024,-0.093,0.1259,0.0177
2026-09-14,TSLA,359.0,2026-09-14T19:56:00.079205295Z,2026-10-16,32,C,455.0,1.267409,TSLA261016C00455000,1.01,1.04,1.025,206,839,2026-09-10,0.4654,0.0519,0.0021,-0.0839,0.1129,0.0154
2026-09-14,TSLA,359.0,2026-09-14T19:55:59.249335476Z,2026-10-16,32,C,460.0,1.281337,TSLA261016C00460000,0.93,0.97,0.95,657,2594,2026-09-10,0.4754,0.0477,0.002,-0.0801,0.1056,0.0142
2026-09-14,TSLA,359.0,2026-09-14T19:55:59.73816117Z,2026-10-16,32,C,465.0,1.295265,TSLA261016C00465000,0.8,0.84,0.82,496,1881,2026-09-10,0.4788,0.0417,0.0018,-0.0724,0.0948,0.0124
2026-09-14,TSLA,359.0,2026-09-14T19:56:00.243024902Z,2026-10-16,32,P,255.0,0.710306,TSLA261016P00255000,0.52,0.56,0.54,3,1780,2026-09-10,0.6023,-0.0214,0.0008,-0.0505,0.0545,-0.0072
2026-09-14,TSLA,359.0,2026-09-14T19:56:00.243024902Z,2026-10-16,32,P,260.0,0.724234,TSLA261016P00260000,0.62,0.66,0.64,3,3994,2026-09-10,0.5897,-0.0254,0.0009,-0.0569,0.0629,-0.0085
2026-09-14,TSLA,359.0,2026-09-14T19:56:00.985584864Z,2026-10-16,32,P,270.0,0.752089,TSLA261016P00270000,0.77,0.81,0.79,31,1963,2026-09-10,0.5515,-0.0324,0.0012,-0.0652,0.0772,-0.0109
2026-09-14,TSLA,359.0,2026-09-14T19:55:58.1389028Z,2026-10-16,32,P,275.0,0.766017,TSLA261016P00275000,0.87,0.91,0.89,54,2738,2026-09-10,0.5339,-0.0371,0.0014,-0.0703,0.0861,-0.0124
2026-09-14,TSLA,359.0,2026-09-14T19:56:00.526981452Z,2026-10-16,32,P,280.0,0.779944,TSLA261016P00280000,0.95,1.03,0.99,187,7160,2026-09-10,0.5149,-0.042,0.0016,-0.075,0.0953,-0.0141
2026-09-14,TSLA,359.0,2026-09-14T19:56:01.486965829Z,2026-10-16,32,P,285.0,0.793872,TSLA261016P00285000,1.09,1.17,1.13,147,1886,2026-09-10,0.4985,-0.0485,0.0019,-0.0814,0.107,-0.0162
2026-09-14,TSLA,359.0,2026-09-14T19:56:00.07928414Z,2026-10-16,32,P,290.0,0.807799,TSLA261016P00290000,1.31,1.35,1.33,101,7440,2026-09-10,0.4853,-0.0571,0.0022,-0.0901,0.1218,-0.0191
2026-09-14,TSLA,359.0,2026-09-14T19:56:00.079319231Z,2026-10-16,32,P,295.0,0.821727,TSLA261016P00295000,1.49,1.57,1.53,112,4082,2026-09-10,0.4697,-0.0662,0.0026,-0.0977,0.1367,-0.0222
2026-09-14,TSLA,359.0,2026-09-14T19:56:00.079279141Z,2026-10-16,32,P,300.0,0.835655,TSLA261016P00300000,1.81,1.85,1.83,447,10728,2026-09-10,0.4585,-0.0786,0.003,-0.1086,0.156,-0.0264
2026-09-14,TSLA,359.0,2026-09-14T19:56:00.079128854Z,2026-10-16,32,P,305.0,0.849582,TSLA261016P00305000,2.16,2.21,2.185,227,3272,2026-09-10,0.4473,-0.0932,0.0035,-0.12,0.1771,-0.0312
2026-09-14,TSLA,359.0,2026-09-14T19:55:59.249300945Z,2026-10-16,32,P,310.0,0.86351,TSLA261016P00310000,2.61,2.67,2.64,200,4189,2026-09-10,0.4378,-0.1109,0.0041,-0.1331,0.201,-0.0372
2026-09-14,TSLA,359.0,2026-09-14T19:56:01.313847572Z,2026-10-16,32,P,320.0,0.891365,TSLA261016P00320000,3.76,3.85,3.805,498,8009,2026-09-10,0.4185,-0.1548,0.0054,-0.1593,0.253,-0.0521
2026-09-14,TSLA,359.0,2026-09-14T19:56:00.242789024Z,2026-10-16,32,P,325.0,0.905292,TSLA261016P00325000,4.63,4.66,4.645,222,4997,2026-09-10,0.4124,-0.1834,0.0061,-0.1745,0.2822,-0.0618
2026-09-14,TSLA,359.0,2026-09-14T19:56:01.25671638Z,2026-10-16,32,P,330.0,0.91922,TSLA261016P00330000,5.72,5.73,5.725,1301,10420,2026-09-10,0.4092,-0.217,0.0068,-0.1909,0.3122,-0.0733
2026-09-14,TSLA,359.0,2026-09-14T19:56:01.421098328Z,2026-10-16,32,P,335.0,0.933148,TSLA261016P00335000,7.08,7.18,7.13,731,2393,2026-09-10,0.4103,-0.2556,0.0074,-0.2087,0.3417,-0.0867
2026-09-14,TSLA,359.0,2026-09-14T19:56:00.985584864Z,2026-10-16,32,P,340.0,0.947075,TSLA261016P00340000,8.31,8.43,8.37,732,7913,2026-09-10,0.4009,-0.293,0.0081,-0.2171,0.3656,-0.0995
2026-09-14,TSLA,359.0,2026-09-14T19:56:00.654630752Z,2026-10-16,32,P,345.0,0.961003,TSLA261016P00345000,10.32,10.42,10.37,541,1976,2026-09-10,0.4065,-0.3381,0.0085,-0.233,0.3886,-0.1155
2026-09-14,TSLA,359.0,2026-09-14T19:56:01.188979797Z,2026-10-16,32,P,350.0,0.97493,TSLA261016P00350000,12.2,12.3,12.25,884,7160,2026-09-10,0.4029,-0.3822,0.0089,-0.2396,0.4054,-0.131
2026-09-14,TSLA,359.0,2026-09-14T19:56:01.486985334Z,2026-10-16,32,P,355.0,0.988858,TSLA261016P00355000,14.39,14.56,14.475,568,2707,2026-09-10,0.4023,-0.4283,0.0092,-0.2446,0.4171,-0.1475
2026-09-14,TSLA,359.0,2026-09-14T19:55:59.259258984Z,2026-10-16,32,P,360.0,1.002786,TSLA261016P00360000,16.81,16.82,16.815,1145,9333,2026-09-10,0.3988,-0.4749,0.0094,-0.2441,0.4232,-0.1642
2026-09-14,TSLA,359.0,2026-09-14T19:56:00.555489437Z,2026-10-16,32,P,365.0,1.016713,TSLA261016P00365000,19.46,20.11,19.785,716,2124,2026-09-10,0.4048,-0.5205,0.0093,-0.2462,0.4235,-0.1811
2026-09-14,TSLA,359.0,2026-09-14T19:56:01.067344825Z,2026-10-16,32,P,375.0,1.044568,TSLA261016P00375000,25.19,26.43,25.81,160,1142,2026-09-10,0.403,-0.6097,0.009,-0.2312,0.4079,-0.2145
2026-09-14,TSLA,359.0,2026-09-14T19:56:01.163484044Z,2026-10-16,32,P,380.0,1.058496,TSLA261016P00380000,28.99,29.98,29.485,164,10037,2026-09-10,0.411,-0.6479,0.0085,-0.2259,0.3945,-0.2298
2026-09-14,TSLA,359.0,2026-09-14T19:56:00.898121401Z,2026-10-16,32,P,385.0,1.072423,TSLA261016P00385000,32.77,32.81,32.79,51,1285,2026-09-10,0.4047,-0.6903,0.0082,-0.2076,0.3748,-0.246
2026-09-14,TSLA,359.0,2026-09-14T19:56:00.985780702Z,2026-10-16,32,P,390.0,1.086351,TSLA261016P00390000,36.44,37.43,36.935,41,3713,2026-09-10,0.4163,-0.7204,0.0076,-0.2017,0.3576,-0.2591
2026-09-14,TSLA,359.0,2026-09-14T19:56:00.985584864Z,2026-10-16,32,P,395.0,1.100279,TSLA261016P00395000,39.98,41.84,40.91,26,2306,2026-09-10,0.4196,-0.7521,0.0071,-0.1879,0.3363,-0.2725
2026-09-14,TSLA,359.0,2026-09-14T19:55:59.733299068Z,2026-10-16,32,P,400.0,1.114206,TSLA261016P00400000,43.68,45.78,44.73,900,5505,2026-09-10,0.4136,-0.7868,0.0066,-0.1654,0.309,-0.2868
2026-09-14,TSLA,359.0,2026-09-14T19:55:59.194514655Z,2026-10-16,32,P,405.0,1.128134,TSLA261016P00405000,48.99,50.82,49.905,18,354,2026-09-10,0.4483,-0.7932,0.006,-0.1776,0.3036,-0.2934
2026-09-14,TSLA,359.0,2026-09-14T19:55:59.822717346Z,2026-10-16,32,P,410.0,1.142061,TSLA261016P00410000,51.02,55.97,53.495,12,558,2026-09-10,0.4265,-0.8323,0.0055,-0.1408,0.2666,-0.3088
2026-09-14,TSLA,359.0,2026-09-14T19:55:59.17082812Z,2026-10-16,32,P,415.0,1.155989,TSLA261016P00415000,57.88,59.68,58.78,2,795,2026-09-10,0.4633,-0.8326,0.0051,-0.1554,0.2663,-0.3135
2026-09-14,TSLA,359.0,2026-09-14T19:55:59.822682483Z,2026-10-16,32,P,425.0,1.183844,TSLA261016P00425000,64.209,68.84,66.5245,4,554,2026-09-10,0.4116,-0.9027,0.0039,-0.0766,0.1828,-0.3424
2026-09-14,TSLA,359.0,2026-09-14T19:55:59.82263272Z,2026-10-16,32,P,430.0,1.197772,TSLA261016P00430000,68.5,74.25,71.375,13,566,2026-09-10,0.4249,-0.9108,0.0036,-0.0722,0.1715,-0.3492
2026-09-14,TSLA,359.0,2026-09-14T19:55:59.822702598Z,2026-10-16,32,P,435.0,1.211699,TSLA261016P00435000,73.97,77.77,75.87,19,223,2026-09-10,0.4136,-0.9306,0.003,-0.0487,0.1418,-0.3594
2026-09-14,TSLA,359.0,2026-09-14T19:55:59.822757476Z,2026-10-16,32,P,440.0,1.225627,TSLA261016P00440000,79.87,81.42,80.645,46,298,2026-09-10,0.4167,-0.9407,0.0027,-0.0378,0.1254,-0.3668
2026-09-14,TSLA,359.0,2026-09-14T19:55:59.822743333Z,2026-10-16,32,P,445.0,1.239554,TSLA261016P00445000,85.53,86.24,85.885,1,214,2026-09-10,0.4547,-0.9337,0.0027,-0.0531,0.1369,-0.3691
2026-09-14,TSLA,359.0,2026-09-14T19:55:59.822728112Z,2026-10-16,32,P,450.0,1.253482,TSLA261016P00450000,90.47,92.05,91.26,414,537,2026-09-10,0.5003,-0.9235,0.0027,-0.0751,0.1527,-0.3706
2026-09-14,TSLA,359.0,2026-09-14T19:55:59.82263272Z,2026-10-16,32,P,455.0,1.267409,TSLA261016P00455000,95.46,96.27,95.865,10,21,2026-09-10,0.4919,-0.9373,0.0024,-0.0555,0.1311,-0.379
2026-09-14,TSLA,359.0,2026-09-14T19:55:59.822767461Z,2026-10-16,32,P,460.0,1.281337,TSLA261016P00460000,101.42,102.72,102.07,34,60,2026-09-10,0.5889,-0.9059,0.0027,-0.1194,0.1784,-0.3746
2026-09-14,TSLA,359.0,2026-09-14T19:55:59.822757476Z,2026-10-16,32,P,465.0,1.295265,TSLA261016P00465000,102.11,109.54,105.825,10,25,2026-09-10,0.5262,-0.9408,0.0021,-0.0565,0.1252,-0.3889
2026-09-14,NVDA,211.13,2026-09-14T19:55:53.648865374Z,2026-10-09,25,C,150.0,0.710463,NVDA261009C00150000,62.4,62.58,62.49,2,5,2026-09-10,0.8323,0.9546,0.0021,-0.1023,0.0528,0.0953
2026-09-14,NVDA,211.13,2026-09-14T19:55:52.637982404Z,2026-10-09,25,C,155.0,0.734145,NVDA261009C00155000,56.42,56.87,56.645,142,19,2026-09-10,0.5075,0.9921,0.0008,-0.0281,0.012,0.1047
2026-09-14,NVDA,211.13,2026-09-14T19:55:54.189138603Z,2026-10-09,25,C,160.0,0.757827,NVDA261009C00160000,51.39,52.32,51.855,166,17,2026-09-10,0.555,0.9773,0.0018,-0.0492,0.0298,0.1058
2026-09-14,NVDA,211.13,2026-09-14T19:55:53.019868138Z,2026-10-09,25,C,165.0,0.781509,NVDA261009C00165000,47.12,47.81,47.465,166,16,2026-09-10,0.6294,0.9448,0.0032,-0.0935,0.0617,0.1041
2026-09-14,NVDA,211.13,2026-09-14T19:55:55.000292445Z,2026-10-09,25,C,170.0,0.805191,NVDA261009C00170000,41.5,42.76,42.13,2,11,2026-09-10,0.5089,0.9568,0.0033,-0.0683,0.0507,0.1095
2026-09-14,NVDA,211.13,2026-09-14T19:56:03.027830523Z,2026-10-09,25,C,175.0,0.828873,NVDA261009C00175000,37.77,38.02,37.895,210,11,2026-09-10,0.5593,0.9153,0.005,-0.1121,0.0857,0.1064
2026-09-14,NVDA,211.13,2026-09-14T19:56:03.256379727Z,2026-10-09,25,C,180.0,0.852555,NVDA261009C00180000,32.28,32.82,32.55,5,10,2026-09-10,0.4544,0.9228,0.0058,-0.0896,0.08,0.1112
2026-09-14,NVDA,211.13,2026-09-14T19:56:03.253096348Z,2026-10-09,25,C,185.0,0.876237,NVDA261009C00185000,27.26,28.19,27.725,21,27,2026-09-10,0.4125,0.9038,0.0075,-0.0948,0.0943,0.1117
2026-09-14,NVDA,211.13,2026-09-14T19:56:03.02412677Z,2026-10-09,25,C,190.0,0.899919,NVDA261009C00190000,23.4,23.73,23.565,17,153,2026-09-10,0.4216,0.8499,0.01,-0.125,0.1289,0.1068
2026-09-14,NVDA,211.13,2026-09-14T19:56:03.024327252Z,2026-10-09,25,C,195.0,0.923602,NVDA261009C00195000,18.6,19.07,18.835,23,134,2026-09-10,0.3702,0.8152,0.013,-0.1251,0.1474,0.105
2026-09-14,NVDA,211.13,2026-09-14T19:56:02.638626342Z,2026-10-09,25,C,200.0,0.947284,NVDA261009C00200000,14.95,15.25,15.1,76,209,2026-09-10,0.3699,0.7378,0.0159,-0.1479,0.18,0.0964
2026-09-14,NVDA,211.13,2026-09-14T19:56:03.262794275Z,2026-10-09,25,C,205.0,0.970966,NVDA261009C00205000,11.28,11.34,11.31,130,119,2026-09-10,0.3453,0.6561,0.0193,-0.1537,0.2034,0.0872
2026-09-14,NVDA,211.13,2026-09-14T19:56:03.632247837Z,2026-10-09,25,C,210.0,0.994648,NVDA261009C00210000,8.35,8.45,8.4,883,326,2026-09-10,0.3423,0.554,0.0209,-0.1609,0.2185,0.0744
2026-09-14,NVDA,211.13,2026-09-14T19:56:02.938673598Z,2026-10-09,25,C,215.0,1.01833,NVDA261009C00215000,5.77,5.98,5.875,1416,1027,2026-09-10,0.3331,0.4471,0.0215,-0.1548,0.2185,0.0606
2026-09-14,NVDA,211.13,2026-09-14T19:56:03.09905489Z,2026-10-09,25,C,220.0,1.042012,NVDA261009C00220000,3.93,3.98,3.955,2627,1541,2026-09-10,0.3276,0.3428,0.0203,-0.1402,0.2031,0.0469
2026-09-14,NVDA,211.13,2026-09-14T19:56:03.066512688Z,2026-10-09,25,C,225.0,1.065694,NVDA261009C00225000,2.58,2.59,2.585,3977,2119,2026-09-10,0.3255,0.2509,0.0177,-0.1198,0.1759,0.0345
2026-09-14,NVDA,211.13,2026-09-14T19:56:03.009547106Z,2026-10-09,25,C,230.0,1.089376,NVDA261009C00230000,1.61,1.7,1.655,7430,5691,2026-09-10,0.3262,0.1768,0.0144,-0.0973,0.1434,0.0244
2026-09-14,NVDA,211.13,2026-09-14T19:56:03.632268019Z,2026-10-09,25,C,235.0,1.113058,NVDA261009C00235000,1.05,1.09,1.07,1563,7618,2026-09-10,0.3309,0.1227,0.0111,-0.0769,0.1123,0.017
2026-09-14,NVDA,211.13,2026-09-14T19:56:02.940447738Z,2026-10-09,25,C,240.0,1.13674,NVDA261009C00240000,0.66,0.73,0.695,1206,3808,2026-09-10,0.3373,0.0844,0.0083,-0.0595,0.0855,0.0117
2026-09-14,NVDA,211.13,2026-09-14T19:56:02.11326642Z,2026-10-09,25,C,245.0,1.160422,NVDA261009C00245000,0.43,0.47,0.45,584,2608,2026-09-10,0.3438,0.0573,0.006,-0.0449,0.0635,0.008
2026-09-14,NVDA,211.13,2026-09-14T19:56:03.136734834Z,2026-10-09,25,C,250.0,1.184105,NVDA261009C00250000,0.35,0.37,0.36,2015,10947,2026-09-10,0.3644,0.045,0.0047,-0.0392,0.0524,0.0063
2026-09-14,NVDA,211.13,2026-09-14T19:56:03.136734834Z,2026-10-09,25,C,255.0,1.207787,NVDA261009C00255000,0.22,0.24,0.23,414,2411,2026-09-10,0.3688,0.0301,0.0033,-0.0285,0.0377,0.0042
2026-09-14,NVDA,211.13,2026-09-14T19:56:02.107883149Z,2026-10-09,25,C,260.0,1.231469,NVDA261009C00260000,0.21,0.22,0.215,745,4200,2026-09-10,0.3958,0.0267,0.0028,-0.0276,0.0341,0.0037
2026-09-14,NVDA,211.13,2026-09-14T19:56:03.136734834Z,2026-10-09,25,C,265.0,1.255151,NVDA261009C00265000,0.16,0.18,0.17,55,835,2026-09-10,0.4109,0.021,0.0022,-0.0234,0.0279,0.0029
2026-09-14,NVDA,211.13,2026-09-14T19:56:02.099419856Z,2026-10-09,25,C,270.0,1.278833,NVDA261009C00270000,0.09,0.15,0.12,373,1692,2026-09-10,0.4183,0.0151,0.0017,-0.018,0.0211,0.0021
2026-09-14,NVDA,211.13,2026-09-14T19:56:03.213062553Z,2026-10-09,25,P,150.0,0.710463,NVDA261009P00150000,0.2,0.23,0.215,240,172,2026-09-10,0.6395,-0.0161,0.0011,-0.028,0.0222,-0.0025
2026-09-14,NVDA,211.13,2026-09-14T19:56:03.255861497Z,2026-10-09,25,P,155.0,0.734145,NVDA261009P00155000,0.24,0.26,0.25,8,379,2026-09-10,0.6,-0.0195,0.0014,-0.031,0.0262,-0.003
2026-09-14,NVDA,211.13,2026-09-14T19:56:04.386416694Z,2026-10-09,25,P,160.0,0.757827,NVDA261009P00160000,0.27,0.31,0.29,9,198,2026-09-10,0.5604,-0.0237,0.0018,-0.0341,0.0309,-0.0036
2026-09-14,NVDA,211.13,2026-09-14T19:56:03.255711042Z,2026-10-09,25,P,165.0,0.781509,NVDA261009P00165000,0.33,0.36,0.345,50,673,2026-09-10,0.523,-0.0294,0.0023,-0.038,0.037,-0.0045
2026-09-14,NVDA,211.13,2026-09-14T19:56:03.393919007Z,2026-10-09,25,P,170.0,0.805191,NVDA261009P00170000,0.4,0.43,0.415,131,883,2026-09-10,0.4863,-0.0369,0.003,-0.0426,0.0446,-0.0056
2026-09-14,NVDA,211.13,2026-09-14T19:56:04.410022996Z,2026-10-09,25,P,175.0,0.828873,NVDA261009P00175000,0.5,0.54,0.52,444,278,2026-09-10,0.4528,-0.0479,0.004,-0.0487,0.0551,-0.0073
2026-09-14,NVDA,211.13,2026-09-14T19:56:04.366449029Z,2026-10-09,25,P,180.0,0.852555,NVDA261009P00180000,0.66,0.7,0.68,222,346,2026-09-10,0.4226,-0.064,0.0054,-0.057,0.0692,-0.0097
2026-09-14,NVDA,211.13,2026-09-14T19:56:04.301869922Z,2026-10-09,25,P,185.0,0.876237,NVDA261009P00185000,0.88,0.92,0.9,1525,556,2026-09-10,0.3927,-0.0864,0.0073,-0.0664,0.0871,-0.0131
2026-09-14,NVDA,211.13,2026-09-14T19:56:04.338032026Z,2026-10-09,25,P,190.0,0.899919,NVDA261009P00190000,1.3,1.38,1.34,1450,3588,2026-09-10,0.3749,-0.1248,0.0099,-0.0823,0.1136,-0.019
2026-09-14,NVDA,211.13,2026-09-14T19:56:04.386411638Z,2026-10-09,25,P,195.0,0.923602,NVDA261009P00195000,2,2.009,2.0045,1762,5101,2026-09-10,0.3592,-0.1785,0.0131,-0.0995,0.1442,-0.0272
2026-09-14,NVDA,211.13,2026-09-14T19:56:04.246893848Z,2026-10-09,25,P,200.0,0.947284,NVDA261009P00200000,2.96,3.03,2.995,1093,3243,2026-09-10,0.3461,-0.2505,0.0166,-0.1158,0.1758,-0.0383
2026-09-14,NVDA,211.13,2026-09-14T19:56:04.043157778Z,2026-10-09,25,P,205.0,0.970966,NVDA261009P00205000,4.37,4.45,4.41,1023,3377,2026-09-10,0.3351,-0.3407,0.0198,-0.1279,0.2026,-0.0523
2026-09-14,NVDA,211.13,2026-09-14T19:56:04.386967989Z,2026-10-09,25,P,210.0,0.994648,NVDA261009P00210000,6.24,6.41,6.325,903,2047,2026-09-10,0.3253,-0.4454,0.022,-0.1316,0.2184,-0.0687
2026-09-14,NVDA,211.13,2026-09-14T19:56:04.386967989Z,2026-10-09,25,P,215.0,1.01833,NVDA261009P00215000,8.73,9.08,8.905,409,4995,2026-09-10,0.3215,-0.5563,0.0222,-0.1271,0.2183,-0.0866
2026-09-14,NVDA,211.13,2026-09-14T19:56:03.910311066Z,2026-10-09,25,P,220.0,1.042012,NVDA261009P00220000,11.98,12.05,12.015,409,6086,2026-09-10,0.3171,-0.6634,0.0208,-0.112,0.2017,-0.1042
2026-09-14,NVDA,211.13,2026-09-14T19:56:04.386922813Z,2026-10-09,25,P,225.0,1.065694,NVDA261009P00225000,15.88,16.17,16.025,475,3157,2026-09-10,0.3357,-0.742,0.0174,-0.1018,0.1785,-0.1183
2026-09-14,NVDA,211.13,2026-09-14T19:56:03.884043265Z,2026-10-09,25,P,230.0,1.089376,NVDA261009P00230000,19.98,20.38,20.18,63,2479,2026-09-10,0.345,-0.8087,0.0143,-0.084,0.1506,-0.1308
2026-09-14,NVDA,211.13,2026-09-14T19:56:04.661673203Z,2026-10-09,25,P,235.0,1.113058,NVDA261009P00235000,24.77,24.97,24.87,16,1553,2026-09-10,0.3769,-0.8436,0.0115,-0.0787,0.1325,-0.139
2026-09-14,NVDA,211.13,2026-09-14T19:56:03.256442529Z,2026-10-09,25,P,240.0,1.13674,NVDA261009P00240000,29.3,29.55,29.425,4,72,2026-09-10,0.389,-0.8813,0.0092,-0.0629,0.1097,-0.1476
2026-09-14,NVDA,211.13,2026-09-14T19:56:03.256446131Z,2026-10-09,25,P,245.0,1.160422,NVDA261009P00245000,33.85,34.2,34.025,22,64,2026-09-10,0.3924,-0.9148,0.0072,-0.0439,0.0861,-0.1556
2026-09-14,NVDA,211.13,2026-09-14T19:56:03.271256375Z,2026-10-09,25,P,250.0,1.184105,NVDA261009P00250000,38.63,38.85,38.74,1,58,2026-09-10,0.3952,-0.9401,0.0054,-0.0272,0.0657,-0.1625
2026-09-14,NVDA,211.13,2026-09-14T19:55:59.906008803Z,2026-10-09,25,P,255.0,1.207787,NVDA261009P00255000,43.03,43.71,43.37,40,50,2026-09-10,0.3559,-0.9745,0.003,0.0026,0.0329,-0.1706
2026-09-14,NVDA,211.13,2026-09-14T19:55:55.404801884Z,2026-10-09,25,P,260.0,1.231469,NVDA261009P00260000,47.89,49.95,48.92,1,,,0.498,-0.9347,0.0046,-0.0443,0.0703,-0.1687
2026-09-14,NVDA,211.13,2026-09-14T19:55:53.047774349Z,2026-10-09,25,P,265.0,1.255151,NVDA261009P00265000,53.04,56.69,54.865,2,,,0.6458,-0.8933,0.0052,-0.1059,0.1017,-0.1668
2026-09-14,NVDA,211.13,2026-09-14T19:55:55.742387406Z,2026-10-09,25,P,270.0,1.278833,NVDA261009P00270000,59.32,59.64,59.48,,,,0.6438,-0.913,0.0045,-0.0863,0.0875,-0.1728
2026-09-14,NVDA,211.13,2026-09-14T19:56:02.101319581Z,2026-10-16,32,C,150.0,0.710463,NVDA261016C00150000,62.16,62.46,62.31,15,1006,2026-09-10,0.6832,0.9647,0.0018,-0.0667,0.0486,0.124
2026-09-14,NVDA,211.13,2026-09-14T19:56:02.101319581Z,2026-10-16,32,C,155.0,0.734145,NVDA261016C00155000,56.55,57.27,56.91,5,4598,2026-09-10,0.5234,0.9819,0.0014,-0.0385,0.0278,0.1319
2026-09-14,NVDA,211.13,2026-09-14T19:56:03.137590979Z,2026-10-16,32,C,160.0,0.757827,NVDA261016C00160000,52.02,53.05,52.535,3,4309,2026-09-10,0.607,0.9508,0.0027,-0.0759,0.0637,0.13
2026-09-14,NVDA,211.13,2026-09-14T19:56:02.700598506Z,2026-10-16,32,C,165.0,0.781509,NVDA261016C00165000,47.53,47.73,47.63,3,621,2026-09-10,0.5637,0.9431,0.0032,-0.0788,0.0714,0.1328
2026-09-14,NVDA,211.13,2026-09-14T19:56:03.13759586Z,2026-10-16,32,C,170.0,0.805191,NVDA261016C00170000,41.82,42.94,42.38,15,1745,2026-09-10,0.4715,0.9502,0.0035,-0.0639,0.0643,0.1388
2026-09-14,NVDA,211.13,2026-09-14T19:56:03.254434476Z,2026-10-16,32,C,175.0,0.828873,NVDA261016C00175000,37.76,38.54,38.15,4,2312,2026-09-10,0.5085,0.9107,0.0051,-0.0963,0.1009,0.1352
2026-09-14,NVDA,211.13,2026-09-14T19:56:03.25575364Z,2026-10-16,32,C,180.0,0.852555,NVDA261016C00180000,32.71,33.03,32.87,604,106535,2026-09-10,0.4228,0.9138,0.0059,-0.0817,0.0983,0.1404
2026-09-14,NVDA,211.13,2026-09-14T19:56:03.253809591Z,2026-10-16,32,C,185.0,0.876237,NVDA261016C00185000,27.69,27.94,27.815,365,1998,2026-09-10,0.3616,0.9066,0.0074,-0.0761,0.1043,0.1435
2026-09-14,NVDA,211.13,2026-09-14T19:56:03.137380454Z,2026-10-16,32,C,190.0,0.899919,NVDA261016C00190000,23.64,23.79,23.715,214,2830,2026-09-10,0.375,0.8501,0.0099,-0.1017,0.1457,0.1366
2026-09-14,NVDA,211.13,2026-09-14T19:56:03.254011387Z,2026-10-16,32,C,195.0,0.923602,NVDA261016C00195000,19.83,19.98,19.905,537,6514,2026-09-10,0.382,0.7853,0.0122,-0.1242,0.1825,0.1279
2026-09-14,NVDA,211.13,2026-09-14T19:56:02.325233212Z,2026-10-16,32,C,200.0,0.947284,NVDA261016C00200000,15.79,16.079,15.9345,1751,9199,2026-09-10,0.3623,0.7228,0.0148,-0.1329,0.2094,0.1198
2026-09-14,NVDA,211.13,2026-09-14T19:56:03.023850073Z,2026-10-16,32,C,205.0,0.970966,NVDA261016C00205000,12.15,12.17,12.16,573,9273,2026-09-10,0.3379,0.6479,0.0176,-0.1356,0.2321,0.1093
2026-09-14,NVDA,211.13,2026-09-14T19:56:03.253156471Z,2026-10-16,32,C,210.0,0.994648,NVDA261016C00210000,9.23,9.55,9.39,6974,14164,2026-09-10,0.3393,0.5551,0.0186,-0.1423,0.2471,0.0945
2026-09-14,NVDA,211.13,2026-09-14T19:56:02.925525138Z,2026-10-16,32,C,215.0,1.01833,NVDA261016C00215000,6.8,6.91,6.855,10896,17380,2026-09-10,0.3313,0.4601,0.0192,-0.1379,0.2482,0.0792
2026-09-14,NVDA,211.13,2026-09-14T19:56:03.255033409Z,2026-10-16,32,C,220.0,1.042012,NVDA261016C00220000,4.98,5.06,5.02,8776,108419,2026-09-10,0.333,0.3698,0.0181,-0.1304,0.236,0.0641
2026-09-14,NVDA,211.13,2026-09-14T19:56:02.925570075Z,2026-10-16,32,C,225.0,1.065694,NVDA261016C00225000,3.37,3.53,3.45,8439,22203,2026-09-10,0.3278,0.2841,0.0165,-0.1145,0.2119,0.0496
2026-09-14,NVDA,211.13,2026-09-14T19:56:03.202154753Z,2026-10-16,32,C,230.0,1.089376,NVDA261016C00230000,2.37,2.41,2.39,10322,41538,2026-09-10,0.3292,0.2138,0.0141,-0.0981,0.1821,0.0375
2026-09-14,NVDA,211.13,2026-09-14T19:56:03.253362828Z,2026-10-16,32,C,235.0,1.113058,NVDA261016C00235000,1.56,1.63,1.595,17628,26873,2026-09-10,0.3289,0.1551,0.0116,-0.0799,0.149,0.0273
2026-09-14,NVDA,211.13,2026-09-14T19:56:02.881456739Z,2026-10-16,32,C,240.0,1.13674,NVDA261016C00240000,1.09,1.11,1.1,14304,51331,2026-09-10,0.3341,0.113,0.0092,-0.0649,0.1199,0.02
2026-09-14,NVDA,211.13,2026-09-14T19:56:02.641311987Z,2026-10-16,32,C,245.0,1.160422,NVDA261016C00245000,0.72,0.73,0.725,6941,32270,2026-09-10,0.3361,0.0793,0.007,-0.0502,0.0923,0.014
2026-09-14,NVDA,211.13,2026-09-14T19:56:03.103078474Z,2026-10-16,32,C,250.0,1.184105,NVDA261016C00250000,0.5,0.55,0.525,13553,78632,2026-09-10,0.3458,0.0588,0.0054,-0.0409,0.0733,0.0104
2026-09-14,NVDA,211.13,2026-09-14T19:56:02.280131298Z,2026-10-16,32,C,255.0,1.207787,NVDA261016C00255000,0.36,0.41,0.385,2875,22782,2026-09-10,0.3556,0.0439,0.0042,-0.0332,0.0581,0.0078
2026-09-14,NVDA,211.13,2026-09-14T19:56:02.881459884Z,2026-10-16,32,C,260.0,1.231469,NVDA261016C00260000,0.3,0.31,0.305,5461,32417,2026-09-10,0.3696,0.0347,0.0033,-0.0284,0.048,0.0062
2026-09-14,NVDA,211.13,2026-09-14T19:56:02.107140297Z,2026-10-16,32,C,265.0,1.255151,NVDA261016C00265000,0.2,0.25,0.225,1466,10804,2026-09-10,0.3781,0.026,0.0026,-0.0229,0.0378,0.0046
2026-09-14,NVDA,211.13,2026-09-14T19:56:03.137089582Z,2026-10-16,32,C,270.0,1.278833,NVDA261016C00270000,0.15,0.16,0.155,1623,21053,2026-09-10,0.3822,0.0185,0.0019,-0.0173,0.0283,0.0033
2026-09-14,NVDA,211.13,2026-09-14T19:56:02.116384127Z,2026-10-16,32,P,150.0,0.710463,NVDA261016P00150000,0.24,0.29,0.265,1126,24321,2026-09-10,0.5849,-0.0188,0.0013,-0.0258,0.0287,-0.0037
2026-09-14,NVDA,211.13,2026-09-14T19:56:04.636106551Z,2026-10-16,32,P,155.0,0.734145,NVDA261016P00155000,0.29,0.3,0.295,115,12347,2026-09-10,0.5459,-0.022,0.0015,-0.0275,0.0328,-0.0043
2026-09-14,NVDA,211.13,2026-09-14T19:56:04.387099892Z,2026-10-16,32,P,160.0,0.757827,NVDA261016P00160000,0.34,0.41,0.375,393,17426,2026-09-10,0.5189,-0.0285,0.002,-0.0323,0.0407,-0.0056
2026-09-14,NVDA,211.13,2026-09-14T19:56:04.636106551Z,2026-10-16,32,P,165.0,0.781509,NVDA261016P00165000,0.46,0.48,0.47,425,21770,2026-09-10,0.4907,-0.0365,0.0026,-0.0375,0.05,-0.0072
2026-09-14,NVDA,211.13,2026-09-14T19:56:04.386633215Z,2026-10-16,32,P,170.0,0.805191,NVDA261016P00170000,0.52,0.58,0.55,535,29748,2026-09-10,0.4557,-0.0447,0.0033,-0.0409,0.0589,-0.0088
2026-09-14,NVDA,211.13,2026-09-14T19:56:04.337681871Z,2026-10-16,32,P,175.0,0.828873,NVDA261016P00175000,0.68,0.73,0.705,1181,20207,2026-09-10,0.4289,-0.0584,0.0043,-0.0475,0.0729,-0.0114
2026-09-14,NVDA,211.13,2026-09-14T19:56:04.387426077Z,2026-10-16,32,P,180.0,0.852555,NVDA261016P00180000,0.95,0.97,0.96,3182,47904,2026-09-10,0.4077,-0.0792,0.0058,-0.0569,0.0923,-0.0155
2026-09-14,NVDA,211.13,2026-09-14T19:56:04.220823876Z,2026-10-16,32,P,185.0,0.876237,NVDA261016P00185000,1.31,1.33,1.32,2363,21133,2026-09-10,0.3877,-0.1078,0.0076,-0.0677,0.1159,-0.0211
2026-09-14,NVDA,211.13,2026-09-14T19:56:04.386633215Z,2026-10-16,32,P,190.0,0.899919,NVDA261016P00190000,1.81,1.88,1.845,4425,24212,2026-09-10,0.37,-0.1472,0.01,-0.0798,0.1439,-0.0289
2026-09-14,NVDA,211.13,2026-09-14T19:56:04.301866687Z,2026-10-16,32,P,195.0,0.923602,NVDA261016P00195000,2.61,2.68,2.645,6265,38489,2026-09-10,0.3571,-0.2013,0.0126,-0.0933,0.1757,-0.0396
2026-09-14,NVDA,211.13,2026-09-14T19:56:04.068286089Z,2026-10-16,32,P,200.0,0.947284,NVDA261016P00200000,3.7,3.78,3.74,4969,42123,2026-09-10,0.3448,-0.2692,0.0153,-0.1049,0.2064,-0.0531
2026-09-14,NVDA,211.13,2026-09-14T19:56:04.387135637Z,2026-10-16,32,P,205.0,0.970966,NVDA261016P00205000,5.36,5.42,5.39,2754,30390,2026-09-10,0.3412,-0.3534,0.0174,-0.1155,0.2324,-0.0701
2026-09-14,NVDA,211.13,2026-09-14T19:56:04.337261082Z,2026-10-16,32,P,210.0,0.994648,NVDA261016P00210000,7.32,7.36,7.34,2888,22395,2026-09-10,0.3317,-0.4448,0.0191,-0.1174,0.247,-0.0888
2026-09-14,NVDA,211.13,2026-09-14T19:56:04.585035032Z,2026-10-16,32,P,215.0,1.01833,NVDA261016P00215000,9.94,10.04,9.99,1815,13872,2026-09-10,0.3317,-0.5401,0.0191,-0.1156,0.2482,-0.1087
2026-09-14,NVDA,211.13,2026-09-14T19:56:03.952861654Z,2026-10-16,32,P,220.0,1.042012,NVDA261016P00220000,13.02,13.19,13.105,798,51808,2026-09-10,0.332,-0.631,0.0182,-0.107,0.2358,-0.1283
2026-09-14,NVDA,211.13,2026-09-14T19:56:04.039497676Z,2026-10-16,32,P,225.0,1.065694,NVDA261016P00225000,16.69,16.73,16.71,410,11793,2026-09-10,0.3357,-0.7108,0.0163,-0.0946,0.2137,-0.1462
2026-09-14,NVDA,211.13,2026-09-14T19:56:04.307825833Z,2026-10-16,32,P,230.0,1.089376,NVDA261016P00230000,20.79,20.94,20.865,489,11900,2026-09-10,0.3506,-0.7702,0.0138,-0.0847,0.1897,-0.1609
2026-09-14,NVDA,211.13,2026-09-14T19:56:03.202692965Z,2026-10-16,32,P,235.0,1.113058,NVDA261016P00235000,24.83,25.1,24.965,250,3563,2026-09-10,0.349,-0.8293,0.0116,-0.0655,0.1586,-0.1754
2026-09-14,NVDA,211.13,2026-09-14T19:56:04.35321376Z,2026-10-16,32,P,240.0,1.13674,NVDA261016P00240000,28.65,29.85,29.25,198,2541,2026-09-10,0.3426,-0.8807,0.0093,-0.0441,0.1245,-0.1887
2026-09-14,NVDA,211.13,2026-09-14T19:56:03.254451205Z,2026-10-16,32,P,245.0,1.160422,NVDA261016P00245000,34.44,34.79,34.615,11,531,2026-09-10,0.4124,-0.8706,0.0082,-0.0621,0.1318,-0.1915
2026-09-14,NVDA,211.13,2026-09-14T19:56:04.33857397Z,2026-10-16,32,P,250.0,1.184105,NVDA261016P00250000,38.92,39.58,39.25,395,1171,2026-09-10,0.4221,-0.8966,0.0068,-0.0502,0.1125,-0.2004
2026-09-14,NVDA,211.13,2026-09-14T19:56:00.635883014Z,2026-10-16,32,P,255.0,1.207787,NVDA261016P00255000,44.13,44.31,44.22,4,941,2026-09-10,0.4567,-0.9037,0.006,-0.0515,0.1067,-0.2061
2026-09-14,NVDA,211.13,2026-09-14T19:55:53.047712414Z,2026-10-16,32,P,260.0,1.231469,NVDA261016P00260000,48.84,49.31,49.075,7,392,2026-09-10,0.4783,-0.9155,0.0052,-0.047,0.0969,-0.2125
2026-09-14,NVDA,211.13,2026-09-14T19:55:56.403588829Z,2026-10-16,32,P,265.0,1.255151,NVDA261016P00265000,54.14,54.39,54.265,3,177,2026-09-10,0.5322,-0.9101,0.0049,-0.0585,0.1014,-0.2161
2026-09-14,NVDA,211.13,2026-09-14T19:55:56.403607857Z,2026-10-16,32,P,270.0,1.278833,NVDA261016P00270000,58.67,59.87,59.27,23,38,2026-09-10,0.5667,-0.9133,0.0045,-0.061,0.0987,-0.221
2026-09-14,AAPL,333.315,2026-09-14T19:56:06.333823871Z,2026-10-09,25,C,235.0,0.705039,AAPL261009C00235000,99.27,101.22,100.245,,,,0.8171,0.9603,0.0012,-0.145,0.0747,0.1506
2026-09-14,AAPL,333.315,2026-09-14T19:56:06.332731193Z,2026-10-09,25,C,240.0,0.72004,AAPL261009C00240000,94.03,96.65,95.34,25,25,2026-09-10,0.7866,0.9566,0.0013,-0.1497,0.0804,0.1531
2026-09-14,AAPL,333.315,2026-09-14T19:56:06.330561075Z,2026-10-09,25,C,245.0,0.73504,AAPL261009C00245000,85.92,91.15,88.535,1,5,2026-09-10,,,,,,
2026-09-14,AAPL,333.315,2026-09-14T19:56:04.955281886Z,2026-10-09,25,C,250.0,0.750041,AAPL261009C00250000,82.62,85.76,84.19,2,2,2026-09-10,0.4861,0.9905,0.0006,-0.0472,0.0222,0.1685
2026-09-14,AAPL,333.315,2026-09-14T19:56:04.955599205Z,2026-10-09,25,C,255.0,0.765042,AAPL261009C00255000,77.2,81.21,79.205,20,20,2026-09-10,0.4575,0.9899,0.0007,-0.0477,0.0236,0.1718
2026-09-14,AAPL,333.315,2026-09-14T19:56:06.307252651Z,2026-10-09,25,C,260.0,0.780043,AAPL261009C00260000,72.52,76.09,74.305,2,9,2026-09-10,0.4579,0.9845,0.001,-0.0577,0.034,0.1739
2026-09-14,AAPL,333.315,2026-09-14T19:56:06.56852329Z,2026-10-09,25,C,265.0,0.795044,AAPL261009C00265000,67.92,71.19,69.555,100,10,2026-09-10,0.4794,0.9722,0.0015,-0.0801,0.0558,0.1744
2026-09-14,AAPL,333.315,2026-09-14T19:56:04.953990357Z,2026-10-09,25,C,270.0,0.810045,AAPL261009C00270000,62.77,66.66,64.715,174,9,2026-09-10,0.4696,0.964,0.0019,-0.0916,0.069,0.1758
2026-09-14,AAPL,333.315,2026-09-14T19:56:05.017706912Z,2026-10-09,25,C,275.0,0.825045,AAPL261009C00275000,57.78,60.18,58.98,174,12,2026-09-10,,,,,,
2026-09-14,AAPL,333.315,2026-09-14T19:56:06.715574007Z,2026-10-09,25,C,280.0,0.840046,AAPL261009C00280000,53.07,55.19,54.13,129,244,2026-09-10,0.2092,0.9994,0.0001,-0.0298,0.0017,0.1912
2026-09-14,AAPL,333.315,2026-09-14T19:56:05.068423064Z,2026-10-09,25,C,285.0,0.855047,AAPL261009C00285000,49.05,51.88,50.465,128,55,2026-09-10,0.4385,0.926,0.0037,-0.1342,0.1222,0.1769
2026-09-14,AAPL,333.315,2026-09-14T19:56:04.9540049Z,2026-10-09,25,C,290.0,0.870048,AAPL261009C00290000,43.02,46.24,44.63,4,19,2026-09-10,0.3196,0.9591,0.0031,-0.0777,0.0766,0.1884
2026-09-14,AAPL,333.315,2026-09-14T19:56:06.056999014Z,2026-10-09,25,C,295.0,0.885049,AAPL261009C00295000,39.35,39.82,39.585,2,152,2026-09-10,0.2806,0.9589,0.0036,-0.0723,0.0768,0.1919
2026-09-14,AAPL,333.315,2026-09-14T19:56:06.307261487Z,2026-10-09,25,C,300.0,0.90005,AAPL261009C00300000,34.45,36.72,35.585,24,37,2026-09-10,0.3322,0.901,0.006,-0.1286,0.152,0.1814
2026-09-14,AAPL,333.315,2026-09-14T19:56:05.534342844Z,2026-10-09,25,C,305.0,0.91505,AAPL261009C00305000,28.96,31.58,30.27,41,74,2026-09-10,0.2732,0.9061,0.007,-0.1082,0.1462,0.1862
2026-09-14,AAPL,333.315,2026-09-14T19:56:06.314973885Z,2026-10-09,25,C,310.0,0.930051,AAPL261009C00310000,25.17,27.43,26.3,91,277,2026-09-10,0.2919,0.8473,0.0093,-0.1469,0.2059,0.1755
2026-09-14,AAPL,333.315,2026-09-14T19:56:06.320457318Z,2026-10-09,25,C,315.0,0.945052,AAPL261009C00315000,20.34,22.46,21.4,67,620,2026-09-10,0.2537,0.8231,0.0117,-0.1413,0.2265,0.1733
2026-09-14,AAPL,333.315,2026-09-14T19:56:06.035292126Z,2026-10-09,25,C,320.0,0.960053,AAPL261009C00320000,16.56,18.14,17.35,145,415,2026-09-10,0.2461,0.761,0.0144,-0.1579,0.2706,0.1619
2026-09-14,AAPL,333.315,2026-09-14T19:56:06.899287483Z,2026-10-09,25,C,325.0,0.975054,AAPL261009C00325000,13.83,14.61,14.22,59,743,2026-09-10,0.2576,0.674,0.016,-0.1839,0.3145,0.1442
2026-09-14,AAPL,333.315,2026-09-14T19:56:06.033259309Z,2026-10-09,25,C,330.0,0.990054,AAPL261009C00330000,10.62,11.43,11.025,515,848,2026-09-10,0.2525,0.59,0.0176,-0.1907,0.3392,0.1272
2026-09-14,AAPL,333.315,2026-09-14T19:56:06.034099342Z,2026-10-09,25,C,335.0,1.005055,AAPL261009C00335000,7.78,8.77,8.275,375,758,2026-09-10,0.2478,0.4995,0.0184,-0.189,0.3481,0.1084
2026-09-14,AAPL,333.315,2026-09-14T19:56:06.425838234Z,2026-10-09,25,C,340.0,1.020056,AAPL261009C00340000,5.79,6.08,5.935,1469,1472,2026-09-10,0.2418,0.4063,0.0184,-0.1772,0.3385,0.0887
2026-09-14,AAPL,333.315,2026-09-14T19:56:06.899008003Z,2026-10-09,25,C,345.0,1.035057,AAPL261009C00345000,4.14,4.31,4.225,239,4014,2026-09-10,0.2412,0.3195,0.017,-0.1611,0.3118,0.0701
2026-09-14,AAPL,333.315,2026-09-14T19:56:06.652206124Z,2026-10-09,25,C,350.0,1.050058,AAPL261009C00350000,2.77,3.15,2.96,597,1001,2026-09-10,0.2423,0.244,0.0148,-0.1408,0.2737,0.0537
2026-09-14,AAPL,333.315,2026-09-14T19:56:06.033951969Z,2026-10-09,25,C,355.0,1.065059,AAPL261009C00355000,1.7,1.92,1.81,423,365,2026-09-10,0.2339,0.1705,0.0124,-0.1092,0.2212,0.0377
2026-09-14,AAPL,333.315,2026-09-14T19:56:06.036991193Z,2026-10-09,25,C,360.0,1.080059,AAPL261009C00360000,1.03,1.36,1.195,363,504,2026-09-10,0.2359,0.1209,0.0098,-0.0869,0.1755,0.0268
2026-09-14,AAPL,333.315,2026-09-14T19:56:06.715513722Z,2026-10-09,25,C,365.0,1.09506,AAPL261009C00365000,0.63,0.91,0.77,466,389,2026-09-10,0.2377,0.0833,0.0074,-0.0664,0.1338,0.0185
2026-09-14,AAPL,333.315,2026-09-14T19:56:06.306414016Z,2026-10-09,25,C,370.0,1.110061,AAPL261009C00370000,0.28,0.53,0.405,67,248,2026-09-10,0.2308,0.0493,0.0051,-0.0428,0.089,0.011
2026-09-14,AAPL,333.315,2026-09-14T19:56:06.111002711Z,2026-10-09,25,C,375.0,1.125062,AAPL261009C00375000,0.16,0.39,0.275,598,374,2026-09-10,0.2373,0.0344,0.0037,-0.0327,0.0664,0.0077
2026-09-14,AAPL,333.315,2026-09-14T19:56:06.307752005Z,2026-10-09,25,C,380.0,1.140063,AAPL261009C00380000,0.1,0.25,0.175,164,262,2026-09-10,0.2412,0.0228,0.0026,-0.0235,0.0471,0.0051
2026-09-14,AAPL,333.315,2026-09-14T19:56:06.035688529Z,2026-10-09,25,C,385.0,1.155064,AAPL261009C00385000,0.01,0.21,0.11,76,34,2026-09-10,0.2447,0.0148,0.0018,-0.0165,0.0328,0.0033
2026-09-14,AAPL,333.315,2026-09-14T19:56:06.30700573Z,2026-10-09,25,C,390.0,1.170064,AAPL261009C00390000,0.04,0.3,0.17,19,120,2026-09-10,0.2803,0.0195,0.0019,-0.0238,0.0413,0.0043
2026-09-14,AAPL,333.315,2026-09-14T19:56:06.03591487Z,2026-10-09,25,C,395.0,1.185065,AAPL261009C00395000,0.03,0.13,0.08,105,36,2026-09-10,0.2709,0.0102,0.0011,-0.0132,0.0236,0.0023
2026-09-14,AAPL,333.315,2026-09-14T19:56:06.30608947Z,2026-10-09,25,C,405.0,1.215067,AAPL261009C00405000,0.03,0.08,0.055,4,3,2026-09-10,0.2925,0.0068,0.0007,-0.0099,0.0165,0.0015
2026-09-14,AAPL,333.315,2026-09-14T18:28:35.707287386Z,2026-10-09,25,C,410.0,1.230068,AAPL261009C00410000,0,0.05,0.025,1,4,2026-09-10,,,,,,
2026-09-14,AAPL,333.315,2026-09-14T19:56:06.307668505Z,2026-10-09,25,C,415.0,1.245068,AAPL261009C00415000,0,0.06,0.03,21,172,2026-09-10,,,,,,
2026-09-14,AAPL,333.315,2026-09-14T19:56:07.327658081Z,2026-10-09,25,P,235.0,0.705039,AAPL261009P00235000,0.01,0.08,0.045,6,22,2026-09-10,0.5066,-0.0032,0.0002,-0.0085,0.0085,-0.0008
2026-09-14,AAPL,333.315,2026-09-14T19:56:06.306991308Z,2026-10-09,25,P,240.0,0.72004,AAPL261009P00240000,0.01,0.28,0.145,11,20,2026-09-10,0.5486,-0.0087,0.0005,-0.0222,0.0205,-0.0021
2026-09-14,AAPL,333.315,2026-09-14T19:56:05.076506212Z,2026-10-09,25,P,245.0,0.73504,AAPL261009P00245000,0.01,0.22,0.115,1,116,2026-09-10,0.503,-0.0076,0.0005,-0.0182,0.0184,-0.0018
2026-09-14,AAPL,333.315,2026-09-14T19:56:06.08501583Z,2026-10-09,25,P,250.0,0.750041,AAPL261009P00250000,0.06,0.16,0.11,101,133,2026-09-10,0.471,-0.0078,0.0005,-0.0173,0.0187,-0.0019
2026-09-14,AAPL,333.315,2026-09-14T19:56:06.111208179Z,2026-10-09,25,P,255.0,0.765042,AAPL261009P00255000,0.04,0.35,0.195,1032,31,2026-09-10,0.4773,-0.0129,0.0008,-0.0272,0.029,-0.0031
2026-09-14,AAPL,333.315,2026-09-14T19:56:07.14808504Z,2026-10-09,25,P,260.0,0.780043,AAPL261009P00260000,0.08,0.34,0.21,305,84,2026-09-10,0.452,-0.0145,0.0009,-0.0285,0.0321,-0.0035
2026-09-14,AAPL,333.315,2026-09-14T19:56:06.111619125Z,2026-10-09,25,P,265.0,0.795044,AAPL261009P00265000,0.1,0.24,0.17,14,46,2026-09-10,0.4093,-0.0132,0.0009,-0.0237,0.0295,-0.0031
2026-09-14,AAPL,333.315,2026-09-14T19:56:07.397900666Z,2026-10-09,25,P,270.0,0.810045,AAPL261009P00270000,0.18,0.36,0.27,281,626,2026-09-10,0.4076,-0.0199,0.0014,-0.0336,0.0421,-0.0047
2026-09-14,AAPL,333.315,2026-09-14T19:56:06.307275976Z,2026-10-09,25,P,275.0,0.825045,AAPL261009P00275000,0.16,0.37,0.265,1,106,2026-09-10,0.3763,-0.0211,0.0015,-0.0325,0.0442,-0.005
2026-09-14,AAPL,333.315,2026-09-14T19:56:06.111719431Z,2026-10-09,25,P,280.0,0.840046,AAPL261009P00280000,0.2,0.46,0.33,40,404,2026-09-10,0.3592,-0.0267,0.002,-0.0378,0.0539,-0.0063
2026-09-14,AAPL,333.315,2026-09-14T19:56:06.225716752Z,2026-10-09,25,P,285.0,0.855047,AAPL261009P00285000,0.28,0.52,0.4,336,299,2026-09-10,0.3402,-0.0332,0.0025,-0.0427,0.0646,-0.0079
2026-09-14,AAPL,333.315,2026-09-14T19:56:07.000833949Z,2026-10-09,25,P,290.0,0.870048,AAPL261009P00290000,0.48,0.65,0.565,53,797,2026-09-10,0.3306,-0.046,0.0033,-0.054,0.0842,-0.0109
2026-09-14,AAPL,333.315,2026-09-14T19:56:06.631683933Z,2026-10-09,25,P,295.0,0.885049,AAPL261009P00295000,0.61,0.79,0.7,44,548,2026-09-10,0.3122,-0.0581,0.0043,-0.0612,0.1014,-0.0138
2026-09-14,AAPL,333.315,2026-09-14T19:56:06.379688186Z,2026-10-09,25,P,300.0,0.90005,AAPL261009P00300000,0.77,1.04,0.905,140,1527,2026-09-10,0.2961,-0.0757,0.0055,-0.0709,0.1244,-0.0179
2026-09-14,AAPL,333.315,2026-09-14T19:56:06.035673112Z,2026-10-09,25,P,305.0,0.91505,AAPL261009P00305000,1.06,1.48,1.27,266,605,2026-09-10,0.2859,-0.1035,0.0072,-0.086,0.157,-0.0245
2026-09-14,AAPL,333.315,2026-09-14T19:56:07.647766657Z,2026-10-09,25,P,310.0,0.930051,AAPL261009P00310000,1.51,1.76,1.635,257,346,2026-09-10,0.2686,-0.1341,0.0092,-0.0965,0.1885,-0.0317
2026-09-14,AAPL,333.315,2026-09-14T19:56:07.397449452Z,2026-10-09,25,P,315.0,0.945052,AAPL261009P00315000,2.25,2.59,2.42,875,392,2026-09-10,0.2641,-0.1858,0.0116,-0.1166,0.2335,-0.0441
2026-09-14,AAPL,333.315,2026-09-14T19:56:06.034064618Z,2026-10-09,25,P,320.0,0.960053,AAPL261009P00320000,3.24,3.96,3.6,613,551,2026-09-10,0.2637,-0.2525,0.0139,-0.1378,0.2787,-0.0601
2026-09-14,AAPL,333.315,2026-09-14T19:56:07.07822929Z,2026-10-09,25,P,325.0,0.975054,AAPL261009P00325000,4.76,4.98,4.87,102,234,2026-09-10,0.2542,-0.3242,0.0162,-0.1477,0.3137,-0.0774
2026-09-14,AAPL,333.315,2026-09-14T19:56:07.078133968Z,2026-10-09,25,P,330.0,0.990054,AAPL261009P00330000,6.58,6.98,6.78,384,259,2026-09-10,0.2529,-0.4101,0.0176,-0.1566,0.3392,-0.0983
2026-09-14,AAPL,333.315,2026-09-14T19:56:06.899008003Z,2026-10-09,25,P,335.0,1.005055,AAPL261009P00335000,8.75,8.98,8.865,222,222,2026-09-10,0.2439,-0.5009,0.0187,-0.1514,0.3481,-0.1205
2026-09-14,AAPL,333.315,2026-09-14T19:56:06.031453695Z,2026-10-09,25,P,340.0,1.020056,AAPL261009P00340000,10.43,12.83,11.63,49,28,2026-09-10,0.2412,-0.5939,0.0184,-0.1414,0.3384,-0.1436
2026-09-14,AAPL,333.315,2026-09-14T19:56:07.343801693Z,2026-10-09,25,P,345.0,1.035057,AAPL261009P00345000,13.56,16.37,14.965,4,29,2026-09-10,0.2424,-0.6795,0.0169,-0.1262,0.3123,-0.1654
2026-09-14,AAPL,333.315,2026-09-14T19:56:06.039993435Z,2026-10-09,25,P,350.0,1.050058,AAPL261009P00350000,17.35,19.75,18.55,20,13,2026-09-10,0.2387,-0.7596,0.0149,-0.1012,0.2715,-0.1862
2026-09-14,AAPL,333.315,2026-09-14T19:56:06.443961971Z,2026-10-09,25,P,355.0,1.065059,AAPL261009P00355000,21.38,23.91,22.645,10,4,2026-09-10,0.241,-0.8218,0.0124,-0.0787,0.2275,-0.2032
2026-09-14,AAPL,333.315,2026-09-14T19:56:06.307261487Z,2026-10-09,25,P,360.0,1.080059,AAPL261009P00360000,25.66,28.69,27.175,50,2,2026-09-10,0.2531,-0.8613,0.01,-0.0649,0.193,-0.2153
2026-09-14,AAPL,333.315,2026-09-14T19:56:06.305877915Z,2026-10-09,25,P,365.0,1.09506,AAPL261009P00365000,30.13,34.16,32.145,,,,0.2836,-0.8745,0.0083,-0.0684,0.1802,-0.2217
2026-09-14,AAPL,333.315,2026-09-14T19:56:04.954956674Z,2026-10-09,25,P,370.0,1.110061,AAPL261009P00370000,35.34,38.75,37.045,,,,0.3085,-0.8883,0.0071,-0.0676,0.1659,-0.2282
2026-09-14,AAPL,333.315,2026-09-14T19:56:06.307907618Z,2026-10-09,25,P,375.0,1.125062,AAPL261009P00375000,40.22,43.74,41.98,2,,,0.3338,-0.8984,0.0061,-0.0678,0.155,-0.2339
2026-09-14,AAPL,333.315,2026-09-14T19:56:06.319499768Z,2026-10-09,25,P,380.0,1.140063,AAPL261009P00380000,44.07,48.87,46.47,,,,0.3241,-0.9291,0.0048,-0.0395,0.1183,-0.244
2026-09-14,AAPL,333.315,2026-09-14T19:56:04.954310396Z,2026-10-09,25,P,385.0,1.155064,AAPL261009P00385000,49.51,52.37,50.94,,,,0.2917,-0.965,0.003,-0.0004,0.0674,-0.2553
2026-09-14,AAPL,333.315,2026-09-14T19:56:04.954761578Z,2026-10-09,25,P,390.0,1.170064,AAPL261009P00390000,54.33,59.32,56.825,,,,0.4052,-0.9194,0.0042,-0.0678,0.1305,-0.2489
2026-09-14,AAPL,333.315,2026-09-14T19:56:04.954741423Z,2026-10-09,25,P,395.0,1.185065,AAPL261009P00395000,59.21,63.38,61.295,2,,,0.3832,-0.9468,0.0032,-0.0332,0.0946,-0.2582
2026-09-14,AAPL,333.315,2026-09-14T19:56:04.954149962Z,2026-10-09,25,P,405.0,1.215067,AAPL261009P00405000,68.43,74.79,71.61,,,,0.4624,-0.9364,0.0031,-0.0605,0.1087,-0.2629
2026-09-14,AAPL,333.315,2026-09-14T19:56:04.954796105Z,2026-10-09,25,P,410.0,1.230068,AAPL261009P00410000,75.47,79.59,77.53,,,,0.5592,-0.9069,0.0034,-0.1228,0.1452,-0.2602
2026-09-14,AAPL,333.315,2026-09-14T19:56:04.953979836Z,2026-10-09,25,P,415.0,1.245068,AAPL261009P00415000,78.71,83.79,81.25,,,,0.4711,-0.9548,0.0023,-0.0365,0.083,-0.2737
2026-09-14,AAPL,333.315,2026-09-14T19:55:55.323168566Z,2026-10-16,32,C,235.0,0.705039,AAPL261016C00235000,98.47,101.74,100.105,8,280,2026-09-10,0.6832,0.9676,0.0011,-0.0997,0.0716,0.1951
2026-09-14,AAPL,333.315,2026-09-14T19:56:06.307452116Z,2026-10-16,32,C,240.0,0.72004,AAPL261016C00240000,93.73,94.86,94.295,54,569,2026-09-10,0.4606,0.9938,0.0004,-0.0372,0.0172,0.2078
2026-09-14,AAPL,333.315,2026-09-14T19:56:05.018653261Z,2026-10-16,32,C,245.0,0.73504,AAPL261016C00245000,86.28,92.45,89.365,4,314,2026-09-10,0.4599,0.9907,0.0005,-0.0429,0.0246,0.2112
2026-09-14,AAPL,333.315,2026-09-14T19:56:06.310067314Z,2026-10-16,32,C,250.0,0.750041,AAPL261016C00250000,83.38,87.08,85.23,60,1396,2026-09-10,0.5901,0.9603,0.0015,-0.1026,0.0846,0.206
2026-09-14,AAPL,333.315,2026-09-14T19:56:06.306726122Z,2026-10-16,32,C,255.0,0.765042,AAPL261016C00255000,77.82,81.19,79.505,2,1010,2026-09-10,0.4394,0.9843,0.0009,-0.0528,0.0389,0.218
2026-09-14,AAPL,333.315,2026-09-14T19:56:06.310067314Z,2026-10-16,32,C,260.0,0.780043,AAPL261016C00260000,72.79,76.67,74.73,20,1526,2026-09-10,0.4535,0.9741,0.0013,-0.0683,0.0595,0.2192
2026-09-14,AAPL,333.315,2026-09-14T19:56:06.310087643Z,2026-10-16,32,C,265.0,0.795044,AAPL261016C00265000,68.32,70.47,69.395,10,904,2026-09-10,0.3423,0.9906,0.0007,-0.0407,0.025,0.2287
2026-09-14,AAPL,333.315,2026-09-14T19:56:06.306726122Z,2026-10-16,32,C,270.0,0.810045,AAPL261016C00270000,64.43,64.64,64.535,4,1429,2026-09-10,0.3534,0.9821,0.0013,-0.0515,0.0434,0.2305
2026-09-14,AAPL,333.315,2026-09-14T19:56:06.306726122Z,2026-10-16,32,C,275.0,0.825045,AAPL261016C00275000,57.63,61.59,59.61,19,1494,2026-09-10,0.3389,0.9774,0.0016,-0.056,0.053,0.2334
2026-09-14,AAPL,333.315,2026-09-14T19:56:06.314974101Z,2026-10-16,32,C,280.0,0.840046,AAPL261016C00280000,54.07,56.73,55.4,49,2268,2026-09-10,0.4011,0.9403,0.003,-0.1004,0.1171,0.2263
2026-09-14,AAPL,333.315,2026-09-14T19:56:06.652569418Z,2026-10-16,32,C,285.0,0.855047,AAPL261016C00285000,49.18,50.42,49.8,6,1829,2026-09-10,0.3083,0.9641,0.0026,-0.066,0.0779,0.2381
2026-09-14,AAPL,333.315,2026-09-14T19:56:06.03713745Z,2026-10-16,32,C,290.0,0.870048,AAPL261016C00290000,43.19,46.11,44.65,47,3638,2026-09-10,0.2577,0.9719,0.0025,-0.0549,0.0636,0.2449
2026-09-14,AAPL,333.315,2026-09-14T19:56:06.038835246Z,2026-10-16,32,C,295.0,0.885049,AAPL261016C00295000,38.66,41.69,40.175,94,2024,2026-09-10,0.2848,0.9373,0.0044,-0.0827,0.1217,0.2388
2026-09-14,AAPL,333.315,2026-09-14T19:56:06.030355449Z,2026-10-16,32,C,300.0,0.90005,AAPL261016C00300000,34.56,35.74,35.15,179,15655,2026-09-10,0.2514,0.9332,0.0052,-0.0791,0.1278,0.242
2026-09-14,AAPL,333.315,2026-09-14T19:56:06.035281736Z,2026-10-16,32,C,305.0,0.91505,AAPL261016C00305000,30.07,31.62,30.845,258,6638,2026-09-10,0.2628,0.8899,0.0073,-0.1041,0.1858,0.2331
2026-09-14,AAPL,333.315,2026-09-14T19:56:06.032305709Z,2026-10-16,32,C,310.0,0.930051,AAPL261016C00310000,26.33,27.66,26.995,347,10358,2026-09-10,0.2791,0.8321,0.0091,-0.1343,0.2478,0.2196
2026-09-14,AAPL,333.315,2026-09-14T19:56:06.034580081Z,2026-10-16,32,C,315.0,0.945052,AAPL261016C00315000,21.65,23.2,22.425,2294,10396,2026-09-10,0.2557,0.7973,0.0112,-0.1368,0.2786,0.2134
2026-09-14,AAPL,333.315,2026-09-14T19:56:06.032305709Z,2026-10-16,32,C,320.0,0.960053,AAPL261016C00320000,18.31,19.58,18.945,375,11896,2026-09-10,0.2624,0.729,0.0128,-0.1575,0.327,0.1965
2026-09-14,AAPL,333.315,2026-09-14T19:56:06.636040049Z,2026-10-16,32,C,325.0,0.975054,AAPL261016C00325000,15.51,15.81,15.66,682,10261,2026-09-10,0.2635,0.6587,0.0141,-0.1705,0.3622,0.1788
2026-09-14,AAPL,333.315,2026-09-14T19:56:06.77071171Z,2026-10-16,32,C,330.0,0.990054,AAPL261016C00330000,12.03,12.32,12.175,1739,15785,2026-09-10,0.2496,0.5874,0.0158,-0.1691,0.3843,0.161
2026-09-14,AAPL,333.315,2026-09-14T19:56:06.032410202Z,2026-10-16,32,C,335.0,1.005055,AAPL261016C00335000,9.45,9.62,9.535,2172,11135,2026-09-10,0.2481,0.5068,0.0163,-0.1693,0.3938,0.1398
2026-09-14,AAPL,333.315,2026-09-14T19:56:06.033517644Z,2026-10-16,32,C,340.0,1.020056,AAPL261016C00340000,6.92,7.19,7.055,3018,106553,2026-09-10,0.2403,0.4235,0.0165,-0.1592,0.3866,0.1176
2026-09-14,AAPL,333.315,2026-09-14T19:56:06.034795605Z,2026-10-16,32,C,345.0,1.035057,AAPL261016C00345000,5.04,5.43,5.235,1710,25115,2026-09-10,0.2392,0.3445,0.0156,-0.1473,0.3635,0.0961
2026-09-14,AAPL,333.315,2026-09-14T19:56:06.772149722Z,2026-10-16,32,C,350.0,1.050058,AAPL261016C00350000,3.66,3.81,3.735,2473,17621,2026-09-10,0.2366,0.2706,0.0142,-0.1298,0.3268,0.0758
2026-09-14,AAPL,333.315,2026-09-14T19:56:06.652524678Z,2026-10-16,32,C,355.0,1.065059,AAPL261016C00355000,2.66,2.81,2.735,1134,7952,2026-09-10,0.2395,0.2111,0.0122,-0.1139,0.2854,0.0593
2026-09-14,AAPL,333.315,2026-09-14T19:56:06.652469297Z,2026-10-16,32,C,360.0,1.080059,AAPL261016C00360000,1.76,1.83,1.795,4815,121770,2026-09-10,0.2347,0.1534,0.0102,-0.0908,0.2337,0.0433
2026-09-14,AAPL,333.315,2026-09-14T19:56:06.035793014Z,2026-10-16,32,C,365.0,1.09506,AAPL261016C00365000,1.12,1.35,1.235,550,5866,2026-09-10,0.236,0.1125,0.0082,-0.0734,0.1886,0.0318
2026-09-14,AAPL,333.315,2026-09-14T19:56:06.425066641Z,2026-10-16,32,C,370.0,1.110061,AAPL261016C00370000,0.73,0.92,0.825,534,8533,2026-09-10,0.2366,0.0801,0.0064,-0.057,0.1469,0.0227
2026-09-14,AAPL,333.315,2026-09-14T19:56:06.096187025Z,2026-10-16,32,C,375.0,1.125062,AAPL261016C00375000,0.48,0.66,0.57,704,2192,2026-09-10,0.2398,0.0578,0.0049,-0.0447,0.1142,0.0164
2026-09-14,AAPL,333.315,2026-09-14T19:56:06.359570381Z,2026-10-16,32,C,380.0,1.140063,AAPL261016C00380000,0.17,0.47,0.32,123,4647,2026-09-10,0.2343,0.0357,0.0034,-0.0296,0.0776,0.0102
2026-09-14,AAPL,333.315,2026-09-14T19:56:06.137485584Z,2026-10-16,32,C,385.0,1.155064,AAPL261016C00385000,0.21,0.26,0.235,396,630,2026-09-10,0.241,0.0266,0.0026,-0.0238,0.0607,0.0076
2026-09-14,AAPL,333.315,2026-09-14T19:56:06.033462537Z,2026-10-16,32,C,390.0,1.170064,AAPL261016C00390000,0.12,0.18,0.15,450,9304,2026-09-10,0.2423,0.0177,0.0018,-0.0169,0.0432,0.0051
2026-09-14,AAPL,333.315,2026-09-14T19:56:06.433231197Z,2026-10-16,32,C,395.0,1.185065,AAPL261016C00395000,0.06,0.15,0.105,22,607,2026-09-10,0.247,0.0127,0.0013,-0.0129,0.0323,0.0036
2026-09-14,AAPL,333.315,2026-09-14T19:56:06.307407138Z,2026-10-16,32,C,405.0,1.215067,AAPL261016C00405000,0.03,0.29,0.16,2,80,2026-09-10,0.2946,0.0159,0.0014,-0.0186,0.0392,0.0045
2026-09-14,AAPL,333.315,2026-09-14T19:56:06.313901869Z,2026-10-16,32,C,410.0,1.230068,AAPL261016C00410000,0.01,0.27,0.14,1,3024,2026-09-10,0.3051,0.0136,0.0012,-0.0169,0.0344,0.0039
2026-09-14,AAPL,333.315,2026-09-14T19:56:06.031047894Z,2026-10-16,32,C,415.0,1.245068,AAPL261016C00415000,0.03,0.17,0.1,2,62,2026-09-10,0.307,0.01,0.0009,-0.013,0.0263,0.0028
2026-09-14,AAPL,333.315,2026-09-14T19:56:06.313822443Z,2026-10-16,32,C,420.0,1.260069,AAPL261016C00420000,0.01,0.17,0.09,20,443,2026-09-10,0.3176,0.0088,0.0008,-0.012,0.0236,0.0025
2026-09-14,AAPL,333.315,2026-09-14T19:56:06.310464075Z,2026-10-16,32,C,425.0,1.27507,AAPL261016C00425000,0.01,0.06,0.035,8,80,2026-09-10,0.2992,0.0039,0.0004,-0.0055,0.0115,0.0011
2026-09-14,AAPL,333.315,2026-09-14T19:56:05.074679791Z,2026-10-16,32,C,430.0,1.290071,AAPL261016C00430000,0.01,0.23,0.12,6,817,2026-09-10,0.3582,0.0103,0.0008,-0.0155,0.027,0.0029
2026-09-14,AAPL,333.315,2026-09-14T19:56:06.652239328Z,2026-10-16,32,P,235.0,0.705039,AAPL261016P00235000,0.11,0.12,0.115,446,6538,2026-09-10,0.4987,-0.0068,0.0004,-0.0145,0.0189,-0.0021
2026-09-14,AAPL,333.315,2026-09-14T19:56:04.951783006Z,2026-10-16,32,P,240.0,0.72004,AAPL261016P00240000,0.08,0.14,0.11,17,6518,2026-09-10,0.4693,-0.007,0.0004,-0.0138,0.0192,-0.0021
2026-09-14,AAPL,333.315,2026-09-14T19:56:06.310528372Z,2026-10-16,32,P,245.0,0.73504,AAPL261016P00245000,0.1,0.29,0.195,51,4903,2026-09-10,0.4774,-0.0115,0.0006,-0.0217,0.0297,-0.0035
2026-09-14,AAPL,333.315,2026-09-14T19:56:06.150712119Z,2026-10-16,32,P,250.0,0.750041,AAPL261016P00250000,0.13,0.18,0.155,377,5553,2026-09-10,0.4361,-0.0102,0.0006,-0.0178,0.0267,-0.0031
2026-09-14,AAPL,333.315,2026-09-14T19:56:06.033313723Z,2026-10-16,32,P,255.0,0.765042,AAPL261016P00255000,0.09,0.22,0.155,18,5408,2026-09-10,0.4098,-0.0108,0.0007,-0.0176,0.0281,-0.0033
2026-09-14,AAPL,333.315,2026-09-14T19:56:06.652244283Z,2026-10-16,32,P,260.0,0.780043,AAPL261016P00260000,0.16,0.28,0.22,561,6187,2026-09-10,0.4032,-0.015,0.001,-0.023,0.0374,-0.0046
2026-09-14,AAPL,333.315,2026-09-14T19:56:06.652339942Z,2026-10-16,32,P,265.0,0.795044,AAPL261016P00265000,0.23,0.31,0.27,223,3135,2026-09-10,0.3884,-0.0186,0.0012,-0.0266,0.045,-0.0057
2026-09-14,AAPL,333.315,2026-09-14T19:56:06.307035493Z,2026-10-16,32,P,270.0,0.810045,AAPL261016P00270000,0.33,0.37,0.35,148,8689,2026-09-10,0.3768,-0.0241,0.0015,-0.032,0.0559,-0.0073
2026-09-14,AAPL,333.315,2026-09-14T19:56:06.445154853Z,2026-10-16,32,P,275.0,0.825045,AAPL261016P00275000,0.33,0.42,0.375,204,5171,2026-09-10,0.3534,-0.0271,0.0018,-0.0331,0.0618,-0.0083
2026-09-14,AAPL,333.315,2026-09-14T19:56:06.899228043Z,2026-10-16,32,P,280.0,0.840046,AAPL261016P00280000,0.48,0.54,0.51,1513,14716,2026-09-10,0.3445,-0.0363,0.0023,-0.041,0.0786,-0.0111
2026-09-14,AAPL,333.315,2026-09-14T19:56:06.03328696Z,2026-10-16,32,P,285.0,0.855047,AAPL261016P00285000,0.56,0.64,0.6,704,8223,2026-09-10,0.3262,-0.0439,0.0029,-0.0452,0.0917,-0.0134
2026-09-14,AAPL,333.315,2026-09-14T19:56:06.899338295Z,2026-10-16,32,P,290.0,0.870048,AAPL261016P00290000,0.75,0.76,0.755,549,10838,2026-09-10,0.3119,-0.0556,0.0036,-0.052,0.1108,-0.0169
2026-09-14,AAPL,333.315,2026-09-14T19:56:06.150462862Z,2026-10-16,32,P,295.0,0.885049,AAPL261016P00295000,0.97,1,0.985,1002,10465,2026-09-10,0.3,-0.0722,0.0046,-0.061,0.1357,-0.022
2026-09-14,AAPL,333.315,2026-09-14T19:56:06.820760834Z,2026-10-16,32,P,300.0,0.90005,AAPL261016P00300000,1.29,1.33,1.31,2885,24425,2026-09-10,0.2895,-0.0945,0.0059,-0.0717,0.1662,-0.0288
2026-09-14,AAPL,333.315,2026-09-14T19:56:06.310579997Z,2026-10-16,32,P,305.0,0.91505,AAPL261016P00305000,1.69,1.82,1.755,1877,10396,2026-09-10,0.2798,-0.1237,0.0074,-0.0837,0.2018,-0.0377
2026-09-14,AAPL,333.315,2026-09-14T19:56:07.397452408Z,2026-10-16,32,P,310.0,0.930051,AAPL261016P00310000,2.28,2.47,2.375,2149,9055,2026-09-10,0.2715,-0.1618,0.0091,-0.0968,0.242,-0.0494
2026-09-14,AAPL,333.315,2026-09-14T19:56:07.220885642Z,2026-10-16,32,P,315.0,0.945052,AAPL261016P00315000,3.21,3.3,3.255,4627,7212,2026-09-10,0.2657,-0.2108,0.011,-0.1107,0.2851,-0.0645
2026-09-14,AAPL,333.315,2026-09-14T19:56:07.147962086Z,2026-10-16,32,P,320.0,0.960053,AAPL261016P00320000,4.23,4.41,4.32,1471,10793,2026-09-10,0.2576,-0.2677,0.0129,-0.121,0.325,-0.082
2026-09-14,AAPL,333.315,2026-09-14T19:56:07.022247043Z,2026-10-16,32,P,325.0,0.975054,AAPL261016P00325000,5.77,6.15,5.96,1017,2508,2026-09-10,0.2575,-0.3385,0.0144,-0.1329,0.3611,-0.1042
2026-09-14,AAPL,333.315,2026-09-14T19:56:07.629902964Z,2026-10-16,32,P,330.0,0.990054,AAPL261016P00330000,7.67,7.76,7.715,1749,2944,2026-09-10,0.2507,-0.4128,0.0157,-0.1353,0.3844,-0.1274
2026-09-14,AAPL,333.315,2026-09-14T19:56:06.89941901Z,2026-10-16,32,P,335.0,1.005055,AAPL261016P00335000,9.82,9.98,9.9,1045,1189,2026-09-10,0.2451,-0.4934,0.0165,-0.1326,0.3938,-0.1529
2026-09-14,AAPL,333.315,2026-09-14T19:56:07.074297639Z,2026-10-16,32,P,340.0,1.020056,AAPL261016P00340000,12.65,13.16,12.905,1213,731,2026-09-10,0.2503,-0.5723,0.0159,-0.1302,0.3873,-0.1786
2026-09-14,AAPL,333.315,2026-09-14T19:56:06.65233066Z,2026-10-16,32,P,345.0,1.035057,AAPL261016P00345000,15.67,16.239,15.9545,9,579,2026-09-10,0.2467,-0.6502,0.0152,-0.1165,0.3656,-0.204
2026-09-14,AAPL,333.315,2026-09-14T19:56:06.037346671Z,2026-10-16,32,P,350.0,1.050058,AAPL261016P00350000,18.58,20.91,19.745,68,1352,2026-09-10,0.2541,-0.7135,0.0136,-0.1064,0.336,-0.2259
2026-09-14,AAPL,333.315,2026-09-14T19:56:06.040494243Z,2026-10-16,32,P,355.0,1.065059,AAPL261016P00355000,21.97,24.87,23.42,1,42,2026-09-10,0.2489,-0.7792,0.0121,-0.0843,0.2929,-0.2483
2026-09-14,AAPL,333.315,2026-09-14T19:56:06.043371695Z,2026-10-16,32,P,360.0,1.080059,AAPL261016P00360000,26.57,28.63,27.6,15,44,2026-09-10,0.2515,-0.8285,0.0102,-0.0669,0.2512,-0.2664
2026-09-14,AAPL,333.315,2026-09-14T19:56:06.033434156Z,2026-10-16,32,P,365.0,1.09506,AAPL261016P00365000,30.84,32.78,31.81,21,,,0.246,-0.8771,0.0084,-0.0432,0.2008,-0.2843
2026-09-14,AAPL,333.315,2026-09-14T19:56:05.018582174Z,2026-10-16,32,P,370.0,1.110061,AAPL261016P00370000,35.16,37.56,36.36,1,1,2026-09-10,0.2478,-0.9095,0.0067,-0.0268,0.161,-0.2977
2026-09-14,AAPL,333.315,2026-09-14T19:56:05.018039863Z,2026-10-16,32,P,375.0,1.125062,AAPL261016P00375000,39.77,42.92,41.345,40,,,0.2719,-0.916,0.0057,-0.0284,0.1523,-0.304
2026-09-14,AAPL,333.315,2026-09-14T19:55:55.323113444Z,2026-10-16,32,P,380.0,1.140063,AAPL261016P00380000,44.07,48.97,46.52,1,,,0.3079,-0.9119,0.0053,-0.0392,0.1577,-0.3073
2026-09-14,AAPL,333.315,2026-09-14T19:55:55.323218772Z,2026-10-16,32,P,385.0,1.155064,AAPL261016P00385000,50.47,53.5,51.985,,,,0.3603,-0.8969,0.005,-0.063,0.1772,-0.3077
2026-09-14,AAPL,333.315,2026-09-14T19:55:55.323208815Z,2026-10-16,32,P,390.0,1.170064,AAPL261016P00390000,53.62,57.68,55.65,2,,,0.2774,-0.9662,0.0027,0.0074,0.0742,-0.3312
2026-09-14,AAPL,333.315,2026-09-14T19:55:57.307424747Z,2026-10-16,32,P,395.0,1.185065,AAPL261016P00395000,60.11,62.72,61.415,20,,,0.3714,-0.9274,0.0038,-0.0403,0.1364,-0.3249
2026-09-14,AAPL,333.315,2026-09-14T19:56:05.068657809Z,2026-10-16,32,P,405.0,1.215067,AAPL261016P00405000,70.09,73.59,71.84,2,,,0.446,-0.9165,0.0035,-0.0661,0.1516,-0.3309
2026-09-14,AAPL,333.315,2026-09-14T19:56:05.00380061Z,2026-10-16,32,P,410.0,1.230068,AAPL261016P00410000,73.4,77.88,75.64,1,1,2026-09-10,0.3581,-0.969,0.002,0.0031,0.0691,-0.3495
2026-09-14,AAPL,333.315,2026-09-14T19:55:57.307424747Z,2026-10-16,32,P,415.0,1.245068,AAPL261016P00415000,78.94,83.39,81.165,1,,,0.4371,-0.9453,0.0026,-0.0331,0.1093,-0.3475
2026-09-14,AAPL,333.315,2026-09-14T19:56:07.80090941Z,2026-10-16,32,P,420.0,1.260069,AAPL261016P00420000,84.36,86.7,85.53,,,,0.3799,-0.9754,0.0015,0.0092,0.0569,-0.3601
2026-09-14,AAPL,333.315,2026-09-14T19:55:57.310111482Z,2026-10-16,32,P,425.0,1.27507,AAPL261016P00425000,89.34,92,90.67,,,,0.4212,-0.9684,0.0017,-0.0029,0.0702,-0.3625
2026-09-14,AAPL,333.315,2026-09-14T19:55:57.307769532Z,2026-10-16,32,P,430.0,1.290071,AAPL261016P00430000,96.39,97.93,97.16,,,,0.5754,-0.9175,0.0027,-0.0928,0.1502,-0.3534
2026-09-15,SPY,757.34,2026-09-15T19:01:40.947703903Z,2026-10-09,24,C,535.0,0.70642,SPY261009C00535000,217.77,224.21,220.99,,,,,,,,,
2026-09-15,SPY,757.34,2026-09-15T19:09:47.400204347Z,2026-10-09,24,C,540.0,0.713022,SPY261009C00540000,216.64,221.16,218.9,,,,0.546,0.9939,0.0002,-0.0946,0.0337,0.351
2026-09-15,SPY,757.34,2026-09-15T19:08:18.420818835Z,2026-10-09,24,C,545.0,0.719624,SPY261009C00545000,213.17,216.99,215.08,,,,0.6941,0.9745,0.0004,-0.2219,0.1154,0.3438
2026-09-15,SPY,757.34,2026-09-15T19:08:18.420828339Z,2026-10-09,24,C,555.0,0.732828,SPY261009C00555000,200.79,207.91,204.35,1,1,2026-09-11,0.5829,0.985,0.0003,-0.1462,0.0734,0.3561
2026-09-15,SPY,757.34,2026-09-15T19:10:14.157809807Z,2026-10-09,24,C,565.0,0.746032,SPY261009C00565000,191.56,195.36,193.46,82,28,2026-09-11,,,,,,
2026-09-15,SPY,757.34,2026-09-15T19:08:18.420838488Z,2026-10-09,24,C,570.0,0.752634,SPY261009C00570000,182.74,188.38,185.56,,,,,,,,,
2026-09-15,SPY,757.34,2026-09-15T19:08:28.372013352Z,2026-10-09,24,C,575.0,0.759236,SPY261009C00575000,180.93,186.61,183.77,2,24,2026-09-11,0.2835,0.9999,0,-0.0607,0.0005,0.3771
2026-09-15,SPY,757.34,2026-09-15T19:10:14.164707225Z,2026-10-09,24,C,580.0,0.765838,SPY261009C00580000,177.49,182.3,179.895,2,58,2026-09-11,0.5596,0.9743,0.0006,-0.1941,0.1161,0.3669
2026-09-15,SPY,757.34,2026-09-15T19:09:47.400374872Z,2026-10-09,24,C,590.0,0.779042,SPY261009C00590000,166.15,168.59,167.37,2,105,2026-09-11,,,,,,
2026-09-15,SPY,757.34,2026-09-15T19:10:14.164667234Z,2026-10-09,24,C,600.0,0.792247,SPY261009C00600000,157.9,161.82,159.86,156,47,2026-09-11,0.4923,0.9731,0.0007,-0.1847,0.1208,0.3794
2026-09-15,SPY,757.34,2026-09-15T19:08:18.420894161Z,2026-10-09,24,C,605.0,0.798849,SPY261009C00605000,152.45,152.72,152.585,100,323,2026-09-11,,,,,,
2026-09-15,SPY,757.34,2026-09-15T19:01:40.947753922Z,2026-10-09,24,C,610.0,0.805451,SPY261009C00610000,145.68,149.9,147.79,4,7,2026-09-11,,,,,,
2026-09-15,SPY,757.34,2026-09-15T19:08:26.419798023Z,2026-10-09,24,C,615.0,0.812053,SPY261009C00615000,140.81,145.32,143.065,1,253,2026-09-11,,,,,,
2026-09-15,SPY,757.34,2026-09-15T19:09:47.399077458Z,2026-10-09,24,C,625.0,0.825257,SPY261009C00625000,133.44,137.26,135.35,,,,0.4474,0.9602,0.001,-0.2176,0.1666,0.3892
2026-09-15,SPY,757.34,2026-09-15T19:10:15.927209938Z,2026-10-09,24,C,635.0,0.838461,SPY261009C00635000,120.92,127.35,124.135,11,32,2026-09-11,0.3063,0.9897,0.0005,-0.0998,0.0533,0.4112
2026-09-15,SPY,757.34,2026-09-15T19:09:48.735574085Z,2026-10-09,24,C,640.0,0.845063,SPY261009C00640000,117,121.74,119.37,8,50,2026-09-11,0.3258,0.9815,0.0007,-0.1253,0.0878,0.4103
2026-09-15,SPY,757.34,2026-09-15T19:10:14.164862325Z,2026-10-09,24,C,645.0,0.851665,SPY261009C00645000,110.21,113.36,111.785,2,,,,,,,,
2026-09-15,SPY,757.34,2026-09-15T19:09:47.399097326Z,2026-10-09,24,C,650.0,0.858267,SPY261009C00650000,107.79,108.4,108.095,213,3,2026-09-11,,,,,,
2026-09-15,SPY,757.34,2026-09-15T19:01:40.947753922Z,2026-10-09,24,C,660.0,0.871471,SPY261009C00660000,94.91,99.92,97.415,10,65,2026-09-11,,,,,,
2026-09-15,SPY,757.34,2026-09-15T19:10:13.786033079Z,2026-10-09,24,C,670.0,0.884675,SPY261009C00670000,87.89,91.02,89.455,2,27,2026-09-11,0.2504,0.9761,0.0012,-0.1254,0.1092,0.4273
2026-09-15,SPY,757.34,2026-09-15T19:07:38.323205255Z,2026-10-09,24,C,675.0,0.891277,SPY261009C00675000,81.11,85.88,83.495,2,1,2026-09-11,,,,,,
2026-09-15,SPY,757.34,2026-09-15T19:09:47.399097326Z,2026-10-09,24,C,680.0,0.897879,SPY261009C00680000,76.8,80.88,78.84,2512,2,2026-09-11,,,,,,
2026-09-15,SPY,757.34,2026-09-15T19:10:16.401651515Z,2026-10-09,24,C,685.0,0.904481,SPY261009C00685000,72.95,75.84,74.395,2,1,2026-09-11,0.2039,0.9769,0.0014,-0.1152,0.1061,0.4375
2026-09-15,SPY,757.34,2026-09-15T19:08:28.341972255Z,2026-10-09,24,C,695.0,0.917686,SPY261009C00695000,62.91,66.45,64.68,2,4,2026-09-11,0.198,0.9614,0.0022,-0.137,0.1627,0.4362
2026-09-15,SPY,757.34,2026-09-15T19:10:14.150819122Z,2026-10-09,24,C,705.0,0.93089,SPY261009C00705000,53.08,56,54.54,102,11,2026-09-11,0.1615,0.9649,0.0025,-0.1218,0.1504,0.4446
2026-09-15,SPY,757.34,2026-09-15T19:09:53.173202742Z,2026-10-09,24,C,710.0,0.937492,SPY261009C00710000,48.72,51.65,50.185,1,17,2026-09-11,0.1789,0.9311,0.0038,-0.165,0.2575,0.4307
2026-09-15,SPY,757.34,2026-09-15T19:10:16.397687062Z,2026-10-09,24,C,715.0,0.944094,SPY261009C00715000,43.89,46.98,45.435,2,10,2026-09-11,0.1726,0.916,0.0046,-0.176,0.2996,0.4262
2026-09-15,SPY,757.34,2026-09-15T19:10:16.402262936Z,2026-10-09,24,C,720.0,0.950696,SPY261009C00720000,40.88,41.47,41.175,4,28,2026-09-11,0.178,0.882,0.0057,-0.2084,0.3839,0.4121
2026-09-15,SPY,757.34,2026-09-15T19:09:22.272805426Z,2026-10-09,24,C,728.0,0.961259,SPY261009C00728000,32.14,33.67,32.905,406,15,2026-09-11,0.1442,0.8759,0.0073,-0.1858,0.3977,0.4145
2026-09-15,SPY,757.34,2026-09-15T19:10:13.887419958Z,2026-10-09,24,C,732.0,0.966541,SPY261009C00732000,30.23,30.31,30.27,3,1,2026-09-11,0.1597,0.8192,0.0085,-0.2322,0.511,0.388
2026-09-15,SPY,757.34,2026-09-15T19:10:15.873271585Z,2026-10-09,24,C,740.0,0.977104,SPY261009C00740000,22.93,23.27,23.1,16,966,2026-09-11,0.1429,0.7638,0.0111,-0.2367,0.5985,0.3651
2026-09-15,SPY,757.34,2026-09-15T19:09:47.399226577Z,2026-10-09,24,C,743.0,0.981065,SPY261009C00743000,21.17,21.4,21.285,1,15,2026-09-11,0.1488,0.7209,0.0116,-0.2576,0.6527,0.345
2026-09-15,SPY,757.34,2026-09-15T19:10:16.683328519Z,2026-10-09,24,C,752.0,0.992949,SPY261009C00752000,14.19,14.69,14.44,1,27,2026-09-11,0.1354,0.6153,0.0145,-0.2569,0.7421,0.2969
2026-09-15,SPY,757.34,2026-09-15T19:10:15.821112502Z,2026-10-09,24,C,755.0,0.99691,SPY261009C00755000,12.14,12.29,12.215,89,313,2026-09-11,0.1289,0.5737,0.0157,-0.249,0.7615,0.2776
2026-09-15,SPY,757.34,2026-09-15T19:10:16.097045035Z,2026-10-09,24,C,763.0,1.007474,SPY261009C00763000,7.55,7.8,7.675,163,767,2026-09-11,0.1215,0.443,0.0167,-0.2286,0.7668,0.2156
2026-09-15,SPY,757.34,2026-09-15T19:10:15.862541124Z,2026-10-09,24,C,767.0,1.012755,SPY261009C00767000,5.7,5.72,5.71,341,417,2026-09-11,0.1164,0.3722,0.0167,-0.2072,0.7346,0.1816
2026-09-15,SPY,757.34,2026-09-15T19:10:15.317396153Z,2026-10-09,24,C,775.0,1.023318,SPY261009C00775000,2.95,2.97,2.96,49,1099,2026-09-11,0.1104,0.2383,0.0144,-0.157,0.6013,0.1167
2026-09-15,SPY,757.34,2026-09-15T19:10:16.393346663Z,2026-10-09,24,C,778.0,1.02728,SPY261009C00778000,2.16,2.19,2.175,108,917,2026-09-11,0.1074,0.1915,0.0131,-0.1336,0.5295,0.0939
2026-09-15,SPY,757.34,2026-09-15T19:10:15.820426758Z,2026-10-09,24,C,786.0,1.037843,SPY261009C00786000,0.91,0.97,0.94,103,762,2026-09-11,0.1041,0.0994,0.0086,-0.0814,0.3394,0.0489
2026-09-15,SPY,757.34,2026-09-15T19:10:16.558590823Z,2026-10-09,24,C,790.0,1.043125,SPY261009C00790000,0.61,0.62,0.615,714,1587,2026-09-11,0.1039,0.0697,0.0066,-0.0617,0.2599,0.0343
2026-09-15,SPY,757.34,2026-09-15T19:10:15.864134611Z,2026-10-09,24,C,798.0,1.053688,SPY261009C00798000,0.26,0.27,0.265,209,565,2026-09-11,0.1051,0.0333,0.0036,-0.0342,0.1442,0.0164
2026-09-15,SPY,757.34,2026-09-15T19:10:15.864630706Z,2026-10-09,24,C,802.0,1.05897,SPY261009C00802000,0.18,0.19,0.185,568,450,2026-09-11,0.1072,0.0239,0.0027,-0.0263,0.1092,0.0118
2026-09-15,SPY,757.34,2026-09-15T19:10:15.864491104Z,2026-10-09,24,C,810.0,1.069533,SPY261009C00810000,0.1,0.11,0.105,136,530,2026-09-11,0.1137,0.0137,0.0016,-0.0172,0.068,0.0067
2026-09-15,SPY,757.34,2026-09-15T19:10:15.864485437Z,2026-10-09,24,C,814.0,1.074814,SPY261009C00814000,0.09,0.1,0.095,35,1308,2026-09-11,0.1195,0.012,0.0013,-0.016,0.0605,0.0059
2026-09-15,SPY,757.34,2026-09-15T19:10:15.864124836Z,2026-10-09,24,C,821.0,1.084057,SPY261009C00821000,0.06,0.07,0.065,400,130,2026-09-11,0.126,0.0081,0.0009,-0.0119,0.043,0.004
2026-09-15,SPY,757.34,2026-09-15T19:10:15.864585659Z,2026-10-09,24,C,825.0,1.089339,SPY261009C00825000,0.06,0.07,0.065,3,243,2026-09-11,0.1328,0.0077,0.0008,-0.012,0.0413,0.0038
2026-09-15,SPY,757.34,2026-09-15T19:10:15.818483033Z,2026-10-09,24,C,835.0,1.102543,SPY261009C00835000,0.04,0.05,0.045,8,197,2026-09-11,0.1435,0.0051,0.0005,-0.009,0.0288,0.0025
2026-09-15,SPY,757.34,2026-09-15T19:10:15.86387892Z,2026-10-09,24,C,845.0,1.115747,SPY261009C00845000,0.04,0.05,0.045,28,56,2026-09-11,0.1594,0.0047,0.0004,-0.0092,0.0265,0.0023
2026-09-15,SPY,757.34,2026-09-15T19:10:15.864851187Z,2026-10-09,24,C,850.0,1.122349,SPY261009C00850000,0.01,0.02,0.015,6,161,2026-09-11,0.1502,0.0018,0.0002,-0.0036,0.0112,0.0009
2026-09-15,SPY,757.34,2026-09-15T19:10:15.864496423Z,2026-10-09,24,C,855.0,1.128951,SPY261009C00855000,0.01,0.04,0.025,2,70,2026-09-11,0.1649,0.0026,0.0003,-0.0057,0.0159,0.0013
2026-09-15,SPY,757.34,2026-09-15T19:10:15.863753614Z,2026-10-09,24,C,860.0,1.135553,SPY261009C00860000,0.01,0.04,0.025,1,35,2026-09-11,0.1721,0.0025,0.0002,-0.0057,0.0153,0.0012
2026-09-15,SPY,757.34,2026-09-15T19:10:15.865158548Z,2026-10-09,24,C,870.0,1.148757,SPY261009C00870000,0.03,0.04,0.035,24,24,2026-09-11,0.1925,0.0031,0.0003,-0.0077,0.0185,0.0015
2026-09-15,SPY,757.34,2026-09-15T19:10:15.864686334Z,2026-10-09,24,C,880.0,1.161962,SPY261009C00880000,0,0.03,0.015,,,,,,,,,
2026-09-15,SPY,757.34,2026-09-15T19:10:15.864675747Z,2026-10-09,24,C,885.0,1.168564,SPY261009C00885000,0,0.03,0.015,,,,,,,,,
2026-09-15,SPY,757.34,2026-09-15T19:10:15.864124836Z,2026-10-09,24,C,890.0,1.175166,SPY261009C00890000,0,0.03,0.015,2,,,,,,,,
2026-09-15,SPY,757.34,2026-09-15T19:10:15.864491104Z,2026-10-09,24,C,895.0,1.181768,SPY261009C00895000,0,0.01,0.005,,,,,,,,,
2026-09-15,SPY,757.34,2026-09-15T19:10:15.864991631Z,2026-10-09,24,C,905.0,1.194972,SPY261009C00905000,0,0.03,0.015,,,,,,,,,
2026-09-15,SPY,757.34,2026-09-15T19:10:15.864064852Z,2026-10-09,24,C,915.0,1.208176,SPY261009C00915000,0,0.03,0.015,,,,,,,,,
2026-09-15,SPY,757.34,2026-09-15T19:10:15.863659732Z,2026-10-09,24,C,920.0,1.214778,SPY261009C00920000,0,0.03,0.015,,,,,,,,,
2026-09-15,SPY,757.34,2026-09-15T19:10:15.864204626Z,2026-10-09,24,C,925.0,1.22138,SPY261009C00925000,0,0.03,0.015,,,,,,,,,
2026-09-15,SPY,757.34,2026-09-15T19:10:15.864806489Z,2026-10-09,24,C,930.0,1.227982,SPY261009C00930000,0,0.01,0.005,1,1,2026-09-11,,,,,,
2026-09-15,SPY,757.34,2026-09-15T19:10:17.008925564Z,2026-10-09,24,P,535.0,0.70642,SPY261009P00535000,0.15,0.16,0.155,2,23,2026-09-11,0.5376,-0.0045,0.0001,-0.0285,0.0258,-0.0024
2026-09-15,SPY,757.34,2026-09-15T19:10:15.864068638Z,2026-10-09,24,P,540.0,0.713022,SPY261009P00540000,0.12,0.17,0.145,5,11,2026-09-11,0.5207,-0.0044,0.0001,-0.0269,0.0251,-0.0023
2026-09-15,SPY,757.34,2026-09-15T19:10:15.448769245Z,2026-10-09,24,P,545.0,0.719624,SPY261009P00545000,0.17,0.18,0.175,29,2,2026-09-11,0.5188,-0.0053,0.0002,-0.0313,0.0294,-0.0027
2026-09-15,SPY,757.34,2026-09-15T19:10:15.863522279Z,2026-10-09,24,P,555.0,0.732828,SPY261009P00555000,0.15,0.2,0.175,1,250,2026-09-11,0.493,-0.0055,0.0002,-0.031,0.0306,-0.0029
2026-09-15,SPY,757.34,2026-09-15T19:10:17.965589604Z,2026-10-09,24,P,565.0,0.746032,SPY261009P00565000,0.22,0.23,0.225,11,5,2026-09-11,0.4819,-0.0071,0.0002,-0.0378,0.0382,-0.0037
2026-09-15,SPY,757.34,2026-09-15T19:10:15.8636677Z,2026-10-09,24,P,570.0,0.752634,SPY261009P00570000,0.19,0.2,0.195,4,124,2026-09-11,0.4609,-0.0065,0.0002,-0.0334,0.0354,-0.0034
2026-09-15,SPY,757.34,2026-09-15T19:10:17.009126067Z,2026-10-09,24,P,575.0,0.759236,SPY261009P00575000,0.21,0.26,0.235,1,13,2026-09-11,0.4587,-0.0077,0.0002,-0.0388,0.0412,-0.004
2026-09-15,SPY,757.34,2026-09-15T19:10:17.008820378Z,2026-10-09,24,P,580.0,0.765838,SPY261009P00580000,0.26,0.27,0.265,101,65,2026-09-11,0.4527,-0.0087,0.0003,-0.0425,0.0458,-0.0045
2026-09-15,SPY,757.34,2026-09-15T19:10:17.008990815Z,2026-10-09,24,P,590.0,0.779042,SPY261009P00590000,0.26,0.31,0.285,11,56,2026-09-11,0.4311,-0.0097,0.0003,-0.0446,0.0505,-0.005
2026-09-15,SPY,757.34,2026-09-15T19:10:17.009297138Z,2026-10-09,24,P,600.0,0.792247,SPY261009P00600000,0.3,0.31,0.305,2,171,2026-09-11,0.4093,-0.0109,0.0004,-0.0465,0.0556,-0.0056
2026-09-15,SPY,757.34,2026-09-15T19:10:17.009010819Z,2026-10-09,24,P,605.0,0.798849,SPY261009P00605000,0.36,0.37,0.365,8,73,2026-09-11,0.4064,-0.0128,0.0004,-0.0534,0.0643,-0.0066
2026-09-15,SPY,757.34,2026-09-15T19:10:17.009010819Z,2026-10-09,24,P,610.0,0.805451,SPY261009P00610000,0.34,0.39,0.365,2,216,2026-09-11,0.3935,-0.0132,0.0004,-0.053,0.066,-0.0068
2026-09-15,SPY,757.34,2026-09-15T19:10:12.488663437Z,2026-10-09,24,P,615.0,0.812053,SPY261009P00615000,0.41,0.42,0.415,1,91,2026-09-11,0.3877,-0.015,0.0005,-0.0583,0.0737,-0.0078
2026-09-15,SPY,757.34,2026-09-15T19:10:17.009126067Z,2026-10-09,24,P,625.0,0.825257,SPY261009P00625000,0.46,0.47,0.465,13,714,2026-09-11,0.368,-0.0175,0.0006,-0.0628,0.0838,-0.009
2026-09-15,SPY,757.34,2026-09-15T19:10:17.00919627Z,2026-10-09,24,P,635.0,0.838461,SPY261009P00635000,0.53,0.54,0.535,20,192,2026-09-11,0.3495,-0.0207,0.0007,-0.0689,0.0969,-0.0107
2026-09-15,SPY,757.34,2026-09-15T19:10:16.09422686Z,2026-10-09,24,P,640.0,0.845063,SPY261009P00640000,0.53,0.54,0.535,25,159,2026-09-11,0.3363,-0.0215,0.0008,-0.0682,0.0998,-0.011
2026-09-15,SPY,757.34,2026-09-15T19:10:15.865036168Z,2026-10-09,24,P,645.0,0.851665,SPY261009P00645000,0.57,0.58,0.575,10,62,2026-09-11,0.327,-0.0235,0.0009,-0.0714,0.1077,-0.0121
2026-09-15,SPY,757.34,2026-09-15T19:10:16.074123999Z,2026-10-09,24,P,650.0,0.858267,SPY261009P00650000,0.66,0.67,0.665,5,237,2026-09-11,0.3215,-0.0271,0.001,-0.0791,0.1214,-0.0139
2026-09-15,SPY,757.34,2026-09-15T19:10:16.893791557Z,2026-10-09,24,P,660.0,0.871471,SPY261009P00660000,0.77,0.78,0.775,5,163,2026-09-11,0.3029,-0.0327,0.0012,-0.0868,0.1419,-0.0168
2026-09-15,SPY,757.34,2026-09-15T19:10:15.863772911Z,2026-10-09,24,P,670.0,0.884675,SPY261009P00670000,0.87,0.92,0.895,9,2874,2026-09-11,0.2832,-0.0394,0.0015,-0.0942,0.1651,-0.0202
2026-09-15,SPY,757.34,2026-09-15T19:10:15.074673145Z,2026-10-09,24,P,675.0,0.891277,SPY261009P00675000,0.95,1,0.975,23,1178,2026-09-11,0.2739,-0.0437,0.0017,-0.0989,0.1796,-0.0224
2026-09-15,SPY,757.34,2026-09-15T19:10:15.863943353Z,2026-10-09,24,P,680.0,0.897879,SPY261009P00680000,1.1,1.11,1.105,80,919,2026-09-11,0.2666,-0.0498,0.002,-0.1068,0.1997,-0.0255
2026-09-15,SPY,757.34,2026-09-15T19:10:17.417899805Z,2026-10-09,24,P,685.0,0.904481,SPY261009P00685000,1.22,1.23,1.225,30,200,2026-09-11,0.2579,-0.056,0.0023,-0.1132,0.2192,-0.0287
2026-09-15,SPY,757.34,2026-09-15T19:10:17.008930572Z,2026-10-09,24,P,695.0,0.917686,SPY261009P00695000,1.48,1.49,1.485,470,2267,2026-09-11,0.2392,-0.0705,0.0029,-0.1248,0.2621,-0.0361
2026-09-15,SPY,757.34,2026-09-15T19:10:17.114226489Z,2026-10-09,24,P,705.0,0.93089,SPY261009P00705000,1.96,1.98,1.97,522,1462,2026-09-11,0.2247,-0.0942,0.0038,-0.145,0.3262,-0.0482
2026-09-15,SPY,757.34,2026-09-15T19:10:17.140900796Z,2026-10-09,24,P,710.0,0.937492,SPY261009P00710000,2.24,2.26,2.25,718,2879,2026-09-11,0.2167,-0.1085,0.0044,-0.1543,0.3615,-0.0555
2026-09-15,SPY,757.34,2026-09-15T19:10:17.544827184Z,2026-10-09,24,P,715.0,0.944094,SPY261009P00715000,2.52,2.6,2.56,356,1601,2026-09-11,0.2081,-0.1247,0.0051,-0.1628,0.3991,-0.0638
2026-09-15,SPY,757.34,2026-09-15T19:10:17.932846629Z,2026-10-09,24,P,720.0,0.950696,SPY261009P00720000,2.9,2.96,2.93,503,1444,2026-09-11,0.1996,-0.144,0.0059,-0.1714,0.4406,-0.0736
2026-09-15,SPY,757.34,2026-09-15T19:10:17.140875672Z,2026-10-09,24,P,728.0,0.961259,SPY261009P00728000,3.78,3.84,3.81,108,462,2026-09-11,0.1886,-0.1859,0.0073,-0.189,0.5199,-0.0951
2026-09-15,SPY,757.34,2026-09-15T19:10:17.555592893Z,2026-10-09,24,P,732.0,0.966541,SPY261009P00732000,4.3,4.44,4.37,23,448,2026-09-11,0.1833,-0.2116,0.0081,-0.1973,0.5621,-0.1082
2026-09-15,SPY,757.34,2026-09-15T19:10:16.963562604Z,2026-10-09,24,P,740.0,0.977104,SPY261009P00740000,5.73,5.79,5.76,128,926,2026-09-11,0.1726,-0.2734,0.0099,-0.2099,0.6462,-0.14
2026-09-15,SPY,757.34,2026-09-15T19:10:17.778810097Z,2026-10-09,24,P,743.0,0.981065,SPY261009P00743000,6.35,6.43,6.39,7,230,2026-09-11,0.1684,-0.3007,0.0106,-0.2125,0.6759,-0.1539
2026-09-15,SPY,757.34,2026-09-15T19:10:17.011341342Z,2026-10-09,24,P,752.0,0.992949,SPY261009P00752000,8.68,8.79,8.735,113,1647,2026-09-11,0.1557,-0.3974,0.0128,-0.2103,0.749,-0.2036
2026-09-15,SPY,757.34,2026-09-15T19:10:17.138013135Z,2026-10-09,24,P,755.0,0.99691,SPY261009P00755000,9.7,9.81,9.755,172,1404,2026-09-11,0.1521,-0.4351,0.0133,-0.2065,0.7645,-0.2231
2026-09-15,SPY,757.34,2026-09-15T19:10:17.772208936Z,2026-10-09,24,P,763.0,1.007474,SPY261009P00763000,13.12,13.23,13.175,62,1764,2026-09-11,0.1443,-0.5457,0.0141,-0.1864,0.7696,-0.2804
2026-09-15,SPY,757.34,2026-09-15T19:10:16.681044573Z,2026-10-09,24,P,767.0,1.012755,SPY261009P00767000,15.55,15.77,15.66,5,739,2026-09-11,0.1461,-0.5996,0.0136,-0.179,0.7504,-0.3089
2026-09-15,SPY,757.34,2026-09-15T19:10:17.010163597Z,2026-10-09,24,P,775.0,1.023318,SPY261009P00775000,20.88,21.45,21.165,1,185,2026-09-11,0.149,-0.6979,0.0121,-0.1524,0.6773,-0.3614
2026-09-15,SPY,757.34,2026-09-15T19:09:07.122605878Z,2026-10-09,24,P,778.0,1.02728,SPY261009P00778000,22.9,25.2,24.05,1,36,2026-09-11,0.1599,-0.7172,0.0109,-0.1591,0.6569,-0.373
2026-09-15,SPY,757.34,2026-09-15T19:08:28.342621294Z,2026-10-09,24,P,786.0,1.037843,SPY261009P00786000,28.81,32.87,30.84,3,3,2026-09-11,0.1713,-0.7782,0.0089,-0.1409,0.5777,-0.4078
2026-09-15,SPY,757.34,2026-09-15T19:08:29.374960097Z,2026-10-09,24,P,790.0,1.043125,SPY261009P00790000,31.94,36.25,34.095,4,22,2026-09-11,0.172,-0.8101,0.0081,-0.1206,0.5268,-0.4258
2026-09-15,SPY,757.34,2026-09-15T19:08:29.376052743Z,2026-10-09,24,P,798.0,1.053688,SPY261009P00798000,40.43,44.49,42.46,,,,0.2059,-0.8202,0.0066,-0.1485,0.5091,-0.4364
2026-09-15,SPY,757.34,2026-09-15T19:08:18.421141752Z,2026-10-09,24,P,802.0,1.05897,SPY261009P00802000,43.59,47.42,45.505,4,4,2026-09-11,0.1988,-0.853,0.006,-0.1122,0.4467,-0.4547
2026-09-15,SPY,757.34,2026-09-15T19:09:47.399476596Z,2026-10-09,24,P,810.0,1.069533,SPY261009P00810000,52.29,55.19,53.74,4,4,2026-09-11,0.2284,-0.8589,0.005,-0.1327,0.4346,-0.463
2026-09-15,SPY,757.34,2026-09-15T19:08:18.421202123Z,2026-10-09,24,P,814.0,1.074814,SPY261009P00814000,55.7,59.14,57.42,2,1,2026-09-11,0.2327,-0.8723,0.0046,-0.121,0.4057,-0.4721
2026-09-15,SPY,757.34,2026-09-15T19:10:14.836049677Z,2026-10-09,24,P,821.0,1.084057,SPY261009P00821000,63.95,66.29,65.12,4,4,2026-09-11,0.2699,-0.8633,0.0042,-0.1634,0.4253,-0.4727
2026-09-15,SPY,757.34,2026-09-15T19:09:44.860353149Z,2026-10-09,24,P,825.0,1.089339,SPY261009P00825000,66.69,71.48,69.085,12,10,2026-09-11,0.2807,-0.8682,0.0039,-0.1659,0.4147,-0.4778
2026-09-15,SPY,757.34,2026-09-15T19:10:14.838485916Z,2026-10-09,24,P,835.0,1.102543,SPY261009P00835000,78.1,82.35,80.225,2,2,2026-09-11,0.3361,-0.8555,0.0035,-0.2326,0.4416,-0.4788
2026-09-15,SPY,757.34,2026-09-15T19:09:47.399536707Z,2026-10-09,24,P,845.0,1.115747,SPY261009P00845000,86.05,92.65,89.35,,,,0.3432,-0.8794,0.003,-0.1991,0.3898,-0.4967
2026-09-15,SPY,757.34,2026-09-15T19:09:47.399536707Z,2026-10-09,24,P,850.0,1.122349,SPY261009P00850000,92.61,97.79,95.2,,,,0.378,-0.8679,0.0029,-0.2478,0.4154,-0.4948
2026-09-15,SPY,757.34,2026-09-15T19:08:29.40368357Z,2026-10-09,24,P,855.0,1.128951,SPY261009P00855000,95.31,102.11,98.71,,,,0.3522,-0.8979,0.0026,-0.1718,0.3459,-0.512
2026-09-15,SPY,757.34,2026-09-15T19:09:47.39956685Z,2026-10-09,24,P,860.0,1.135553,SPY261009P00860000,103.05,107.36,105.205,,,,0.4053,-0.8743,0.0026,-0.2581,0.4013,-0.5045
2026-09-15,SPY,757.34,2026-09-15T19:08:29.402816555Z,2026-10-09,24,P,870.0,1.148757,SPY261009P00870000,112.97,118.08,115.525,,,,0.4399,-0.8751,0.0024,-0.2843,0.3996,-0.5117
2026-09-15,SPY,757.34,2026-09-15T19:09:47.39956685Z,2026-10-09,24,P,880.0,1.161962,SPY261009P00880000,122.04,125.56,123.8,4,,,0.4175,-0.9074,0.002,-0.1947,0.322,-0.5333
2026-09-15,SPY,757.34,2026-09-15T19:09:47.39956685Z,2026-10-09,24,P,885.0,1.168564,SPY261009P00885000,125.71,130.27,127.99,,,,0.4024,-0.9242,0.0018,-0.1452,0.2772,-0.5444
2026-09-15,SPY,757.34,2026-09-15T19:08:29.456404484Z,2026-10-09,24,P,890.0,1.175166,SPY261009P00890000,129.61,138.41,134.01,,,,0.4482,-0.9074,0.0019,-0.2142,0.322,-0.54
2026-09-15,SPY,757.34,2026-09-15T19:09:47.399591773Z,2026-10-09,24,P,895.0,1.181768,SPY261009P00895000,138.44,141.57,140.005,,,,0.4897,-0.8939,0.0019,-0.277,0.3559,-0.5372
2026-09-15,SPY,757.34,2026-09-15T19:08:29.429795789Z,2026-10-09,24,P,905.0,1.194972,SPY261009P00905000,148.37,149.21,148.79,,,,0.4764,-0.9156,0.0017,-0.2095,0.3005,-0.5538
2026-09-15,SPY,757.34,2026-09-15T19:09:47.399591773Z,2026-10-09,24,P,915.0,1.208176,SPY261009P00915000,160.08,160.63,160.355,12,,,0.5478,-0.8958,0.0017,-0.3123,0.3511,-0.5515
2026-09-15,SPY,757.34,2026-09-15T19:08:29.429830834Z,2026-10-09,24,P,920.0,1.214778,SPY261009P00920000,161.8,168.87,165.335,,,,0.559,-0.8976,0.0016,-0.3148,0.3467,-0.5557
2026-09-15,SPY,757.34,2026-09-15T19:08:29.429835862Z,2026-10-09,24,P,925.0,1.22138,SPY261009P00925000,163.97,169.59,166.78,4,,,0.4357,-0.9565,0.0011,-0.0687,0.1791,-0.586
2026-09-15,SPY,757.34,2026-09-15T19:09:47.399591773Z,2026-10-09,24,P,930.0,1.227982,SPY261009P00930000,172.56,177.17,174.865,,,,0.5681,-0.9065,0.0015,-0.2931,0.3243,-0.5664
2026-09-15,SPY,757.34,2026-09-15T19:09:47.399766774Z,2026-10-16,31,C,535.0,0.70642,SPY261016C00535000,223.35,225.32,224.335,1,1,2026-09-11,0.5054,0.993,0.0002,-0.091,0.0432,0.4481
2026-09-15,SPY,757.34,2026-09-15T19:09:47.399766774Z,2026-10-16,31,C,540.0,0.713022,SPY261016C00540000,213.26,223.94,218.6,1,2,2026-09-11,,,,,,
2026-09-15,SPY,757.34,2026-09-15T19:08:19.712773444Z,2026-10-16,31,C,545.0,0.719624,SPY261016C00545000,214.23,218.89,216.56,1,1,2026-09-11,0.6805,0.962,0.0006,-0.2543,0.1824,0.4348
2026-09-15,SPY,757.34,2026-09-15T19:08:19.712252241Z,2026-10-16,31,C,555.0,0.732828,SPY261016C00555000,203.51,207.49,205.5,1,3,2026-09-11,0.5818,0.9736,0.0005,-0.1827,0.1349,0.4517
2026-09-15,SPY,757.34,2026-09-15T19:09:47.399785078Z,2026-10-16,31,C,565.0,0.746032,SPY261016C00565000,193.83,195.34,194.585,7,12,2026-09-11,0.4608,0.9885,0.0003,-0.1079,0.0665,0.4705
2026-09-15,SPY,757.34,2026-09-15T19:08:19.712197506Z,2026-10-16,31,C,570.0,0.752634,SPY261016C00570000,189.5,193.47,191.485,10,23,2026-09-11,0.5953,0.9594,0.0007,-0.2414,0.1926,0.4544
2026-09-15,SPY,757.34,2026-09-15T19:09:47.399785078Z,2026-10-16,31,C,575.0,0.759236,SPY261016C00575000,182.61,182.89,182.75,5,14,2026-09-11,,,,,,
2026-09-15,SPY,757.34,2026-09-15T19:09:47.399785078Z,2026-10-16,31,C,580.0,0.765838,SPY261016C00580000,177.88,179.4,178.64,2,22,2026-09-11,,,,,,
2026-09-15,SPY,757.34,2026-09-15T19:09:50.444552969Z,2026-10-16,31,C,590.0,0.779042,SPY261016C00590000,163.52,166.68,165.1,5,287,2026-09-11,,,,,,
2026-09-15,SPY,757.34,2026-09-15T19:09:47.399789793Z,2026-10-16,31,C,600.0,0.792247,SPY261016C00600000,154.11,157.52,155.815,1,447,2026-09-11,,,,,,
2026-09-15,SPY,757.34,2026-09-15T19:08:19.686621132Z,2026-10-16,31,C,605.0,0.798849,SPY261016C00605000,150.83,158.25,154.54,18,38,2026-09-11,0.3399,0.9906,0.0003,-0.0935,0.0557,0.5059
2026-09-15,SPY,757.34,2026-09-15T19:09:47.399794725Z,2026-10-16,31,C,610.0,0.805451,SPY261016C00610000,146.61,147.94,147.275,20,104,2026-09-11,,,,,,
2026-09-15,SPY,757.34,2026-09-15T19:08:19.686120566Z,2026-10-16,31,C,615.0,0.812053,SPY261016C00615000,139.18,146.42,142.8,10,198,2026-09-11,,,,,,
2026-09-15,SPY,757.34,2026-09-15T19:08:19.68608536Z,2026-10-16,31,C,625.0,0.825257,SPY261016C00625000,130,136.11,133.055,1,234,2026-09-11,,,,,,
2026-09-15,SPY,757.34,2026-09-15T19:08:19.685558615Z,2026-10-16,31,C,635.0,0.838461,SPY261016C00635000,119.56,126.58,123.07,5,4347,2026-09-11,,,,,,
2026-09-15,SPY,757.34,2026-09-15T19:09:47.399831629Z,2026-10-16,31,C,640.0,0.845063,SPY261016C00640000,116.18,118.92,117.55,2,422,2026-09-11,,,,,,
2026-09-15,SPY,757.34,2026-09-15T19:09:47.399831629Z,2026-10-16,31,C,645.0,0.851665,SPY261016C00645000,111.2,114.5,112.85,2,236,2026-09-11,,,,,,
2026-09-15,SPY,757.34,2026-09-15T19:08:19.684982195Z,2026-10-16,31,C,650.0,0.858267,SPY261016C00650000,105.41,109.65,107.53,1,327,2026-09-11,,,,,,
2026-09-15,SPY,757.34,2026-09-15T19:08:19.684937105Z,2026-10-16,31,C,660.0,0.871471,SPY261016C00660000,98.16,100.66,99.41,8,282,2026-09-11,,,,,,
2026-09-15,SPY,757.34,2026-09-15T19:08:19.658880028Z,2026-10-16,31,C,670.0,0.884675,SPY261016C00670000,86.54,91.23,88.885,10,491,2026-09-11,,,,,,
2026-09-15,SPY,757.34,2026-09-15T19:08:19.658313909Z,2026-10-16,31,C,675.0,0.891277,SPY261016C00675000,81.54,84.73,83.135,2,114,2026-09-11,,,,,,
2026-09-15,SPY,757.34,2026-09-15T19:09:47.399846494Z,2026-10-16,31,C,680.0,0.897879,SPY261016C00680000,76.68,81.76,79.22,8,2428,2026-09-11,,,,,,
2026-09-15,SPY,757.34,2026-09-15T19:09:47.399846494Z,2026-10-16,31,C,685.0,0.904481,SPY261016C00685000,73.72,77.9,75.81,2,1699,2026-09-11,0.2293,0.9434,0.0022,-0.1603,0.2511,0.5424
2026-09-15,SPY,757.34,2026-09-15T19:10:12.571887913Z,2026-10-16,31,C,695.0,0.917686,SPY261016C00695000,62.89,67.27,65.08,62,1056,2026-09-11,0.1686,0.967,0.002,-0.1147,0.1625,0.5667
2026-09-15,SPY,757.34,2026-09-15T19:09:47.399860663Z,2026-10-16,31,C,705.0,0.93089,SPY261016C00705000,53.78,57.49,55.635,13,281,2026-09-11,0.1693,0.9385,0.0033,-0.1424,0.2681,0.5564
2026-09-15,SPY,757.34,2026-09-15T19:10:06.323377052Z,2026-10-16,31,C,708.0,0.934851,SPY261016C00708000,50.76,54.95,52.855,4,16,2026-09-11,0.1689,0.9277,0.0037,-0.1514,0.3038,0.5518
2026-09-15,SPY,757.34,2026-09-15T19:09:59.073283216Z,2026-10-16,31,C,717.0,0.946735,SPY261016C00717000,42.62,45.8,44.21,4,6,2026-09-11,0.1545,0.9049,0.005,-0.1608,0.3733,0.5445
2026-09-15,SPY,757.34,2026-09-15T19:09:02.888236744Z,2026-10-16,31,C,720.0,0.950696,SPY261016C00720000,41.62,42.99,42.305,6,491,2026-09-11,0.1712,0.865,0.0057,-0.197,0.4791,0.5205
2026-09-15,SPY,757.34,2026-09-15T19:09:43.81083414Z,2026-10-16,31,C,728.0,0.961259,SPY261016C00728000,35.54,35.85,35.695,353,15,2026-09-11,0.1709,0.8115,0.0072,-0.2254,0.596,0.4916
2026-09-15,SPY,757.34,2026-09-15T19:09:43.049924815Z,2026-10-16,31,C,732.0,0.966541,SPY261016C00732000,31.33,32.24,31.785,3,112,2026-09-11,0.1585,0.7968,0.0081,-0.2198,0.6238,0.4855
2026-09-15,SPY,757.34,2026-09-15T19:10:15.866873977Z,2026-10-16,31,C,740.0,0.977104,SPY261016C00740000,25.24,25.47,25.355,1564,3039,2026-09-11,0.152,0.7318,0.0098,-0.2342,0.7273,0.4492
2026-09-15,SPY,757.34,2026-09-15T19:10:15.818750368Z,2026-10-16,31,C,743.0,0.981065,SPY261016C00743000,22.62,22.72,22.67,11,458,2026-09-11,0.1443,0.7098,0.0108,-0.2302,0.7557,0.4373
2026-09-15,SPY,757.34,2026-09-15T19:10:15.014942193Z,2026-10-16,31,C,752.0,0.992949,SPY261016C00752000,16.05,16.62,16.335,6,436,2026-09-11,0.1376,0.6093,0.0126,-0.235,0.8472,0.378
2026-09-15,SPY,757.34,2026-09-15T19:10:15.82333974Z,2026-10-16,31,C,755.0,0.99691,SPY261016C00755000,14.04,14.43,14.235,2034,3879,2026-09-11,0.1332,0.5725,0.0133,-0.2303,0.8659,0.3561
2026-09-15,SPY,757.34,2026-09-15T19:10:16.682352533Z,2026-10-16,31,C,763.0,1.007474,SPY261016C00763000,9.62,9.7,9.66,973,1188,2026-09-11,0.1267,0.462,0.0142,-0.2151,0.8765,0.289
2026-09-15,SPY,757.34,2026-09-15T19:10:15.816233217Z,2026-10-16,31,C,767.0,1.012755,SPY261016C00767000,7.48,7.52,7.5,198,7775,2026-09-11,0.121,0.4014,0.0145,-0.1979,0.8535,0.2518
2026-09-15,SPY,757.34,2026-09-15T19:10:16.466863535Z,2026-10-16,31,C,775.0,1.023318,SPY261016C00775000,4.37,4.42,4.395,1086,16463,2026-09-11,0.1151,0.2831,0.0133,-0.1608,0.7469,0.1784
2026-09-15,SPY,757.34,2026-09-15T19:10:15.317298082Z,2026-10-16,31,C,778.0,1.02728,SPY261016C00778000,3.36,3.38,3.37,505,3133,2026-09-11,0.1112,0.2376,0.0126,-0.141,0.6823,0.15
2026-09-15,SPY,757.34,2026-09-15T19:10:15.828702563Z,2026-10-16,31,C,786.0,1.037843,SPY261016C00786000,1.74,1.76,1.75,659,975,2026-09-11,0.1082,0.1447,0.0095,-0.0991,0.5024,0.0916
2026-09-15,SPY,757.34,2026-09-15T19:10:15.869143616Z,2026-10-16,31,C,790.0,1.043125,SPY261016C00790000,1.17,1.19,1.18,8381,16290,2026-09-11,0.1061,0.1065,0.0078,-0.0777,0.4054,0.0675
2026-09-15,SPY,757.34,2026-09-15T19:10:15.8658958Z,2026-10-16,31,C,798.0,1.053688,SPY261016C00798000,0.55,0.6,0.575,968,2059,2026-09-11,0.1061,0.058,0.005,-0.0484,0.2562,0.0368
2026-09-15,SPY,757.34,2026-09-15T19:10:15.868142036Z,2026-10-16,31,C,800.0,1.056329,SPY261016C00800000,0.45,0.5,0.475,28285,17175,2026-09-11,0.1061,0.0492,0.0044,-0.0424,0.2249,0.0313
2026-09-15,SPY,757.34,2026-09-15T19:10:15.821761059Z,2026-10-16,31,C,810.0,1.069533,SPY261016C00810000,0.22,0.23,0.225,235,14653,2026-09-11,0.1108,0.0247,0.0024,-0.0247,0.1276,0.0157
2026-09-15,SPY,757.34,2026-09-15T19:10:15.868387001Z,2026-10-16,31,C,815.0,1.076135,SPY261016C00815000,0.16,0.17,0.165,527,16467,2026-09-11,0.1142,0.0182,0.0018,-0.0196,0.0988,0.0116
2026-09-15,SPY,757.34,2026-09-15T19:10:15.818543665Z,2026-10-16,31,C,820.0,1.082737,SPY261016C00820000,0.08,0.09,0.085,56,14239,2026-09-11,0.1121,0.0102,0.0011,-0.0116,0.06,0.0065
2026-09-15,SPY,757.34,2026-09-15T19:10:15.822162529Z,2026-10-16,31,C,825.0,1.089339,SPY261016C00825000,0.06,0.11,0.085,89,16135,2026-09-11,0.1198,0.0096,0.001,-0.0118,0.0569,0.0061
2026-09-15,SPY,757.34,2026-09-15T19:10:15.866246627Z,2026-10-16,31,C,835.0,1.102543,SPY261016C00835000,0.03,0.04,0.035,4,3439,2026-09-11,0.1221,0.0042,0.0005,-0.0057,0.0274,0.0027
2026-09-15,SPY,757.34,2026-09-15T19:10:15.867750215Z,2026-10-16,31,C,845.0,1.115747,SPY261016C00845000,0.05,0.06,0.055,35,1876,2026-09-11,0.1424,0.0055,0.0005,-0.0085,0.035,0.0035
2026-09-15,SPY,757.34,2026-09-15T19:10:15.867921073Z,2026-10-16,31,C,850.0,1.122349,SPY261016C00850000,0.01,0.02,0.015,2,10084,2026-09-11,0.1314,0.0018,0.0002,-0.0028,0.0127,0.0011
2026-09-15,SPY,757.34,2026-09-15T19:10:15.821826062Z,2026-10-16,31,C,855.0,1.128951,SPY261016C00855000,0.04,0.05,0.045,24,622,2026-09-11,0.153,0.0043,0.0004,-0.0073,0.0281,0.0027
2026-09-15,SPY,757.34,2026-09-15T19:10:15.822317185Z,2026-10-16,31,C,860.0,1.135553,SPY261016C00860000,0.04,0.05,0.045,1,2030,2026-09-11,0.1597,0.0042,0.0003,-0.0073,0.0271,0.0026
2026-09-15,SPY,757.34,2026-09-15T19:10:15.822317185Z,2026-10-16,31,C,870.0,1.148757,SPY261016C00870000,0.01,0.02,0.015,2,2234,2026-09-11,0.1559,0.0015,0.0001,-0.0029,0.0111,0.001
2026-09-15,SPY,757.34,2026-09-15T19:10:15.822207358Z,2026-10-16,31,C,880.0,1.161962,SPY261016C00880000,0.03,0.04,0.035,10,433,2026-09-11,0.1813,0.0029,0.0002,-0.006,0.0199,0.0019
2026-09-15,SPY,757.34,2026-09-15T19:10:15.822422487Z,2026-10-16,31,C,885.0,1.168564,SPY261016C00885000,0.01,0.04,0.025,2,2382,2026-09-11,0.1817,0.0022,0.0002,-0.0046,0.015,0.0014
2026-09-15,SPY,757.34,2026-09-15T19:10:15.867725205Z,2026-10-16,31,C,890.0,1.175166,SPY261016C00890000,0.01,0.04,0.025,2,2596,2026-09-11,0.1877,0.0021,0.0002,-0.0046,0.0146,0.0013
2026-09-15,SPY,757.34,2026-09-15T19:10:15.866251667Z,2026-10-16,31,C,895.0,1.181768,SPY261016C00895000,0.03,0.04,0.035,8,462,2026-09-11,0.1998,0.0027,0.0002,-0.0061,0.0183,0.0017
2026-09-15,SPY,757.34,2026-09-15T19:10:15.866557407Z,2026-10-16,31,C,905.0,1.194972,SPY261016C00905000,0.01,0.02,0.015,2,87,2026-09-11,0.1966,0.0012,0.0001,-0.003,0.0091,0.0008
2026-09-15,SPY,757.34,2026-09-15T19:10:15.866728222Z,2026-10-16,31,C,915.0,1.208176,SPY261016C00915000,0,0.01,0.005,2,3962,2026-09-11,,,,,,
2026-09-15,SPY,757.34,2026-09-15T19:10:15.866898271Z,2026-10-16,31,C,920.0,1.214778,SPY261016C00920000,0,0.01,0.005,280,115,2026-09-11,,,,,,
2026-09-15,SPY,757.34,2026-09-15T19:10:15.866051259Z,2026-10-16,31,C,925.0,1.22138,SPY261016C00925000,0,0.01,0.005,280,135,2026-09-11,,,,,,
2026-09-15,SPY,757.34,2026-09-15T19:10:15.866743199Z,2026-10-16,31,C,930.0,1.227982,SPY261016C00930000,0,0.01,0.005,1,371,2026-09-11,,,,,,
2026-09-15,SPY,757.34,2026-09-15T19:10:15.865771895Z,2026-10-16,31,C,940.0,1.241186,SPY261016C00940000,0,0.03,0.015,28,1022,2026-09-11,,,,,,
2026-09-15,SPY,757.34,2026-09-15T19:10:15.866352359Z,2026-10-16,31,C,950.0,1.25439,SPY261016C00950000,0,0.01,0.005,200,1177,2026-09-11,,,,,,
2026-09-15,SPY,757.34,2026-09-15T19:10:14.173351868Z,2026-10-16,31,C,955.0,1.260992,SPY261016C00955000,0,0.01,0.005,1,18,2026-09-11,,,,,,
2026-09-15,SPY,757.34,2026-09-15T19:10:11.331873168Z,2026-10-16,31,C,960.0,1.267594,SPY261016C00960000,0,0.01,0.005,596,1188,2026-09-11,,,,,,
2026-09-15,SPY,757.34,2026-09-15T19:10:15.866833448Z,2026-10-16,31,C,965.0,1.274197,SPY261016C00965000,0,0.01,0.005,206,785,2026-09-11,,,,,,
2026-09-15,SPY,757.34,2026-09-15T19:10:15.865972069Z,2026-10-16,31,C,975.0,1.287401,SPY261016C00975000,0,0.03,0.015,745,1299,2026-09-11,,,,,,
2026-09-15,SPY,757.34,2026-09-15T19:10:15.866276704Z,2026-10-16,31,C,980.0,1.294003,SPY261016C00980000,0,0.01,0.005,532,290,2026-09-11,,,,,,
2026-09-15,SPY,757.34,2026-09-15T19:10:17.008968287Z,2026-10-16,31,P,535.0,0.70642,SPY261016P00535000,0.22,0.23,0.225,10,633,2026-09-11,0.4947,-0.0061,0.0002,-0.03,0.0382,-0.0041
2026-09-15,SPY,757.34,2026-09-15T19:10:17.007144026Z,2026-10-16,31,P,540.0,0.713022,SPY261016P00540000,0.24,0.25,0.245,76,5179,2026-09-11,0.4879,-0.0067,0.0002,-0.032,0.0414,-0.0045
2026-09-15,SPY,757.34,2026-09-15T19:10:17.0075349Z,2026-10-16,31,P,545.0,0.719624,SPY261016P00545000,0.21,0.22,0.215,2,736,2026-09-11,0.4686,-0.0062,0.0002,-0.0286,0.0385,-0.0042
2026-09-15,SPY,757.34,2026-09-15T19:10:17.00767024Z,2026-10-16,31,P,555.0,0.732828,SPY261016P00555000,0.28,0.29,0.285,23,300,2026-09-11,0.4612,-0.0081,0.0002,-0.0357,0.0489,-0.0055
2026-09-15,SPY,757.34,2026-09-15T19:10:17.007429629Z,2026-10-16,31,P,565.0,0.746032,SPY261016P00565000,0.28,0.29,0.285,48,851,2026-09-11,0.4377,-0.0085,0.0002,-0.0353,0.0511,-0.0057
2026-09-15,SPY,757.34,2026-09-15T19:10:17.007620055Z,2026-10-16,31,P,570.0,0.752634,SPY261016P00570000,0.34,0.35,0.345,2,905,2026-09-11,0.4368,-0.0101,0.0003,-0.0411,0.0595,-0.0068
2026-09-15,SPY,757.34,2026-09-15T19:10:17.007264245Z,2026-10-16,31,P,575.0,0.759236,SPY261016P00575000,0.36,0.37,0.365,64,952,2026-09-11,0.4283,-0.0109,0.0003,-0.0427,0.0632,-0.0073
2026-09-15,SPY,757.34,2026-09-15T19:10:17.008797928Z,2026-10-16,31,P,580.0,0.765838,SPY261016P00580000,0.34,0.35,0.345,2,1720,2026-09-11,0.4133,-0.0107,0.0003,-0.0406,0.0622,-0.0072
2026-09-15,SPY,757.34,2026-09-15T19:10:17.0071089Z,2026-10-16,31,P,590.0,0.779042,SPY261016P00590000,0.39,0.4,0.395,20,3199,2026-09-11,0.3975,-0.0125,0.0004,-0.0447,0.0714,-0.0084
2026-09-15,SPY,757.34,2026-09-15T19:10:17.0075349Z,2026-10-16,31,P,600.0,0.792247,SPY261016P00600000,0.45,0.46,0.455,383,11877,2026-09-11,0.3818,-0.0147,0.0004,-0.0494,0.0822,-0.0098
2026-09-15,SPY,757.34,2026-09-15T19:10:16.961014048Z,2026-10-16,31,P,605.0,0.798849,SPY261016P00605000,0.48,0.53,0.505,2,2514,2026-09-11,0.3758,-0.0164,0.0005,-0.0533,0.0901,-0.011
2026-09-15,SPY,757.34,2026-09-15T19:10:17.0075349Z,2026-10-16,31,P,610.0,0.805451,SPY261016P00610000,0.51,0.56,0.535,13,3686,2026-09-11,0.3672,-0.0176,0.0005,-0.0554,0.0959,-0.0118
2026-09-15,SPY,757.34,2026-09-15T19:10:17.007514872Z,2026-10-16,31,P,615.0,0.812053,SPY261016P00615000,0.59,0.6,0.595,51,1129,2026-09-11,0.3613,-0.0197,0.0006,-0.0597,0.1053,-0.0131
2026-09-15,SPY,757.34,2026-09-15T19:10:17.007159062Z,2026-10-16,31,P,625.0,0.825257,SPY261016P00625000,0.63,0.64,0.635,182,156889,2026-09-11,0.341,-0.0219,0.0007,-0.0618,0.1156,-0.0147
2026-09-15,SPY,757.34,2026-09-15T19:10:17.007615055Z,2026-10-16,31,P,635.0,0.838461,SPY261016P00635000,0.76,0.77,0.765,1389,1794,2026-09-11,0.3273,-0.0269,0.0009,-0.0701,0.1369,-0.0179
2026-09-15,SPY,757.34,2026-09-15T19:10:16.863170662Z,2026-10-16,31,P,640.0,0.845063,SPY261016P00640000,0.82,0.83,0.825,857,4825,2026-09-11,0.3193,-0.0293,0.0009,-0.0735,0.1474,-0.0196
2026-09-15,SPY,757.34,2026-09-15T19:10:17.542219726Z,2026-10-16,31,P,645.0,0.851665,SPY261016P00645000,0.88,0.89,0.885,812,5067,2026-09-11,0.311,-0.0319,0.001,-0.0767,0.1582,-0.0213
2026-09-15,SPY,757.34,2026-09-15T19:10:15.818770623Z,2026-10-16,31,P,650.0,0.858267,SPY261016P00650000,0.95,0.96,0.955,2505,22210,2026-09-11,0.3029,-0.035,0.0012,-0.0803,0.1704,-0.0233
2026-09-15,SPY,757.34,2026-09-15T19:10:15.345236536Z,2026-10-16,31,P,660.0,0.871471,SPY261016P00660000,1.07,1.08,1.075,1339,7727,2026-09-11,0.2846,-0.041,0.0014,-0.0856,0.1939,-0.0273
2026-09-15,SPY,757.34,2026-09-15T19:10:17.931843665Z,2026-10-16,31,P,670.0,0.884675,SPY261016P00670000,1.27,1.28,1.275,2675,12690,2026-09-11,0.2687,-0.0499,0.0017,-0.0945,0.2274,-0.0332
2026-09-15,SPY,757.34,2026-09-15T19:10:17.008727752Z,2026-10-16,31,P,675.0,0.891277,SPY261016P00675000,1.43,1.44,1.435,487,14116,2026-09-11,0.2625,-0.0564,0.002,-0.1014,0.2505,-0.0375
2026-09-15,SPY,757.34,2026-09-15T19:10:15.815773848Z,2026-10-16,31,P,680.0,0.897879,SPY261016P00680000,1.53,1.58,1.555,1038,27332,2026-09-11,0.254,-0.0622,0.0022,-0.1056,0.2704,-0.0413
2026-09-15,SPY,757.34,2026-09-15T19:10:15.327063119Z,2026-10-16,31,P,685.0,0.904481,SPY261016P00685000,1.68,1.74,1.71,755,16623,2026-09-11,0.2461,-0.0693,0.0025,-0.111,0.2941,-0.046
2026-09-15,SPY,757.34,2026-09-15T19:10:17.141333922Z,2026-10-16,31,P,695.0,0.917686,SPY261016P00695000,2.13,2.15,2.14,1258,7424,2026-09-11,0.232,-0.0881,0.0031,-0.1247,0.3527,-0.0585
2026-09-15,SPY,757.34,2026-09-15T19:10:17.976425845Z,2026-10-16,31,P,705.0,0.93089,SPY261016P00705000,2.64,2.72,2.68,5532,6747,2026-09-11,0.2172,-0.1122,0.004,-0.1382,0.421,-0.0745
2026-09-15,SPY,757.34,2026-09-15T19:10:16.868583728Z,2026-10-16,31,P,708.0,0.934851,SPY261016P00708000,2.91,2.93,2.92,1530,1882,2026-09-11,0.2137,-0.122,0.0043,-0.1439,0.4467,-0.081
2026-09-15,SPY,757.34,2026-09-15T19:10:17.140426937Z,2026-10-16,31,P,717.0,0.946735,SPY261016P00717000,3.62,3.69,3.655,230,1404,2026-09-11,0.2009,-0.154,0.0053,-0.157,0.5236,-0.1021
2026-09-15,SPY,757.34,2026-09-15T19:10:17.138672557Z,2026-10-16,31,P,720.0,0.950696,SPY261016P00720000,3.88,3.94,3.91,15541,26144,2026-09-11,0.196,-0.1658,0.0058,-0.1601,0.5496,-0.11
2026-09-15,SPY,757.34,2026-09-15T19:10:16.895126856Z,2026-10-16,31,P,728.0,0.961259,SPY261016P00728000,4.81,4.83,4.82,249,24018,2026-09-11,0.1844,-0.2053,0.007,-0.1697,0.6276,-0.1361
2026-09-15,SPY,757.34,2026-09-15T19:10:17.772464624Z,2026-10-16,31,P,732.0,0.966541,SPY261016P00732000,5.53,5.54,5.535,504,36552,2026-09-11,0.181,-0.2317,0.0076,-0.1773,0.6729,-0.1537
2026-09-15,SPY,757.34,2026-09-15T19:10:17.779214901Z,2026-10-16,31,P,740.0,0.977104,SPY261016P00740000,6.8,6.98,6.89,3510,26003,2026-09-11,0.1692,-0.2876,0.0091,-0.1816,0.7525,-0.1908
2026-09-15,SPY,757.34,2026-09-15T19:10:17.778813855Z,2026-10-16,31,P,743.0,0.981065,SPY261016P00743000,7.65,7.73,7.69,252,2083,2026-09-11,0.1672,-0.3144,0.0096,-0.1854,0.7834,-0.2087
2026-09-15,SPY,757.34,2026-09-15T19:10:17.777946802Z,2026-10-16,31,P,752.0,0.992949,SPY261016P00752000,10.09,10.18,10.135,161,5401,2026-09-11,0.1562,-0.4013,0.0112,-0.1818,0.8534,-0.2668
2026-09-15,SPY,757.34,2026-09-15T19:10:17.573559469Z,2026-10-16,31,P,755.0,0.99691,SPY261016P00755000,11.25,11.3,11.275,7536,24890,2026-09-11,0.1543,-0.4349,0.0116,-0.1802,0.8688,-0.2893
2026-09-15,SPY,757.34,2026-09-15T19:10:17.780312422Z,2026-10-16,31,P,763.0,1.007474,SPY261016P00763000,14.12,14.44,14.28,113,1981,2026-09-11,0.1431,-0.5317,0.0126,-0.1586,0.8777,-0.3541
2026-09-15,SPY,757.34,2026-09-15T19:10:16.94103136Z,2026-10-16,31,P,767.0,1.012755,SPY261016P00767000,16.149,16.49,16.3195,129,6080,2026-09-11,0.1403,-0.5831,0.0126,-0.1465,0.8613,-0.3889
2026-09-15,SPY,757.34,2026-09-15T19:10:14.204256189Z,2026-10-16,31,P,775.0,1.023318,SPY261016P00775000,21.88,22.22,22.05,85,6831,2026-09-11,0.1475,-0.6696,0.0111,-0.1343,0.7997,-0.4494
2026-09-15,SPY,757.34,2026-09-15T19:09:53.844273616Z,2026-10-16,31,P,778.0,1.02728,SPY261016P00778000,24.03,24.43,24.23,6,590,2026-09-11,0.1486,-0.7,0.0106,-0.1254,0.7673,-0.4709
2026-09-15,SPY,757.34,2026-09-15T19:08:19.631047894Z,2026-10-16,31,P,786.0,1.037843,SPY261016P00786000,29.04,32.68,30.86,31,114,2026-09-11,0.1579,-0.7622,0.0089,-0.1096,0.6827,-0.5165
2026-09-15,SPY,757.34,2026-09-15T19:10:17.760300176Z,2026-10-16,31,P,790.0,1.043125,SPY261016P00790000,33.06,36.33,34.695,4,122,2026-09-11,0.1684,-0.7791,0.008,-0.112,0.6551,-0.5306
2026-09-15,SPY,757.34,2026-09-15T19:08:19.712231111Z,2026-10-16,31,P,798.0,1.053688,SPY261016P00798000,40.09,43.18,41.635,2,28,2026-09-11,0.1755,-0.8247,0.0067,-0.0909,0.5696,-0.5658
2026-09-15,SPY,757.34,2026-09-15T19:08:19.713393902Z,2026-10-16,31,P,800.0,1.056329,SPY261016P00800000,42.61,45.83,44.22,10,491,2026-09-11,0.1914,-0.8149,0.0063,-0.1121,0.5894,-0.5617
2026-09-15,SPY,757.34,2026-09-15T19:08:18.422186157Z,2026-10-16,31,P,810.0,1.069533,SPY261016P00810000,51.47,56.41,53.94,1,83,2026-09-11,0.2149,-0.8389,0.0052,-0.1142,0.5395,-0.5854
2026-09-15,SPY,757.34,2026-09-15T19:10:12.523398938Z,2026-10-16,31,P,815.0,1.076135,SPY261016P00815000,56.25,60.53,58.39,4,5,2026-09-11,0.2178,-0.8583,0.0047,-0.0991,0.4952,-0.6017
2026-09-15,SPY,757.34,2026-09-15T19:10:12.652817536Z,2026-10-16,31,P,820.0,1.082737,SPY261016P00820000,62.02,67.24,64.63,8,1,2026-09-11,0.2551,-0.8385,0.0043,-0.1484,0.5404,-0.5942
2026-09-15,SPY,757.34,2026-09-15T19:10:12.657614013Z,2026-10-16,31,P,825.0,1.089339,SPY261016P00825000,65.95,70.11,68.03,1,1,2026-09-11,0.2358,-0.8776,0.0039,-0.0929,0.4476,-0.6223
2026-09-15,SPY,757.34,2026-09-15T19:10:14.893559599Z,2026-10-16,31,P,835.0,1.102543,SPY261016P00835000,76.64,79.43,78.035,4,,,0.2605,-0.8859,0.0034,-0.1,0.4261,-0.6361
2026-09-15,SPY,757.34,2026-09-15T19:10:14.899709264Z,2026-10-16,31,P,845.0,1.115747,SPY261016P00845000,88.83,90.55,89.69,1,1,2026-09-11,0.3213,-0.8617,0.0031,-0.174,0.4871,-0.6305
2026-09-15,SPY,757.34,2026-09-15T19:10:14.894712407Z,2026-10-16,31,P,850.0,1.122349,SPY261016P00850000,92.41,97.41,94.91,4,7,2026-09-11,0.3382,-0.8619,0.003,-0.1866,0.4868,-0.635
2026-09-15,SPY,757.34,2026-09-15T19:10:14.901037482Z,2026-10-16,31,P,855.0,1.128951,SPY261016P00855000,97.5,99.36,98.43,1,1,2026-09-11,0.3173,-0.8906,0.0027,-0.1299,0.4133,-0.6565
2026-09-15,SPY,757.34,2026-09-15T19:08:29.316104183Z,2026-10-16,31,P,860.0,1.135553,SPY261016P00860000,100.64,104.17,102.405,8,,,0.3017,-0.9138,0.0024,-0.0849,0.3469,-0.6748
2026-09-15,SPY,757.34,2026-09-15T19:08:29.315121813Z,2026-10-16,31,P,870.0,1.148757,SPY261016P00870000,111.23,117.35,114.29,16,,,0.3724,-0.8837,0.0024,-0.1766,0.4319,-0.6655
2026-09-15,SPY,757.34,2026-09-15T19:08:19.768269711Z,2026-10-16,31,P,880.0,1.161962,SPY261016P00880000,122.08,124.51,123.295,91,91,2026-09-11,0.3701,-0.9045,0.0021,-0.1381,0.3744,-0.6865
2026-09-15,SPY,757.34,2026-09-15T19:08:29.315402627Z,2026-10-16,31,P,885.0,1.168564,SPY261016P00885000,127.17,131.34,129.255,,,,0.4054,-0.891,0.0021,-0.1847,0.4124,-0.6829
2026-09-15,SPY,757.34,2026-09-15T19:08:29.316094178Z,2026-10-16,31,P,890.0,1.175166,SPY261016P00890000,131.78,138.37,135.075,4,,,0.4359,-0.8813,0.0021,-0.2232,0.4381,-0.6816
2026-09-15,SPY,757.34,2026-09-15T19:08:19.821582238Z,2026-10-16,31,P,895.0,1.181768,SPY261016P00895000,139.48,142.14,140.81,4,,,0.4635,-0.8738,0.002,-0.2571,0.4573,-0.6816
2026-09-15,SPY,757.34,2026-09-15T19:08:29.317592694Z,2026-10-16,31,P,905.0,1.194972,SPY261016P00905000,144.6,150,147.3,,,,0.3924,-0.9295,0.0016,-0.0987,0.298,-0.723
2026-09-15,SPY,757.34,2026-09-15T19:08:19.822483943Z,2026-10-16,31,P,915.0,1.208176,SPY261016P00915000,154.6,163.77,159.185,,,,0.4681,-0.9022,0.0017,-0.1987,0.3811,-0.7155
2026-09-15,SPY,757.34,2026-09-15T19:08:19.822503972Z,2026-10-16,31,P,920.0,1.214778,SPY261016P00920000,162.56,166.51,164.535,,,,0.4876,-0.8989,0.0016,-0.2178,0.3904,-0.7179
2026-09-15,SPY,757.34,2026-09-15T19:08:29.318454802Z,2026-10-16,31,P,925.0,1.22138,SPY261016P00925000,164.24,167.97,166.105,16,,,0.3829,-0.9561,0.0011,-0.0326,0.2051,-0.7561
2026-09-15,SPY,757.34,2026-09-15T19:08:19.849057355Z,2026-10-16,31,P,930.0,1.227982,SPY261016P00930000,172.53,174.18,173.355,2,1,2026-09-11,0.4753,-0.9177,0.0014,-0.1652,0.3352,-0.7375
2026-09-15,SPY,757.34,2026-09-15T19:09:45.541883585Z,2026-10-16,31,P,940.0,1.241186,SPY261016P00940000,182.49,187.96,185.225,4,,,0.5462,-0.8957,0.0015,-0.2606,0.3994,-0.7334
2026-09-15,SPY,757.34,2026-09-15T19:08:19.84967385Z,2026-10-16,31,P,950.0,1.25439,SPY261016P00950000,195.15,198.99,197.07,4,,,0.6103,-0.8784,0.0015,-0.3476,0.4457,-0.7324
2026-09-15,SPY,757.34,2026-09-15T19:08:19.850029593Z,2026-10-16,31,P,955.0,1.260992,SPY261016P00955000,194.91,203.73,199.32,,,,0.5521,-0.91,0.0013,-0.2254,0.3585,-0.7546
2026-09-15,SPY,757.34,2026-09-15T19:08:29.319793047Z,2026-10-16,31,P,960.0,1.267594,SPY261016P00960000,202.23,209.53,205.88,9,,,0.6027,-0.8932,0.0014,-0.3018,0.4064,-0.7494
2026-09-15,SPY,757.34,2026-09-15T19:08:19.794547558Z,2026-10-16,31,P,965.0,1.274197,SPY261016P00965000,205.23,212.52,208.875,,,,0.5585,-0.9173,0.0012,-0.2075,0.3363,-0.7674
2026-09-15,SPY,757.34,2026-09-15T19:08:19.794547558Z,2026-10-16,31,P,975.0,1.287401,SPY261016P00975000,213.61,217.64,215.625,,,,0.444,-0.9687,0.0007,-0.0111,0.1555,-0.8062
2026-09-15,SPY,757.34,2026-09-15T19:08:29.316310461Z,2026-10-16,31,P,980.0,1.294003,SPY261016P00980000,224.37,228.65,226.51,,,,0.6575,-0.8911,0.0013,-0.3418,0.4121,-0.7655
2026-09-15,QQQ,704.69,2026-09-15T19:08:46.872407547Z,2026-10-09,24,C,495.0,0.702437,QQQ261009C00495000,206.48,210.07,208.275,,,,,,,,,
2026-09-15,QQQ,704.69,2026-09-15T19:08:38.67129387Z,2026-10-09,24,C,500.0,0.709532,QQQ261009C00500000,206.57,209.75,208.16,,,,0.7921,0.9644,0.0005,-0.2835,0.1417,0.31
2026-09-15,QQQ,704.69,2026-09-15T19:10:09.24903005Z,2026-10-09,24,C,505.0,0.716627,QQQ261009C00505000,201.81,205.59,203.7,,,,0.8072,0.9578,0.0006,-0.3232,0.1627,0.3099
2026-09-15,QQQ,704.69,2026-09-15T19:09:56.759376286Z,2026-10-09,24,C,510.0,0.723722,QQQ261009C00510000,195.92,199.7,197.81,20,20,2026-09-11,0.727,0.9672,0.0006,-0.2513,0.1323,0.3181
2026-09-15,QQQ,704.69,2026-09-15T19:09:20.276107473Z,2026-10-09,24,C,515.0,0.730818,QQQ261009C00515000,190.47,190.94,190.705,,,,,,,,,
2026-09-15,QQQ,704.69,2026-09-15T19:08:55.369226566Z,2026-10-09,24,C,520.0,0.737913,QQQ261009C00520000,183.14,188.04,185.59,10,10,2026-09-11,,,,,,
2026-09-15,QQQ,704.69,2026-09-15T19:06:02.515499018Z,2026-10-09,24,C,525.0,0.745008,QQQ261009C00525000,178.51,182.3,180.405,,,,,,,,,
2026-09-15,QQQ,704.69,2026-09-15T19:10:01.311880039Z,2026-10-09,24,C,530.0,0.752104,QQQ261009C00530000,174.11,175.8,174.955,10,10,2026-09-11,,,,,,
2026-09-15,QQQ,704.69,2026-09-15T19:07:00.919630687Z,2026-10-09,24,C,535.0,0.759199,QQQ261009C00535000,171.73,172.38,172.055,10,10,2026-09-11,0.5706,0.9758,0.0006,-0.1765,0.1028,0.339
2026-09-15,QQQ,704.69,2026-09-15T19:07:25.269940385Z,2026-10-09,24,C,540.0,0.766294,QQQ261009C00540000,166.85,168.1,167.475,,,,0.589,0.9682,0.0007,-0.2126,0.1291,0.3385
2026-09-15,QQQ,704.69,2026-09-15T19:06:52.340957272Z,2026-10-09,24,C,545.0,0.77339,QQQ261009C00545000,159.82,165.42,162.62,2,2,2026-09-11,0.5818,0.9652,0.0007,-0.223,0.139,0.3403
2026-09-15,QQQ,704.69,2026-09-15T19:09:10.975558199Z,2026-10-09,24,C,550.0,0.780485,QQQ261009C00550000,152.55,157.12,154.835,,,,,,,,,
2026-09-15,QQQ,704.69,2026-09-15T19:09:53.736221715Z,2026-10-09,24,C,560.0,0.794676,QQQ261009C00560000,145.72,149.47,147.595,6,16,2026-09-11,0.5263,0.9632,0.0008,-0.2154,0.1454,0.3493
2026-09-15,QQQ,704.69,2026-09-15T19:09:16.230009973Z,2026-10-09,24,C,570.0,0.808866,QQQ261009C00570000,134.86,137.69,136.275,1,2,2026-09-11,0.3388,0.994,0.0003,-0.081,0.0306,0.371
2026-09-15,QQQ,704.69,2026-09-15T19:09:18.201608438Z,2026-10-09,24,C,575.0,0.815962,QQQ261009C00575000,126.84,132.57,129.705,,,,,,,,,
2026-09-15,QQQ,704.69,2026-09-15T19:07:10.623120764Z,2026-10-09,24,C,580.0,0.823057,QQQ261009C00580000,124.48,129.61,127.045,,,,0.4167,0.9713,0.0009,-0.1617,0.1186,0.3665
2026-09-15,QQQ,704.69,2026-09-15T19:09:39.243138008Z,2026-10-09,24,C,585.0,0.830152,QQQ261009C00585000,118.76,122.52,120.64,1,1,2026-09-11,,,,,,
2026-09-15,QQQ,704.69,2026-09-15T19:10:20.273086744Z,2026-10-09,24,C,590.0,0.837248,QQQ261009C00590000,115.94,119.22,117.58,,,,0.4214,0.9574,0.0012,-0.2025,0.1638,0.3663
2026-09-15,QQQ,704.69,2026-09-15T19:10:17.719360838Z,2026-10-09,24,C,595.0,0.844343,QQQ261009C00595000,108.37,115.34,111.855,1,14,2026-09-11,0.3518,0.9744,0.0009,-0.1396,0.1078,0.3779
2026-09-15,QQQ,704.69,2026-09-15T19:09:39.241418815Z,2026-10-09,24,C,600.0,0.851438,QQQ261009C00600000,105.9,107.94,106.92,2,2,2026-09-11,0.3418,0.9718,0.001,-0.144,0.1168,0.38
2026-09-15,QQQ,704.69,2026-09-15T19:10:15.688716538Z,2026-10-09,24,C,605.0,0.858534,QQQ261009C00605000,101.76,102.08,101.92,10,10,2026-09-11,0.3261,0.9711,0.0011,-0.1424,0.1194,0.3829
2026-09-15,QQQ,704.69,2026-09-15T19:10:13.583124134Z,2026-10-09,24,C,615.0,0.872724,QQQ261009C00615000,90.72,91.32,91.02,1,1,2026-09-11,,,,,,
2026-09-15,QQQ,704.69,2026-09-15T19:10:12.407948348Z,2026-10-09,24,C,625.0,0.886915,QQQ261009C00625000,83.18,83.81,83.495,,,,0.3444,0.924,0.0023,-0.2452,0.2585,0.3732
2026-09-15,QQQ,704.69,2026-09-15T19:10:20.198038003Z,2026-10-09,24,C,630.0,0.89401,QQQ261009C00630000,76,77.64,76.82,3,2,2026-09-11,0.2412,0.9702,0.0016,-0.1254,0.1223,0.399
2026-09-15,QQQ,704.69,2026-09-15T19:10:09.523875015Z,2026-10-09,24,C,635.0,0.901105,QQQ261009C00635000,70.64,74.62,72.63,,,,0.2737,0.9401,0.0024,-0.1848,0.2151,0.3878
2026-09-15,QQQ,704.69,2026-09-15T19:10:12.552422764Z,2026-10-09,24,C,640.0,0.908201,QQQ261009C00640000,66.12,69.74,67.93,7,7,2026-09-11,0.2699,0.9282,0.0028,-0.2008,0.2473,0.3855
2026-09-15,QQQ,704.69,2026-09-15T19:10:12.40768781Z,2026-10-09,24,C,645.0,0.915296,QQQ261009C00645000,64,64.58,64.29,2,1,2026-09-11,0.2984,0.8904,0.0035,-0.27,0.3389,0.3703
2026-09-15,QQQ,704.69,2026-09-15T19:10:18.331640176Z,2026-10-09,24,C,650.0,0.922391,QQQ261009C00650000,57.91,59.02,58.465,21,36,2026-09-11,0.2546,0.9048,0.0037,-0.2232,0.3058,0.3808
2026-09-15,QQQ,704.69,2026-09-15T19:10:09.5236597Z,2026-10-09,24,C,655.0,0.929487,QQQ261009C00655000,52.77,54.37,53.57,2,12,2026-09-11,0.24,0.8963,0.0042,-0.2237,0.3256,0.3801
2026-09-15,QQQ,704.69,2026-09-15T19:10:17.338638597Z,2026-10-09,24,C,660.0,0.936582,QQQ261009C00660000,49.48,49.5,49.49,21,27,2026-09-11,0.247,0.8658,0.0048,-0.2601,0.3908,0.3686
2026-09-15,QQQ,704.69,2026-09-15T19:10:09.5236597Z,2026-10-09,24,C,665.0,0.943677,QQQ261009C00665000,45.75,46.2,45.975,2,12,2026-09-11,0.2615,0.8254,0.0054,-0.3098,0.4651,0.3522
2026-09-15,QQQ,704.69,2026-09-15T19:10:19.767156197Z,2026-10-09,24,C,670.0,0.950773,QQQ261009C00670000,40.55,41.16,40.855,13,13,2026-09-11,0.238,0.8159,0.0062,-0.2947,0.481,0.3512
2026-09-15,QQQ,704.69,2026-09-15T19:10:12.407948348Z,2026-10-09,24,C,678.0,0.962125,QQQ261009C00678000,33.62,34.86,34.24,1,5,2026-09-11,0.2296,0.7669,0.0074,-0.3177,0.5528,0.3329
2026-09-15,QQQ,704.69,2026-09-15T19:10:18.86541244Z,2026-10-09,24,C,682.0,0.967801,QQQ261009C00682000,31.16,31.36,31.26,1,1,2026-09-11,0.2286,0.7361,0.0079,-0.3327,0.5907,0.3205
2026-09-15,QQQ,704.69,2026-09-15T19:10:18.240958947Z,2026-10-09,24,C,688.0,0.976316,QQQ261009C00688000,25.52,25.6,25.56,4,8,2026-09-11,0.2039,0.7032,0.0094,-0.3151,0.6253,0.309
2026-09-15,QQQ,704.69,2026-09-15T19:10:19.324121463Z,2026-10-09,24,C,693.0,0.983411,QQQ261009C00693000,21.83,22.16,21.995,2,1,2026-09-11,0.1998,0.6562,0.0102,-0.3231,0.6649,0.2896
2026-09-15,QQQ,704.69,2026-09-15T19:10:19.818959621Z,2026-10-09,24,C,699.0,0.991926,QQQ261009C00699000,17.66,17.83,17.745,20,13,2026-09-11,0.1908,0.5958,0.0112,-0.3206,0.7,0.2644
2026-09-15,QQQ,704.69,2026-09-15T19:10:20.324985424Z,2026-10-09,24,C,704.0,0.999021,QQQ261009C00704000,14.91,15.03,14.97,10,9,2026-09-11,0.1902,0.5387,0.0116,-0.3228,0.7175,0.2398
2026-09-15,QQQ,704.69,2026-09-15T19:10:20.224014834Z,2026-10-09,24,C,710.0,1.007535,QQQ261009C00710000,11.43,11.54,11.485,334,552,2026-09-11,0.1821,0.4671,0.0121,-0.306,0.7185,0.2089
2026-09-15,QQQ,704.69,2026-09-15T19:10:20.058445402Z,2026-10-09,24,C,715.0,1.014631,QQQ261009C00715000,8.55,8.91,8.73,87,800,2026-09-11,0.1726,0.402,0.0124,-0.2803,0.6991,0.1805
2026-09-15,QQQ,704.69,2026-09-15T19:10:19.644769749Z,2026-10-09,24,C,721.0,1.023145,QQQ261009C00721000,6.16,6.19,6.175,12,774,2026-09-11,0.1655,0.3236,0.012,-0.2472,0.6493,0.1459
2026-09-15,QQQ,704.69,2026-09-15T19:10:19.64146178Z,2026-10-09,24,C,726.0,1.03024,QQQ261009C00726000,4.48,4.59,4.535,30,92,2026-09-11,0.1614,0.262,0.0112,-0.2169,0.5885,0.1184
2026-09-15,QQQ,704.69,2026-09-15T19:10:19.566417942Z,2026-10-09,24,C,732.0,1.038755,QQQ261009C00732000,2.88,2.95,2.915,161,140,2026-09-11,0.1552,0.1919,0.0097,-0.1735,0.4933,0.087
2026-09-15,QQQ,704.69,2026-09-15T19:10:20.266466057Z,2026-10-09,24,C,737.0,1.04585,QQQ261009C00737000,2.02,2.07,2.045,20,74,2026-09-11,0.1535,0.1459,0.0083,-0.1428,0.4135,0.0662
2026-09-15,QQQ,704.69,2026-09-15T19:10:18.69091729Z,2026-10-09,24,C,743.0,1.054364,QQQ261009C00743000,1.23,1.27,1.25,11,163,2026-09-11,0.1503,0.099,0.0064,-0.1058,0.3147,0.045
2026-09-15,QQQ,704.69,2026-09-15T19:10:18.69091729Z,2026-10-09,24,C,748.0,1.06146,QQQ261009C00748000,0.78,0.81,0.795,8,107,2026-09-11,0.1478,0.0685,0.0049,-0.0785,0.2387,0.0312
2026-09-15,QQQ,704.69,2026-09-15T19:10:18.690921607Z,2026-10-09,24,C,753.0,1.068555,QQQ261009C00753000,0.51,0.58,0.545,15,1072,2026-09-11,0.1488,0.0493,0.0038,-0.0607,0.1843,0.0225
2026-09-15,QQQ,704.69,2026-09-15T19:10:18.689699225Z,2026-10-09,24,C,759.0,1.077069,QQQ261009C00759000,0.34,0.37,0.355,2,35,2026-09-11,0.151,0.0335,0.0027,-0.0449,0.1348,0.0153
2026-09-15,QQQ,704.69,2026-09-15T19:10:18.689708677Z,2026-10-09,24,C,765.0,1.085584,QQQ261009C00765000,0.19,0.21,0.2,23,356,2026-09-11,0.1501,0.0203,0.0018,-0.0292,0.0886,0.0093
2026-09-15,QQQ,704.69,2026-09-15T19:10:18.689699225Z,2026-10-09,24,C,770.0,1.092679,QQQ261009C00770000,0.12,0.19,0.155,29,626,2026-09-11,0.1546,0.0158,0.0014,-0.0241,0.0714,0.0072
2026-09-15,QQQ,704.69,2026-09-15T19:10:18.689718929Z,2026-10-09,24,C,775.0,1.099774,QQQ261009C00775000,0.12,0.15,0.135,3,447,2026-09-11,0.1615,0.0134,0.0012,-0.0219,0.0621,0.0061
2026-09-15,QQQ,704.69,2026-09-15T19:10:17.17927961Z,2026-10-09,24,C,780.0,1.10687,QQQ261009C00780000,0.05,0.09,0.07,2,578,2026-09-11,0.1576,0.0076,0.0007,-0.0129,0.0377,0.0035
2026-09-15,QQQ,704.69,2026-09-15T19:10:18.689699225Z,2026-10-09,24,C,785.0,1.113965,QQQ261009C00785000,0.08,0.1,0.09,5,269,2026-09-11,0.1715,0.0088,0.0008,-0.016,0.0431,0.004
2026-09-15,QQQ,704.69,2026-09-15T19:10:20.324985424Z,2026-10-09,24,C,790.0,1.12106,QQQ261009C00790000,0.02,0.09,0.055,5,769,2026-09-11,0.1705,0.0057,0.0005,-0.0108,0.0291,0.0026
2026-09-15,QQQ,704.69,2026-09-15T19:10:18.689699225Z,2026-10-09,24,C,795.0,1.128156,QQQ261009C00795000,0.01,0.04,0.025,103,406,2026-09-11,0.165,0.0028,0.0003,-0.0056,0.0157,0.0013
2026-09-15,QQQ,704.69,2026-09-15T19:10:18.68969359Z,2026-10-09,24,C,800.0,1.135251,QQQ261009C00800000,0.05,0.07,0.06,249,174,2026-09-11,0.1892,0.0056,0.0005,-0.0118,0.0288,0.0025
2026-09-15,QQQ,704.69,2026-09-15T19:10:18.689678624Z,2026-10-09,24,C,810.0,1.149442,QQQ261009C00810000,0.03,0.05,0.04,3,115,2026-09-11,0.1972,0.0037,0.0003,-0.0085,0.02,0.0017
2026-09-15,QQQ,704.69,2026-09-15T19:10:19.749619445Z,2026-10-09,24,C,815.0,1.156537,QQQ261009C00815000,0.01,0.02,0.015,1,56,2026-09-11,0.1871,0.0016,0.0002,-0.0037,0.0092,0.0007
2026-09-15,QQQ,704.69,2026-09-15T19:10:18.689678624Z,2026-10-09,24,C,820.0,1.163632,QQQ261009C00820000,0.03,0.06,0.045,4,138,2026-09-11,0.2155,0.0038,0.0003,-0.0095,0.0205,0.0017
2026-09-15,QQQ,704.69,2026-09-15T19:10:18.689718929Z,2026-10-09,24,C,825.0,1.170728,QQQ261009C00825000,0,0.06,0.03,500,8,2026-09-11,,,,,,
2026-09-15,QQQ,704.69,2026-09-15T19:10:18.689714865Z,2026-10-09,24,C,830.0,1.177823,QQQ261009C00830000,0,0.01,0.005,280,56,2026-09-11,,,,,,
2026-09-15,QQQ,704.69,2026-09-15T19:10:18.689714865Z,2026-10-09,24,C,835.0,1.184918,QQQ261009C00835000,0,0.02,0.01,220,110,2026-09-11,,,,,,
2026-09-15,QQQ,704.69,2026-09-15T19:10:18.689718929Z,2026-10-09,24,C,840.0,1.192014,QQQ261009C00840000,0,0.05,0.025,249,30,2026-09-11,,,,,,
2026-09-15,QQQ,704.69,2026-09-15T19:10:18.689718929Z,2026-10-09,24,C,845.0,1.199109,QQQ261009C00845000,0,0.05,0.025,,,,,,,,,
2026-09-15,QQQ,704.69,2026-09-15T19:10:18.689708677Z,2026-10-09,24,C,850.0,1.206204,QQQ261009C00850000,0,0.01,0.005,5,6,2026-09-11,,,,,,
2026-09-15,QQQ,704.69,2026-09-15T19:10:18.689714865Z,2026-10-09,24,C,860.0,1.220395,QQQ261009C00860000,0,0.01,0.005,140,140,2026-09-11,,,,,,
2026-09-15,QQQ,704.69,2026-09-15T19:10:18.68969359Z,2026-10-09,24,C,870.0,1.234585,QQQ261009C00870000,0,0.01,0.005,,,,,,,,,
2026-09-15,QQQ,704.69,2026-09-15T19:10:18.68968377Z,2026-10-09,24,C,880.0,1.248776,QQQ261009C00880000,0,0.01,0.005,,,,,,,,,
2026-09-15,QQQ,704.69,2026-09-15T19:10:18.689688568Z,2026-10-09,24,C,885.0,1.255871,QQQ261009C00885000,0,0.01,0.005,,,,,,,,,
2026-09-15,QQQ,704.69,2026-09-15T19:10:18.689714865Z,2026-10-09,24,C,890.0,1.262967,QQQ261009C00890000,0,0.01,0.005,,,,,,,,,
2026-09-15,QQQ,704.69,2026-09-15T19:10:18.689703603Z,2026-10-09,24,C,895.0,1.270062,QQQ261009C00895000,0,0.01,0.005,,,,,,,,,
2026-09-15,QQQ,704.69,2026-09-15T19:10:18.689699225Z,2026-10-09,24,C,900.0,1.277157,QQQ261009C00900000,0,0.01,0.005,,,,,,,,,
2026-09-15,QQQ,704.69,2026-09-15T19:10:18.689699225Z,2026-10-09,24,C,905.0,1.284253,QQQ261009C00905000,0,0.05,0.025,,,,,,,,,
2026-09-15,QQQ,704.69,2026-09-15T19:10:18.689703603Z,2026-10-09,24,C,910.0,1.291348,QQQ261009C00910000,0,0.05,0.025,,,,,,,,,
2026-09-15,QQQ,704.69,2026-09-15T19:10:18.689678624Z,2026-10-09,24,C,915.0,1.298443,QQQ261009C00915000,0,0.01,0.005,,,,,,,,,
2026-09-15,QQQ,704.69,2026-09-15T19:10:18.689687963Z,2026-10-09,24,P,495.0,0.702437,QQQ261009P00495000,0.17,0.2,0.185,9,57,2026-09-11,0.5612,-0.0055,0.0002,-0.0327,0.0283,-0.0027
2026-09-15,QQQ,704.69,2026-09-15T19:10:19.113916347Z,2026-10-09,24,P,500.0,0.709532,QQQ261009P00500000,0.18,0.21,0.195,41,167,2026-09-11,0.5502,-0.0059,0.0002,-0.034,0.0301,-0.0028
2026-09-15,QQQ,704.69,2026-09-15T19:10:18.689713417Z,2026-10-09,24,P,505.0,0.716627,QQQ261009P00505000,0.15,0.18,0.165,5,16,2026-09-11,0.5255,-0.0053,0.0002,-0.0295,0.0273,-0.0025
2026-09-15,QQQ,704.69,2026-09-15T19:10:18.689687963Z,2026-10-09,24,P,510.0,0.723722,QQQ261009P00510000,0.17,0.19,0.18,11,85,2026-09-11,0.5168,-0.0058,0.0002,-0.0315,0.0297,-0.0028
2026-09-15,QQQ,704.69,2026-09-15T19:10:18.689708678Z,2026-10-09,24,P,515.0,0.730818,QQQ261009P00515000,0.18,0.25,0.215,45,104,2026-09-11,0.5136,-0.0068,0.0002,-0.0363,0.0345,-0.0033
2026-09-15,QQQ,704.69,2026-09-15T19:10:18.689687963Z,2026-10-09,24,P,520.0,0.737913,QQQ261009P00520000,0.24,0.27,0.255,6,8,2026-09-11,0.5102,-0.008,0.0002,-0.0416,0.0397,-0.0039
2026-09-15,QQQ,704.69,2026-09-15T19:10:18.689693738Z,2026-10-09,24,P,525.0,0.745008,QQQ261009P00525000,0.26,0.29,0.275,7,14,2026-09-11,0.5007,-0.0087,0.0003,-0.044,0.0428,-0.0042
2026-09-15,QQQ,704.69,2026-09-15T19:10:18.689693738Z,2026-10-09,24,P,530.0,0.752104,QQQ261009P00530000,0.28,0.31,0.295,2,11,2026-09-11,0.4909,-0.0095,0.0003,-0.0463,0.046,-0.0046
2026-09-15,QQQ,704.69,2026-09-15T19:10:18.689687963Z,2026-10-09,24,P,535.0,0.759199,QQQ261009P00535000,0.3,0.33,0.315,15,11,2026-09-11,0.4808,-0.0103,0.0003,-0.0485,0.0492,-0.005
2026-09-15,QQQ,704.69,2026-09-15T19:10:18.689697898Z,2026-10-09,24,P,540.0,0.766294,QQQ261009P00540000,0.33,0.35,0.34,2,74,2026-09-11,0.4714,-0.0112,0.0003,-0.0513,0.0531,-0.0054
2026-09-15,QQQ,704.69,2026-09-15T19:10:18.689702924Z,2026-10-09,24,P,545.0,0.77339,QQQ261009P00545000,0.35,0.38,0.365,10,214,2026-09-11,0.4615,-0.0122,0.0004,-0.054,0.0571,-0.0059
2026-09-15,QQQ,704.69,2026-09-15T19:10:18.689713417Z,2026-10-09,24,P,550.0,0.780485,QQQ261009P00550000,0.38,0.41,0.395,2,225,2026-09-11,0.4522,-0.0133,0.0004,-0.0571,0.0617,-0.0064
2026-09-15,QQQ,704.69,2026-09-15T19:10:18.689687963Z,2026-10-09,24,P,560.0,0.794676,QQQ261009P00560000,0.41,0.47,0.44,3,138,2026-09-11,0.4303,-0.0153,0.0005,-0.0614,0.0698,-0.0074
2026-09-15,QQQ,704.69,2026-09-15T19:10:18.689697898Z,2026-10-09,24,P,570.0,0.808866,QQQ261009P00570000,0.48,0.51,0.495,33,134,2026-09-11,0.4088,-0.0179,0.0006,-0.0663,0.0795,-0.0086
2026-09-15,QQQ,704.69,2026-09-15T19:10:18.689713417Z,2026-10-09,24,P,575.0,0.815962,QQQ261009P00575000,0.53,0.55,0.54,16,77,2026-09-11,0.3998,-0.0197,0.0007,-0.0704,0.0864,-0.0095
2026-09-15,QQQ,704.69,2026-09-15T19:10:18.689682977Z,2026-10-09,24,P,580.0,0.823057,QQQ261009P00580000,0.61,0.64,0.625,54,91,2026-09-11,0.3944,-0.0227,0.0008,-0.0783,0.0974,-0.0109
2026-09-15,QQQ,704.69,2026-09-15T19:10:18.689677877Z,2026-10-09,24,P,585.0,0.830152,QQQ261009P00585000,0.67,0.69,0.68,6,492,2026-09-11,0.3851,-0.025,0.0008,-0.0828,0.1056,-0.012
2026-09-15,QQQ,704.69,2026-09-15T19:10:18.689702924Z,2026-10-09,24,P,590.0,0.837248,QQQ261009P00590000,0.73,0.75,0.74,12,150,2026-09-11,0.3757,-0.0275,0.0009,-0.0875,0.1145,-0.0132
2026-09-15,QQQ,704.69,2026-09-15T19:10:18.689687963Z,2026-10-09,24,P,595.0,0.844343,QQQ261009P00595000,0.8,0.82,0.81,5,186,2026-09-11,0.3666,-0.0305,0.001,-0.0928,0.1245,-0.0147
2026-09-15,QQQ,704.69,2026-09-15T19:10:18.689677877Z,2026-10-09,24,P,600.0,0.851438,QQQ261009P00600000,0.87,0.89,0.88,12,265,2026-09-11,0.3569,-0.0336,0.0012,-0.0977,0.1349,-0.0161
2026-09-15,QQQ,704.69,2026-09-15T19:10:18.690915798Z,2026-10-09,24,P,605.0,0.858534,QQQ261009P00605000,0.96,0.98,0.97,8,157,2026-09-11,0.348,-0.0374,0.0013,-0.1039,0.1473,-0.0179
2026-09-15,QQQ,704.69,2026-09-15T19:10:20.074850708Z,2026-10-09,24,P,615.0,0.872724,QQQ261009P00615000,1.18,1.19,1.185,1,195,2026-09-11,0.3304,-0.0465,0.0016,-0.1175,0.176,-0.0223
2026-09-15,QQQ,704.69,2026-09-15T19:10:20.28116342Z,2026-10-09,24,P,625.0,0.886915,QQQ261009P00625000,1.46,1.48,1.47,7,207,2026-09-11,0.3132,-0.0587,0.0021,-0.1335,0.2116,-0.0282
2026-09-15,QQQ,704.69,2026-09-15T19:10:20.058812375Z,2026-10-09,24,P,630.0,0.89401,QQQ261009P00630000,1.6,1.66,1.63,8,378,2026-09-11,0.3041,-0.0658,0.0023,-0.1414,0.2312,-0.0315
2026-09-15,QQQ,704.69,2026-09-15T19:10:18.690906505Z,2026-10-09,24,P,635.0,0.901105,QQQ261009P00635000,1.84,1.87,1.855,2,317,2026-09-11,0.2967,-0.0749,0.0026,-0.1523,0.2556,-0.0359
2026-09-15,QQQ,704.69,2026-09-15T19:10:18.690921241Z,2026-10-09,24,P,640.0,0.908201,QQQ261009P00640000,2.04,2.12,2.08,207,1155,2026-09-11,0.2881,-0.0846,0.003,-0.1617,0.2802,-0.0406
2026-09-15,QQQ,704.69,2026-09-15T19:10:20.095119126Z,2026-10-09,24,P,645.0,0.915296,QQQ261009P00645000,2.37,2.41,2.39,19,877,2026-09-11,0.2812,-0.097,0.0034,-0.1742,0.3101,-0.0465
2026-09-15,QQQ,704.69,2026-09-15T19:10:20.27374068Z,2026-10-09,24,P,650.0,0.922391,QQQ261009P00650000,2.63,2.66,2.645,61,1536,2026-09-11,0.2712,-0.1088,0.0038,-0.1821,0.3371,-0.0521
2026-09-15,QQQ,704.69,2026-09-15T19:10:19.752861788Z,2026-10-09,24,P,655.0,0.929487,QQQ261009P00655000,3.08,3.13,3.105,91,268,2026-09-11,0.2657,-0.1262,0.0043,-0.1975,0.3744,-0.0605
2026-09-15,QQQ,704.69,2026-09-15T19:10:20.265896914Z,2026-10-09,24,P,660.0,0.936582,QQQ261009P00660000,3.52,3.57,3.545,159,921,2026-09-11,0.2578,-0.144,0.0049,-0.2091,0.41,-0.0691
2026-09-15,QQQ,704.69,2026-09-15T19:10:20.261787099Z,2026-10-09,24,P,665.0,0.943677,QQQ261009P00665000,4.03,4.09,4.06,342,1284,2026-09-11,0.25,-0.1646,0.0055,-0.2207,0.4479,-0.0789
2026-09-15,QQQ,704.69,2026-09-15T19:10:20.262769482Z,2026-10-09,24,P,670.0,0.950773,QQQ261009P00670000,4.6,4.71,4.655,101,1700,2026-09-11,0.2422,-0.1882,0.0062,-0.2315,0.4874,-0.0902
2026-09-15,QQQ,704.69,2026-09-15T19:10:20.070440372Z,2026-10-09,24,P,678.0,0.962125,QQQ261009P00678000,5.94,6.02,5.98,20,69,2026-09-11,0.2325,-0.2358,0.0073,-0.2514,0.5564,-0.1132
2026-09-15,QQQ,704.69,2026-09-15T19:10:20.845425938Z,2026-10-09,24,P,682.0,0.967801,QQQ261009P00682000,6.46,6.66,6.56,11,79,2026-09-11,0.2241,-0.2603,0.008,-0.2538,0.5865,-0.1249
2026-09-15,QQQ,704.69,2026-09-15T19:10:20.799441091Z,2026-10-09,24,P,688.0,0.976316,QQQ261009P00688000,7.74,8.07,7.905,27,81,2026-09-11,0.2165,-0.3067,0.009,-0.2625,0.6345,-0.1473
2026-09-15,QQQ,704.69,2026-09-15T19:10:20.836670015Z,2026-10-09,24,P,693.0,0.983411,QQQ261009P00693000,9.19,9.29,9.24,3,45,2026-09-11,0.2103,-0.3504,0.0098,-0.2664,0.6696,-0.1685
2026-09-15,QQQ,704.69,2026-09-15T19:10:20.064546116Z,2026-10-09,24,P,699.0,0.991926,QQQ261009P00699000,10.73,10.97,10.85,13,107,2026-09-11,0.199,-0.4075,0.0108,-0.2595,0.7014,-0.1959
2026-09-15,QQQ,704.69,2026-09-15T19:10:20.573998008Z,2026-10-09,24,P,704.0,0.999021,QQQ261009P00704000,12.85,13,12.925,39,164,2026-09-11,0.1963,-0.4622,0.0112,-0.2579,0.7176,-0.2226
2026-09-15,QQQ,704.69,2026-09-15T19:10:19.642177502Z,2026-10-09,24,P,710.0,1.007535,QQQ261009P00710000,15.54,15.67,15.605,176,1419,2026-09-11,0.1907,-0.5308,0.0115,-0.2445,0.7187,-0.2562
2026-09-15,QQQ,704.69,2026-09-15T19:10:19.6802785Z,2026-10-09,24,P,715.0,1.014631,QQQ261009P00715000,18.09,18.26,18.175,43,808,2026-09-11,0.1862,-0.5899,0.0116,-0.2268,0.7025,-0.2853
2026-09-15,QQQ,704.69,2026-09-15T19:10:21.462424405Z,2026-10-09,24,P,721.0,1.023145,QQQ261009P00721000,21.24,21.5,21.37,10,55,2026-09-11,0.1765,-0.6653,0.0114,-0.1903,0.6581,-0.3223
2026-09-15,QQQ,704.69,2026-09-15T19:10:12.673873501Z,2026-10-09,24,P,726.0,1.03024,QQQ261009P00726000,24.45,25.57,25.01,197,23,2026-09-11,0.1782,-0.7169,0.0105,-0.1712,0.6115,-0.3486
2026-09-15,QQQ,704.69,2026-09-15T19:10:12.674615407Z,2026-10-09,24,P,732.0,1.038755,QQQ261009P00732000,27.85,29.31,28.58,2,5,2026-09-11,0.1595,-0.8016,0.0097,-0.1047,0.5034,-0.3902
2026-09-15,QQQ,704.69,2026-09-15T19:10:12.674484922Z,2026-10-09,24,P,737.0,1.04585,QQQ261009P00737000,33.07,33.74,33.405,1,3,2026-09-11,0.1742,-0.8224,0.0083,-0.1061,0.4702,-0.403
2026-09-15,QQQ,704.69,2026-09-15T19:10:12.674104859Z,2026-10-09,24,P,743.0,1.054364,QQQ261009P00743000,38.29,38.86,38.575,20,26,2026-09-11,0.1755,-0.8637,0.0069,-0.0762,0.3948,-0.4256
2026-09-15,QQQ,704.69,2026-09-15T19:10:10.282889187Z,2026-10-09,24,P,748.0,1.06146,QQQ261009P00748000,42.59,46.55,44.57,20,20,2026-09-11,0.216,-0.8421,0.0062,-0.129,0.4358,-0.4195
2026-09-15,QQQ,704.69,2026-09-15T19:09:39.247065069Z,2026-10-09,24,P,753.0,1.068555,QQQ261009P00753000,46.33,50.36,48.345,,,,0.2008,-0.8874,0.0053,-0.0736,0.3456,-0.443
2026-09-15,QQQ,704.69,2026-09-15T19:09:39.24071534Z,2026-10-09,24,P,759.0,1.077069,QQQ261009P00759000,53.88,56.94,55.41,,,,0.2481,-0.8633,0.0049,-0.1347,0.3957,-0.4364
2026-09-15,QQQ,704.69,2026-09-15T19:09:36.775593678Z,2026-10-09,24,P,765.0,1.085584,QQQ261009P00765000,59.56,62.82,61.19,2,1,2026-09-11,0.2611,-0.876,0.0043,-0.1297,0.3698,-0.4462
2026-09-15,QQQ,704.69,2026-09-15T19:10:20.413599706Z,2026-10-09,24,P,770.0,1.092679,QQQ261009P00770000,63.6,67.49,65.545,,,,0.2572,-0.8984,0.0038,-0.0984,0.3209,-0.4594
2026-09-15,QQQ,704.69,2026-09-15T19:09:55.821402398Z,2026-10-09,24,P,775.0,1.099774,QQQ261009P00775000,68.47,71.63,70.05,,,,0.2547,-0.9169,0.0033,-0.0713,0.2765,-0.4709
2026-09-15,QQQ,704.69,2026-09-15T19:10:00.952298819Z,2026-10-09,24,P,780.0,1.10687,QQQ261009P00780000,75.01,76.76,75.885,2,,,0.2965,-0.8969,0.0033,-0.1257,0.3242,-0.4655
2026-09-15,QQQ,704.69,2026-09-15T19:10:16.634360237Z,2026-10-09,24,P,785.0,1.113965,QQQ261009P00785000,77.75,83.78,80.765,2,,,0.3068,-0.9033,0.0031,-0.1222,0.3095,-0.4716
2026-09-15,QQQ,704.69,2026-09-15T19:10:07.676465693Z,2026-10-09,24,P,790.0,1.12106,QQQ261009P00790000,83.78,88.02,85.9,,,,0.325,-0.903,0.0029,-0.1338,0.31,-0.4749
2026-09-15,QQQ,704.69,2026-09-15T19:10:02.206458791Z,2026-10-09,24,P,795.0,1.128156,QQQ261009P00795000,89.68,90.58,90.13,,,,0.3112,-0.925,0.0025,-0.0878,0.2559,-0.4879
2026-09-15,QQQ,704.69,2026-09-15T19:08:52.873251707Z,2026-10-09,24,P,800.0,1.135251,QQQ261009P00800000,92.64,98.93,95.785,,,,0.3484,-0.911,0.0026,-0.1335,0.291,-0.4851
2026-09-15,QQQ,704.69,2026-09-15T19:10:03.702897188Z,2026-10-09,24,P,810.0,1.149442,QQQ261009P00810000,103.11,106.68,104.895,,,,0.3395,-0.9366,0.002,-0.0783,0.2247,-0.503
2026-09-15,QQQ,704.69,2026-09-15T19:08:37.879333408Z,2026-10-09,24,P,815.0,1.156537,QQQ261009P00815000,108.66,114.19,111.425,,,,0.4097,-0.9045,0.0023,-0.1828,0.3066,-0.4924
2026-09-15,QQQ,704.69,2026-09-15T19:08:45.580221896Z,2026-10-09,24,P,820.0,1.163632,QQQ261009P00820000,113.29,116.13,114.71,,,,0.3552,-0.9441,0.0018,-0.0685,0.2036,-0.5129
2026-09-15,QQQ,704.69,2026-09-15T19:10:14.047518641Z,2026-10-09,24,P,825.0,1.170728,QQQ261009P00825000,116.4,120.53,118.465,,,,0.272,-0.9857,0.0007,0.0484,0.0658,-0.5346
2026-09-15,QQQ,704.69,2026-09-15T19:10:19.054253493Z,2026-10-09,24,P,830.0,1.177823,QQQ261009P00830000,125.81,127.59,126.7,,,,0.4579,-0.9055,0.002,-0.2097,0.3042,-0.5029
2026-09-15,QQQ,704.69,2026-09-15T19:07:04.831289375Z,2026-10-09,24,P,835.0,1.184918,QQQ261009P00835000,128.33,131.6,129.965,,,,0.4032,-0.9412,0.0016,-0.0944,0.2119,-0.5216
2026-09-15,QQQ,704.69,2026-09-15T19:09:49.073393979Z,2026-10-09,24,P,840.0,1.192014,QQQ261009P00840000,131.93,134.93,133.43,,,,0.2993,-0.9867,0.0006,0.0488,0.0617,-0.5449
2026-09-15,QQQ,704.69,2026-09-15T19:09:20.679738981Z,2026-10-09,24,P,845.0,1.199109,QQQ261009P00845000,136.17,144.81,140.49,,,,0.4503,-0.9323,0.0016,-0.1379,0.2365,-0.5244
2026-09-15,QQQ,704.69,2026-09-15T19:10:21.390517601Z,2026-10-09,24,P,850.0,1.206204,QQQ261009P00850000,143.66,146.97,145.315,,,,0.4545,-0.9368,0.0015,-0.1273,0.2241,-0.5296
2026-09-15,QQQ,704.69,2026-09-15T19:09:51.08669665Z,2026-10-09,24,P,860.0,1.220395,QQQ261009P00860000,152.1,158.68,155.39,,,,0.481,-0.9373,0.0014,-0.1373,0.2228,-0.5365
2026-09-15,QQQ,704.69,2026-09-15T19:10:10.680924655Z,2026-10-09,24,P,870.0,1.234585,QQQ261009P00870000,166.6,168.9,167.75,,,,0.5926,-0.9022,0.0016,-0.3005,0.312,-0.5283
2026-09-15,QQQ,704.69,2026-09-15T19:09:55.814500879Z,2026-10-09,24,P,880.0,1.248776,QQQ261009P00880000,174.35,174.6,174.475,,,,0.4773,-0.9585,0.001,-0.0701,0.1605,-0.5588
2026-09-15,QQQ,704.69,2026-09-15T19:10:06.564665476Z,2026-10-09,24,P,885.0,1.255871,QQQ261009P00885000,175.7,181.78,178.74,,,,0.4313,-0.9763,0.0007,0.0004,0.1012,-0.5699
2026-09-15,QQQ,704.69,2026-09-15T19:10:11.337362083Z,2026-10-09,24,P,890.0,1.262967,QQQ261009P00890000,185.51,190.28,187.895,,,,0.6454,-0.9053,0.0014,-0.3226,0.3046,-0.5431
2026-09-15,QQQ,704.69,2026-09-15T19:09:34.714712457Z,2026-10-09,24,P,895.0,1.270062,QQQ261009P00895000,185.11,195.58,190.345,,,,0.557,-0.9435,0.0011,-0.1483,0.2054,-0.5623
2026-09-15,QQQ,704.69,2026-09-15T19:10:20.823318216Z,2026-10-09,24,P,900.0,1.277157,QQQ261009P00900000,196.5,200.79,198.645,,,,0.693,-0.8986,0.0014,-0.375,0.3204,-0.547
2026-09-15,QQQ,704.69,2026-09-15T19:10:17.990824303Z,2026-10-09,24,P,905.0,1.284253,QQQ261009P00905000,194.66,205.33,199.995,,,,0.5603,-0.9507,0.001,-0.1235,0.1843,-0.572
2026-09-15,QQQ,704.69,2026-09-15T19:10:06.281118483Z,2026-10-09,24,P,910.0,1.291348,QQQ261009P00910000,201.35,210.79,206.07,,,,0.6226,-0.9339,0.0011,-0.2099,0.232,-0.5683
2026-09-15,QQQ,704.69,2026-09-15T19:09:33.927462732Z,2026-10-09,24,P,915.0,1.298443,QQQ261009P00915000,210.56,213.01,211.785,,,,0.6628,-0.9246,0.0012,-0.2636,0.2568,-0.5677
2026-09-15,QQQ,704.69,2026-09-15T19:09:30.029560701Z,2026-10-16,31,C,495.0,0.702437,QQQ261016C00495000,211.77,212.52,212.145,6,62,2026-09-11,0.6029,0.9829,0.0003,-0.1355,0.0872,0.4081
2026-09-15,QQQ,704.69,2026-09-15T19:10:00.695633092Z,2026-10-16,31,C,500.0,0.709532,QQQ261016C00500000,206.49,210.29,208.39,3,113,2026-09-11,0.6892,0.966,0.0005,-0.222,0.1549,0.4012
2026-09-15,QQQ,704.69,2026-09-15T19:07:30.216230361Z,2026-10-16,31,C,505.0,0.716627,QQQ261016C00505000,198.02,205.3,201.66,5,8,2026-09-11,0.4969,0.9917,0.0002,-0.0897,0.0464,0.4223
2026-09-15,QQQ,704.69,2026-09-15T19:10:13.965776966Z,2026-10-16,31,C,510.0,0.723722,QQQ261016C00510000,192.22,199.89,196.055,8,13,2026-09-11,,,,,,
2026-09-15,QQQ,704.69,2026-09-15T19:10:09.049120607Z,2026-10-16,31,C,515.0,0.730818,QQQ261016C00515000,190.18,195.95,193.065,1,22,2026-09-11,0.6153,0.9683,0.0006,-0.1967,0.1461,0.4156
2026-09-15,QQQ,704.69,2026-09-15T19:09:09.399304917Z,2026-10-16,31,C,520.0,0.737913,QQQ261016C00520000,187.02,190.82,188.92,22,50,2026-09-11,0.6493,0.9571,0.0007,-0.2473,0.1872,0.4124
2026-09-15,QQQ,704.69,2026-09-15T19:09:11.783720033Z,2026-10-16,31,C,525.0,0.745008,QQQ261016C00525000,180.03,183.82,181.925,1,62,2026-09-11,0.4781,0.9863,0.0004,-0.1096,0.0719,0.4358
2026-09-15,QQQ,704.69,2026-09-15T19:07:49.623553349Z,2026-10-16,31,C,530.0,0.752104,QQQ261016C00530000,171.34,175.19,173.265,2,41,2026-09-11,,,,,,
2026-09-15,QQQ,704.69,2026-09-15T19:08:35.143387549Z,2026-10-16,31,C,535.0,0.759199,QQQ261016C00535000,171.35,172.25,171.8,2,76,2026-09-11,0.4277,0.9892,0.0003,-0.0957,0.0583,0.4462
2026-09-15,QQQ,704.69,2026-09-15T19:10:12.53479268Z,2026-10-16,31,C,540.0,0.766294,QQQ261016C00540000,161.31,168.59,164.95,1,183,2026-09-11,,,,,,
2026-09-15,QQQ,704.69,2026-09-15T19:09:39.244518622Z,2026-10-16,31,C,545.0,0.77339,QQQ261016C00545000,161.5,166.52,164.01,2,28,2026-09-11,0.567,0.9513,0.0009,-0.2431,0.2074,0.4301
2026-09-15,QQQ,704.69,2026-09-15T19:09:53.7410904Z,2026-10-16,31,C,550.0,0.780485,QQQ261016C00550000,154.71,156.47,155.59,1,145,2026-09-11,,,,,,
2026-09-15,QQQ,704.69,2026-09-15T19:10:19.286091842Z,2026-10-16,31,C,560.0,0.794676,QQQ261016C00560000,143.88,147.06,145.47,40,72,2026-09-11,,,,,,
2026-09-15,QQQ,704.69,2026-09-15T19:09:53.741059182Z,2026-10-16,31,C,570.0,0.808866,QQQ261016C00570000,134.11,136.73,135.42,12,76,2026-09-11,,,,,,
2026-09-15,QQQ,704.69,2026-09-15T19:09:18.247347301Z,2026-10-16,31,C,575.0,0.815962,QQQ261016C00575000,128.6,131.86,130.23,1,43,2026-09-11,,,,,,
2026-09-15,QQQ,704.69,2026-09-15T19:09:39.832561724Z,2026-10-16,31,C,580.0,0.823057,QQQ261016C00580000,125.25,128.96,127.105,1,371,2026-09-11,0.3354,0.981,0.0007,-0.1111,0.0952,0.4792
2026-09-15,QQQ,704.69,2026-09-15T19:10:14.322272648Z,2026-10-16,31,C,585.0,0.830152,QQQ261016C00585000,121.57,121.96,121.765,1,95,2026-09-11,0.2708,0.9927,0.0004,-0.0793,0.0417,0.4907
2026-09-15,QQQ,704.69,2026-09-15T19:10:13.425076819Z,2026-10-16,31,C,590.0,0.837248,QQQ261016C00590000,117.41,117.62,117.515,4,287,2026-09-11,0.3414,0.9692,0.001,-0.1384,0.143,0.4803
2026-09-15,QQQ,704.69,2026-09-15T19:09:11.834656238Z,2026-10-16,31,C,595.0,0.844343,QQQ261016C00595000,110.83,112.91,111.87,46,191,2026-09-11,0.263,0.9889,0.0005,-0.0871,0.0597,0.4969
2026-09-15,QQQ,704.69,2026-09-15T19:10:20.142360264Z,2026-10-16,31,C,600.0,0.851438,QQQ261016C00600000,107.01,111.19,109.1,3,628,2026-09-11,0.389,0.9338,0.0016,-0.2237,0.2642,0.4662
2026-09-15,QQQ,704.69,2026-09-15T19:10:20.159806581Z,2026-10-16,31,C,605.0,0.858534,QQQ261016C00605000,99.19,101.2,100.195,10,368,2026-09-11,,,,,,
2026-09-15,QQQ,704.69,2026-09-15T19:10:13.074575587Z,2026-10-16,31,C,615.0,0.872724,QQQ261016C00615000,91.49,94.18,92.835,1,531,2026-09-11,0.2881,0.9557,0.0016,-0.1507,0.1923,0.4932
2026-09-15,QQQ,704.69,2026-09-15T19:10:17.213167112Z,2026-10-16,31,C,625.0,0.886915,QQQ261016C00625000,82.1,85.28,83.69,2,1811,2026-09-11,0.2949,0.9303,0.0022,-0.1912,0.2749,0.4857
2026-09-15,QQQ,704.69,2026-09-15T19:10:12.408381069Z,2026-10-16,31,C,630.0,0.89401,QQQ261016C00630000,77.87,78.43,78.15,1,779,2026-09-11,0.2588,0.9414,0.0022,-0.1621,0.2401,0.4971
2026-09-15,QQQ,704.69,2026-09-15T19:10:12.407689363Z,2026-10-16,31,C,635.0,0.901105,QQQ261016C00635000,73.5,75.33,74.415,19,272,2026-09-11,0.2869,0.9077,0.0028,-0.217,0.3398,0.4801
2026-09-15,QQQ,704.69,2026-09-15T19:10:20.100079067Z,2026-10-16,31,C,640.0,0.908201,QQQ261016C00640000,68.9,70.65,69.775,28,339,2026-09-11,0.2807,0.8959,0.0031,-0.2274,0.3712,0.4769
2026-09-15,QQQ,704.69,2026-09-15T19:10:12.408095322Z,2026-10-16,31,C,645.0,0.915296,QQQ261016C00645000,64.989,65.72,65.3545,1,321,2026-09-11,0.2787,0.8792,0.0035,-0.2441,0.4128,0.4707
2026-09-15,QQQ,704.69,2026-09-15T19:10:14.191971868Z,2026-10-16,31,C,650.0,0.922391,QQQ261016C00650000,59.75,61.6,60.675,87,1585,2026-09-11,0.269,0.8669,0.0039,-0.2497,0.4416,0.4673
2026-09-15,QQQ,704.69,2026-09-15T19:10:12.408381069Z,2026-10-16,31,C,656.0,0.930906,QQQ261016C00656000,53.55,54.18,53.865,1,35,2026-09-11,0.2298,0.8754,0.0044,-0.2158,0.4219,0.4782
2026-09-15,QQQ,704.69,2026-09-15T19:10:17.192571428Z,2026-10-16,31,C,660.0,0.936582,QQQ261016C00660000,50.8,51.25,51.025,81,1047,2026-09-11,0.2413,0.8447,0.0048,-0.2482,0.4901,0.4622
2026-09-15,QQQ,704.69,2026-09-15T19:10:19.76874345Z,2026-10-16,31,C,667.0,0.946515,QQQ261016C00667000,45.13,45.34,45.235,1,33,2026-09-11,0.2385,0.8087,0.0056,-0.2707,0.5596,0.4456
2026-09-15,QQQ,704.69,2026-09-15T19:10:12.408381069Z,2026-10-16,31,C,671.0,0.952192,QQQ261016C00671000,41.79,42.21,42.0,6,27,2026-09-11,0.2362,0.7865,0.006,-0.2818,0.5977,0.4351
2026-09-15,QQQ,704.69,2026-09-15T19:10:12.408621608Z,2026-10-16,31,C,678.0,0.962125,QQQ261016C00678000,35.42,36.76,36.09,1,62,2026-09-11,0.2251,0.7492,0.0069,-0.2893,0.6538,0.4178
2026-09-15,QQQ,704.69,2026-09-15T19:10:19.143516638Z,2026-10-16,31,C,682.0,0.967801,QQQ261016C00682000,32.83,33.02,32.925,1,42,2026-09-11,0.2204,0.7235,0.0074,-0.2946,0.6871,0.4051
2026-09-15,QQQ,704.69,2026-09-15T19:10:19.143531648Z,2026-10-16,31,C,688.0,0.976316,QQQ261016C00688000,27.72,28.02,27.87,1,95,2026-09-11,0.2067,0.6855,0.0084,-0.2911,0.7291,0.3866
2026-09-15,QQQ,704.69,2026-09-15T19:10:20.111000126Z,2026-10-16,31,C,693.0,0.983411,QQQ261016C00693000,24.26,24.33,24.295,206,110,2026-09-11,0.2018,0.6444,0.009,-0.2944,0.7651,0.365
2026-09-15,QQQ,704.69,2026-09-15T19:10:20.060174193Z,2026-10-16,31,C,699.0,0.991926,QQQ261016C00699000,19.99,20.42,20.205,271,80,2026-09-11,0.195,0.5907,0.0097,-0.2929,0.7981,0.3364
2026-09-15,QQQ,704.69,2026-09-15T19:10:20.210011375Z,2026-10-16,31,C,704.0,0.999021,QQQ261016C00704000,17.1,17.23,17.165,477,178,2026-09-11,0.191,0.5418,0.0101,-0.2895,0.8148,0.3097
2026-09-15,QQQ,704.69,2026-09-15T19:10:19.231907483Z,2026-10-16,31,C,710.0,1.007535,QQQ261016C00710000,13.6,13.64,13.62,5621,4682,2026-09-11,0.1834,0.4793,0.0106,-0.2763,0.8182,0.2753
2026-09-15,QQQ,704.69,2026-09-15T19:10:19.110979503Z,2026-10-16,31,C,715.0,1.014631,QQQ261016C00715000,10.72,10.73,10.725,1170,6555,2026-09-11,0.1742,0.4225,0.0109,-0.2561,0.8038,0.2438
2026-09-15,QQQ,704.69,2026-09-15T19:10:20.058524896Z,2026-10-16,31,C,721.0,1.023145,QQQ261016C00721000,8.01,8.02,8.015,1899,2480,2026-09-11,0.1678,0.3535,0.0108,-0.2321,0.7635,0.2048
2026-09-15,QQQ,704.69,2026-09-15T19:10:18.691128124Z,2026-10-16,31,C,726.0,1.03024,QQQ261016C00726000,6.08,6.14,6.11,486,960,2026-09-11,0.1628,0.2965,0.0103,-0.2079,0.7102,0.1723
2026-09-15,QQQ,704.69,2026-09-15T19:10:18.691167227Z,2026-10-16,31,C,732.0,1.038755,QQQ261016C00732000,4.32,4.34,4.33,214,869,2026-09-11,0.1585,0.2331,0.0094,-0.1775,0.6283,0.1359
2026-09-15,QQQ,704.69,2026-09-15T19:10:18.691162538Z,2026-10-16,31,C,737.0,1.04585,QQQ261016C00737000,3.21,3.24,3.225,73,523,2026-09-11,0.1564,0.1872,0.0084,-0.1528,0.5522,0.1093
2026-09-15,QQQ,704.69,2026-09-15T19:10:18.690966728Z,2026-10-16,31,C,743.0,1.054364,QQQ261016C00743000,2.19,2.21,2.2,73,1138,2026-09-11,0.154,0.1394,0.007,-0.1233,0.4557,0.0815
2026-09-15,QQQ,704.69,2026-09-15T19:10:18.690957247Z,2026-10-16,31,C,748.0,1.06146,QQQ261016C00748000,1.5,1.52,1.51,146,967,2026-09-11,0.1509,0.104,0.0058,-0.0978,0.3708,0.061
2026-09-15,QQQ,704.69,2026-09-15T19:10:18.219586952Z,2026-10-16,31,C,755.0,1.071393,QQQ261016C00755000,0.96,0.97,0.965,10596,7962,2026-09-11,0.1513,0.0712,0.0044,-0.0734,0.2794,0.0418
2026-09-15,QQQ,704.69,2026-09-15T19:10:18.690957247Z,2026-10-16,31,C,760.0,1.078488,QQQ261016C00760000,0.68,0.69,0.685,1551,7598,2026-09-11,0.1514,0.0531,0.0035,-0.0581,0.2222,0.0312
2026-09-15,QQQ,704.69,2026-09-15T19:10:18.690976757Z,2026-10-16,31,C,765.0,1.085584,QQQ261016C00765000,0.44,0.5,0.47,187,7015,2026-09-11,0.1509,0.0384,0.0027,-0.0445,0.1712,0.0226
2026-09-15,QQQ,704.69,2026-09-15T19:10:18.689779535Z,2026-10-16,31,C,770.0,1.092679,QQQ261016C00770000,0.35,0.37,0.36,346,23002,2026-09-11,0.1537,0.0299,0.0022,-0.0368,0.1394,0.0176
2026-09-15,QQQ,704.69,2026-09-15T19:10:18.689734455Z,2026-10-16,31,C,775.0,1.099774,QQQ261016C00775000,0.26,0.28,0.27,101,6178,2026-09-11,0.156,0.0229,0.0017,-0.0297,0.1116,0.0135
2026-09-15,QQQ,704.69,2026-09-15T19:10:18.296690933Z,2026-10-16,31,C,780.0,1.10687,QQQ261016C00780000,0.2,0.21,0.205,1942,5767,2026-09-11,0.1584,0.0177,0.0013,-0.0242,0.0896,0.0104
2026-09-15,QQQ,704.69,2026-09-15T19:10:18.689769318Z,2026-10-16,31,C,785.0,1.113965,QQQ261016C00785000,0.15,0.18,0.165,35,3323,2026-09-11,0.1622,0.0143,0.0011,-0.0205,0.0745,0.0084
2026-09-15,QQQ,704.69,2026-09-15T19:10:19.749553357Z,2026-10-16,31,C,790.0,1.12106,QQQ261016C00790000,0.12,0.15,0.135,8,3558,2026-09-11,0.1661,0.0117,0.0009,-0.0176,0.0626,0.0069
2026-09-15,QQQ,704.69,2026-09-15T19:10:18.689734455Z,2026-10-16,31,C,795.0,1.128156,QQQ261016C00795000,0.05,0.08,0.065,25,4111,2026-09-11,0.1596,0.0062,0.0005,-0.0097,0.0361,0.0037
2026-09-15,QQQ,704.69,2026-09-15T19:10:18.689793934Z,2026-10-16,31,C,800.0,1.135251,QQQ261016C00800000,0.09,0.1,0.095,491,30188,2026-09-11,0.1745,0.0081,0.0006,-0.0134,0.0456,0.0048
2026-09-15,QQQ,704.69,2026-09-15T19:10:20.325492126Z,2026-10-16,31,C,810.0,1.149442,QQQ261016C00810000,0.05,0.08,0.065,147,1834,2026-09-11,0.1818,0.0055,0.0004,-0.0099,0.0325,0.0033
2026-09-15,QQQ,704.69,2026-09-15T19:10:18.689728781Z,2026-10-16,31,C,815.0,1.156537,QQQ261016C00815000,0.01,0.07,0.04,2,1716,2026-09-11,0.1796,0.0036,0.0003,-0.0067,0.0221,0.0021
2026-09-15,QQQ,704.69,2026-09-15T19:10:18.689763876Z,2026-10-16,31,C,820.0,1.163632,QQQ261016C00820000,0.01,0.07,0.04,1,3794,2026-09-11,0.1865,0.0035,0.0003,-0.0067,0.0214,0.002
2026-09-15,QQQ,704.69,2026-09-15T19:10:17.171461071Z,2026-10-16,31,C,825.0,1.170728,QQQ261016C00825000,0.01,0.06,0.035,31,7418,2026-09-11,0.1908,0.003,0.0002,-0.006,0.0188,0.0018
2026-09-15,QQQ,704.69,2026-09-15T19:10:18.689789377Z,2026-10-16,31,C,830.0,1.177823,QQQ261016C00830000,0.03,0.06,0.045,3,2366,2026-09-11,0.2024,0.0036,0.0003,-0.0075,0.0221,0.0021
2026-09-15,QQQ,704.69,2026-09-15T19:10:18.689744041Z,2026-10-16,31,C,835.0,1.184918,QQQ261016C00835000,0.01,0.03,0.02,1,1901,2026-09-11,0.1938,0.0018,0.0001,-0.0038,0.0116,0.001
2026-09-15,QQQ,704.69,2026-09-15T19:10:18.689819399Z,2026-10-16,31,C,840.0,1.192014,QQQ261016C00840000,0.01,0.06,0.035,2,3311,2026-09-11,0.2106,0.0027,0.0002,-0.0061,0.0174,0.0016
2026-09-15,QQQ,704.69,2026-09-15T19:10:18.689799248Z,2026-10-16,31,C,845.0,1.199109,QQQ261016C00845000,0,0.01,0.005,2,1620,2026-09-11,,,,,,
2026-09-15,QQQ,704.69,2026-09-15T19:10:17.195007231Z,2026-10-16,31,C,850.0,1.206204,QQQ261016C00850000,0,0.06,0.03,3,6989,2026-09-11,,,,,,
2026-09-15,QQQ,704.69,2026-09-15T19:10:17.171536232Z,2026-10-16,31,C,855.0,1.213299,QQQ261016C00855000,0,0.05,0.025,2,614,2026-09-11,,,,,,
2026-09-15,QQQ,704.69,2026-09-15T19:10:18.689723753Z,2026-10-16,31,C,860.0,1.220395,QQQ261016C00860000,0,0.05,0.025,21,859,2026-09-11,,,,,,
2026-09-15,QQQ,704.69,2026-09-15T19:10:18.689769318Z,2026-10-16,31,C,870.0,1.234585,QQQ261016C00870000,0,0.01,0.005,1,325,2026-09-11,,,,,,
2026-09-15,QQQ,704.69,2026-09-15T19:10:18.689799248Z,2026-10-16,31,C,875.0,1.241681,QQQ261016C00875000,0.01,0.03,0.02,2,272,2026-09-11,0.2425,0.0014,0.0001,-0.0039,0.0096,0.0008
2026-09-15,QQQ,704.69,2026-09-15T19:10:18.689819399Z,2026-10-16,31,C,880.0,1.248776,QQQ261016C00880000,0,0.01,0.005,10,1448,2026-09-11,,,,,,
2026-09-15,QQQ,704.69,2026-09-15T19:10:18.689808981Z,2026-10-16,31,C,885.0,1.255871,QQQ261016C00885000,0,0.05,0.025,1,3337,2026-09-11,,,,,,
2026-09-15,QQQ,704.69,2026-09-15T19:10:18.689749113Z,2026-10-16,31,C,890.0,1.262967,QQQ261016C00890000,0,0.01,0.005,2,331,2026-09-11,,,,,,
2026-09-15,QQQ,704.69,2026-09-15T19:10:18.689775386Z,2026-10-16,31,C,895.0,1.270062,QQQ261016C00895000,0,0.05,0.025,34,466,2026-09-11,,,,,,
2026-09-15,QQQ,704.69,2026-09-15T19:10:18.689753879Z,2026-10-16,31,C,900.0,1.277157,QQQ261016C00900000,0,0.05,0.025,1,17309,2026-09-11,,,,,,
2026-09-15,QQQ,704.69,2026-09-15T19:10:18.689769318Z,2026-10-16,31,C,905.0,1.284253,QQQ261016C00905000,0,0.05,0.025,1,173,2026-09-11,,,,,,
2026-09-15,QQQ,704.69,2026-09-15T19:10:18.689799248Z,2026-10-16,31,C,910.0,1.291348,QQQ261016C00910000,0,0.05,0.025,5,471,2026-09-11,,,,,,
2026-09-15,QQQ,704.69,2026-09-15T19:10:18.689734455Z,2026-10-16,31,C,915.0,1.298443,QQQ261016C00915000,0,0.01,0.005,1,144,2026-09-11,,,,,,
2026-09-15,QQQ,704.69,2026-09-15T19:10:18.689814952Z,2026-10-16,31,P,495.0,0.702437,QQQ261016P00495000,0.24,0.27,0.255,28,337,2026-09-11,0.5141,-0.0071,0.0002,-0.0329,0.0403,-0.0044
2026-09-15,QQQ,704.69,2026-09-15T19:10:18.689805022Z,2026-10-16,31,P,500.0,0.709532,QQQ261016P00500000,0.26,0.31,0.285,211,6426,2026-09-11,0.508,-0.0079,0.0002,-0.0358,0.0445,-0.005
2026-09-15,QQQ,704.69,2026-09-15T19:10:18.689740088Z,2026-10-16,31,P,505.0,0.716627,QQQ261016P00505000,0.32,0.35,0.335,33,375,2026-09-11,0.5053,-0.0092,0.0002,-0.0407,0.0508,-0.0058
2026-09-15,QQQ,704.69,2026-09-15T19:10:18.689745036Z,2026-10-16,31,P,510.0,0.723722,QQQ261016P00510000,0.3,0.37,0.335,2,752,2026-09-11,0.4921,-0.0094,0.0003,-0.0405,0.0519,-0.0059
2026-09-15,QQQ,704.69,2026-09-15T19:10:18.689809956Z,2026-10-16,31,P,515.0,0.730818,QQQ261016P00515000,0.37,0.39,0.38,5,12470,2026-09-11,0.4871,-0.0106,0.0003,-0.0446,0.0578,-0.0067
2026-09-15,QQQ,704.69,2026-09-15T19:10:18.689780448Z,2026-10-16,31,P,520.0,0.737913,QQQ261016P00520000,0.39,0.42,0.405,100,4756,2026-09-11,0.4781,-0.0115,0.0003,-0.0466,0.0617,-0.0072
2026-09-15,QQQ,704.69,2026-09-15T19:10:18.689720017Z,2026-10-16,31,P,525.0,0.745008,QQQ261016P00525000,0.38,0.45,0.415,816,4896,2026-09-11,0.4665,-0.012,0.0003,-0.0473,0.0641,-0.0075
2026-09-15,QQQ,704.69,2026-09-15T19:10:18.689795219Z,2026-10-16,31,P,530.0,0.752104,QQQ261016P00530000,0.4,0.43,0.415,1,1520,2026-09-11,0.4534,-0.0123,0.0003,-0.047,0.0656,-0.0077
2026-09-15,QQQ,704.69,2026-09-15T19:10:18.689814952Z,2026-10-16,31,P,535.0,0.759199,QQQ261016P00535000,0.48,0.5,0.49,6,767,2026-09-11,0.4509,-0.0144,0.0004,-0.0534,0.0749,-0.009
2026-09-15,QQQ,704.69,2026-09-15T19:10:20.327022803Z,2026-10-16,31,P,540.0,0.766294,QQQ261016P00540000,0.51,0.54,0.525,284,8568,2026-09-11,0.4422,-0.0156,0.0004,-0.056,0.0802,-0.0098
2026-09-15,QQQ,704.69,2026-09-15T19:10:18.689799914Z,2026-10-16,31,P,545.0,0.77339,QQQ261016P00545000,0.5,0.57,0.535,19,1016,2026-09-11,0.4301,-0.0162,0.0005,-0.0565,0.0832,-0.0102
2026-09-15,QQQ,704.69,2026-09-15T19:10:18.689734955Z,2026-10-16,31,P,550.0,0.780485,QQQ261016P00550000,0.59,0.61,0.6,70,16839,2026-09-11,0.4243,-0.0182,0.0005,-0.0614,0.0918,-0.0114
2026-09-15,QQQ,704.69,2026-09-15T19:10:18.689765226Z,2026-10-16,31,P,560.0,0.794676,QQQ261016P00560000,0.67,0.7,0.685,27,2771,2026-09-11,0.4063,-0.0213,0.0006,-0.0671,0.1049,-0.0133
2026-09-15,QQQ,704.69,2026-09-15T19:10:18.689740088Z,2026-10-16,31,P,570.0,0.808866,QQQ261016P00570000,0.79,0.81,0.8,32,16058,2026-09-11,0.3897,-0.0254,0.0007,-0.0744,0.1215,-0.0159
2026-09-15,QQQ,704.69,2026-09-15T19:10:19.691389664Z,2026-10-16,31,P,575.0,0.815962,QQQ261016P00575000,0.85,0.87,0.86,246,5690,2026-09-11,0.3809,-0.0276,0.0008,-0.078,0.1304,-0.0173
2026-09-15,QQQ,704.69,2026-09-15T19:10:18.689745036Z,2026-10-16,31,P,580.0,0.823057,QQQ261016P00580000,0.92,0.94,0.93,207,3732,2026-09-11,0.3725,-0.0302,0.0009,-0.082,0.1404,-0.0188
2026-09-15,QQQ,704.69,2026-09-15T19:10:18.689769956Z,2026-10-16,31,P,585.0,0.830152,QQQ261016P00585000,1,1.02,1.01,290,4833,2026-09-11,0.3643,-0.0331,0.001,-0.0865,0.1515,-0.0207
2026-09-15,QQQ,704.69,2026-09-15T19:10:18.690957816Z,2026-10-16,31,P,590.0,0.837248,QQQ261016P00590000,1.04,1.1,1.07,98,5006,2026-09-11,0.3544,-0.0357,0.0011,-0.0894,0.1612,-0.0223
2026-09-15,QQQ,704.69,2026-09-15T19:10:18.690952734Z,2026-10-16,31,P,595.0,0.844343,QQQ261016P00595000,1.14,1.16,1.15,58,8521,2026-09-11,0.3454,-0.0389,0.0012,-0.0933,0.1729,-0.0242
2026-09-15,QQQ,704.69,2026-09-15T19:10:20.126059363Z,2026-10-16,31,P,600.0,0.851438,QQQ261016P00600000,1.26,1.27,1.265,192,14202,2026-09-11,0.3378,-0.0431,0.0013,-0.099,0.1879,-0.0268
2026-09-15,QQQ,704.69,2026-09-15T19:10:18.690957816Z,2026-10-16,31,P,605.0,0.858534,QQQ261016P00605000,1.41,1.44,1.425,333,10035,2026-09-11,0.3318,-0.0485,0.0015,-0.1068,0.2067,-0.0302
2026-09-15,QQQ,704.69,2026-09-15T19:10:20.055280871Z,2026-10-16,31,P,615.0,0.872724,QQQ261016P00615000,1.71,1.72,1.715,160,4067,2026-09-11,0.3159,-0.0593,0.0018,-0.119,0.2425,-0.037
2026-09-15,QQQ,704.69,2026-09-15T19:10:20.062874031Z,2026-10-16,31,P,625.0,0.886915,QQQ261016P00625000,2.05,2.11,2.08,133,16480,2026-09-11,0.3002,-0.0731,0.0023,-0.1323,0.285,-0.0455
2026-09-15,QQQ,704.69,2026-09-15T19:10:18.690972802Z,2026-10-16,31,P,630.0,0.89401,QQQ261016P00630000,2.32,2.34,2.33,462,19743,2026-09-11,0.2934,-0.082,0.0025,-0.1409,0.3111,-0.0511
2026-09-15,QQQ,704.69,2026-09-15T19:10:20.062884027Z,2026-10-16,31,P,635.0,0.901105,QQQ261016P00635000,2.61,2.63,2.62,352,3472,2026-09-11,0.2868,-0.0922,0.0028,-0.15,0.3396,-0.0574
2026-09-15,QQQ,704.69,2026-09-15T19:10:18.690967777Z,2026-10-16,31,P,640.0,0.908201,QQQ261016P00640000,2.83,2.92,2.875,519,25760,2026-09-11,0.2782,-0.1023,0.0031,-0.1564,0.3663,-0.0636
2026-09-15,QQQ,704.69,2026-09-15T19:10:18.690957816Z,2026-10-16,31,P,645.0,0.915296,QQQ261016P00645000,3.26,3.29,3.275,146,4199,2026-09-11,0.2724,-0.1159,0.0035,-0.1671,0.4007,-0.0721
2026-09-15,QQQ,704.69,2026-09-15T19:10:20.063209804Z,2026-10-16,31,P,650.0,0.922391,QQQ261016P00650000,3.61,3.63,3.62,4574,30008,2026-09-11,0.2641,-0.129,0.0039,-0.1741,0.4322,-0.0803
2026-09-15,QQQ,704.69,2026-09-15T19:10:18.690977744Z,2026-10-16,31,P,656.0,0.930906,QQQ261016P00656000,4.15,4.16,4.155,19,1930,2026-09-11,0.2553,-0.1483,0.0044,-0.1842,0.4753,-0.0923
2026-09-15,QQQ,704.69,2026-09-15T19:10:20.265917697Z,2026-10-16,31,P,660.0,0.936582,QQQ261016P00660000,4.68,4.72,4.7,768,22055,2026-09-11,0.2522,-0.1653,0.0048,-0.1948,0.5104,-0.1029
2026-09-15,QQQ,704.69,2026-09-15T19:10:20.26054958Z,2026-10-16,31,P,667.0,0.946515,QQQ261016P00667000,5.55,5.62,5.585,96,434,2026-09-11,0.2428,-0.1953,0.0055,-0.2068,0.5667,-0.1216
2026-09-15,QQQ,704.69,2026-09-15T19:10:20.259181298Z,2026-10-16,31,P,671.0,0.952192,QQQ261016P00671000,6,6.09,6.045,84,470,2026-09-11,0.2353,-0.2129,0.006,-0.21,0.5966,-0.1325
2026-09-15,QQQ,704.69,2026-09-15T19:10:20.265686874Z,2026-10-16,31,P,678.0,0.962125,QQQ261016P00678000,7.24,7.46,7.35,65,1728,2026-09-11,0.2279,-0.2534,0.0068,-0.222,0.6572,-0.1579
2026-09-15,QQQ,704.69,2026-09-15T19:10:19.770899139Z,2026-10-16,31,P,682.0,0.967801,QQQ261016P00682000,7.94,8.28,8.11,546,1082,2026-09-11,0.2222,-0.2781,0.0074,-0.2254,0.689,-0.1733
2026-09-15,QQQ,704.69,2026-09-15T19:10:20.027048711Z,2026-10-16,31,P,688.0,0.976316,QQQ261016P00688000,9.57,9.66,9.615,170,773,2026-09-11,0.2163,-0.3214,0.0081,-0.2317,0.7357,-0.2005
2026-09-15,QQQ,704.69,2026-09-15T19:10:20.576321252Z,2026-10-16,31,P,693.0,0.983411,QQQ261016P00693000,10.85,10.93,10.89,73,1059,2026-09-11,0.2092,-0.3599,0.0087,-0.2312,0.7682,-0.2247
2026-09-15,QQQ,704.69,2026-09-15T19:10:20.262029033Z,2026-10-16,31,P,699.0,0.991926,QQQ261016P00699000,12.83,12.91,12.87,152,1491,2026-09-11,0.2032,-0.4122,0.0093,-0.23,0.7994,-0.2576
2026-09-15,QQQ,704.69,2026-09-15T19:10:21.413710055Z,2026-10-16,31,P,704.0,0.999021,QQQ261016P00704000,14.14,14.5,14.32,2507,398,2026-09-11,0.193,-0.4586,0.01,-0.218,0.8149,-0.2867
2026-09-15,QQQ,704.69,2026-09-15T19:10:20.766659375Z,2026-10-16,31,P,710.0,1.007535,QQQ261016P00710000,17.17,17.31,17.24,652,6851,2026-09-11,0.1913,-0.5191,0.0101,-0.212,0.8184,-0.3253
2026-09-15,QQQ,704.69,2026-09-15T19:10:20.066908575Z,2026-10-16,31,P,715.0,1.014631,QQQ261016P00715000,18.95,19.8,19.375,1293,6524,2026-09-11,0.1828,-0.5732,0.0104,-0.1927,0.8055,-0.3595
2026-09-15,QQQ,704.69,2026-09-15T19:10:18.331963028Z,2026-10-16,31,P,721.0,1.023145,QQQ261016P00721000,22.46,23.14,22.8,8,792,2026-09-11,0.1788,-0.6369,0.0102,-0.1724,0.7706,-0.4005
2026-09-15,QQQ,704.69,2026-09-15T19:10:20.325073183Z,2026-10-16,31,P,726.0,1.03024,QQQ261016P00726000,25.9,26.36,26.13,8,337,2026-09-11,0.178,-0.6862,0.0097,-0.1552,0.7283,-0.4329
2026-09-15,QQQ,704.69,2026-09-15T19:10:20.325073183Z,2026-10-16,31,P,732.0,1.038755,QQQ261016P00732000,29.9,30.45,30.175,2,373,2026-09-11,0.173,-0.7466,0.009,-0.1247,0.6573,-0.4725
2026-09-15,QQQ,704.69,2026-09-15T19:10:14.175301917Z,2026-10-16,31,P,737.0,1.04585,QQQ261016P00737000,34.4,34.91,34.655,11,106,2026-09-11,0.1826,-0.7746,0.008,-0.1202,0.6165,-0.4931
2026-09-15,QQQ,704.69,2026-09-15T19:10:12.655689081Z,2026-10-16,31,P,743.0,1.054364,QQQ261016P00743000,39.66,39.75,39.705,2,4,2026-09-11,0.1862,-0.8127,0.007,-0.1012,0.5524,-0.5201
2026-09-15,QQQ,704.69,2026-09-15T19:10:12.655684036Z,2026-10-16,31,P,748.0,1.06146,QQQ261016P00748000,44.19,44.9,44.545,1,17,2026-09-11,0.1989,-0.8273,0.0063,-0.1021,0.5249,-0.533
2026-09-15,QQQ,704.69,2026-09-15T19:10:06.569078453Z,2026-10-16,31,P,755.0,1.071393,QQQ261016P00755000,49.47,52.74,51.105,2,83,2026-09-11,0.2109,-0.8503,0.0054,-0.094,0.4782,-0.5523
2026-09-15,QQQ,704.69,2026-09-15T19:10:20.580636565Z,2026-10-16,31,P,760.0,1.078488,QQQ261016P00760000,52.94,57.13,55.035,10,267,2026-09-11,0.2004,-0.8866,0.0047,-0.0558,0.3948,-0.5774
2026-09-15,QQQ,704.69,2026-09-15T19:09:14.443969371Z,2026-10-16,31,P,765.0,1.085584,QQQ261016P00765000,58.28,63.22,60.75,193,62,2026-09-11,0.2312,-0.8721,0.0044,-0.0889,0.4296,-0.5735
2026-09-15,QQQ,704.69,2026-09-15T19:10:02.093868044Z,2026-10-16,31,P,770.0,1.092679,QQQ261016P00770000,62.71,67,64.855,10,24,2026-09-11,0.2217,-0.9013,0.0038,-0.0537,0.3571,-0.5945
2026-09-15,QQQ,704.69,2026-09-15T19:10:07.855972123Z,2026-10-16,31,P,775.0,1.099774,QQQ261016P00775000,69.29,72.82,71.055,2,1,2026-09-11,0.2654,-0.8747,0.0038,-0.1087,0.4236,-0.5838
2026-09-15,QQQ,704.69,2026-09-15T19:10:20.578190699Z,2026-10-16,31,P,780.0,1.10687,QQQ261016P00780000,74.05,76.19,75.12,2,10,2026-09-11,0.2544,-0.9012,0.0033,-0.0716,0.3573,-0.6032
2026-09-15,QQQ,704.69,2026-09-15T19:09:53.736757826Z,2026-10-16,31,P,785.0,1.113965,QQQ261016P00785000,77.59,81.79,79.69,2,,,0.2539,-0.9158,0.003,-0.0534,0.3173,-0.6158
2026-09-15,QQQ,704.69,2026-09-15T19:08:11.798418025Z,2026-10-16,31,P,790.0,1.12106,QQQ261016P00790000,84.26,85.68,84.97,2,,,0.2746,-0.911,0.0029,-0.0697,0.3307,-0.6174
2026-09-15,QQQ,704.69,2026-09-15T19:09:55.994592746Z,2026-10-16,31,P,795.0,1.128156,QQQ261016P00795000,90.26,92.83,91.545,2,1,2026-09-11,0.3293,-0.8799,0.003,-0.1432,0.4111,-0.6044
2026-09-15,QQQ,704.69,2026-09-15T19:09:23.471611864Z,2026-10-16,31,P,800.0,1.135251,QQQ261016P00800000,93.57,96.56,95.065,3,10,2026-09-11,0.3014,-0.9136,0.0025,-0.0792,0.3236,-0.6275
2026-09-15,QQQ,704.69,2026-09-15T19:07:10.608619095Z,2026-10-16,31,P,810.0,1.149442,QQQ261016P00810000,104.62,108.79,106.705,1,,,0.3708,-0.8858,0.0025,-0.1601,0.3967,-0.6208
2026-09-15,QQQ,704.69,2026-09-15T19:09:58.341815927Z,2026-10-16,31,P,815.0,1.156537,QQQ261016P00815000,106.99,111.34,109.165,24,,,0.3033,-0.9411,0.0019,-0.0364,0.2412,-0.656
2026-09-15,QQQ,704.69,2026-09-15T19:09:46.288033356Z,2026-10-16,31,P,820.0,1.163632,QQQ261016P00820000,114.24,118.69,116.465,4,2,2026-09-11,0.3888,-0.8947,0.0023,-0.1558,0.3742,-0.6344
2026-09-15,QQQ,704.69,2026-09-15T19:10:07.903279801Z,2026-10-16,31,P,825.0,1.170728,QQQ261016P00825000,118.58,120.55,119.565,15,10,2026-09-11,0.3409,-0.9337,0.0018,-0.0632,0.2644,-0.6604
2026-09-15,QQQ,704.69,2026-09-15T19:10:21.230829616Z,2026-10-16,31,P,830.0,1.177823,QQQ261016P00830000,122.28,128.669,125.4745,1,1,2026-09-11,0.3832,-0.9163,0.002,-0.1139,0.316,-0.655
2026-09-15,QQQ,704.69,2026-09-15T19:10:10.538558731Z,2026-10-16,31,P,835.0,1.184918,QQQ261016P00835000,127.32,129.8,128.56,2,,,0.3157,-0.961,0.0013,-0.0032,0.1734,-0.6843
2026-09-15,QQQ,704.69,2026-09-15T19:10:08.497469371Z,2026-10-16,31,P,840.0,1.192014,QQQ261016P00840000,133.98,134.93,134.455,2,,,0.3686,-0.9395,0.0016,-0.0622,0.2462,-0.6765
2026-09-15,QQQ,704.69,2026-09-15T19:10:06.531995019Z,2026-10-16,31,P,845.0,1.199109,QQQ261016P00845000,140.16,140.73,140.445,3,,,0.4154,-0.9211,0.0017,-0.119,0.3022,-0.6706
2026-09-15,QQQ,704.69,2026-09-15T19:10:19.062587548Z,2026-10-16,31,P,850.0,1.206204,QQQ261016P00850000,145.86,149.51,147.685,4,,,0.4909,-0.888,0.0019,-0.228,0.3912,-0.6569
2026-09-15,QQQ,704.69,2026-09-15T19:10:20.341051139Z,2026-10-16,31,P,855.0,1.213299,QQQ261016P00855000,146.28,152.13,149.205,2,,,0.3888,-0.9475,0.0013,-0.0519,0.2203,-0.6938
2026-09-15,QQQ,704.69,2026-09-15T19:10:16.976886726Z,2026-10-16,31,P,860.0,1.220395,QQQ261016P00860000,154.35,154.85,154.6,4,1,2026-09-11,0.416,-0.9401,0.0014,-0.0777,0.2444,-0.6939
2026-09-15,QQQ,704.69,2026-09-15T19:06:05.416915112Z,2026-10-16,31,P,870.0,1.234585,QQQ261016P00870000,165.44,170.35,167.895,2,,,0.5415,-0.8917,0.0017,-0.2494,0.3819,-0.6763
2026-09-15,QQQ,704.69,2026-09-15T19:09:26.543244775Z,2026-10-16,31,P,875.0,1.241681,QQQ261016P00875000,169.14,170.21,169.675,1,,,0.4494,-0.9409,0.0013,-0.0873,0.2418,-0.7072
2026-09-15,QQQ,704.69,2026-09-15T19:10:07.412481316Z,2026-10-16,31,P,880.0,1.248776,QQQ261016P00880000,173.05,178.58,175.815,6,,,0.5017,-0.9227,0.0014,-0.1534,0.2973,-0.7016
2026-09-15,QQQ,704.69,2026-09-15T19:10:09.258656556Z,2026-10-16,31,P,885.0,1.255871,QQQ261016P00885000,177.33,180.31,178.82,2,,,0.4284,-0.9587,0.001,-0.0352,0.1815,-0.7257
2026-09-15,QQQ,704.69,2026-09-15T19:09:54.258584849Z,2026-10-16,31,P,890.0,1.262967,QQQ261016P00890000,182.25,185.18,183.715,4,,,0.4319,-0.9613,0.0009,-0.0291,0.1723,-0.7314
2026-09-15,QQQ,704.69,2026-09-15T19:09:46.244890579Z,2026-10-16,31,P,895.0,1.270062,QQQ261016P00895000,184.96,189.1,187.03,2,,,,,,,,
2026-09-15,QQQ,704.69,2026-09-15T19:09:04.815415488Z,2026-10-16,31,P,900.0,1.277157,QQQ261016P00900000,189.84,194.08,191.96,2,,,,,,,,
2026-09-15,QQQ,704.69,2026-09-15T19:09:56.639252601Z,2026-10-16,31,P,905.0,1.284253,QQQ261016P00905000,200.85,204.66,202.755,,,,0.6127,-0.9021,0.0014,-0.2623,0.355,-0.7121
2026-09-15,QQQ,704.69,2026-09-15T19:10:14.056704566Z,2026-10-16,31,P,910.0,1.291348,QQQ261016P00910000,204.74,208.39,206.565,1,,,0.5873,-0.9176,0.0013,-0.2055,0.3121,-0.7246
2026-09-15,QQQ,704.69,2026-09-15T19:09:50.09560821Z,2026-10-16,31,P,915.0,1.298443,QQQ261016P00915000,207.64,210.47,209.055,2,,,0.4972,-0.9561,0.0009,-0.0597,0.1907,-0.7498
2026-09-15,IWM,285.345,2026-09-15T19:09:24.639856655Z,2026-10-09,24,C,200.0,0.700906,IWM261009C00200000,87.03,87.3,87.165,,,,0.8861,0.9543,0.0015,-0.149,0.0702,0.1217
2026-09-15,IWM,285.345,2026-09-15T19:09:20.026502778Z,2026-10-09,24,C,205.0,0.718429,IWM261009C00205000,79.61,81.61,80.61,2,2,2026-09-11,,,,,,
2026-09-15,IWM,285.345,2026-09-15T19:09:24.922208717Z,2026-10-09,24,C,210.0,0.735951,IWM261009C00210000,75.38,76.05,75.715,,,,,,,,,
2026-09-15,IWM,285.345,2026-09-15T19:09:20.028000425Z,2026-10-09,24,C,215.0,0.753474,IWM261009C00215000,69.83,72.51,71.17,,,,0.5562,0.9809,0.0011,-0.0614,0.034,0.1372
2026-09-15,IWM,285.345,2026-09-15T19:09:20.030480882Z,2026-10-09,24,C,220.0,0.770997,IWM261009C00220000,65.58,65.94,65.76,,,,,,,,,
2026-09-15,IWM,285.345,2026-09-15T19:09:20.020878042Z,2026-10-09,24,C,225.0,0.788519,IWM261009C00225000,60.05,60.28,60.165,2,,,,,,,,
2026-09-15,IWM,285.345,2026-09-15T19:09:20.032268178Z,2026-10-09,24,C,230.0,0.806042,IWM261009C00230000,56.96,57.25,57.105,,,,0.5793,0.9385,0.0029,-0.1294,0.0888,0.1385
2026-09-15,IWM,285.345,2026-09-15T19:09:24.297567098Z,2026-10-09,24,C,235.0,0.823564,IWM261009C00235000,50.67,51.83,51.25,2,2,2026-09-11,0.4105,0.9726,0.0021,-0.0633,0.0462,0.1488
2026-09-15,IWM,285.345,2026-09-15T19:09:44.844446525Z,2026-10-09,24,C,240.0,0.841087,IWM261009C00240000,45.61,46.38,45.995,,,,0.2898,0.9918,0.0011,-0.0349,0.0164,0.1558
2026-09-15,IWM,285.345,2026-09-15T19:09:52.378493796Z,2026-10-09,24,C,245.0,0.85861,IWM261009C00245000,41.83,42.1,41.965,,,,0.4261,0.9295,0.0043,-0.1112,0.0987,0.1468
2026-09-15,IWM,285.345,2026-09-15T19:09:52.378112597Z,2026-10-09,24,C,250.0,0.876132,IWM261009C00250000,36.39,37.01,36.7,1,71,2026-09-11,0.3544,0.9367,0.0048,-0.0914,0.0909,0.1516
2026-09-15,IWM,285.345,2026-09-15T19:09:52.376178111Z,2026-10-09,24,C,252.0,0.883141,IWM261009C00252000,33.88,34.54,34.21,,,,0.2698,0.969,0.0035,-0.0543,0.0511,0.1593
2026-09-15,IWM,285.345,2026-09-15T19:09:52.375842155Z,2026-10-09,24,C,255.0,0.893655,IWM261009C00255000,30.96,31.18,31.07,1,2,2026-09-11,0.2137,0.9832,0.0027,-0.0399,0.0306,0.164
2026-09-15,IWM,285.345,2026-09-15T19:09:52.376167959Z,2026-10-09,24,C,257.0,0.900664,IWM261009C00257000,29.68,30.12,29.9,,,,0.3133,0.9152,0.0068,-0.0986,0.1137,0.152
2026-09-15,IWM,285.345,2026-09-15T19:10:07.197008741Z,2026-10-09,24,C,259.0,0.907673,IWM261009C00259000,27.77,28.05,27.91,40,20,2026-09-11,0.2965,0.9106,0.0074,-0.0974,0.1182,0.1525
2026-09-15,IWM,285.345,2026-09-15T19:09:52.377155804Z,2026-10-09,24,C,261.0,0.914682,IWM261009C00261000,25.62,25.91,25.765,20,11,2026-09-11,0.2665,0.9155,0.0079,-0.0877,0.1134,0.1548
2026-09-15,IWM,285.345,2026-09-15T19:10:18.205164677Z,2026-10-09,24,C,264.0,0.925196,IWM261009C00264000,23.21,23.5,23.355,,,,0.2836,0.8728,0.01,-0.1139,0.1525,0.1484
2026-09-15,IWM,285.345,2026-09-15T19:09:52.377275518Z,2026-10-09,24,C,266.0,0.932205,IWM261009C00266000,21.31,21.49,21.4,11,10,2026-09-11,0.2673,0.8632,0.0112,-0.113,0.1603,0.1479
2026-09-15,IWM,285.345,2026-09-15T19:10:23.014010167Z,2026-10-09,24,C,268.0,0.939214,IWM261009C00268000,19.25,19.77,19.51,3,27,2026-09-11,0.2544,0.8489,0.0126,-0.1143,0.1714,0.1464
2026-09-15,IWM,285.345,2026-09-15T19:10:22.758767658Z,2026-10-09,24,C,270.0,0.946223,IWM261009C00270000,17.74,17.93,17.835,188,39,2026-09-11,0.2522,0.8226,0.0141,-0.1228,0.1902,0.1426
2026-09-15,IWM,285.345,2026-09-15T19:10:23.004898369Z,2026-10-09,24,C,273.0,0.956737,IWM261009C00273000,14.94,15.27,15.105,4,57,2026-09-11,0.2339,0.7906,0.0168,-0.1247,0.2105,0.1384
2026-09-15,IWM,285.345,2026-09-15T19:10:23.00675788Z,2026-10-09,24,C,274.0,0.960241,IWM261009C00274000,14.36,14.47,14.415,39,17,2026-09-11,0.2371,0.7698,0.0175,-0.1314,0.2223,0.135
2026-09-15,IWM,285.345,2026-09-15T19:10:18.88075254Z,2026-10-09,24,C,277.0,0.970755,IWM261009C00277000,11.99,12.09,12.04,10,78,2026-09-11,0.2284,0.7185,0.0202,-0.1378,0.2469,0.1269
2026-09-15,IWM,285.345,2026-09-15T19:10:23.076709303Z,2026-10-09,24,C,279.0,0.977764,IWM261009C00279000,10.2,10.25,10.225,2,697,2026-09-11,0.2106,0.6877,0.023,-0.1332,0.259,0.1223
2026-09-15,IWM,285.345,2026-09-15T19:10:22.919916239Z,2026-10-09,24,C,281.0,0.984773,IWM261009C00281000,8.85,8.88,8.865,6,72,2026-09-11,0.2078,0.6409,0.0246,-0.1367,0.2735,0.1144
2026-09-15,IWM,285.345,2026-09-15T19:10:22.758226326Z,2026-10-09,24,C,283.0,0.991782,IWM261009C00283000,7.33,7.48,7.405,59,38,2026-09-11,0.1982,0.5935,0.0267,-0.1343,0.2838,0.1065
2026-09-15,IWM,285.345,2026-09-15T19:10:23.513028227Z,2026-10-09,24,C,286.0,1.002295,IWM261009C00286000,5.62,5.73,5.675,157,75,2026-09-11,0.1936,0.5114,0.0282,-0.1324,0.2918,0.0922
2026-09-15,IWM,285.345,2026-09-15T19:10:23.481869262Z,2026-10-09,24,C,287.5,1.007552,IWM261009C00287500,4.8,4.88,4.84,292,93,2026-09-11,0.1891,0.4682,0.0287,-0.1282,0.291,0.0847
2026-09-15,IWM,285.345,2026-09-15T19:10:23.513028227Z,2026-10-09,24,C,290.0,1.016314,IWM261009C00290000,3.56,3.62,3.59,386,136,2026-09-11,0.1813,0.393,0.029,-0.1177,0.2813,0.0714
2026-09-15,IWM,285.345,2026-09-15T19:10:23.650019071Z,2026-10-09,24,C,292.0,1.023323,IWM261009C00292000,2.68,2.71,2.695,121,152,2026-09-11,0.1738,0.3301,0.0285,-0.1056,0.265,0.0602
2026-09-15,IWM,285.345,2026-09-15T19:10:23.075566737Z,2026-10-09,24,C,295.0,1.033836,IWM261009C00295000,1.76,1.79,1.775,56,351,2026-09-11,0.1696,0.2462,0.0254,-0.0887,0.2306,0.045
2026-09-15,IWM,285.345,2026-09-15T19:10:22.752853528Z,2026-10-09,24,C,296.0,1.037341,IWM261009C00296000,1.5,1.53,1.515,127,2159,2026-09-11,0.1678,0.2197,0.0241,-0.0821,0.2165,0.0402
2026-09-15,IWM,285.345,2026-09-15T19:10:23.062355398Z,2026-10-09,24,C,299.0,1.047854,IWM261009C00299000,0.89,0.92,0.905,38,176,2026-09-11,0.1629,0.1495,0.0195,-0.0622,0.1702,0.0274
2026-09-15,IWM,285.345,2026-09-15T19:10:22.977774449Z,2026-10-09,24,C,301.0,1.054863,IWM261009C00301000,0.58,0.61,0.595,12,110,2026-09-11,0.1583,0.1085,0.0161,-0.0481,0.1362,0.02
2026-09-15,IWM,285.345,2026-09-15T19:10:20.235857842Z,2026-10-09,24,C,304.0,1.065377,IWM261009C00304000,0.35,0.38,0.365,18,112,2026-09-11,0.1598,0.0715,0.0117,-0.0353,0.0998,0.0132
2026-09-15,IWM,285.345,2026-09-15T19:10:23.003897013Z,2026-10-09,24,C,305.0,1.068882,IWM261009C00305000,0.25,0.28,0.265,24,237,2026-09-11,0.1552,0.0557,0.0099,-0.0282,0.0822,0.0103
2026-09-15,IWM,285.345,2026-09-15T19:10:20.152389676Z,2026-10-09,24,C,308.0,1.079395,IWM261009C00308000,0.17,0.19,0.18,7,219,2026-09-11,0.1612,0.0386,0.0071,-0.0217,0.0612,0.0071
2026-09-15,IWM,285.345,2026-09-15T19:10:23.411982513Z,2026-10-09,24,C,309.0,1.0829,IWM261009C00309000,0.11,0.16,0.135,15,182,2026-09-11,0.1588,0.0304,0.0059,-0.0175,0.0503,0.0056
2026-09-15,IWM,285.345,2026-09-15T19:10:22.758767658Z,2026-10-09,24,C,312.5,1.095166,IWM261009C00312500,0.09,0.1,0.095,1,67,2026-09-11,0.1681,0.0212,0.0041,-0.0137,0.0372,0.0039
2026-09-15,IWM,285.345,2026-09-15T19:10:23.009269169Z,2026-10-09,24,C,314.0,1.100422,IWM261009C00314000,0.07,0.09,0.08,4,42,2026-09-11,0.1713,0.0179,0.0035,-0.012,0.0322,0.0033
2026-09-15,IWM,285.345,2026-09-15T19:10:07.203674617Z,2026-10-09,24,C,317.0,1.110936,IWM261009C00317000,0.05,0.06,0.055,1,34,2026-09-11,0.1768,0.0124,0.0025,-0.009,0.0236,0.0023
2026-09-15,IWM,285.345,2026-09-15T19:09:52.375516401Z,2026-10-09,24,C,318.0,1.11444,IWM261009C00318000,0.01,0.06,0.035,2,6,2026-09-11,0.1714,0.0085,0.0018,-0.0063,0.0169,0.0016
2026-09-15,IWM,285.345,2026-09-15T19:10:18.989837189Z,2026-10-09,24,C,321.0,1.124954,IWM261009C00321000,0.01,0.02,0.015,1,31,2026-09-11,0.1681,0.004,0.001,-0.0031,0.0086,0.0007
2026-09-15,IWM,285.345,2026-09-15T19:09:20.042555532Z,2026-10-09,24,C,323.0,1.131963,IWM261009C00323000,0.01,0.03,0.02,1,15,2026-09-11,0.1815,0.0048,0.0011,-0.004,0.0103,0.0009
2026-09-15,IWM,285.345,2026-09-15T19:00:34.342180936Z,2026-10-09,24,C,326.0,1.142477,IWM261009C00326000,0.01,0.02,0.015,1,5,2026-09-11,0.188,0.0036,0.0008,-0.0032,0.0079,0.0007
2026-09-15,IWM,285.345,2026-09-15T19:00:34.343354282Z,2026-10-09,24,C,327.0,1.145981,IWM261009C00327000,0.03,0.04,0.035,4,4,2026-09-11,0.2103,0.0071,0.0013,-0.0065,0.0144,0.0013
2026-09-15,IWM,285.345,2026-09-15T19:09:20.042605941Z,2026-10-09,24,C,330.0,1.156495,IWM261009C00330000,0,0.01,0.005,3,2,2026-09-11,,,,,,
2026-09-15,IWM,285.345,2026-09-15T19:09:52.379881745Z,2026-10-09,24,C,331.0,1.159999,IWM261009C00331000,0,0.04,0.02,,,,,,,,,
2026-09-15,IWM,285.345,2026-09-15T19:09:52.379836934Z,2026-10-09,24,C,335.0,1.174017,IWM261009C00335000,0,0.04,0.02,2,,,,,,,,
2026-09-15,IWM,285.345,2026-09-15T19:09:52.379896801Z,2026-10-09,24,C,336.0,1.177522,IWM261009C00336000,0,0.04,0.02,,,,,,,,,
2026-09-15,IWM,285.345,2026-09-15T19:09:20.042657658Z,2026-10-09,24,C,338.0,1.184531,IWM261009C00338000,0,0.01,0.005,,,,,,,,,
2026-09-15,IWM,285.345,2026-09-15T19:01:06.603657572Z,2026-10-09,24,C,340.0,1.19154,IWM261009C00340000,0,0.03,0.015,,,,,,,,,
2026-09-15,IWM,285.345,2026-09-15T19:01:06.595027453Z,2026-10-09,24,C,345.0,1.209063,IWM261009C00345000,0,0.01,0.005,,,,,,,,,
2026-09-15,IWM,285.345,2026-09-15T19:01:06.602745574Z,2026-10-09,24,C,350.0,1.226585,IWM261009C00350000,0,0.01,0.005,2,2,2026-09-11,,,,,,
2026-09-15,IWM,285.345,2026-09-15T19:01:06.59985442Z,2026-10-09,24,C,355.0,1.244108,IWM261009C00355000,0,0.01,0.005,,,,,,,,,
2026-09-15,IWM,285.345,2026-09-15T19:09:20.043047778Z,2026-10-09,24,C,360.0,1.261631,IWM261009C00360000,0,0.01,0.005,,,,,,,,,
2026-09-15,IWM,285.345,2026-09-15T19:09:20.043613314Z,2026-10-09,24,C,365.0,1.279153,IWM261009C00365000,0,0.01,0.005,,,,,,,,,
2026-09-15,IWM,285.345,2026-09-15T19:09:20.043328688Z,2026-10-09,24,C,370.0,1.296676,IWM261009C00370000,0,0.03,0.015,,,,,,,,,
2026-09-15,IWM,285.345,2026-09-15T19:09:52.375480757Z,2026-10-09,24,P,200.0,0.700906,IWM261009P00200000,0.08,0.09,0.085,4,8,2026-09-11,0.5726,-0.006,0.0004,-0.0147,0.0125,-0.0012
2026-09-15,IWM,285.345,2026-09-15T19:09:52.375586268Z,2026-10-09,24,P,205.0,0.718429,IWM261009P00205000,0.05,0.11,0.08,27,28,2026-09-11,0.533,-0.0061,0.0004,-0.0138,0.0126,-0.0012
2026-09-15,IWM,285.345,2026-09-15T19:09:52.375605765Z,2026-10-09,24,P,210.0,0.735951,IWM261009P00210000,0.07,0.08,0.075,1,631,2026-09-11,0.4944,-0.0062,0.0005,-0.013,0.0128,-0.0012
2026-09-15,IWM,285.345,2026-09-15T19:09:52.375605765Z,2026-10-09,24,P,215.0,0.753474,IWM261009P00215000,0.12,0.14,0.13,2,375,2026-09-11,0.4935,-0.0102,0.0007,-0.0201,0.0198,-0.002
2026-09-15,IWM,285.345,2026-09-15T19:10:15.730274278Z,2026-10-09,24,P,220.0,0.770997,IWM261009P00220000,0.14,0.16,0.15,6,10,2026-09-11,0.4673,-0.0122,0.0009,-0.0222,0.0232,-0.0024
2026-09-15,IWM,285.345,2026-09-15T19:09:52.375455443Z,2026-10-09,24,P,225.0,0.788519,IWM261009P00225000,0.13,0.18,0.155,7,122,2026-09-11,0.4339,-0.0134,0.0011,-0.0224,0.0252,-0.0026
2026-09-15,IWM,285.345,2026-09-15T19:10:18.868041219Z,2026-10-09,24,P,230.0,0.806042,IWM261009P00230000,0.16,0.18,0.17,1,47,2026-09-11,0.4044,-0.0156,0.0013,-0.0236,0.0286,-0.003
2026-09-15,IWM,285.345,2026-09-15T19:10:23.991266484Z,2026-10-09,24,P,235.0,0.823564,IWM261009P00235000,0.2,0.22,0.21,50,687,2026-09-11,0.3817,-0.0198,0.0017,-0.0274,0.0352,-0.0039
2026-09-15,IWM,285.345,2026-09-15T19:10:18.990318139Z,2026-10-09,24,P,240.0,0.841087,IWM261009P00240000,0.29,0.31,0.3,4,150,2026-09-11,0.3676,-0.0281,0.0024,-0.0352,0.0472,-0.0055
2026-09-15,IWM,285.345,2026-09-15T19:09:52.376111892Z,2026-10-09,24,P,245.0,0.85861,IWM261009P00245000,0.33,0.34,0.335,20,322,2026-09-11,0.3376,-0.0334,0.003,-0.0373,0.0544,-0.0065
2026-09-15,IWM,285.345,2026-09-15T19:10:17.762654901Z,2026-10-09,24,P,250.0,0.876132,IWM261009P00250000,0.46,0.49,0.475,3,37,2026-09-11,0.322,-0.0472,0.0042,-0.0469,0.0721,-0.0092
2026-09-15,IWM,285.345,2026-09-15T19:10:17.762278332Z,2026-10-09,24,P,252.0,0.883141,IWM261009P00252000,0.52,0.54,0.53,1,410,2026-09-11,0.3137,-0.0531,0.0047,-0.0501,0.0791,-0.0103
2026-09-15,IWM,285.345,2026-09-15T19:10:17.762884234Z,2026-10-09,24,P,255.0,0.893655,IWM261009P00255000,0.61,0.63,0.62,1,307,2026-09-11,0.3005,-0.063,0.0056,-0.0547,0.0906,-0.0122
2026-09-15,IWM,285.345,2026-09-15T19:10:23.009098125Z,2026-10-09,24,P,257.0,0.900664,IWM261009P00257000,0.69,0.71,0.7,2,11,2026-09-11,0.2926,-0.0715,0.0064,-0.0586,0.0998,-0.0139
2026-09-15,IWM,285.345,2026-09-15T19:10:20.147333807Z,2026-10-09,24,P,259.0,0.907673,IWM261009P00259000,0.74,0.8,0.77,5,9,2026-09-11,0.2827,-0.0798,0.0072,-0.0615,0.1086,-0.0155
2026-09-15,IWM,285.345,2026-09-15T19:10:23.076548504Z,2026-10-09,24,P,261.0,0.914682,IWM261009P00261000,0.84,0.87,0.855,6,70,2026-09-11,0.2733,-0.0897,0.0081,-0.0647,0.1185,-0.0174
2026-09-15,IWM,285.345,2026-09-15T19:10:17.762227693Z,2026-10-09,24,P,264.0,0.925196,IWM261009P00264000,1.07,1.11,1.09,1,14,2026-09-11,0.2652,-0.1125,0.0098,-0.0737,0.1398,-0.0218
2026-09-15,IWM,285.345,2026-09-15T19:10:23.076643887Z,2026-10-09,24,P,266.0,0.932205,IWM261009P00266000,1.19,1.23,1.21,10,16,2026-09-11,0.2552,-0.1265,0.0111,-0.0768,0.1519,-0.0245
2026-09-15,IWM,285.345,2026-09-15T19:10:23.391550251Z,2026-10-09,24,P,268.0,0.939214,IWM261009P00268000,1.42,1.45,1.435,17,3002,2026-09-11,0.2504,-0.1475,0.0126,-0.0834,0.1687,-0.0286
2026-09-15,IWM,285.345,2026-09-15T19:10:23.922522415Z,2026-10-09,24,P,270.0,0.946223,IWM261009P00270000,1.6,1.63,1.615,41,898,2026-09-11,0.2411,-0.1672,0.0142,-0.0868,0.1832,-0.0324
2026-09-15,IWM,285.345,2026-09-15T19:10:16.266268935Z,2026-10-09,24,P,273.0,0.956737,IWM261009P00273000,2.009,2.08,2.0445,21,329,2026-09-11,0.2319,-0.2075,0.0169,-0.0947,0.2094,-0.0403
2026-09-15,IWM,285.345,2026-09-15T19:10:24.031692889Z,2026-10-09,24,P,274.0,0.960241,IWM261009P00274000,2.17,2.26,2.215,2058,206,2026-09-11,0.229,-0.2229,0.0178,-0.0972,0.2183,-0.0433
2026-09-15,IWM,285.345,2026-09-15T19:10:23.047098264Z,2026-10-09,24,P,277.0,0.970755,IWM261009P00277000,2.74,2.76,2.75,198,1399,2026-09-11,0.2178,-0.273,0.0209,-0.1019,0.2433,-0.053
2026-09-15,IWM,285.345,2026-09-15T19:10:24.128169885Z,2026-10-09,24,P,279.0,0.977764,IWM261009P00279000,3.28,3.32,3.3,372,190,2026-09-11,0.2148,-0.3154,0.0226,-0.1066,0.26,-0.0613
2026-09-15,IWM,285.345,2026-09-15T19:10:23.976581436Z,2026-10-09,24,P,281.0,0.984773,IWM261009P00281000,3.74,3.79,3.765,110,9831,2026-09-11,0.2056,-0.3578,0.0248,-0.1059,0.2731,-0.0696
2026-09-15,IWM,285.345,2026-09-15T19:10:24.376194919Z,2026-10-09,24,P,283.0,0.991782,IWM261009P00283000,4.45,4.5,4.475,155,128,2026-09-11,0.2023,-0.408,0.0262,-0.107,0.2841,-0.0795
2026-09-15,IWM,285.345,2026-09-15T19:10:22.928715997Z,2026-10-09,24,P,286.0,1.002295,IWM261009P00286000,5.55,5.67,5.61,192,337,2026-09-11,0.1931,-0.4887,0.0282,-0.1021,0.2918,-0.0954
2026-09-15,IWM,285.345,2026-09-15T19:10:24.068345407Z,2026-10-09,24,P,287.5,1.007552,IWM261009P00287500,6.21,6.22,6.215,34,177,2026-09-11,0.1867,-0.5325,0.0291,-0.0965,0.2909,-0.104
2026-09-15,IWM,285.345,2026-09-15T19:10:24.279807242Z,2026-10-09,24,P,290.0,1.016314,IWM261009P00290000,7.44,7.5,7.47,31,2059,2026-09-11,0.1793,-0.6084,0.0293,-0.0859,0.281,-0.1191
2026-09-15,IWM,285.345,2026-09-15T19:10:24.297597378Z,2026-10-09,24,P,292.0,1.023323,IWM261009P00292000,8.76,8.86,8.81,2,448,2026-09-11,0.1806,-0.6632,0.0276,-0.0797,0.2671,-0.1302
2026-09-15,IWM,285.345,2026-09-15T19:10:23.000523523Z,2026-10-09,24,P,295.0,1.033836,IWM261009P00295000,10.62,10.98,10.8,7,993,2026-09-11,0.1739,-0.7481,0.0251,-0.0609,0.2334,-0.1475
2026-09-15,IWM,285.345,2026-09-15T19:10:20.224753593Z,2026-10-09,24,P,296.0,1.037341,IWM261009P00296000,11.27,11.73,11.5,2,33,2026-09-11,0.1706,-0.7762,0.024,-0.0532,0.2188,-0.1532
2026-09-15,IWM,285.345,2026-09-15T19:10:02.112836379Z,2026-10-09,24,P,299.0,1.047854,IWM261009P00299000,14.21,14.43,14.32,17,27,2026-09-11,0.19,-0.8117,0.0194,-0.0523,0.1974,-0.1617
2026-09-15,IWM,285.345,2026-09-15T19:10:21.665686891Z,2026-10-09,24,P,301.0,1.054863,IWM261009P00301000,15.44,15.68,15.56,23,25,2026-09-11,0.1623,-0.8856,0.0163,-0.0196,0.1415,-0.1764
2026-09-15,IWM,285.345,2026-09-15T19:09:20.035281654Z,2026-10-09,24,P,304.0,1.065377,IWM261009P00304000,18.47,18.74,18.605,2,2,2026-09-11,0.1883,-0.8918,0.0135,-0.0245,0.1359,-0.1796
2026-09-15,IWM,285.345,2026-09-15T19:09:44.904709186Z,2026-10-09,24,P,305.0,1.068882,IWM261009P00305000,19.56,19.86,19.71,12,8,2026-09-11,0.2034,-0.8857,0.013,-0.0312,0.1414,-0.1791
2026-09-15,IWM,285.345,2026-09-15T19:09:20.032484461Z,2026-10-09,24,P,308.0,1.079395,IWM261009P00308000,22.66,22.9,22.78,3,10,2026-09-11,0.2308,-0.8887,0.0112,-0.0376,0.1387,-0.1817
2026-09-15,IWM,285.345,2026-09-15T19:09:20.032474711Z,2026-10-09,24,P,309.0,1.0829,IWM261009P00309000,23.93,24.23,24.08,3,3,2026-09-11,0.2588,-0.8707,0.0111,-0.0544,0.1542,-0.1792
2026-09-15,IWM,285.345,2026-09-15T19:09:52.378783278Z,2026-10-09,24,P,312.5,1.095166,IWM261009P00312500,26.87,27.71,27.29,,,,0.2642,-0.8982,0.0092,-0.0417,0.1301,-0.1865
2026-09-15,IWM,285.345,2026-09-15T19:09:52.378943649Z,2026-10-09,24,P,314.0,1.100422,IWM261009P00314000,27.96,28.53,28.245,2,2,2026-09-11,0.2227,-0.9456,0.0068,-0.0061,0.0807,-0.196
2026-09-15,IWM,285.345,2026-09-15T19:09:52.37864314Z,2026-10-09,24,P,317.0,1.110936,IWM261009P00317000,31.93,32.21,32.07,,,,0.3171,-0.8893,0.0081,-0.0612,0.1382,-0.1879
2026-09-15,IWM,285.345,2026-09-15T19:09:52.379139077Z,2026-10-09,24,P,318.0,1.11444,IWM261009P00318000,32.81,33.09,32.95,,,,0.3152,-0.8979,0.0077,-0.0551,0.1304,-0.1901
2026-09-15,IWM,285.345,2026-09-15T19:09:52.379299798Z,2026-10-09,24,P,321.0,1.124954,IWM261009P00321000,35.11,35.64,35.375,,,,0.2821,-0.9403,0.0057,-0.019,0.0868,-0.1997
2026-09-15,IWM,285.345,2026-09-15T19:09:20.028145888Z,2026-10-09,24,P,323.0,1.131963,IWM261009P00323000,36.93,37.86,37.395,,,,0.2967,-0.9404,0.0055,-0.0214,0.0867,-0.201
2026-09-15,IWM,285.345,2026-09-15T19:10:01.301243841Z,2026-10-09,24,P,326.0,1.142477,IWM261009P00326000,40.99,41.32,41.155,,,,0.3857,-0.8984,0.0063,-0.0731,0.1299,-0.1956
2026-09-15,IWM,285.345,2026-09-15T19:09:54.682716355Z,2026-10-09,24,P,327.0,1.145981,IWM261009P00327000,40.7,42.28,41.49,,,,0.3321,-0.9368,0.0051,-0.0303,0.0907,-0.203
2026-09-15,IWM,285.345,2026-09-15T19:09:54.682736643Z,2026-10-09,24,P,330.0,1.156495,IWM261009P00330000,43.76,44.12,43.94,,,,0.2554,-0.9842,0.0021,0.0188,0.029,-0.2135
2026-09-15,IWM,285.345,2026-09-15T19:10:01.301504415Z,2026-10-09,24,P,331.0,1.159999,IWM261009P00331000,45.04,46.61,45.825,,,,0.3905,-0.9204,0.0052,-0.0557,0.1084,-0.2028
2026-09-15,IWM,285.345,2026-09-15T19:10:01.301529477Z,2026-10-09,24,P,335.0,1.174017,IWM261009P00335000,50.36,50.46,50.41,,,,0.4648,-0.8972,0.0053,-0.0946,0.131,-0.2015
2026-09-15,IWM,285.345,2026-09-15T19:10:01.301515186Z,2026-10-09,24,P,336.0,1.177522,IWM261009P00336000,50.58,50.94,50.76,,,,0.4152,-0.9277,0.0045,-0.0539,0.1008,-0.2074
2026-09-15,IWM,285.345,2026-09-15T19:10:01.301529477Z,2026-10-09,24,P,338.0,1.184531,IWM261009P00338000,52.68,53.52,53.1,,,,0.4588,-0.913,0.0047,-0.0777,0.1158,-0.2062
2026-09-15,IWM,285.345,2026-09-15T19:10:01.301504415Z,2026-10-09,24,P,340.0,1.19154,IWM261009P00340000,54.29,54.65,54.47,,,,0.4067,-0.9457,0.0037,-0.0341,0.0806,-0.2132
2026-09-15,IWM,285.345,2026-09-15T19:10:01.301515186Z,2026-10-09,24,P,345.0,1.209063,IWM261009P00345000,59.27,59.47,59.37,,,,0.4217,-0.9534,0.0032,-0.0277,0.0713,-0.2179
2026-09-15,IWM,285.345,2026-09-15T19:10:01.301574598Z,2026-10-09,24,P,350.0,1.226585,IWM261009P00350000,64.14,64.5,64.32,,,,0.4416,-0.9577,0.0028,-0.0251,0.0659,-0.222
2026-09-15,IWM,285.345,2026-09-15T19:10:01.301564491Z,2026-10-09,24,P,355.0,1.244108,IWM261009P00355000,68.68,69.44,69.06,,,,0.42,-0.9745,0.0019,-0.0015,0.0435,-0.2282
2026-09-15,IWM,285.345,2026-09-15T19:10:01.301584539Z,2026-10-09,24,P,360.0,1.261631,IWM261009P00360000,73.34,75.83,74.585,,,,0.5318,-0.9472,0.0028,-0.051,0.0788,-0.2267
2026-09-15,IWM,285.345,2026-09-15T19:10:01.301589639Z,2026-10-09,24,P,365.0,1.279153,IWM261009P00365000,78.28,80.5,79.39,,,,0.531,-0.9574,0.0023,-0.0362,0.0663,-0.2318
2026-09-15,IWM,285.345,2026-09-15T19:10:01.301564491Z,2026-10-09,24,P,370.0,1.296676,IWM261009P00370000,85.92,86.28,86.1,,,,0.7313,-0.8995,0.0033,-0.1603,0.1289,-0.2254
2026-09-15,IWM,285.345,2026-09-15T19:09:20.022524787Z,2026-10-16,31,C,200.0,0.700906,IWM261016C00200000,86.92,87.22,87.07,42,47,2026-09-11,0.7487,0.9602,0.0014,-0.106,0.0714,0.1587
2026-09-15,IWM,285.345,2026-09-15T19:09:20.032662214Z,2026-10-16,31,C,205.0,0.718429,IWM261016C00205000,82.27,82.57,82.42,2,1,2026-09-11,0.7471,0.9498,0.0017,-0.1236,0.0861,0.1602
2026-09-15,IWM,285.345,2026-09-15T19:10:06.931795148Z,2026-10-16,31,C,210.0,0.735951,IWM261016C00210000,77.14,77.61,77.375,53,70,2026-09-11,0.6959,0.9483,0.0018,-0.1192,0.088,0.1641
2026-09-15,IWM,285.345,2026-09-15T19:09:20.030564186Z,2026-10-16,31,C,215.0,0.753474,IWM261016C00215000,70.3,72.48,71.39,2,40,2026-09-11,0.5051,0.9782,0.0012,-0.0572,0.0433,0.1764
2026-09-15,IWM,285.345,2026-09-15T19:09:20.028161548Z,2026-10-16,31,C,220.0,0.770997,IWM261016C00220000,67.04,67.34,67.19,1,11,2026-09-11,0.5867,0.948,0.0022,-0.1053,0.0885,0.1727
2026-09-15,IWM,285.345,2026-09-15T19:09:20.032677584Z,2026-10-16,31,C,225.0,0.788519,IWM261016C00225000,60.39,61.65,61.02,10,100,2026-09-11,,,,,,
2026-09-15,IWM,285.345,2026-09-15T19:09:21.766622349Z,2026-10-16,31,C,230.0,0.806042,IWM261016C00230000,55.95,57.31,56.63,3,17,2026-09-11,0.4339,0.9636,0.0022,-0.0695,0.0664,0.1854
2026-09-15,IWM,285.345,2026-09-15T19:09:20.032677584Z,2026-10-16,31,C,235.0,0.823564,IWM261016C00235000,51.55,52.14,51.845,1,83,2026-09-11,0.424,0.9514,0.0029,-0.0805,0.0838,0.1865
2026-09-15,IWM,285.345,2026-09-15T19:09:37.249838117Z,2026-10-16,31,C,240.0,0.841087,IWM261016C00240000,46.37,46.67,46.52,8,85,2026-09-11,0.3426,0.9653,0.0027,-0.0594,0.0638,0.1944
2026-09-15,IWM,285.345,2026-09-15T19:09:20.028232126Z,2026-10-16,31,C,245.0,0.85861,IWM261016C00245000,41.57,42.09,41.83,21,53,2026-09-11,0.3454,0.9448,0.0039,-0.0757,0.0927,0.1934
2026-09-15,IWM,285.345,2026-09-15T19:09:19.820216178Z,2026-10-16,31,C,250.0,0.876132,IWM261016C00250000,36,37.06,36.53,20,147,2026-09-11,0.2727,0.9595,0.0038,-0.0569,0.0724,0.2015
2026-09-15,IWM,285.345,2026-09-15T19:09:52.376875593Z,2026-10-16,31,C,255.0,0.893655,IWM261016C00255000,31.79,32.07,31.93,5,277,2026-09-11,0.2793,0.9281,0.0059,-0.0759,0.114,0.1978
2026-09-15,IWM,285.345,2026-09-15T19:10:02.112541523Z,2026-10-16,31,C,260.0,0.911178,IWM261016C00260000,27.39,27.76,27.575,26,532,2026-09-11,0.2861,0.8841,0.0082,-0.0986,0.1623,0.1908
2026-09-15,IWM,285.345,2026-09-15T19:10:20.154641689Z,2026-10-16,31,C,265.0,0.9287,IWM261016C00265000,22.37,22.72,22.545,15,187,2026-09-11,0.2424,0.8704,0.0105,-0.0925,0.1755,0.1918
2026-09-15,IWM,285.345,2026-09-15T19:10:23.225346171Z,2026-10-16,31,C,270.0,0.946223,IWM261016C00270000,18.24,18.45,18.345,57,602,2026-09-11,0.2377,0.8103,0.0137,-0.1089,0.2254,0.1808
2026-09-15,IWM,285.345,2026-09-15T19:10:22.682438Z,2026-10-16,31,C,273.0,0.956737,IWM261016C00273000,15.82,16.19,16.005,18,94,2026-09-11,0.2359,0.7656,0.0156,-0.1185,0.2552,0.1719
2026-09-15,IWM,285.345,2026-09-15T19:10:21.721719808Z,2026-10-16,31,C,274.0,0.960241,IWM261016C00274000,14.79,14.89,14.84,13,142,2026-09-11,0.2194,0.7633,0.0169,-0.1122,0.2565,0.1724
2026-09-15,IWM,285.345,2026-09-15T19:10:23.403866465Z,2026-10-16,31,C,277.0,0.970755,IWM261016C00277000,12.65,12.7,12.675,71,212,2026-09-11,0.2184,0.7084,0.0189,-0.1205,0.2854,0.1609
2026-09-15,IWM,285.345,2026-09-15T19:10:22.999719523Z,2026-10-16,31,C,279.0,0.977764,IWM261016C00279000,11.16,11.32,11.24,11,139,2026-09-11,0.2148,0.6707,0.0203,-0.1233,0.3009,0.153
2026-09-15,IWM,285.345,2026-09-15T19:10:22.924233926Z,2026-10-16,31,C,281.0,0.984773,IWM261016C00281000,9.69,9.81,9.75,11,277,2026-09-11,0.2071,0.6322,0.0219,-0.1227,0.3133,0.1449
2026-09-15,IWM,285.345,2026-09-15T19:10:23.000515615Z,2026-10-16,31,C,283.0,0.991782,IWM261016C00283000,8.21,8.36,8.285,38,328,2026-09-11,0.198,0.5901,0.0236,-0.1201,0.3232,0.136
2026-09-15,IWM,285.345,2026-09-15T19:10:22.983084136Z,2026-10-16,31,C,286.0,1.002295,IWM261016C00286000,6.38,6.54,6.46,227,161,2026-09-11,0.1908,0.5177,0.0251,-0.1169,0.3314,0.12
2026-09-15,IWM,285.345,2026-09-15T19:10:23.007913508Z,2026-10-16,31,C,288.0,1.009305,IWM261016C00288000,5.44,5.47,5.455,542,822,2026-09-11,0.1888,0.4672,0.0253,-0.1142,0.3306,0.1086
2026-09-15,IWM,285.345,2026-09-15T19:10:22.370429684Z,2026-10-16,31,C,290.0,1.016314,IWM261016C00290000,4.34,4.43,4.385,1810,8559,2026-09-11,0.1817,0.4136,0.0258,-0.1069,0.3239,0.0965
2026-09-15,IWM,285.345,2026-09-15T19:10:22.982838529Z,2026-10-16,31,C,292.0,1.023323,IWM261016C00292000,3.53,3.55,3.54,2720,1057,2026-09-11,0.1781,0.3609,0.0253,-0.1,0.3114,0.0844
2026-09-15,IWM,285.345,2026-09-15T19:10:23.535500006Z,2026-10-16,31,C,295.0,1.033836,IWM261016C00295000,2.38,2.46,2.42,1933,14388,2026-09-11,0.1709,0.2815,0.0237,-0.0856,0.2806,0.0662
2026-09-15,IWM,285.345,2026-09-15T19:10:23.221512084Z,2026-10-16,31,C,296.0,1.037341,IWM261016C00296000,2.14,2.17,2.155,1123,2927,2026-09-11,0.1705,0.2584,0.0228,-0.0815,0.2689,0.0608
2026-09-15,IWM,285.345,2026-09-15T19:10:22.275824333Z,2026-10-16,31,C,299.0,1.047854,IWM261016C00299000,1.34,1.36,1.35,180,5939,2026-09-11,0.163,0.1861,0.0198,-0.064,0.2228,0.0439
2026-09-15,IWM,285.345,2026-09-15T19:10:23.002330269Z,2026-10-16,31,C,301.0,1.054863,IWM261016C00301000,0.97,1.04,1.005,396,2358,2026-09-11,0.1613,0.1482,0.0172,-0.0544,0.1923,0.0351
2026-09-15,IWM,285.345,2026-09-15T19:10:22.486290732Z,2026-10-16,31,C,304.0,1.065377,IWM261016C00304000,0.62,0.64,0.63,706,2445,2026-09-11,0.1594,0.1019,0.0134,-0.0411,0.148,0.0242
2026-09-15,IWM,285.345,2026-09-15T19:10:23.02030277Z,2026-10-16,31,C,305.0,1.068882,IWM261016C00305000,0.53,0.54,0.535,9040,22784,2026-09-11,0.1589,0.0892,0.0122,-0.037,0.1341,0.0212
2026-09-15,IWM,285.345,2026-09-15T19:10:22.681570957Z,2026-10-16,31,C,308.0,1.079395,IWM261016C00308000,0.32,0.33,0.325,63,1893,2026-09-11,0.158,0.0587,0.0089,-0.0265,0.0973,0.0139
2026-09-15,IWM,285.345,2026-09-15T19:10:22.999811675Z,2026-10-16,31,C,309.0,1.0829,IWM261016C00309000,0.23,0.24,0.235,277,2197,2026-09-11,0.1532,0.0455,0.0075,-0.021,0.0796,0.0108
2026-09-15,IWM,285.345,2026-09-15T19:10:19.180326038Z,2026-10-16,31,C,312.0,1.093413,IWM261016C00312000,0.17,0.18,0.175,63,10015,2026-09-11,0.1598,0.034,0.0057,-0.0172,0.0627,0.0081
2026-09-15,IWM,285.345,2026-09-15T19:10:01.745120379Z,2026-10-16,31,C,314.0,1.100422,IWM261016C00314000,0.08,0.14,0.11,12,2487,2026-09-11,0.1571,0.0229,0.0042,-0.0121,0.0451,0.0055
2026-09-15,IWM,285.345,2026-09-15T19:10:23.009822869Z,2026-10-16,31,C,317.0,1.110936,IWM261016C00317000,0.04,0.06,0.05,3,583,2026-09-11,0.1526,0.0116,0.0024,-0.0066,0.0252,0.0028
2026-09-15,IWM,285.345,2026-09-15T19:10:23.009747724Z,2026-10-16,31,C,318.0,1.11444,IWM261016C00318000,0.07,0.09,0.08,1,1606,2026-09-11,0.167,0.0163,0.0029,-0.0096,0.0339,0.0039
2026-09-15,IWM,285.345,2026-09-15T19:10:14.134829854Z,2026-10-16,31,C,321.0,1.124954,IWM261016C00321000,0.05,0.07,0.06,91,500,2026-09-11,0.1728,0.0122,0.0022,-0.0077,0.0264,0.0029
2026-09-15,IWM,285.345,2026-09-15T19:09:52.37546223Z,2026-10-16,31,C,323.0,1.131963,IWM261016C00323000,0.01,0.06,0.035,2,458,2026-09-11,0.1691,0.0077,0.0015,-0.005,0.0176,0.0018
2026-09-15,IWM,285.345,2026-09-15T19:09:55.000480438Z,2026-10-16,31,C,325.0,1.138972,IWM261016C00325000,0.01,0.05,0.03,3253,7978,2026-09-11,0.1736,0.0065,0.0013,-0.0044,0.0152,0.0016
2026-09-15,IWM,285.345,2026-09-15T19:09:52.378053363Z,2026-10-16,31,C,330.0,1.156495,IWM261016C00330000,0.01,0.02,0.015,10211,18413,2026-09-11,0.1783,0.0034,0.0007,-0.0025,0.0084,0.0008
2026-09-15,IWM,285.345,2026-09-15T19:09:52.380188612Z,2026-10-16,31,C,335.0,1.174017,IWM261016C00335000,0,0.04,0.02,4,1301,2026-09-11,,,,,,
2026-09-15,IWM,285.345,2026-09-15T19:09:52.379962957Z,2026-10-16,31,C,340.0,1.19154,IWM261016C00340000,0,0.01,0.005,7,2161,2026-09-11,,,,,,
2026-09-15,IWM,285.345,2026-09-15T19:09:52.379877735Z,2026-10-16,31,C,345.0,1.209063,IWM261016C00345000,0,0.04,0.02,1,697,2026-09-11,,,,,,
2026-09-15,IWM,285.345,2026-09-15T19:09:49.875988481Z,2026-10-16,31,C,350.0,1.226585,IWM261016C00350000,0,0.03,0.015,208,5946,2026-09-11,,,,,,
2026-09-15,IWM,285.345,2026-09-15T19:08:22.260850866Z,2026-10-16,31,C,355.0,1.244108,IWM261016C00355000,0,0.01,0.005,2,202,2026-09-11,,,,,,
2026-09-15,IWM,285.345,2026-09-15T19:01:06.587812976Z,2026-10-16,31,C,360.0,1.261631,IWM261016C00360000,0,0.03,0.015,6,777,2026-09-11,,,,,,
2026-09-15,IWM,285.345,2026-09-15T19:09:20.041910349Z,2026-10-16,31,C,365.0,1.279153,IWM261016C00365000,0,0.03,0.015,50,424,2026-09-11,,,,,,
2026-09-15,IWM,285.345,2026-09-15T19:09:20.042144789Z,2026-10-16,31,C,370.0,1.296676,IWM261016C00370000,0,0.03,0.015,2,905,2026-09-11,,,,,,
2026-09-15,IWM,285.345,2026-09-15T19:09:52.375576361Z,2026-10-16,31,P,200.0,0.700906,IWM261016P00200000,0.11,0.12,0.115,5,935,2026-09-11,0.5238,-0.0076,0.0005,-0.0145,0.0175,-0.0019
2026-09-15,IWM,285.345,2026-09-15T19:09:52.375576361Z,2026-10-16,31,P,205.0,0.718429,IWM261016P00205000,0.08,0.1,0.09,2,3557,2026-09-11,0.4766,-0.0067,0.0005,-0.0118,0.0156,-0.0017
2026-09-15,IWM,285.345,2026-09-15T19:10:14.134925462Z,2026-10-16,31,P,210.0,0.735951,IWM261016P00210000,0.14,0.16,0.15,274,3288,2026-09-11,0.4759,-0.0106,0.0007,-0.0176,0.0234,-0.0027
2026-09-15,IWM,285.345,2026-09-15T19:09:55.578879906Z,2026-10-16,31,P,215.0,0.753474,IWM261016P00215000,0.13,0.14,0.135,378,515,2026-09-11,0.4375,-0.0105,0.0008,-0.0159,0.0231,-0.0027
2026-09-15,IWM,285.345,2026-09-15T19:10:23.248316041Z,2026-10-16,31,P,220.0,0.770997,IWM261016P00220000,0.2,0.21,0.205,10,831,2026-09-11,0.431,-0.0154,0.0011,-0.0219,0.0323,-0.0039
2026-09-15,IWM,285.345,2026-09-15T19:10:17.763631955Z,2026-10-16,31,P,225.0,0.788519,IWM261016P00225000,0.23,0.25,0.24,6,1373,2026-09-11,0.4085,-0.0186,0.0013,-0.0244,0.0379,-0.0047
2026-09-15,IWM,285.345,2026-09-15T19:10:17.759622348Z,2026-10-16,31,P,230.0,0.806042,IWM261016P00230000,0.23,0.29,0.26,13,11418,2026-09-11,0.3809,-0.0213,0.0016,-0.0255,0.0425,-0.0054
2026-09-15,IWM,285.345,2026-09-15T19:10:23.923195568Z,2026-10-16,31,P,235.0,0.823564,IWM261016P00235000,0.29,0.31,0.3,51,3511,2026-09-11,0.3571,-0.0257,0.002,-0.0278,0.0497,-0.0065
2026-09-15,IWM,285.345,2026-09-15T19:10:18.832119627Z,2026-10-16,31,P,240.0,0.841087,IWM261016P00240000,0.37,0.38,0.375,99,5911,2026-09-11,0.3377,-0.0329,0.0026,-0.0322,0.061,-0.0083
2026-09-15,IWM,285.345,2026-09-15T19:10:17.264356544Z,2026-10-16,31,P,245.0,0.85861,IWM261016P00245000,0.46,0.48,0.47,24,3309,2026-09-11,0.318,-0.0422,0.0034,-0.0371,0.0748,-0.0106
2026-09-15,IWM,285.345,2026-09-15T19:10:20.160803323Z,2026-10-16,31,P,250.0,0.876132,IWM261016P00250000,0.6,0.62,0.61,611,10439,2026-09-11,0.3001,-0.0556,0.0045,-0.0434,0.0933,-0.014
2026-09-15,IWM,285.345,2026-09-15T19:10:24.469858856Z,2026-10-16,31,P,255.0,0.893655,IWM261016P00255000,0.84,0.86,0.85,768,16107,2026-09-11,0.2864,-0.0767,0.006,-0.0529,0.1198,-0.0193
2026-09-15,IWM,285.345,2026-09-15T19:10:24.629208735Z,2026-10-16,31,P,260.0,0.911178,IWM261016P00260000,1.12,1.14,1.13,10266,27336,2026-09-11,0.2691,-0.1027,0.008,-0.0613,0.1487,-0.0258
2026-09-15,IWM,285.345,2026-09-15T19:10:23.569301393Z,2026-10-16,31,P,265.0,0.9287,IWM261016P00265000,1.52,1.54,1.53,696,27165,2026-09-11,0.2524,-0.1387,0.0105,-0.0705,0.1839,-0.0349
2026-09-15,IWM,285.345,2026-09-15T19:10:23.000942477Z,2026-10-16,31,P,270.0,0.946223,IWM261016P00270000,2.12,2.14,2.13,6933,38910,2026-09-11,0.2376,-0.1896,0.0137,-0.0804,0.2254,-0.0478
2026-09-15,IWM,285.345,2026-09-15T19:10:23.90411489Z,2026-10-16,31,P,273.0,0.956737,IWM261016P00273000,2.5,2.62,2.56,6148,1923,2026-09-11,0.2271,-0.2266,0.0159,-0.0846,0.2504,-0.0571
2026-09-15,IWM,285.345,2026-09-15T19:10:24.632140682Z,2026-10-16,31,P,274.0,0.960241,IWM261016P00274000,2.78,2.81,2.795,40626,30882,2026-09-11,0.2264,-0.2429,0.0166,-0.0874,0.2602,-0.0612
2026-09-15,IWM,285.345,2026-09-15T19:10:22.999559241Z,2026-10-16,31,P,277.0,0.970755,IWM261016P00277000,3.33,3.36,3.345,1089,31146,2026-09-11,0.2151,-0.289,0.0191,-0.0895,0.2842,-0.0729
2026-09-15,IWM,285.345,2026-09-15T19:10:23.923060775Z,2026-10-16,31,P,279.0,0.977764,IWM261016P00279000,3.86,3.9,3.88,255,44056,2026-09-11,0.2109,-0.3267,0.0206,-0.0918,0.2999,-0.0825
2026-09-15,IWM,285.345,2026-09-15T19:10:23.710949232Z,2026-10-16,31,P,281.0,0.984773,IWM261016P00281000,4.48,4.51,4.495,319,31865,2026-09-11,0.2069,-0.3677,0.0219,-0.093,0.3133,-0.0929
2026-09-15,IWM,285.345,2026-09-15T19:10:24.356068577Z,2026-10-16,31,P,283.0,0.991782,IWM261016P00283000,5.14,5.17,5.155,393,4838,2026-09-11,0.2018,-0.4112,0.0232,-0.0924,0.3235,-0.104
2026-09-15,IWM,285.345,2026-09-15T19:10:23.991002093Z,2026-10-16,31,P,286.0,1.002295,IWM261016P00286000,6.16,6.2,6.18,440,7163,2026-09-11,0.1904,-0.4823,0.0252,-0.0866,0.3314,-0.1221
2026-09-15,IWM,285.345,2026-09-15T19:10:24.304188876Z,2026-10-16,31,P,288.0,1.009305,IWM261016P00288000,7.21,7.29,7.25,166,24080,2026-09-11,0.1908,-0.5322,0.0251,-0.085,0.3307,-0.1351
2026-09-15,IWM,285.345,2026-09-15T19:10:24.35631513Z,2026-10-16,31,P,290.0,1.016314,IWM261016P00290000,8.16,8.24,8.2,2679,30843,2026-09-11,0.1845,-0.5848,0.0254,-0.078,0.3242,-0.1487
2026-09-15,IWM,285.345,2026-09-15T19:10:24.719819808Z,2026-10-16,31,P,292.0,1.023323,IWM261016P00292000,9.28,9.43,9.355,30,3975,2026-09-11,0.1813,-0.6364,0.0249,-0.0711,0.3121,-0.1622
2026-09-15,IWM,285.345,2026-09-15T19:10:23.937228812Z,2026-10-16,31,P,295.0,1.033836,IWM261016P00295000,11.27,11.51,11.39,82,14726,2026-09-11,0.1803,-0.7074,0.0229,-0.0606,0.2858,-0.1811
2026-09-15,IWM,285.345,2026-09-15T19:10:23.976387235Z,2026-10-16,31,P,296.0,1.037341,IWM261016P00296000,11.99,12.04,12.015,14,758,2026-09-11,0.1763,-0.7341,0.0224,-0.0542,0.2729,-0.1881
2026-09-15,IWM,285.345,2026-09-15T19:10:08.867327905Z,2026-10-16,31,P,299.0,1.047854,IWM261016P00299000,14.26,14.46,14.36,16,2476,2026-09-11,0.1768,-0.7936,0.0194,-0.0422,0.2372,-0.2045
2026-09-15,IWM,285.345,2026-09-15T19:10:23.402884652Z,2026-10-16,31,P,301.0,1.054863,IWM261016P00301000,15.7,16.46,16.08,1,493,2026-09-11,0.1803,-0.8235,0.0173,-0.0362,0.2155,-0.2132
2026-09-15,IWM,285.345,2026-09-15T19:10:20.754008441Z,2026-10-16,31,P,304.0,1.065377,IWM261016P00304000,18.94,19.23,19.085,3,178,2026-09-11,0.2032,-0.8378,0.0145,-0.0396,0.2041,-0.2192
2026-09-15,IWM,285.345,2026-09-15T19:09:20.028267662Z,2026-10-16,31,P,305.0,1.068882,IWM261016P00305000,19.59,20.12,19.855,108,1127,2026-09-11,0.1987,-0.8568,0.0137,-0.0323,0.188,-0.2245
2026-09-15,IWM,285.345,2026-09-15T19:09:52.37864873Z,2026-10-16,31,P,308.0,1.079395,IWM261016P00308000,22.62,22.69,22.655,10,22,2026-09-11,0.208,-0.8804,0.0115,-0.0268,0.166,-0.2326
2026-09-15,IWM,285.345,2026-09-15T19:09:44.905623823Z,2026-10-16,31,P,309.0,1.0829,IWM261016P00309000,23.41,23.68,23.545,10,34,2026-09-11,0.2078,-0.891,0.0108,-0.0227,0.1553,-0.2359
2026-09-15,IWM,285.345,2026-09-15T19:09:52.378969451Z,2026-10-16,31,P,312.0,1.093413,IWM261016P00312000,26.38,27.27,26.825,30,20,2026-09-11,0.2448,-0.8792,0.0099,-0.0366,0.1671,-0.2359
2026-09-15,IWM,285.345,2026-09-15T19:09:54.715415882Z,2026-10-16,31,P,314.0,1.100422,IWM261016P00314000,28.64,29.03,28.835,10,11,2026-09-11,0.2584,-0.883,0.0091,-0.0384,0.1634,-0.2385
2026-09-15,IWM,285.345,2026-09-15T19:10:20.753929672Z,2026-10-16,31,P,317.0,1.110936,IWM261016P00317000,31.7,31.95,31.825,15,16,2026-09-11,0.277,-0.8894,0.0082,-0.04,0.157,-0.2426
2026-09-15,IWM,285.345,2026-09-15T19:09:59.433724111Z,2026-10-16,31,P,318.0,1.11444,IWM261016P00318000,31.92,32.56,32.24,6,3,2026-09-11,0.2398,-0.9291,0.0068,-0.0122,0.1127,-0.2525
2026-09-15,IWM,285.345,2026-09-15T19:09:54.715410978Z,2026-10-16,31,P,321.0,1.124954,IWM261016P00321000,35.85,36.12,35.985,1,13,2026-09-11,0.3122,-0.8875,0.0074,-0.0495,0.1589,-0.2456
2026-09-15,IWM,285.345,2026-09-15T19:09:52.37879408Z,2026-10-16,31,P,323.0,1.131963,IWM261016P00323000,37.45,38.26,37.855,10,22,2026-09-11,0.316,-0.897,0.0068,-0.045,0.1491,-0.2495
2026-09-15,IWM,285.345,2026-09-15T19:09:19.900561645Z,2026-10-16,31,P,325.0,1.138972,IWM261016P00325000,39.14,39.45,39.295,1,66,2026-09-11,0.2844,-0.9318,0.0056,-0.0179,0.1094,-0.2592
2026-09-15,IWM,285.345,2026-09-15T19:09:43.544943872Z,2026-10-16,31,P,330.0,1.156495,IWM261016P00330000,44.06,45.18,44.62,2,37,2026-09-11,0.3399,-0.9171,0.0054,-0.0373,0.127,-0.2601
2026-09-15,IWM,285.345,2026-09-15T19:10:18.813139395Z,2026-10-16,31,P,335.0,1.174017,IWM261016P00335000,50.23,50.59,50.41,1,1,2026-09-11,0.4238,-0.8871,0.0054,-0.0768,0.1593,-0.2578
2026-09-15,IWM,285.345,2026-09-15T19:10:16.364310878Z,2026-10-16,31,P,340.0,1.19154,IWM261016P00340000,55.45,55.81,55.63,1,,,0.4667,-0.8843,0.005,-0.0895,0.1621,-0.2615
2026-09-15,IWM,285.345,2026-09-15T19:10:18.813134828Z,2026-10-16,31,P,345.0,1.209063,IWM261016P00345000,59.17,60.34,59.755,50,,,0.4329,-0.9216,0.0041,-0.0509,0.1217,-0.2741
2026-09-15,IWM,285.345,2026-09-15T19:09:43.544943872Z,2026-10-16,31,P,350.0,1.226585,IWM261016P00350000,65.71,66.07,65.89,100,,,0.5398,-0.8847,0.0043,-0.1071,0.1617,-0.2704
2026-09-15,IWM,285.345,2026-09-15T19:09:43.113942717Z,2026-10-16,31,P,355.0,1.244108,IWM261016P00355000,68.56,70.63,69.595,,,,0.4704,-0.9333,0.0033,-0.0461,0.1075,-0.2853
2026-09-15,IWM,285.345,2026-09-15T19:10:18.81030766Z,2026-10-16,31,P,360.0,1.261631,IWM261016P00360000,74.21,74.57,74.39,,,,0.4746,-0.9438,0.0029,-0.0357,0.0941,-0.2919
2026-09-15,IWM,285.345,2026-09-15T19:10:18.810292636Z,2026-10-16,31,P,365.0,1.279153,IWM261016P00365000,78.46,80.2,79.33,,,,0.4919,-0.9477,0.0026,-0.0335,0.0888,-0.297
2026-09-15,IWM,285.345,2026-09-15T19:10:18.810302683Z,2026-10-16,31,P,370.0,1.296676,IWM261016P00370000,85.32,85.68,85.5,,,,0.6192,-0.9085,0.0032,-0.1001,0.1367,-0.2928
2026-09-15,GLD,394.77,2026-09-15T19:08:55.924752754Z,2026-10-09,24,C,280.0,0.709274,GLD261009C00280000,114.32,117.76,116.04,,,,0.7039,0.9776,0.0007,-0.1075,0.0539,0.1774
2026-09-15,GLD,394.77,2026-09-15T19:08:55.924752754Z,2026-10-09,24,C,285.0,0.721939,GLD261009C00285000,107.26,109.92,108.59,,,,,,,,,
2026-09-15,GLD,394.77,2026-09-15T19:08:55.924752754Z,2026-10-09,24,C,290.0,0.734605,GLD261009C00290000,105.09,107.43,106.26,,,,0.6729,0.9704,0.001,-0.1245,0.068,0.182
2026-09-15,GLD,394.77,2026-09-15T19:08:55.924737815Z,2026-10-09,24,C,295.0,0.747271,GLD261009C00295000,99.08,103.5,101.29,,,,0.6439,0.9686,0.0011,-0.1254,0.0714,0.1848
2026-09-15,GLD,394.77,2026-09-15T19:08:55.45762855Z,2026-10-09,24,C,300.0,0.759936,GLD261009C00300000,93.27,98.37,95.82,,,,0.531,0.9822,0.0008,-0.0798,0.0444,0.1919
2026-09-15,GLD,394.77,2026-09-15T19:08:58.175311225Z,2026-10-09,24,C,305.0,0.772602,GLD261009C00305000,87.83,93.85,90.84,,,,0.505,0.981,0.0009,-0.0806,0.0469,0.1949
2026-09-15,GLD,394.77,2026-09-15T19:08:52.92961416Z,2026-10-09,24,C,310.0,0.785267,GLD261009C00310000,85.51,86.13,85.82,,,,0.4708,0.9813,0.001,-0.0771,0.0462,0.1983
2026-09-15,GLD,394.77,2026-09-15T19:08:52.908945568Z,2026-10-09,24,C,315.0,0.797933,GLD261009C00315000,78.83,83.48,81.155,,,,0.4974,0.968,0.0014,-0.107,0.0727,0.1979
2026-09-15,GLD,394.77,2026-09-15T19:08:55.45762855Z,2026-10-09,24,C,320.0,0.810599,GLD261009C00320000,75.67,76.71,76.19,,,,0.4714,0.9654,0.0016,-0.1082,0.0775,0.2004
2026-09-15,GLD,394.77,2026-09-15T19:08:54.669193043Z,2026-10-09,24,C,325.0,0.823264,GLD261009C00325000,70.43,73.36,71.895,,,,0.5118,0.9413,0.0023,-0.158,0.1186,0.197
2026-09-15,GLD,394.77,2026-09-15T19:08:52.909892085Z,2026-10-09,24,C,330.0,0.83593,GLD261009C00330000,63.74,67.54,65.64,8,1,2026-09-11,0.3089,0.9901,0.0008,-0.0514,0.0266,0.2138
2026-09-15,GLD,394.77,2026-09-15T19:10:14.662894041Z,2026-10-09,24,C,335.0,0.848595,GLD261009C00335000,59.95,62.7,61.325,8,2,2026-09-11,0.396,0.9545,0.0024,-0.113,0.0967,0.2074
2026-09-15,GLD,394.77,2026-09-15T19:09:58.114765565Z,2026-10-09,24,C,340.0,0.861261,GLD261009C00340000,54.09,58.18,56.135,,,,0.3457,0.9604,0.0024,-0.0963,0.0865,0.2123
2026-09-15,GLD,394.77,2026-09-15T19:09:59.261791689Z,2026-10-09,24,C,345.0,0.873927,GLD261009C00345000,49.47,51.8,50.635,,,,0.2259,0.9917,0.001,-0.0467,0.0229,0.2241
2026-09-15,GLD,394.77,2026-09-15T19:09:59.157668336Z,2026-10-09,24,C,350.0,0.886592,GLD261009C00350000,45.26,47.84,46.55,,,,0.3252,0.9349,0.0039,-0.121,0.1284,0.212
2026-09-15,GLD,394.77,2026-09-15T19:09:59.260283079Z,2026-10-09,24,C,355.0,0.899258,GLD261009C00355000,40.86,42.8,41.83,,,,0.3139,0.9176,0.0048,-0.1344,0.1539,0.2106
2026-09-15,GLD,394.77,2026-09-15T19:09:45.320410982Z,2026-10-09,24,C,360.0,0.911923,GLD261009C00360000,36.78,37.7,37.24,,,,0.3055,0.8936,0.0059,-0.1515,0.1858,0.2074
2026-09-15,GLD,394.77,2026-09-15T19:10:25.941814004Z,2026-10-09,24,C,365.0,0.924589,GLD261009C00365000,32.8,33.3,33.05,1,2,2026-09-11,0.3098,0.8546,0.0073,-0.1812,0.2311,0.2001
2026-09-15,GLD,394.77,2026-09-15T19:10:18.861249742Z,2026-10-09,24,C,372.0,0.942321,GLD261009C00372000,26.55,27.1,26.825,1,1,2026-09-11,0.2881,0.8087,0.0093,-0.1963,0.2758,0.1922
2026-09-15,GLD,394.77,2026-09-15T19:10:26.520148445Z,2026-10-09,24,C,374.0,0.947387,GLD261009C00374000,24.47,24.7,24.585,2,1,2026-09-11,0.2639,0.8071,0.0103,-0.1834,0.2772,0.1933
2026-09-15,GLD,394.77,2026-09-15T19:10:25.118133985Z,2026-10-09,24,C,378.0,0.95752,GLD261009C00378000,20.96,21.82,21.39,1,2,2026-09-11,0.2592,0.7647,0.0117,-0.1976,0.3112,0.1844
2026-09-15,GLD,394.77,2026-09-15T19:10:25.940430634Z,2026-10-09,24,C,380.0,0.962586,GLD261009C00380000,20.08,20.1,20.09,1,3,2026-09-11,0.264,0.7362,0.0122,-0.2104,0.3307,0.1779
2026-09-15,GLD,394.77,2026-09-15T19:10:18.877708365Z,2026-10-09,24,C,384.0,0.972718,GLD261009C00384000,16.73,17.37,17.05,1,5,2026-09-11,0.2557,0.6881,0.0137,-0.2175,0.358,0.1674
2026-09-15,GLD,394.77,2026-09-15T19:10:17.564255172Z,2026-10-09,24,C,386.0,0.977785,GLD261009C00386000,15.77,16.19,15.98,4,4,2026-09-11,0.2618,0.6566,0.0139,-0.2286,0.3722,0.1599
2026-09-15,GLD,394.77,2026-09-15T19:10:26.524328375Z,2026-10-09,24,C,390.0,0.987917,GLD261009C00390000,12.97,13.43,13.2,2,10,2026-09-11,0.2521,0.6013,0.0151,-0.2288,0.3907,0.1474
2026-09-15,GLD,394.77,2026-09-15T19:10:13.468966326Z,2026-10-09,24,C,392.0,0.992983,GLD261009C00392000,12.07,12.42,12.245,3,15,2026-09-11,0.2562,0.5698,0.0151,-0.2346,0.3976,0.1398
2026-09-15,GLD,394.77,2026-09-15T19:10:26.177706567Z,2026-10-09,24,C,396.0,1.003116,GLD261009C00396000,10.07,10.2,10.135,61,6,2026-09-11,0.2547,0.5084,0.0155,-0.2342,0.4037,0.1253
2026-09-15,GLD,394.77,2026-09-15T19:10:12.688281046Z,2026-10-09,24,C,398.0,1.008182,GLD261009C00398000,9.12,9.29,9.205,2,79,2026-09-11,0.2547,0.4776,0.0155,-0.2328,0.4031,0.1179
2026-09-15,GLD,394.77,2026-09-15T19:10:25.873125455Z,2026-10-09,24,C,402.0,1.018314,GLD261009C00402000,7.62,7.64,7.63,2,40,2026-09-11,0.2574,0.4183,0.015,-0.2285,0.3953,0.1035
2026-09-15,GLD,394.77,2026-09-15T19:10:18.927667539Z,2026-10-09,24,C,404.0,1.023381,GLD261009C00404000,6.83,7.07,6.95,20,35,2026-09-11,0.2593,0.3901,0.0146,-0.2253,0.3884,0.0967
2026-09-15,GLD,394.77,2026-09-15T19:10:26.17798752Z,2026-10-09,24,C,408.0,1.033513,GLD261009C00408000,5.47,5.76,5.615,3,47,2026-09-11,0.2596,0.3349,0.0139,-0.2127,0.3687,0.0832
2026-09-15,GLD,394.77,2026-09-15T19:10:26.922784258Z,2026-10-09,24,C,410.0,1.038579,GLD261009C00410000,5.02,5.19,5.105,56,142,2026-09-11,0.262,0.3104,0.0133,-0.2074,0.3572,0.0772
2026-09-15,GLD,394.77,2026-09-15T19:10:18.927908362Z,2026-10-09,24,C,414.0,1.048712,GLD261009C00414000,4.1,4.21,4.155,7,121,2026-09-11,0.265,0.2639,0.0122,-0.1932,0.3308,0.0658
2026-09-15,GLD,394.77,2026-09-15T19:10:07.677240575Z,2026-10-09,24,C,416.0,1.053778,GLD261009C00416000,3.58,3.79,3.685,19,36,2026-09-11,0.2648,0.241,0.0116,-0.1836,0.3154,0.0601
2026-09-15,GLD,394.77,2026-09-15T19:10:25.872418323Z,2026-10-09,24,C,420.0,1.063911,GLD261009C00420000,2.98,3.06,3.02,46,193,2026-09-11,0.2695,0.2038,0.0104,-0.1691,0.2866,0.0509
2026-09-15,GLD,394.77,2026-09-15T19:10:26.519739583Z,2026-10-09,24,C,422.0,1.068977,GLD261009C00422000,2.64,2.85,2.745,9,72,2026-09-11,0.2723,0.1876,0.0098,-0.1621,0.2725,0.0469
2026-09-15,GLD,394.77,2026-09-15T19:10:25.929374324Z,2026-10-09,24,C,426.0,1.079109,GLD261009C00426000,2.14,2.33,2.235,2,118,2026-09-11,0.2764,0.1573,0.0086,-0.1466,0.2436,0.0394
2026-09-15,GLD,394.77,2026-09-15T19:10:26.141480133Z,2026-10-09,24,C,428.0,1.084176,GLD261009C00428000,1.97,2.04,2.005,6,15,2026-09-11,0.278,0.1434,0.008,-0.1384,0.229,0.0359
2026-09-15,GLD,394.77,2026-09-15T19:10:25.194787565Z,2026-10-09,24,C,432.0,1.094308,GLD261009C00432000,1.62,1.78,1.7,5,16,2026-09-11,0.2857,0.1227,0.007,-0.1273,0.2056,0.0307
2026-09-15,GLD,394.77,2026-09-15T19:10:14.428810683Z,2026-10-09,24,C,434.0,1.099374,GLD261009C00434000,1.46,1.57,1.515,5,32,2026-09-11,0.2867,0.1112,0.0065,-0.119,0.1918,0.0279
2026-09-15,GLD,394.77,2026-09-15T19:10:18.816492361Z,2026-10-09,24,C,440.0,1.114573,GLD261009C00440000,1.06,1.2,1.13,10,303,2026-09-11,0.294,0.0853,0.0052,-0.1001,0.1579,0.0214
2026-09-15,GLD,394.77,2026-09-15T19:10:06.926940866Z,2026-10-09,24,C,445.0,1.127239,GLD261009C00445000,0.85,0.96,0.905,7,129,2026-09-11,0.3013,0.0693,0.0044,-0.0874,0.1348,0.0174
2026-09-15,GLD,394.77,2026-09-15T19:09:58.941132098Z,2026-10-09,24,C,450.0,1.139904,GLD261009C00450000,0.73,0.8,0.765,12,165,2026-09-11,0.3117,0.0583,0.0037,-0.0789,0.1179,0.0146
2026-09-15,GLD,394.77,2026-09-15T19:10:01.928153125Z,2026-10-09,24,C,455.0,1.15257,GLD261009C00455000,0.54,0.75,0.645,8,53,2026-09-11,0.3213,0.0491,0.0031,-0.0708,0.1028,0.0123
2026-09-15,GLD,394.77,2026-09-15T19:10:08.663969312Z,2026-10-09,24,C,460.0,1.165235,GLD261009C00460000,0.5,0.55,0.525,4,110,2026-09-11,0.3282,0.0403,0.0026,-0.0616,0.0878,0.0101
2026-09-15,GLD,394.77,2026-09-15T19:10:11.42707677Z,2026-10-09,24,C,465.0,1.177901,GLD261009C00465000,0.42,0.43,0.425,7,43,2026-09-11,0.3345,0.033,0.0022,-0.0532,0.0745,0.0083
2026-09-15,GLD,394.77,2026-09-15T19:10:11.42707677Z,2026-10-09,24,C,470.0,1.190567,GLD261009C00470000,0.37,0.41,0.39,5,75,2026-09-11,0.3475,0.0296,0.0019,-0.0505,0.0681,0.0074
2026-09-15,GLD,394.77,2026-09-15T19:09:58.921151377Z,2026-10-09,24,C,475.0,1.203232,GLD261009C00475000,0.3,0.47,0.385,1,15,2026-09-11,0.3642,0.0281,0.0017,-0.0506,0.0652,0.007
2026-09-15,GLD,394.77,2026-09-15T19:09:47.3562981Z,2026-10-09,24,C,480.0,1.215898,GLD261009C00480000,0.23,0.46,0.345,17,385,2026-09-11,0.3747,0.0249,0.0015,-0.047,0.0589,0.0062
2026-09-15,GLD,394.77,2026-09-15T19:10:14.413148363Z,2026-10-09,24,C,485.0,1.228563,GLD261009C00485000,0.24,0.43,0.335,1,21,2026-09-11,0.3896,0.0235,0.0014,-0.0464,0.0561,0.0059
2026-09-15,GLD,394.77,2026-09-15T19:10:19.207610981Z,2026-10-09,24,C,490.0,1.241229,GLD261009C00490000,0.17,0.37,0.27,31,34,2026-09-11,0.393,0.0192,0.0012,-0.0395,0.0473,0.0048
2026-09-15,GLD,394.77,2026-09-15T19:09:58.917812566Z,2026-10-09,24,C,495.0,1.253895,GLD261009C00495000,0.15,0.4,0.275,23,,,0.4098,0.0188,0.0011,-0.0405,0.0466,0.0047
2026-09-15,GLD,394.77,2026-09-15T19:10:00.263170654Z,2026-10-09,24,C,500.0,1.26656,GLD261009C00500000,0.14,0.22,0.18,13,27,2026-09-11,0.4012,0.0131,0.0008,-0.0291,0.0341,0.0033
2026-09-15,GLD,394.77,2026-09-15T19:10:00.286420839Z,2026-10-09,24,C,505.0,1.279226,GLD261009C00505000,0.16,0.31,0.235,2,6,2026-09-11,0.4308,0.0157,0.0009,-0.0363,0.0398,0.0039
2026-09-15,GLD,394.77,2026-09-15T19:10:19.251214249Z,2026-10-09,24,C,510.0,1.291891,GLD261009C00510000,0.11,0.21,0.16,2,7,2026-09-11,0.4236,0.0112,0.0007,-0.0268,0.0299,0.0028
2026-09-15,GLD,394.77,2026-09-15T19:09:58.919517586Z,2026-10-09,24,P,280.0,0.709274,GLD261009P00280000,0.03,0.06,0.045,16,7,2026-09-11,0.4995,-0.0029,0.0002,-0.0091,0.0089,-0.0008
2026-09-15,GLD,394.77,2026-09-15T19:09:58.923540237Z,2026-10-09,24,P,285.0,0.721939,GLD261009P00285000,0.01,0.11,0.06,16,23,2026-09-11,0.4907,-0.0038,0.0002,-0.0115,0.0114,-0.001
2026-09-15,GLD,394.77,2026-09-15T19:10:28.169322394Z,2026-10-09,24,P,290.0,0.734605,GLD261009P00290000,0.01,0.07,0.04,16,29,2026-09-11,0.4476,-0.0028,0.0002,-0.0081,0.0088,-0.0008
2026-09-15,GLD,394.77,2026-09-15T19:10:28.169104367Z,2026-10-09,24,P,295.0,0.747271,GLD261009P00295000,0.05,0.08,0.065,16,11,2026-09-11,0.4475,-0.0044,0.0003,-0.0121,0.0132,-0.0012
2026-09-15,GLD,394.77,2026-09-15T19:10:28.169083472Z,2026-10-09,24,P,300.0,0.759936,GLD261009P00300000,0.06,0.09,0.075,32,51,2026-09-11,0.4311,-0.0052,0.0003,-0.0135,0.0153,-0.0014
2026-09-15,GLD,394.77,2026-09-15T19:10:28.169047504Z,2026-10-09,24,P,305.0,0.772602,GLD261009P00305000,0.03,0.14,0.085,16,12,2026-09-11,0.4138,-0.0061,0.0004,-0.0148,0.0175,-0.0016
2026-09-15,GLD,394.77,2026-09-15T19:10:28.169017509Z,2026-10-09,24,P,310.0,0.785267,GLD261009P00310000,0.09,0.16,0.125,16,9,2026-09-11,0.4096,-0.0087,0.0006,-0.0201,0.024,-0.0023
2026-09-15,GLD,394.77,2026-09-15T19:09:14.391755767Z,2026-10-09,24,P,315.0,0.797933,GLD261009P00315000,0.08,0.13,0.105,17,8,2026-09-11,0.3772,-0.0081,0.0006,-0.0172,0.0223,-0.0022
2026-09-15,GLD,394.77,2026-09-15T19:10:28.169068812Z,2026-10-09,24,P,320.0,0.810599,GLD261009P00320000,0.14,0.2,0.17,16,17,2026-09-11,0.3772,-0.0124,0.0008,-0.0251,0.0326,-0.0033
2026-09-15,GLD,394.77,2026-09-15T19:09:51.700866346Z,2026-10-09,24,P,325.0,0.823264,GLD261009P00325000,0.14,0.2,0.17,17,3,2026-09-11,0.353,-0.0132,0.001,-0.0247,0.0344,-0.0035
2026-09-15,GLD,394.77,2026-09-15T19:10:28.169083472Z,2026-10-09,24,P,330.0,0.83593,GLD261009P00330000,0.22,0.26,0.24,4,393,2026-09-11,0.3461,-0.0183,0.0013,-0.032,0.0455,-0.0049
2026-09-15,GLD,394.77,2026-09-15T19:10:28.169047504Z,2026-10-09,24,P,335.0,0.848595,GLD261009P00335000,0.24,0.3,0.27,11,29,2026-09-11,0.3273,-0.0214,0.0015,-0.0345,0.0519,-0.0057
2026-09-15,GLD,394.77,2026-09-15T19:10:28.169187102Z,2026-10-09,24,P,340.0,0.861261,GLD261009P00340000,0.36,0.6,0.48,6,103,2026-09-11,0.334,-0.0348,0.0023,-0.0527,0.0779,-0.0094
2026-09-15,GLD,394.77,2026-09-15T19:10:28.045542009Z,2026-10-09,24,P,345.0,0.873927,GLD261009P00345000,0.43,0.53,0.48,1,27,2026-09-11,0.3072,-0.0375,0.0026,-0.0514,0.0828,-0.0101
2026-09-15,GLD,394.77,2026-09-15T19:10:28.169047504Z,2026-10-09,24,P,350.0,0.886592,GLD261009P00350000,0.61,0.68,0.645,4,75,2026-09-11,0.2976,-0.0498,0.0034,-0.0624,0.1041,-0.0134
2026-09-15,GLD,394.77,2026-09-15T19:10:28.174901519Z,2026-10-09,24,P,355.0,0.899258,GLD261009P00355000,0.81,0.97,0.89,1,1370,2026-09-11,0.2898,-0.0671,0.0044,-0.0765,0.1316,-0.018
2026-09-15,GLD,394.77,2026-09-15T19:10:28.172114968Z,2026-10-09,24,P,360.0,0.911923,GLD261009P00360000,1.09,1.22,1.155,6,1069,2026-09-11,0.278,-0.0866,0.0056,-0.0888,0.1597,-0.0232
2026-09-15,GLD,394.77,2026-09-15T19:10:28.169104367Z,2026-10-09,24,P,365.0,0.924589,GLD261009P00365000,1.5,1.63,1.565,3,6367,2026-09-11,0.2694,-0.1144,0.0071,-0.1049,0.1957,-0.0307
2026-09-15,GLD,394.77,2026-09-15T19:10:28.184687722Z,2026-10-09,24,P,372.0,0.942321,GLD261009P00372000,2.37,2.43,2.4,2,26,2026-09-11,0.2584,-0.1672,0.0096,-0.1292,0.2534,-0.045
2026-09-15,GLD,394.77,2026-09-15T19:10:28.167026964Z,2026-10-09,24,P,374.0,0.947387,GLD261009P00374000,2.7,2.81,2.755,18,68,2026-09-11,0.2571,-0.1872,0.0103,-0.1377,0.2721,-0.0504
2026-09-15,GLD,394.77,2026-09-15T19:10:28.184924704Z,2026-10-09,24,P,378.0,0.95752,GLD261009P00378000,3.49,3.7,3.595,11,1339,2026-09-11,0.2547,-0.2317,0.0118,-0.1537,0.3086,-0.0625
2026-09-15,GLD,394.77,2026-09-15T19:10:28.185631895Z,2026-10-09,24,P,380.0,0.962586,GLD261009P00380000,3.93,4.07,4.0,12,1238,2026-09-11,0.2509,-0.2542,0.0126,-0.1586,0.3244,-0.0686
2026-09-15,GLD,394.77,2026-09-15T19:10:28.030656625Z,2026-10-09,24,P,384.0,0.972718,GLD261009P00384000,5,5.32,5.16,6,75,2026-09-11,0.2495,-0.3081,0.0139,-0.1717,0.3561,-0.0834
2026-09-15,GLD,394.77,2026-09-15T19:10:28.164936966Z,2026-10-09,24,P,386.0,0.977785,GLD261009P00386000,5.68,5.9,5.79,47,26,2026-09-11,0.2479,-0.3364,0.0145,-0.1761,0.3693,-0.0911
2026-09-15,GLD,394.77,2026-09-15T19:10:28.165008774Z,2026-10-09,24,P,390.0,0.987917,GLD261009P00390000,7.36,7.54,7.45,76,285,2026-09-11,0.2504,-0.3982,0.0152,-0.1864,0.3906,-0.1082
2026-09-15,GLD,394.77,2026-09-15T19:10:28.167034519Z,2026-10-09,24,P,392.0,0.992983,GLD261009P00392000,8.36,8.61,8.485,2,23,2026-09-11,0.2544,-0.4299,0.0153,-0.192,0.3975,-0.1172
2026-09-15,GLD,394.77,2026-09-15T19:10:28.167034519Z,2026-10-09,24,P,396.0,1.003116,GLD261009P00396000,10.1,10.36,10.23,45,18,2026-09-11,0.2496,-0.492,0.0158,-0.1884,0.4037,-0.1344
2026-09-15,GLD,394.77,2026-09-15T19:10:28.154657354Z,2026-10-09,24,P,398.0,1.008182,GLD261009P00398000,11.1,11.58,11.34,39,83,2026-09-11,0.2507,-0.5231,0.0157,-0.1876,0.4031,-0.1432
2026-09-15,GLD,394.77,2026-09-15T19:10:28.167034519Z,2026-10-09,24,P,402.0,1.018314,GLD261009P00402000,13.73,14.21,13.97,13,71,2026-09-11,0.2588,-0.5812,0.0149,-0.1875,0.3954,-0.16
2026-09-15,GLD,394.77,2026-09-15T19:10:28.200667482Z,2026-10-09,24,P,404.0,1.023381,GLD261009P00404000,14.84,15.1,14.97,1,114,2026-09-11,0.2526,-0.6134,0.015,-0.1768,0.3874,-0.169
2026-09-15,GLD,394.77,2026-09-15T19:09:43.545833973Z,2026-10-09,24,P,408.0,1.033513,GLD261009P00408000,17.44,18.54,17.99,4,44,2026-09-11,0.2625,-0.6632,0.0137,-0.1726,0.3695,-0.1839
2026-09-15,GLD,394.77,2026-09-15T19:10:28.039462511Z,2026-10-09,24,P,410.0,1.038579,GLD261009P00410000,19.44,19.74,19.59,12,225,2026-09-11,0.2682,-0.6851,0.0131,-0.1703,0.3595,-0.1907
2026-09-15,GLD,394.77,2026-09-15T19:08:52.909296497Z,2026-10-09,24,P,414.0,1.048712,GLD261009P00414000,22.61,23.09,22.85,21,45,2026-09-11,0.2782,-0.7251,0.0118,-0.1631,0.3376,-0.2032
2026-09-15,GLD,394.77,2026-09-15T19:09:43.81486953Z,2026-10-09,24,P,416.0,1.053778,GLD261009P00416000,23.87,24.59,24.23,20,28,2026-09-11,0.274,-0.7507,0.0114,-0.1496,0.3211,-0.2108
2026-09-15,GLD,394.77,2026-09-15T19:08:52.910123078Z,2026-10-09,24,P,420.0,1.063911,GLD261009P00420000,26.83,27.31,27.07,1,41,2026-09-11,0.2628,-0.8025,0.0104,-0.1177,0.2812,-0.2261
2026-09-15,GLD,394.77,2026-09-15T19:09:47.072685781Z,2026-10-09,24,P,422.0,1.068977,GLD261009P00422000,29.1,30.04,29.57,1,4,2026-09-11,0.2933,-0.7933,0.0096,-0.1405,0.2889,-0.2253
2026-09-15,GLD,394.77,2026-09-15T19:09:46.909160702Z,2026-10-09,24,P,426.0,1.079109,GLD261009P00426000,32.31,32.65,32.48,1,3,2026-09-11,0.2773,-0.8419,0.0086,-0.1027,0.2444,-0.2398
2026-09-15,GLD,394.77,2026-09-15T19:10:28.173678398Z,2026-10-09,24,P,428.0,1.084176,GLD261009P00428000,34.21,34.64,34.425,4,7,2026-09-11,0.2866,-0.8487,0.0081,-0.1028,0.2373,-0.2429
2026-09-15,GLD,394.77,2026-09-15T19:09:43.77639611Z,2026-10-09,24,P,432.0,1.094308,GLD261009P00432000,38.45,39,38.725,12,47,2026-09-11,0.3222,-0.8464,0.0073,-0.1216,0.2397,-0.2451
2026-09-15,GLD,394.77,2026-09-15T19:10:28.233962685Z,2026-10-09,24,P,434.0,1.099374,GLD261009P00434000,40.24,40.94,40.59,7,7,2026-09-11,0.3278,-0.8548,0.0069,-0.1178,0.2309,-0.2485
2026-09-15,GLD,394.77,2026-09-15T19:10:28.024196275Z,2026-10-09,24,P,440.0,1.114573,GLD261009P00440000,45.11,45.43,45.27,1,1,2026-09-11,0.2908,-0.9171,0.0052,-0.0507,0.1546,-0.2678
2026-09-15,GLD,394.77,2026-09-15T19:10:28.173577776Z,2026-10-09,24,P,445.0,1.127239,GLD261009P00445000,49.73,52.6,51.165,,,,0.3664,-0.8855,0.0052,-0.1073,0.1959,-0.2635
2026-09-15,GLD,394.77,2026-09-15T19:10:28.185265875Z,2026-10-09,24,P,450.0,1.139904,GLD261009P00450000,53,57.57,55.285,,,,0.3389,-0.9246,0.0041,-0.0573,0.1439,-0.2763
2026-09-15,GLD,394.77,2026-09-15T19:10:28.171423125Z,2026-10-09,24,P,455.0,1.15257,GLD261009P00455000,59.73,61.6,60.665,,,,0.3869,-0.9127,0.0041,-0.0852,0.1606,-0.2768
2026-09-15,GLD,394.77,2026-09-15T19:08:52.910604375Z,2026-10-09,24,P,460.0,1.165235,GLD261009P00460000,63.83,68.39,66.11,,,,0.4368,-0.9012,0.0039,-0.1158,0.1761,-0.2774
2026-09-15,GLD,394.77,2026-09-15T19:09:19.712617461Z,2026-10-09,24,P,465.0,1.177901,GLD261009P00465000,68.71,73.14,70.925,,,,0.4491,-0.9105,0.0036,-0.1078,0.1637,-0.2829
2026-09-15,GLD,394.77,2026-09-15T19:08:52.910608796Z,2026-10-09,24,P,470.0,1.190567,GLD261009P00470000,74.81,77.21,76.01,,,,0.4769,-0.9108,0.0033,-0.1163,0.1632,-0.2864
2026-09-15,GLD,394.77,2026-09-15T19:08:52.918192455Z,2026-10-09,24,P,475.0,1.203232,GLD261009P00475000,76.82,82.37,79.595,,,,0.3796,-0.9662,0.002,-0.0115,0.076,-0.3031
2026-09-15,GLD,394.77,2026-09-15T19:08:52.910199024Z,2026-10-09,24,P,480.0,1.215898,GLD261009P00480000,82.55,86.24,84.395,,,,0.368,-0.9772,0.0015,0.0076,0.0547,-0.3091
2026-09-15,GLD,394.77,2026-09-15T19:08:58.111178196Z,2026-10-09,24,P,485.0,1.228563,GLD261009P00485000,87.14,92.38,89.76,,,,0.4386,-0.9602,0.0019,-0.03,0.0868,-0.3082
2026-09-15,GLD,394.77,2026-09-15T19:08:52.909446848Z,2026-10-09,24,P,490.0,1.241229,GLD261009P00490000,92.45,98.25,95.35,,,,0.5149,-0.9398,0.0023,-0.0806,0.1209,-0.3066
2026-09-15,GLD,394.77,2026-09-15T19:08:52.918201664Z,2026-10-09,24,P,495.0,1.253895,GLD261009P00495000,98.22,102.07,100.145,,,,0.5167,-0.9478,0.002,-0.0664,0.1081,-0.3118
2026-09-15,GLD,394.77,2026-09-15T19:08:52.910207867Z,2026-10-09,24,P,500.0,1.26656,GLD261009P00500000,102.32,109.26,105.79,2,,,0.5891,-0.9297,0.0023,-0.1176,0.1364,-0.3108
2026-09-15,GLD,394.77,2026-09-15T19:08:52.918238346Z,2026-10-09,24,P,505.0,1.279226,GLD261009P00505000,107.24,113.08,110.16,,,,0.5564,-0.9493,0.0019,-0.0713,0.1056,-0.3188
2026-09-15,GLD,394.77,2026-09-15T19:08:52.918238346Z,2026-10-09,24,P,510.0,1.291891,GLD261009P00510000,114.8,118.45,116.625,,,,0.6854,-0.9125,0.0023,-0.1797,0.161,-0.3135
2026-09-15,GLD,394.77,2026-09-15T19:08:52.909225056Z,2026-10-16,31,C,280.0,0.709274,GLD261016C00280000,114.48,115.21,114.845,1,4,2026-09-11,,,,,,
2026-09-15,GLD,394.77,2026-09-15T19:09:58.926526638Z,2026-10-16,31,C,285.0,0.721939,GLD261016C00285000,108.4,113,110.7,1,4,2026-09-11,0.4388,0.9958,0.0002,-0.0399,0.0142,0.2398
2026-09-15,GLD,394.77,2026-09-15T19:08:54.667698285Z,2026-10-16,31,C,290.0,0.734605,GLD261016C00290000,105.38,105.49,105.435,10,12,2026-09-11,,,,,,
2026-09-15,GLD,394.77,2026-09-15T19:08:52.911695603Z,2026-10-16,31,C,295.0,0.747271,GLD261016C00295000,99.14,102.37,100.755,2,10,2026-09-11,0.4098,0.9942,0.0003,-0.0433,0.0189,0.2477
2026-09-15,GLD,394.77,2026-09-15T19:09:06.83982956Z,2026-10-16,31,C,300.0,0.759936,GLD261016C00300000,94.75,96.03,95.39,10,501,2026-09-11,,,,,,
2026-09-15,GLD,394.77,2026-09-15T19:08:52.909756391Z,2026-10-16,31,C,305.0,0.772602,GLD261016C00305000,89.01,91.89,90.45,1,6,2026-09-11,,,,,,
2026-09-15,GLD,394.77,2026-09-15T19:08:52.911810994Z,2026-10-16,31,C,310.0,0.785267,GLD261016C00310000,83.25,87.42,85.335,2,11,2026-09-11,,,,,,
2026-09-15,GLD,394.77,2026-09-15T19:08:55.67494541Z,2026-10-16,31,C,315.0,0.797933,GLD261016C00315000,80.71,82.24,81.475,3,47,2026-09-11,0.4489,0.9652,0.0015,-0.0957,0.0885,0.2544
2026-09-15,GLD,394.77,2026-09-15T19:05:45.255934685Z,2026-10-16,31,C,320.0,0.810599,GLD261016C00320000,75.12,76.47,75.795,1,135,2026-09-11,0.2856,0.9954,0.0004,-0.0407,0.0155,0.2693
2026-09-15,GLD,394.77,2026-09-15T19:10:03.451452686Z,2026-10-16,31,C,325.0,0.823264,GLD261016C00325000,69.96,71.81,70.885,11,166,2026-09-11,0.2981,0.9898,0.0008,-0.0488,0.0313,0.2716
2026-09-15,GLD,394.77,2026-09-15T19:09:58.934033977Z,2026-10-16,31,C,330.0,0.83593,GLD261016C00330000,65.239,67.16,66.1995,11,76,2026-09-11,0.3347,0.9724,0.0016,-0.073,0.073,0.2698
2026-09-15,GLD,394.77,2026-09-15T19:09:51.692508704Z,2026-10-16,31,C,335.0,0.848595,GLD261016C00335000,60.35,61.25,60.8,2,159,2026-09-11,0.1843,0.9992,0.0001,-0.0362,0.0033,0.2833
2026-09-15,GLD,394.77,2026-09-15T19:09:19.643583933Z,2026-10-16,31,C,342.0,0.866327,GLD261016C00342000,52.45,56.05,54.25,2,12,2026-09-11,0.2801,0.9668,0.0023,-0.073,0.085,0.278
2026-09-15,GLD,394.77,2026-09-15T19:10:03.605540495Z,2026-10-16,31,C,343.0,0.86886,GLD261016C00343000,53.08,55.74,54.41,10,11,2026-09-11,0.3647,0.92,0.0035,-0.1332,0.171,0.2622
2026-09-15,GLD,394.77,2026-09-15T19:09:19.673807017Z,2026-10-16,31,C,348.0,0.881526,GLD261016C00348000,47.64,50.26,48.95,1,2,2026-09-11,0.3078,0.9312,0.0037,-0.1093,0.1523,0.2706
2026-09-15,GLD,394.77,2026-09-15T19:08:52.909300919Z,2026-10-16,31,C,349.0,0.884059,GLD261016C00349000,46.73,49.17,47.95,1,3,2026-09-11,0.3023,0.9303,0.0038,-0.1088,0.1539,0.2711
2026-09-15,GLD,394.77,2026-09-15T19:09:19.627401616Z,2026-10-16,31,C,354.0,0.896725,GLD261016C00354000,43.18,43.73,43.455,2,2,2026-09-11,0.3029,0.9056,0.0048,-0.1277,0.1936,0.2667
2026-09-15,GLD,394.77,2026-09-15T19:10:24.883802593Z,2026-10-16,31,C,355.0,0.899258,GLD261016C00355000,41.33,42.34,41.835,2,60,2026-09-11,0.2619,0.9292,0.0045,-0.1001,0.1558,0.276
2026-09-15,GLD,394.77,2026-09-15T19:10:24.243116074Z,2026-10-16,31,C,360.0,0.911923,GLD261016C00360000,37.98,38.43,38.205,12,562,2026-09-11,0.3011,0.8707,0.0061,-0.15,0.2424,0.2594
2026-09-15,GLD,394.77,2026-09-15T19:10:17.400660256Z,2026-10-16,31,C,361.0,0.914457,GLD261016C00361000,36.21,36.37,36.29,9,9,2026-09-11,0.254,0.901,0.006,-0.1158,0.2004,0.2712
2026-09-15,GLD,394.77,2026-09-15T19:10:25.943073495Z,2026-10-16,31,C,366.0,0.927122,GLD261016C00366000,32.119,32.36,32.2395,1,65,2026-09-11,0.2648,0.8553,0.0075,-0.1441,0.2618,0.2593
2026-09-15,GLD,394.77,2026-09-15T19:10:24.02929924Z,2026-10-16,31,C,367.0,0.929655,GLD261016C00367000,31.18,31.56,31.37,1,13,2026-09-11,0.2633,0.8483,0.0078,-0.1468,0.2702,0.2577
2026-09-15,GLD,394.77,2026-09-15T19:10:24.029905747Z,2026-10-16,31,C,372.0,0.942321,GLD261016C00372000,27.56,27.83,27.695,1,38,2026-09-11,0.2739,0.7948,0.009,-0.1747,0.3271,0.2429
2026-09-15,GLD,394.77,2026-09-15T19:10:25.876915684Z,2026-10-16,31,C,374.0,0.947387,GLD261016C00374000,25.57,26.39,25.98,1,57,2026-09-11,0.2681,0.7795,0.0096,-0.1772,0.3411,0.2392
2026-09-15,GLD,394.77,2026-09-15T19:09:43.57527231Z,2026-10-16,31,C,378.0,0.95752,GLD261016C00378000,22.19,22.8,22.495,2,130,2026-09-11,0.253,0.7478,0.011,-0.1787,0.3672,0.2316
2026-09-15,GLD,394.77,2026-09-15T19:10:26.178093994Z,2026-10-16,31,C,380.0,0.962586,GLD261016C00380000,20.66,21.55,21.105,596,5567,2026-09-11,0.2538,0.7239,0.0115,-0.1853,0.3846,0.2247
2026-09-15,GLD,394.77,2026-09-15T19:10:26.041418863Z,2026-10-16,31,C,384.0,0.972718,GLD261016C00384000,18.15,18.31,18.23,2,13,2026-09-11,0.2492,0.6772,0.0125,-0.1922,0.4128,0.2115
2026-09-15,GLD,394.77,2026-09-15T19:10:01.333917607Z,2026-10-16,31,C,386.0,0.977785,GLD261016C00386000,17.29,17.69,17.49,2,166,2026-09-11,0.2616,0.6456,0.0124,-0.2056,0.428,0.2016
2026-09-15,GLD,394.77,2026-09-15T19:10:23.040430987Z,2026-10-16,31,C,390.0,0.987917,GLD261016C00390000,14.77,15.02,14.895,3024,7775,2026-09-11,0.2562,0.5955,0.0131,-0.2074,0.4457,0.187
2026-09-15,GLD,394.77,2026-09-15T19:10:25.225041131Z,2026-10-16,31,C,392.0,0.992983,GLD261016C00392000,13.41,13.78,13.595,26,109,2026-09-11,0.2518,0.5694,0.0136,-0.2059,0.4519,0.1793
2026-09-15,GLD,394.77,2026-09-15T19:10:26.519759097Z,2026-10-16,31,C,396.0,1.003116,GLD261016C00396000,11.42,11.73,11.575,8,121,2026-09-11,0.2524,0.5146,0.0137,-0.2069,0.4586,0.1627
2026-09-15,GLD,394.77,2026-09-15T19:10:25.872560531Z,2026-10-16,31,C,398.0,1.008182,GLD261016C00398000,10.36,10.78,10.57,15,157,2026-09-11,0.2509,0.487,0.0138,-0.2048,0.4587,0.1543
2026-09-15,GLD,394.77,2026-09-15T19:10:25.194693819Z,2026-10-16,31,C,402.0,1.018314,GLD261016C00402000,9,9.32,9.16,23,884,2026-09-11,0.2577,0.4353,0.0133,-0.2054,0.4529,0.1382
2026-09-15,GLD,394.77,2026-09-15T19:10:24.264259728Z,2026-10-16,31,C,404.0,1.023381,GLD261016C00404000,8.2,8.34,8.27,46,2651,2026-09-11,0.2554,0.4084,0.0132,-0.2002,0.4467,0.1299
2026-09-15,GLD,394.77,2026-09-15T19:10:17.682307752Z,2026-10-16,31,C,408.0,1.033513,GLD261016C00408000,6.92,7.02,6.97,43,1422,2026-09-11,0.258,0.3596,0.0126,-0.1933,0.4302,0.1146
2026-09-15,GLD,394.77,2026-09-15T19:10:18.928168991Z,2026-10-16,31,C,410.0,1.038579,GLD261016C00410000,6.24,6.47,6.355,371,6757,2026-09-11,0.2586,0.336,0.0123,-0.1883,0.4195,0.1072
2026-09-15,GLD,394.77,2026-09-15T19:10:26.178299518Z,2026-10-16,31,C,414.0,1.048712,GLD261016C00414000,5.1,5.43,5.265,16,152,2026-09-11,0.2599,0.2915,0.0115,-0.1771,0.3947,0.0932
2026-09-15,GLD,394.77,2026-09-15T19:10:18.928168991Z,2026-10-16,31,C,416.0,1.053778,GLD261016C00416000,4.74,4.92,4.83,4,476,2026-09-11,0.2619,0.2717,0.011,-0.172,0.3816,0.087
2026-09-15,GLD,394.77,2026-09-15T19:10:06.29125055Z,2026-10-16,31,C,420.0,1.063911,GLD261016C00420000,3.89,3.98,3.935,732,5097,2026-09-11,0.2623,0.2322,0.0101,-0.1578,0.3511,0.0745
2026-09-15,GLD,394.77,2026-09-15T19:10:06.927723648Z,2026-10-16,31,C,422.0,1.068977,GLD261016C00422000,3.58,3.83,3.705,20,558,2026-09-11,0.2673,0.2184,0.0096,-0.155,0.3392,0.0701
2026-09-15,GLD,394.77,2026-09-15T19:10:26.520375588Z,2026-10-16,31,C,426.0,1.079109,GLD261016C00426000,2.97,3.17,3.07,7,212,2026-09-11,0.27,0.187,0.0087,-0.1421,0.3091,0.0601
2026-09-15,GLD,394.77,2026-09-15T19:10:26.178299518Z,2026-10-16,31,C,428.0,1.084176,GLD261016C00428000,2.77,2.81,2.79,8,582,2026-09-11,0.2713,0.1727,0.0082,-0.1356,0.294,0.0555
2026-09-15,GLD,394.77,2026-09-15T19:10:27.035498839Z,2026-10-16,31,C,430.0,1.089242,GLD261016C00430000,2.46,2.52,2.49,412,9267,2026-09-11,0.271,0.1578,0.0077,-0.1275,0.2773,0.0508
2026-09-15,GLD,394.77,2026-09-15T19:10:26.178415188Z,2026-10-16,31,C,435.0,1.101907,GLD261016C00435000,1.97,2.07,2.02,282,5387,2026-09-11,0.2772,0.1308,0.0067,-0.1145,0.2443,0.0421
2026-09-15,GLD,394.77,2026-09-15T19:10:26.140865155Z,2026-10-16,31,C,440.0,1.114573,GLD261016C00440000,1.64,1.66,1.65,10139,9732,2026-09-11,0.2836,0.1087,0.0057,-0.1024,0.2144,0.035
2026-09-15,GLD,394.77,2026-09-15T19:10:01.928124876Z,2026-10-16,31,C,445.0,1.127239,GLD261016C00445000,1.27,1.35,1.31,69,6782,2026-09-11,0.2877,0.0886,0.0048,-0.0892,0.1846,0.0286
2026-09-15,GLD,394.77,2026-09-15T19:10:24.422522444Z,2026-10-16,31,C,450.0,1.139904,GLD261016C00450000,1.09,1.12,1.105,241,42577,2026-09-11,0.2959,0.075,0.0042,-0.0807,0.1628,0.0242
2026-09-15,GLD,394.77,2026-09-15T19:09:58.929734569Z,2026-10-16,31,C,455.0,1.15257,GLD261016C00455000,0.85,0.92,0.885,26,4119,2026-09-11,0.3002,0.0613,0.0035,-0.0699,0.1393,0.0198
2026-09-15,GLD,394.77,2026-09-15T19:10:17.714894764Z,2026-10-16,31,C,460.0,1.165235,GLD261016C00460000,0.75,0.77,0.76,45,7508,2026-09-11,0.3087,0.0525,0.003,-0.0636,0.1234,0.017
2026-09-15,GLD,394.77,2026-09-15T19:09:58.926822362Z,2026-10-16,31,C,465.0,1.177901,GLD261016C00465000,0.63,0.64,0.635,12,1460,2026-09-11,0.315,0.0442,0.0026,-0.0564,0.1075,0.0143
2026-09-15,GLD,394.77,2026-09-15T19:10:26.178415188Z,2026-10-16,31,C,470.0,1.190567,GLD261016C00470000,0.5,0.56,0.53,39,2406,2026-09-11,0.321,0.0372,0.0022,-0.0498,0.0934,0.012
2026-09-15,GLD,394.77,2026-09-15T19:10:20.148283274Z,2026-10-16,31,C,475.0,1.203232,GLD261016C00475000,0.47,0.52,0.495,5,2421,2026-09-11,0.333,0.0339,0.002,-0.0479,0.0866,0.011
2026-09-15,GLD,394.77,2026-09-15T19:09:21.413159652Z,2026-10-16,31,C,480.0,1.215898,GLD261016C00480000,0.37,0.43,0.4,78,3591,2026-09-11,0.3365,0.0279,0.0017,-0.0411,0.0736,0.009
2026-09-15,GLD,394.77,2026-09-15T19:10:17.681455041Z,2026-10-16,31,C,485.0,1.228563,GLD261016C00485000,0.37,0.41,0.39,7,1632,2026-09-11,0.3499,0.0264,0.0015,-0.0407,0.0703,0.0085
2026-09-15,GLD,394.77,2026-09-15T19:10:19.665100946Z,2026-10-16,31,C,490.0,1.241229,GLD261016C00490000,0.32,0.34,0.33,18,1234,2026-09-11,0.3552,0.0224,0.0013,-0.0361,0.0614,0.0072
2026-09-15,GLD,394.77,2026-09-15T19:10:26.353336939Z,2026-10-16,31,C,495.0,1.253895,GLD261016C00495000,0.26,0.3,0.28,3,1463,2026-09-11,0.3605,0.0191,0.0011,-0.032,0.0537,0.0062
2026-09-15,GLD,394.77,2026-09-15T19:10:13.669251467Z,2026-10-16,31,C,500.0,1.26656,GLD261016C00500000,0.23,0.31,0.27,609,10283,2026-09-11,0.3721,0.018,0.001,-0.0313,0.051,0.0058
2026-09-15,GLD,394.77,2026-09-15T19:10:26.178339533Z,2026-10-16,31,C,505.0,1.279226,GLD261016C00505000,0.2,0.24,0.22,7,34190,2026-09-11,0.3747,0.0149,0.0009,-0.0268,0.0434,0.0048
2026-09-15,GLD,394.77,2026-09-15T19:09:58.426057438Z,2026-10-16,31,C,510.0,1.291891,GLD261016C00510000,0.18,0.27,0.225,3,1139,2026-09-11,0.3887,0.0147,0.0008,-0.0275,0.0429,0.0048
2026-09-15,GLD,394.77,2026-09-15T19:10:28.17871156Z,2026-10-16,31,P,280.0,0.709274,GLD261016P00280000,0.03,0.12,0.075,4,8640,2026-09-11,0.4649,-0.0043,0.0002,-0.0108,0.0146,-0.0015
2026-09-15,GLD,394.77,2026-09-15T19:10:28.173252596Z,2026-10-16,31,P,285.0,0.721939,GLD261016P00285000,0.03,0.09,0.06,5,233,2026-09-11,0.4326,-0.0038,0.0002,-0.0089,0.0129,-0.0013
2026-09-15,GLD,394.77,2026-09-15T19:10:28.181116615Z,2026-10-16,31,P,290.0,0.734605,GLD261016P00290000,0.04,0.09,0.065,6,340,2026-09-11,0.4154,-0.0042,0.0003,-0.0094,0.0143,-0.0015
2026-09-15,GLD,394.77,2026-09-15T19:10:28.173708536Z,2026-10-16,31,P,295.0,0.747271,GLD261016P00295000,0.06,0.15,0.105,7,513,2026-09-11,0.417,-0.0065,0.0004,-0.0138,0.021,-0.0023
2026-09-15,GLD,394.77,2026-09-15T19:10:28.193049675Z,2026-10-16,31,P,300.0,0.759936,GLD261016P00300000,0.09,0.12,0.105,30,916,2026-09-11,0.3956,-0.0068,0.0004,-0.0137,0.022,-0.0024
2026-09-15,GLD,394.77,2026-09-15T19:10:28.174355734Z,2026-10-16,31,P,305.0,0.772602,GLD261016P00305000,0.14,0.16,0.15,5,485,2026-09-11,0.3917,-0.0095,0.0006,-0.0182,0.0294,-0.0033
2026-09-15,GLD,394.77,2026-09-15T19:10:28.175563851Z,2026-10-16,31,P,310.0,0.785267,GLD261016P00310000,0.13,0.22,0.175,4,532,2026-09-11,0.3777,-0.0113,0.0007,-0.0203,0.0342,-0.0039
2026-09-15,GLD,394.77,2026-09-15T19:10:28.174360394Z,2026-10-16,31,P,315.0,0.797933,GLD261016P00315000,0.17,0.26,0.215,5,529,2026-09-11,0.3663,-0.014,0.0008,-0.0237,0.0411,-0.0049
2026-09-15,GLD,394.77,2026-09-15T19:10:28.173267472Z,2026-10-16,31,P,320.0,0.810599,GLD261016P00320000,0.25,0.3,0.275,1,7235,2026-09-11,0.357,-0.0179,0.0011,-0.0284,0.0506,-0.0062
2026-09-15,GLD,394.77,2026-09-15T19:10:28.173493915Z,2026-10-16,31,P,325.0,0.823264,GLD261016P00325000,0.3,0.34,0.32,16,2193,2026-09-11,0.3425,-0.0212,0.0013,-0.0314,0.0586,-0.0074
2026-09-15,GLD,394.77,2026-09-15T19:10:28.173483375Z,2026-10-16,31,P,330.0,0.83593,GLD261016P00330000,0.33,0.44,0.385,4,2326,2026-09-11,0.3297,-0.0259,0.0016,-0.0357,0.0692,-0.009
2026-09-15,GLD,394.77,2026-09-15T19:10:28.188519103Z,2026-10-16,31,P,335.0,0.848595,GLD261016P00335000,0.42,0.55,0.485,2,8314,2026-09-11,0.3193,-0.0326,0.002,-0.0418,0.0838,-0.0113
2026-09-15,GLD,394.77,2026-09-15T19:10:28.176144666Z,2026-10-16,31,P,342.0,0.866327,GLD261016P00342000,0.58,0.69,0.635,2,17,2026-09-11,0.3014,-0.0434,0.0027,-0.0496,0.1059,-0.0151
2026-09-15,GLD,394.77,2026-09-15T19:10:28.176174797Z,2026-10-16,31,P,343.0,0.86886,GLD261016P00343000,0.61,0.76,0.685,1,36,2026-09-11,0.3011,-0.0464,0.0028,-0.0522,0.1117,-0.0161
2026-09-15,GLD,394.77,2026-09-15T19:10:28.170917978Z,2026-10-16,31,P,348.0,0.881526,GLD261016P00348000,0.83,0.97,0.9,1,331,2026-09-11,0.2931,-0.06,0.0035,-0.0622,0.137,-0.0209
2026-09-15,GLD,394.77,2026-09-15T19:10:28.170281345Z,2026-10-16,31,P,349.0,0.884059,GLD261016P00349000,0.83,1.05,0.94,13,8,2026-09-11,0.2908,-0.0627,0.0037,-0.0638,0.1417,-0.0218
2026-09-15,GLD,394.77,2026-09-15T19:10:28.170286096Z,2026-10-16,31,P,354.0,0.896725,GLD261016P00354000,1.08,1.29,1.185,15,24,2026-09-11,0.2802,-0.0787,0.0046,-0.0729,0.1689,-0.0274
2026-09-15,GLD,394.77,2026-09-15T19:10:28.180074124Z,2026-10-16,31,P,355.0,0.899258,GLD261016P00355000,1.15,1.27,1.21,9,4084,2026-09-11,0.2762,-0.0811,0.0047,-0.0735,0.1728,-0.0282
2026-09-15,GLD,394.77,2026-09-15T19:10:28.179703518Z,2026-10-16,31,P,360.0,0.911923,GLD261016P00360000,1.51,1.59,1.55,47,1695,2026-09-11,0.2665,-0.1028,0.0058,-0.0841,0.2059,-0.0358
2026-09-15,GLD,394.77,2026-09-15T19:10:28.170281345Z,2026-10-16,31,P,361.0,0.914457,GLD261016P00361000,1.65,1.8,1.725,3,88,2026-09-11,0.269,-0.1113,0.0061,-0.0898,0.2182,-0.0388
2026-09-15,GLD,394.77,2026-09-15T19:10:28.178271683Z,2026-10-16,31,P,366.0,0.927122,GLD261016P00366000,2.2,2.36,2.28,3,70,2026-09-11,0.2623,-0.1427,0.0075,-0.1035,0.2593,-0.0498
2026-09-15,GLD,394.77,2026-09-15T19:10:28.178541618Z,2026-10-16,31,P,367.0,0.929655,GLD261016P00367000,2.35,2.49,2.42,14,85,2026-09-11,0.2614,-0.1501,0.0078,-0.1066,0.2683,-0.0524
2026-09-15,GLD,394.77,2026-09-15T19:10:28.179968531Z,2026-10-16,31,P,372.0,0.942321,GLD261016P00372000,3.15,3.27,3.21,12,88,2026-09-11,0.2561,-0.1908,0.0092,-0.121,0.313,-0.0667
2026-09-15,GLD,394.77,2026-09-15T19:10:28.178271683Z,2026-10-16,31,P,374.0,0.947387,GLD261016P00374000,3.47,3.6,3.535,5,160,2026-09-11,0.2525,-0.208,0.0099,-0.1252,0.3297,-0.0727
2026-09-15,GLD,394.77,2026-09-15T19:10:28.167223951Z,2026-10-16,31,P,378.0,0.95752,GLD261016P00378000,4.36,4.53,4.445,3,199,2026-09-11,0.2499,-0.2498,0.0111,-0.1364,0.3654,-0.0875
2026-09-15,GLD,394.77,2026-09-15T19:10:28.186373702Z,2026-10-16,31,P,380.0,0.962586,GLD261016P00380000,4.91,5.03,4.97,984,7051,2026-09-11,0.2487,-0.2726,0.0116,-0.1414,0.3821,-0.0956
2026-09-15,GLD,394.77,2026-09-15T19:10:28.178541618Z,2026-10-16,31,P,384.0,0.972718,GLD261016P00384000,6.17,6.39,6.28,4,97,2026-09-11,0.2493,-0.3229,0.0125,-0.1519,0.4129,-0.1136
2026-09-15,GLD,394.77,2026-09-15T19:10:28.179823808Z,2026-10-16,31,P,386.0,0.977785,GLD261016P00386000,6.82,7.13,6.975,10,847,2026-09-11,0.2486,-0.3486,0.0129,-0.1553,0.4254,-0.1228
2026-09-15,GLD,394.77,2026-09-15T19:10:28.179007508Z,2026-10-16,31,P,390.0,0.987917,GLD261016P00390000,8.42,8.82,8.62,2900,4890,2026-09-11,0.2495,-0.4028,0.0135,-0.1614,0.4452,-0.1423
2026-09-15,GLD,394.77,2026-09-15T19:10:28.179703518Z,2026-10-16,31,P,392.0,0.992983,GLD261016P00392000,9.2,9.66,9.43,8,114,2026-09-11,0.2478,-0.4299,0.0138,-0.1616,0.4518,-0.1521
2026-09-15,GLD,394.77,2026-09-15T19:10:28.167253481Z,2026-10-16,31,P,396.0,1.003116,GLD261016P00396000,11.17,11.73,11.45,2,333,2026-09-11,0.2495,-0.4856,0.0139,-0.1631,0.4586,-0.1725
2026-09-15,GLD,394.77,2026-09-15T19:10:28.16724508Z,2026-10-16,31,P,398.0,1.008182,GLD261016P00398000,12.5,12.73,12.615,10,99,2026-09-11,0.2519,-0.5128,0.0138,-0.1637,0.4587,-0.1826
2026-09-15,GLD,394.77,2026-09-15T19:10:28.177207572Z,2026-10-16,31,P,402.0,1.018314,GLD261016P00402000,14.77,14.92,14.845,18,934,2026-09-11,0.2511,-0.5671,0.0136,-0.158,0.4524,-0.2027
2026-09-15,GLD,394.77,2026-09-15T19:10:14.426823169Z,2026-10-16,31,P,404.0,1.023381,GLD261016P00404000,15.96,16.11,16.035,2,242,2026-09-11,0.2506,-0.5939,0.0135,-0.1538,0.4461,-0.2127
2026-09-15,GLD,394.77,2026-09-15T19:10:28.17762877Z,2026-10-16,31,P,408.0,1.033513,GLD261016P00408000,18.81,18.9,18.855,2,678,2026-09-11,0.2562,-0.6416,0.0127,-0.1488,0.4297,-0.2311
2026-09-15,GLD,394.77,2026-09-15T19:10:28.024923814Z,2026-10-16,31,P,410.0,1.038579,GLD261016P00410000,19.89,20.63,20.26,72,5920,2026-09-11,0.2573,-0.665,0.0123,-0.1441,0.4191,-0.2401
2026-09-15,GLD,394.77,2026-09-15T19:09:43.555106727Z,2026-10-16,31,P,414.0,1.048712,GLD261016P00414000,22.73,23.82,23.275,3,224,2026-09-11,0.2615,-0.7072,0.0114,-0.1349,0.3955,-0.2568
2026-09-15,GLD,394.77,2026-09-15T19:09:47.363328887Z,2026-10-16,31,P,416.0,1.053778,GLD261016P00416000,24.58,25.33,24.955,1,79,2026-09-11,0.2667,-0.7241,0.0109,-0.1326,0.3844,-0.2639
2026-09-15,GLD,394.77,2026-09-15T19:10:28.167275772Z,2026-10-16,31,P,420.0,1.063911,GLD261016P00420000,28.25,28.6,28.425,13,1100,2026-09-11,0.278,-0.7536,0.0099,-0.1283,0.3627,-0.2768
2026-09-15,GLD,394.77,2026-09-15T19:10:28.188809518Z,2026-10-16,31,P,422.0,1.068977,GLD261016P00422000,29.35,30.08,29.715,1,70,2026-09-11,0.27,-0.7791,0.0096,-0.113,0.3414,-0.2864
2026-09-15,GLD,394.77,2026-09-15T19:09:43.54630049Z,2026-10-16,31,P,426.0,1.079109,GLD261016P00426000,33.15,33.27,33.21,2,102,2026-09-11,0.2774,-0.8059,0.0086,-0.1044,0.3162,-0.2984
2026-09-15,GLD,394.77,2026-09-15T19:09:47.348330635Z,2026-10-16,31,P,428.0,1.084176,GLD261016P00428000,34.82,35.89,35.355,26,48,2026-09-11,0.2931,-0.8071,0.0081,-0.1115,0.3151,-0.3006
2026-09-15,GLD,394.77,2026-09-15T19:09:21.665130151Z,2026-10-16,31,P,430.0,1.089242,GLD261016P00430000,36.2,37.35,36.775,2,932,2026-09-11,0.2847,-0.8293,0.0077,-0.0956,0.2919,-0.3092
2026-09-15,GLD,394.77,2026-09-15T19:10:28.167275772Z,2026-10-16,31,P,435.0,1.101907,GLD261016P00435000,40.71,41.66,41.185,2,1569,2026-09-11,0.2886,-0.8588,0.0067,-0.0797,0.2575,-0.3229
2026-09-15,GLD,394.77,2026-09-15T19:10:28.079468836Z,2026-10-16,31,P,440.0,1.114573,GLD261016P00440000,45.38,45.7,45.54,3,1316,2026-09-11,0.2849,-0.8902,0.0057,-0.0574,0.216,-0.3371
2026-09-15,GLD,394.77,2026-09-15T19:10:03.597771854Z,2026-10-16,31,P,445.0,1.127239,GLD261016P00445000,50.53,50.58,50.555,4,284,2026-09-11,0.308,-0.8952,0.0051,-0.0611,0.2088,-0.343
2026-09-15,GLD,394.77,2026-09-15T19:10:28.178154451Z,2026-10-16,31,P,450.0,1.139904,GLD261016P00450000,54.64,55.39,55.015,1,87,2026-09-11,0.3007,-0.9214,0.0042,-0.0376,0.1687,-0.3556
2026-09-15,GLD,394.77,2026-09-15T19:10:28.17599941Z,2026-10-16,31,P,455.0,1.15257,GLD261016P00455000,60.69,62.25,61.47,2,14,2026-09-11,0.3935,-0.8757,0.0045,-0.1067,0.2358,-0.3458
2026-09-15,GLD,394.77,2026-09-15T19:09:58.141428498Z,2026-10-16,31,P,460.0,1.165235,GLD261016P00460000,63.37,66.44,64.905,10,43,2026-09-11,0.334,-0.9319,0.0034,-0.0357,0.1511,-0.3675
2026-09-15,GLD,394.77,2026-09-15T19:08:55.924756271Z,2026-10-16,31,P,465.0,1.177901,GLD261016P00465000,69.78,72.63,71.205,15,38,2026-09-11,0.425,-0.8916,0.0038,-0.1021,0.2141,-0.3594
2026-09-15,GLD,394.77,2026-09-15T19:09:19.681970476Z,2026-10-16,31,P,470.0,1.190567,GLD261016P00470000,72.22,75.62,73.92,10,60,2026-09-11,0.2656,-0.9852,0.0012,0.0304,0.0431,-0.393
2026-09-15,GLD,394.77,2026-09-15T19:08:52.909916469Z,2026-10-16,31,P,475.0,1.203232,GLD261016P00475000,77.3,80.72,79.01,1,2,2026-09-11,0.3009,-0.9789,0.0015,0.0208,0.0584,-0.3952
2026-09-15,GLD,394.77,2026-09-15T19:08:55.565429254Z,2026-10-16,31,P,480.0,1.215898,GLD261016P00480000,85.01,85.3,85.155,1,2,2026-09-11,0.427,-0.9311,0.0027,-0.0573,0.1526,-0.3844
2026-09-15,GLD,394.77,2026-09-15T19:08:52.909606232Z,2026-10-16,31,P,485.0,1.228563,GLD261016P00485000,88.34,90.7,89.52,3,,,0.3964,-0.9552,0.0021,-0.0202,0.1087,-0.3962
2026-09-15,GLD,394.77,2026-09-15T19:08:52.912340627Z,2026-10-16,31,P,490.0,1.241229,GLD261016P00490000,93.31,96.49,94.9,2,,,0.4455,-0.9424,0.0022,-0.046,0.1326,-0.3965
2026-09-15,GLD,394.77,2026-09-15T19:10:19.79972696Z,2026-10-16,31,P,495.0,1.253895,GLD261016P00495000,97.66,101.8,99.73,9,,,0.4496,-0.9492,0.002,-0.037,0.1201,-0.4029
2026-09-15,GLD,394.77,2026-09-15T19:10:14.966059139Z,2026-10-16,31,P,500.0,1.26656,GLD261016P00500000,104.29,107.3,105.795,2,,,0.5402,-0.9197,0.0024,-0.1,0.1716,-0.3981
2026-09-15,GLD,394.77,2026-09-15T19:09:24.664252728Z,2026-10-16,31,P,505.0,1.279226,GLD261016P00505000,107.47,110,108.735,52,,,0.3333,-0.993,0.0005,0.0408,0.0225,-0.4252
2026-09-15,GLD,394.77,2026-09-15T19:08:52.909947101Z,2026-10-16,31,P,510.0,1.291891,GLD261016P00510000,113.19,113.54,113.365,2,,,,,,,,
2026-09-15,USO,161.53,2026-09-15T19:10:24.296486793Z,2026-10-09,24,C,114.0,0.705751,USO261009C00114000,47.76,50.7,49.23,41,198,2026-09-11,1.0153,0.9303,0.0032,-0.1279,0.0554,0.0664
2026-09-15,USO,161.53,2026-09-15T19:10:09.819510613Z,2026-10-09,24,C,116.0,0.718133,USO261009C00116000,45.07,48.05,46.56,,,,0.8394,0.9512,0.0029,-0.0845,0.0419,0.0704
2026-09-15,USO,161.53,2026-09-15T19:10:25.548373089Z,2026-10-09,24,C,117.0,0.724324,USO261009C00117000,43.62,47.63,45.625,3,4,2026-09-11,0.8361,0.9476,0.0031,-0.0885,0.0443,0.0706
2026-09-15,USO,161.53,2026-09-15T19:06:01.128830185Z,2026-10-09,24,C,118.0,0.730514,USO261009C00118000,43.73,45.04,44.385,,,,0.7595,0.9574,0.0029,-0.071,0.0375,0.0725
2026-09-15,USO,161.53,2026-09-15T19:10:27.122618578Z,2026-10-09,24,C,119.0,0.736705,USO261009C00119000,43.11,44.57,43.84,2,157,2026-09-11,0.8438,0.9371,0.0035,-0.1013,0.0512,0.0707
2026-09-15,USO,161.53,2026-09-15T19:10:13.812802882Z,2026-10-09,24,C,121.0,0.749087,USO261009C00121000,40.67,42.57,41.62,2,1,2026-09-11,0.7621,0.9439,0.0036,-0.086,0.0468,0.0729
2026-09-15,USO,161.53,2026-09-15T19:07:05.468265987Z,2026-10-09,24,C,122.0,0.755278,USO261009C00122000,39.89,42.46,41.175,,,,0.8462,0.9211,0.0042,-0.1187,0.0609,0.0707
2026-09-15,USO,161.53,2026-09-15T19:10:13.529653342Z,2026-10-09,24,C,123.0,0.761468,USO261009C00123000,39.12,41.1,40.11,7,,,0.8163,0.9219,0.0043,-0.1143,0.0605,0.0715
2026-09-15,USO,161.53,2026-09-15T19:07:02.151855719Z,2026-10-09,24,C,124.0,0.767659,USO261009C00124000,37.17,39.52,38.345,4,4,2026-09-11,0.6466,0.9547,0.0036,-0.0654,0.0395,0.0762
2026-09-15,USO,161.53,2026-09-15T19:09:43.796878362Z,2026-10-09,24,C,125.5,0.776945,USO261009C00125500,36.89,38.83,37.86,,,,0.807,0.909,0.0049,-0.1255,0.0678,0.0716
2026-09-15,USO,161.53,2026-09-15T19:10:28.899305143Z,2026-10-09,24,C,126.5,0.783136,USO261009C00126500,35.91,38.3,37.105,,,,0.8221,0.899,0.0052,-0.1367,0.0732,0.0711
2026-09-15,USO,161.53,2026-09-15T19:09:43.796999424Z,2026-10-09,24,C,128.0,0.792422,USO261009C00128000,34.61,36.09,35.35,3,5,2026-09-11,0.7573,0.9045,0.0054,-0.1226,0.0703,0.0728
2026-09-15,USO,161.53,2026-09-15T19:09:32.365247386Z,2026-10-09,24,C,129.0,0.798613,USO261009C00129000,32.619,35.02,33.8195,1,3,2026-09-11,0.6571,0.9241,0.0053,-0.0932,0.0592,0.0759
2026-09-15,USO,161.53,2026-09-15T19:10:25.41294542Z,2026-10-09,24,C,130.5,0.807899,USO261009C00130500,32.02,34.48,33.25,,,,0.7616,0.8853,0.0061,-0.1389,0.0802,0.0721
2026-09-15,USO,161.53,2026-09-15T19:10:25.409768036Z,2026-10-09,24,C,131.0,0.810995,USO261009C00131000,31.75,33.39,32.57,1,27,2026-09-11,0.729,0.89,0.0062,-0.13,0.0779,0.0731
2026-09-15,USO,161.53,2026-09-15T19:10:10.099502493Z,2026-10-09,24,C,133.0,0.823376,USO261009C00133000,29.59,31.46,30.525,124,46,2026-09-11,0.6846,0.8865,0.0068,-0.1254,0.0796,0.0741
2026-09-15,USO,161.53,2026-09-15T19:10:09.821717602Z,2026-10-09,24,C,134.0,0.829567,USO261009C00134000,28.2,29.92,29.06,2,69,2026-09-11,0.6044,0.9029,0.0069,-0.1019,0.0711,0.0768
2026-09-15,USO,161.53,2026-09-15T19:10:29.371530214Z,2026-10-09,24,C,135.0,0.835758,USO261009C00135000,28,29.16,28.58,4,9,2026-09-11,0.6529,0.8789,0.0074,-0.1254,0.0834,0.0745
2026-09-15,USO,161.53,2026-09-15T19:10:28.926966091Z,2026-10-09,24,C,136.0,0.841949,USO261009C00136000,26.76,28.02,27.39,1,14,2026-09-11,0.6109,0.8833,0.0078,-0.1155,0.0812,0.0758
2026-09-15,USO,161.53,2026-09-15T19:10:09.821676074Z,2026-10-09,24,C,138.0,0.85433,USO261009C00138000,24.75,25.95,25.35,1,35,2026-09-11,0.5686,0.8787,0.0086,-0.1111,0.0835,0.0766
2026-09-15,USO,161.53,2026-09-15T19:10:29.371540674Z,2026-10-09,24,C,140.0,0.866712,USO261009C00140000,23.39,23.65,23.52,4,252,2026-09-11,0.5507,0.8644,0.0096,-0.1157,0.0902,0.0763
2026-09-15,USO,161.53,2026-09-15T19:10:29.371545231Z,2026-10-09,24,C,141.0,0.872903,USO261009C00141000,22.14,23.06,22.6,1,96,2026-09-11,0.5404,0.8571,0.0101,-0.1174,0.0935,0.0762
2026-09-15,USO,161.53,2026-09-15T19:10:27.122753641Z,2026-10-09,24,C,143.0,0.885284,USO261009C00143000,20.75,21.82,21.285,8,18,2026-09-11,0.5688,0.8224,0.011,-0.1394,0.1078,0.0733
2026-09-15,USO,161.53,2026-09-15T19:10:29.371540674Z,2026-10-09,24,C,145.0,0.897666,USO261009C00145000,19.25,20.12,19.685,71,514,2026-09-11,0.5629,0.7985,0.0121,-0.1481,0.1165,0.0719
2026-09-15,USO,161.53,2026-09-15T19:10:21.372968061Z,2026-10-09,24,C,146.0,0.903857,USO261009C00146000,18.86,18.94,18.9,5,19,2026-09-11,0.5597,0.786,0.0126,-0.1521,0.1207,0.071
2026-09-15,USO,161.53,2026-09-15T19:10:24.377886884Z,2026-10-09,24,C,148.0,0.916238,USO261009C00148000,16.9,17.9,17.4,3,201,2026-09-11,0.5557,0.7585,0.0136,-0.1606,0.1292,0.0691
2026-09-15,USO,161.53,2026-09-15T19:10:24.377684719Z,2026-10-09,24,C,150.0,0.92862,USO261009C00150000,15.61,16.09,15.85,11,2326,2026-09-11,0.5438,0.7316,0.0146,-0.1655,0.1365,0.0673
2026-09-15,USO,161.53,2026-09-15T19:10:24.875049783Z,2026-10-09,24,C,153.0,0.947192,USO261009C00153000,13.76,14.08,13.92,7,170,2026-09-11,0.5464,0.6822,0.0158,-0.1782,0.1477,0.0633
2026-09-15,USO,161.53,2026-09-15T19:10:24.296441083Z,2026-10-09,24,C,155.0,0.959574,USO261009C00155000,12.34,13.65,12.995,48,336,2026-09-11,0.5658,0.6455,0.0159,-0.1913,0.1541,0.06
2026-09-15,USO,161.53,2026-09-15T19:10:27.12250772Z,2026-10-09,24,C,157.5,0.975051,USO261009C00157500,11.07,11.97,11.52,2,1,2026-09-11,0.5622,0.6039,0.0165,-0.196,0.1596,0.0566
2026-09-15,USO,161.53,2026-09-15T19:10:29.371785804Z,2026-10-09,24,C,158.0,0.978146,USO261009C00158000,10.81,11.54,11.175,9,103,2026-09-11,0.5576,0.5958,0.0168,-0.1953,0.1604,0.0559
2026-09-15,USO,161.53,2026-09-15T19:10:27.122753641Z,2026-10-09,24,C,160.0,0.990528,USO261009C00160000,9.88,10.62,10.25,120,620,2026-09-11,0.5647,0.5613,0.0169,-0.2005,0.1633,0.0529
2026-09-15,USO,161.53,2026-09-15T19:10:30.129285189Z,2026-10-09,24,C,162.0,1.00291,USO261009C00162000,8.98,9.67,9.325,4,20,2026-09-11,0.5675,0.5275,0.0169,-0.2029,0.1648,0.0499
2026-09-15,USO,161.53,2026-09-15T19:10:25.243597109Z,2026-10-09,24,C,163.0,1.0091,USO261009C00163000,8.6,9.29,8.945,22,44,2026-09-11,0.5724,0.511,0.0168,-0.2047,0.1651,0.0484
2026-09-15,USO,161.53,2026-09-15T19:10:24.29809479Z,2026-10-09,24,C,165.0,1.021482,USO261009C00165000,7.87,8.43,8.15,45,443,2026-09-11,0.5769,0.4785,0.0167,-0.2056,0.165,0.0455
2026-09-15,USO,161.53,2026-09-15T19:10:30.529132838Z,2026-10-09,24,C,170.0,1.052436,USO261009C00170000,6.25,6.53,6.39,90,345,2026-09-11,0.5857,0.4014,0.0159,-0.2016,0.1601,0.0384
2026-09-15,USO,161.53,2026-09-15T19:10:24.304951368Z,2026-10-09,24,C,175.0,1.08339,USO261009C00175000,4.81,5.18,4.995,40,50,2026-09-11,0.5957,0.3326,0.0147,-0.1919,0.1505,0.032
2026-09-15,USO,161.53,2026-09-15T19:10:27.122868593Z,2026-10-09,24,C,180.0,1.114344,USO261009C00180000,3.73,4.059,3.8945,30,165,2026-09-11,0.6061,0.273,0.0132,-0.1781,0.1377,0.0264
2026-09-15,USO,161.53,2026-09-15T19:10:09.821586684Z,2026-10-09,24,C,185.0,1.145298,USO261009C00185000,3.02,3.27,3.145,48,97,2026-09-11,0.6257,0.2264,0.0116,-0.166,0.1246,0.022
2026-09-15,USO,161.53,2026-09-15T19:10:27.12286391Z,2026-10-09,24,C,190.0,1.176252,USO261009C00190000,2.31,2.47,2.39,157,268,2026-09-11,0.6297,0.1814,0.0101,-0.1461,0.1092,0.0177
2026-09-15,USO,161.53,2026-09-15T19:10:27.02060521Z,2026-10-09,24,C,195.0,1.207206,USO261009C00195000,1.88,1.95,1.915,109,43,2026-09-11,0.6453,0.1489,0.0087,-0.1315,0.0961,0.0146
2026-09-15,USO,161.53,2026-09-15T19:10:09.70013135Z,2026-10-09,24,C,200.0,1.23816,USO261009C00200000,1.49,1.6,1.545,233,48,2026-09-11,0.6608,0.1226,0.0074,-0.1177,0.0841,0.012
2026-09-15,USO,161.53,2026-09-15T19:10:24.378015277Z,2026-10-09,24,C,205.0,1.269114,USO261009C00205000,1.17,1.28,1.225,43,139,2026-09-11,0.6721,0.0997,0.0063,-0.1031,0.0725,0.0098
2026-09-15,USO,161.53,2026-09-15T19:10:11.205902981Z,2026-10-09,24,P,114.0,0.705751,USO261009P00114000,0.18,0.31,0.245,2,90,2026-09-11,0.7061,-0.0213,0.0017,-0.0307,0.0211,-0.0024
2026-09-15,USO,161.53,2026-09-15T19:10:27.122537747Z,2026-10-09,24,P,116.0,0.718133,USO261009P00116000,0.16,0.26,0.21,17,20,2026-09-11,0.659,-0.0198,0.0018,-0.0269,0.0199,-0.0022
2026-09-15,USO,161.53,2026-09-15T19:10:24.874658258Z,2026-10-09,24,P,117.0,0.724324,USO261009P00117000,0.24,0.33,0.285,3,16,2026-09-11,0.6779,-0.0252,0.0021,-0.034,0.0244,-0.0029
2026-09-15,USO,161.53,2026-09-15T19:10:24.305021347Z,2026-10-09,24,P,118.0,0.730514,USO261009P00118000,0.24,0.32,0.28,2,24,2026-09-11,0.6606,-0.0255,0.0022,-0.0334,0.0246,-0.0029
2026-09-15,USO,161.53,2026-09-15T19:10:24.874788547Z,2026-10-09,24,P,119.0,0.736705,USO261009P00119000,0.28,0.46,0.37,1,9,2026-09-11,0.6785,-0.0317,0.0025,-0.0411,0.0295,-0.0036
2026-09-15,USO,161.53,2026-09-15T19:10:30.332920253Z,2026-10-09,24,P,121.0,0.749087,USO261009P00121000,0.34,0.43,0.385,13,19,2026-09-11,0.6523,-0.034,0.0028,-0.0419,0.0313,-0.0039
2026-09-15,USO,161.53,2026-09-15T19:10:09.829143663Z,2026-10-09,24,P,122.0,0.755278,USO261009P00122000,0.16,0.87,0.515,99,114,2026-09-11,0.6743,-0.0424,0.0032,-0.0518,0.0374,-0.0048
2026-09-15,USO,161.53,2026-09-15T19:10:09.826512815Z,2026-10-09,24,P,123.0,0.761468,USO261009P00123000,0.42,0.6,0.51,1,17,2026-09-11,0.6569,-0.0431,0.0034,-0.0511,0.0379,-0.0049
2026-09-15,USO,161.53,2026-09-15T19:10:09.867449644Z,2026-10-09,24,P,124.0,0.767659,USO261009P00124000,0.46,0.55,0.505,1,45,2026-09-11,0.6397,-0.0438,0.0035,-0.0504,0.0384,-0.005
2026-09-15,USO,161.53,2026-09-15T19:10:27.365526607Z,2026-10-09,24,P,125.5,0.776945,USO261009P00125500,0.46,0.62,0.54,5,38,2026-09-11,0.6246,-0.0474,0.0038,-0.0524,0.0409,-0.0054
2026-09-15,USO,161.53,2026-09-15T19:10:24.874884768Z,2026-10-09,24,P,126.5,0.783136,USO261009P00126500,0.58,0.67,0.625,3,15,2026-09-11,0.6283,-0.0534,0.0042,-0.058,0.045,-0.0061
2026-09-15,USO,161.53,2026-09-15T19:10:24.670552057Z,2026-10-09,24,P,128.0,0.792422,USO261009P00128000,0.63,0.77,0.7,1,29,2026-09-11,0.6197,-0.0596,0.0046,-0.0623,0.0491,-0.0068
2026-09-15,USO,161.53,2026-09-15T19:10:24.377679485Z,2026-10-09,24,P,129.0,0.798613,USO261009P00129000,0.73,0.78,0.755,2,42,2026-09-11,0.6141,-0.064,0.0049,-0.0652,0.0519,-0.0073
2026-09-15,USO,161.53,2026-09-15T19:10:24.809036981Z,2026-10-09,24,P,130.5,0.807899,USO261009P00130500,0.86,0.97,0.915,2,10,2026-09-11,0.6179,-0.0749,0.0055,-0.074,0.0585,-0.0086
2026-09-15,USO,161.53,2026-09-15T19:10:24.624642756Z,2026-10-09,24,P,131.0,0.810995,USO261009P00131000,0.9,0.93,0.915,6,125,2026-09-11,0.6094,-0.0758,0.0057,-0.0736,0.0591,-0.0087
2026-09-15,USO,161.53,2026-09-15T19:09:43.860747347Z,2026-10-09,24,P,133.0,0.823376,USO261009P00133000,1.07,1.22,1.145,2,80,2026-09-11,0.611,-0.0912,0.0065,-0.0848,0.0679,-0.0104
2026-09-15,USO,161.53,2026-09-15T19:10:09.822106855Z,2026-10-09,24,P,134.0,0.829567,USO261009P00134000,1.16,1.23,1.195,2,24,2026-09-11,0.6006,-0.0959,0.0068,-0.0864,0.0705,-0.011
2026-09-15,USO,161.53,2026-09-15T19:10:09.69640242Z,2026-10-09,24,P,135.0,0.835758,USO261009P00135000,1.22,1.35,1.285,77,209,2026-09-11,0.5953,-0.1026,0.0073,-0.09,0.074,-0.0117
2026-09-15,USO,161.53,2026-09-15T19:10:24.377724716Z,2026-10-09,24,P,136.0,0.841949,USO261009P00136000,1.26,1.4,1.33,4,23,2026-09-11,0.5834,-0.1074,0.0077,-0.0911,0.0765,-0.0123
2026-09-15,USO,161.53,2026-09-15T19:10:24.847929605Z,2026-10-09,24,P,138.0,0.85433,USO261009P00138000,1.61,1.7,1.655,26,59,2026-09-11,0.5867,-0.1277,0.0086,-0.1034,0.0865,-0.0146
2026-09-15,USO,161.53,2026-09-15T19:10:29.387262601Z,2026-10-09,24,P,140.0,0.866712,USO261009P00140000,1.89,1.93,1.91,245,347,2026-09-11,0.577,-0.1453,0.0096,-0.111,0.0945,-0.0167
2026-09-15,USO,161.53,2026-09-15T19:10:23.450772436Z,2026-10-09,24,P,141.0,0.872903,USO261009P00141000,1.94,2.15,2.045,6,77,2026-09-11,0.5717,-0.1547,0.0101,-0.1145,0.0985,-0.0178
2026-09-15,USO,161.53,2026-09-15T19:10:24.289765137Z,2026-10-09,24,P,143.0,0.885284,USO261009P00143000,2.35,2.46,2.405,17,44,2026-09-11,0.567,-0.177,0.0111,-0.1238,0.1075,-0.0204
2026-09-15,USO,161.53,2026-09-15T19:10:24.628862806Z,2026-10-09,24,P,145.0,0.897666,USO261009P00145000,2.78,2.98,2.88,76,503,2026-09-11,0.5681,-0.2033,0.012,-0.1348,0.1171,-0.0235
2026-09-15,USO,161.53,2026-09-15T19:10:27.122748285Z,2026-10-09,24,P,146.0,0.903857,USO261009P00146000,2.96,3.18,3.07,18,16,2026-09-11,0.5628,-0.2151,0.0125,-0.138,0.121,-0.0249
2026-09-15,USO,161.53,2026-09-15T19:10:19.960206655Z,2026-10-09,24,P,148.0,0.916238,USO261009P00148000,3.4,3.72,3.56,36,39,2026-09-11,0.5583,-0.2423,0.0135,-0.146,0.1294,-0.0281
2026-09-15,USO,161.53,2026-09-15T19:10:30.377616711Z,2026-10-09,24,P,150.0,0.92862,USO261009P00150000,4.07,4.48,4.275,303,157,2026-09-11,0.5659,-0.2746,0.0142,-0.1577,0.1381,-0.032
2026-09-15,USO,161.53,2026-09-15T19:10:24.377886884Z,2026-10-09,24,P,153.0,0.947192,USO261009P00153000,4.98,5.41,5.195,36,17,2026-09-11,0.5573,-0.3201,0.0155,-0.166,0.1481,-0.0374
2026-09-15,USO,161.53,2026-09-15T19:10:29.371411558Z,2026-10-09,24,P,155.0,0.959574,USO261009P00155000,6.01,6.13,6.07,21,80,2026-09-11,0.5636,-0.3542,0.0159,-0.1742,0.1541,-0.0416
2026-09-15,USO,161.53,2026-09-15T19:10:30.529789248Z,2026-10-09,24,P,157.5,0.975051,USO261009P00157500,6.98,7.31,7.145,2,5,2026-09-11,0.5636,-0.3962,0.0165,-0.1799,0.1596,-0.0468
2026-09-15,USO,161.53,2026-09-15T19:10:27.122753641Z,2026-10-09,24,P,158.0,0.978146,USO261009P00158000,7.06,7.64,7.35,11,,,0.5622,-0.4045,0.0166,-0.1803,0.1605,-0.0478
2026-09-15,USO,161.53,2026-09-15T19:10:30.758649371Z,2026-10-09,24,P,160.0,0.990528,USO261009P00160000,8.18,8.58,8.38,30,21,2026-09-11,0.5668,-0.4387,0.0168,-0.1844,0.1633,-0.0521
2026-09-15,USO,161.53,2026-09-15T19:10:29.371785804Z,2026-10-09,24,P,162.0,1.00291,USO261009P00162000,9.38,9.48,9.43,4,,,0.5684,-0.4725,0.0169,-0.1861,0.1648,-0.0564
2026-09-15,USO,161.53,2026-09-15T19:10:29.528834951Z,2026-10-09,24,P,163.0,1.0091,USO261009P00163000,10.15,10.19,10.17,3,,,0.5806,-0.4883,0.0166,-0.1904,0.1651,-0.0585
2026-09-15,USO,161.53,2026-09-15T19:10:29.371785804Z,2026-10-09,24,P,165.0,1.021482,USO261009P00165000,10.92,11.44,11.18,5,,,0.5737,-0.5219,0.0168,-0.1871,0.165,-0.0628
2026-09-15,USO,161.53,2026-09-15T19:10:21.620115867Z,2026-10-09,24,P,170.0,1.052436,USO261009P00170000,14.11,14.56,14.335,3,2,2026-09-11,0.5778,-0.6007,0.0161,-0.1808,0.1599,-0.0732
2026-09-15,USO,161.53,2026-09-15T19:10:24.874913818Z,2026-10-09,24,P,175.0,1.08339,USO261009P00175000,17.4,18.25,17.825,36,,,0.5805,-0.6729,0.015,-0.1674,0.1494,-0.0832
2026-09-15,USO,161.53,2026-09-15T19:10:27.12286391Z,2026-10-09,24,P,180.0,1.114344,USO261009P00180000,21.72,23.01,22.365,16,1,2026-09-11,0.6366,-0.7147,0.0129,-0.172,0.1407,-0.0906
2026-09-15,USO,161.53,2026-09-15T19:10:24.874913818Z,2026-10-09,24,P,185.0,1.145298,USO261009P00185000,25.9,27.04,26.47,,,,0.6488,-0.7637,0.0115,-0.1568,0.1277,-0.0985
2026-09-15,USO,161.53,2026-09-15T19:10:24.874913818Z,2026-10-09,24,P,190.0,1.176252,USO261009P00190000,29.94,31.3,30.62,10,,,0.6486,-0.8102,0.0101,-0.1347,0.1123,-0.1062
2026-09-15,USO,161.53,2026-09-15T19:10:24.378011267Z,2026-10-09,24,P,195.0,1.207206,USO261009P00195000,34.15,35.74,34.945,,,,0.6476,-0.8501,0.0087,-0.1121,0.0965,-0.1132
2026-09-15,USO,161.53,2026-09-15T19:10:31.387221674Z,2026-10-09,24,P,200.0,1.23816,USO261009P00200000,39.05,39.55,39.3,,,,0.6312,-0.8896,0.0072,-0.0834,0.0781,-0.1203
2026-09-15,USO,161.53,2026-09-15T19:10:09.821548202Z,2026-10-09,24,P,205.0,1.269114,USO261009P00205000,43.17,44.21,43.69,,,,0.5912,-0.9307,0.0054,-0.0476,0.0552,-0.1276
2026-09-15,USO,161.53,2026-09-15T19:10:27.122852288Z,2026-10-16,31,C,114.0,0.705751,USO261016C00114000,48.26,49.7,48.98,10,116,2026-09-11,0.8384,0.9408,0.003,-0.0859,0.0555,0.0874
2026-09-15,USO,161.53,2026-09-15T19:10:12.459184369Z,2026-10-16,31,C,116.0,0.718133,USO261016C00116000,45.33,47.4,46.365,3,712,2026-09-11,0.6736,0.9641,0.0025,-0.0519,0.0371,0.0929
2026-09-15,USO,161.53,2026-09-15T19:10:19.966408096Z,2026-10-16,31,C,117.0,0.724324,USO261016C00117000,43.99,46.34,45.165,1,46,2026-09-11,0.5967,0.975,0.0021,-0.0384,0.0275,0.0954
2026-09-15,USO,161.53,2026-09-15T19:10:25.132233654Z,2026-10-16,31,C,118.0,0.730514,USO261016C00118000,43.67,44.97,44.32,3,98,2026-09-11,0.6307,0.9654,0.0026,-0.0484,0.036,0.0948
2026-09-15,USO,161.53,2026-09-15T19:10:12.459184369Z,2026-10-16,31,C,119.0,0.736705,USO261016C00119000,42.47,45.5,43.985,1,174,2026-09-11,0.7535,0.9352,0.0036,-0.0837,0.0596,0.0909
2026-09-15,USO,161.53,2026-09-15T19:10:09.826172048Z,2026-10-16,31,C,121.0,0.749087,USO261016C00121000,40.94,43.89,42.415,2,98,2026-09-11,0.7847,0.9179,0.0041,-0.1015,0.0713,0.0899
2026-09-15,USO,161.53,2026-09-15T19:09:45.632392889Z,2026-10-16,31,C,122.0,0.755278,USO261016C00122000,39.92,41.05,40.485,2,250,2026-09-11,0.6108,0.9538,0.0034,-0.0569,0.0455,0.0964
2026-09-15,USO,161.53,2026-09-15T19:10:29.372118854Z,2026-10-16,31,C,123.0,0.761468,USO261016C00123000,39.26,40.73,39.995,3,117,2026-09-11,0.6884,0.9298,0.0042,-0.082,0.0634,0.0936
2026-09-15,USO,161.53,2026-09-15T19:10:12.459184369Z,2026-10-16,31,C,124.0,0.767659,USO261016C00124000,38.43,39.75,39.09,2,131,2026-09-11,0.6865,0.9247,0.0044,-0.0857,0.0669,0.0936
2026-09-15,USO,161.53,2026-09-15T19:10:24.297630652Z,2026-10-16,31,C,125.0,0.77385,USO261016C00125000,37.35,37.6,37.475,16,3444,2026-09-11,0.5636,0.9517,0.0038,-0.0552,0.0472,0.0987
2026-09-15,USO,161.53,2026-09-15T19:10:12.459184369Z,2026-10-16,31,C,126.0,0.780041,USO261016C00126000,35.71,37.89,36.8,2,187,2026-09-11,0.6087,0.934,0.0045,-0.0713,0.0604,0.0969
2026-09-15,USO,161.53,2026-09-15T19:10:24.37795948Z,2026-10-16,31,C,128.0,0.792422,USO261016C00128000,34.4,36.16,35.28,3,293,2026-09-11,0.6467,0.9107,0.0053,-0.0911,0.076,0.095
2026-09-15,USO,161.53,2026-09-15T19:10:24.377992602Z,2026-10-16,31,C,129.0,0.798613,USO261016C00129000,34.17,34.93,34.55,8,186,2026-09-11,0.6637,0.8989,0.0057,-0.1008,0.0833,0.094
2026-09-15,USO,161.53,2026-09-15T19:10:24.299510091Z,2026-10-16,31,C,130.0,0.804804,USO261016C00130000,32.93,33.79,33.36,62,4824,2026-09-11,0.6236,0.9037,0.0058,-0.0927,0.0804,0.0956
2026-09-15,USO,161.53,2026-09-15T19:10:09.827062Z,2026-10-16,31,C,131.0,0.810995,USO261016C00131000,31.66,32.83,32.245,3,150,2026-09-11,0.5926,0.9061,0.006,-0.0874,0.0789,0.0969
2026-09-15,USO,161.53,2026-09-15T19:09:32.373032636Z,2026-10-16,31,C,133.0,0.823376,USO261016C00133000,29.52,31.16,30.34,10,526,2026-09-11,0.5715,0.8977,0.0066,-0.0895,0.084,0.0974
2026-09-15,USO,161.53,2026-09-15T19:10:26.614302441Z,2026-10-16,31,C,134.0,0.829567,USO261016C00134000,28.8,29.77,29.285,1,397,2026-09-11,0.5486,0.8976,0.0069,-0.0866,0.084,0.0982
2026-09-15,USO,161.53,2026-09-15T19:10:27.122711847Z,2026-10-16,31,C,135.0,0.835758,USO261016C00135000,28.61,29.08,28.845,42,1858,2026-09-11,0.5933,0.8733,0.0074,-0.1055,0.0978,0.0953
2026-09-15,USO,161.53,2026-09-15T19:10:26.614294564Z,2026-10-16,31,C,136.0,0.841949,USO261016C00136000,27.4,27.52,27.46,3,897,2026-09-11,0.5357,0.8849,0.0077,-0.0912,0.0914,0.0981
2026-09-15,USO,161.53,2026-09-15T19:10:26.614268373Z,2026-10-16,31,C,138.0,0.85433,USO261016C00138000,25.71,26.67,26.19,3,455,2026-09-11,0.5742,0.8515,0.0086,-0.1127,0.109,0.0946
2026-09-15,USO,161.53,2026-09-15T19:10:28.925556253Z,2026-10-16,31,C,140.0,0.866712,USO261016C00140000,24.5,24.95,24.725,155,5878,2026-09-11,0.5846,0.8272,0.0093,-0.125,0.1204,0.0925
2026-09-15,USO,161.53,2026-09-15T19:10:29.14894974Z,2026-10-16,31,C,141.0,0.872903,USO261016C00141000,23.36,23.64,23.5,3,424,2026-09-11,0.5475,0.8292,0.0098,-0.1172,0.1195,0.0938
2026-09-15,USO,161.53,2026-09-15T19:10:24.298146923Z,2026-10-16,31,C,143.0,0.885284,USO261016C00143000,21.6,23.33,22.465,3,249,2026-09-11,0.5858,0.7931,0.0104,-0.1382,0.1345,0.0897
2026-09-15,USO,161.53,2026-09-15T19:10:29.371733404Z,2026-10-16,31,C,145.0,0.897666,USO261016C00145000,19.66,21.17,20.415,71,3690,2026-09-11,0.5432,0.7825,0.0115,-0.1325,0.1385,0.09
2026-09-15,USO,161.53,2026-09-15T19:10:24.695590907Z,2026-10-16,31,C,146.0,0.903857,USO261016C00146000,18.88,20.21,19.545,28,296,2026-09-11,0.5329,0.7729,0.012,-0.1331,0.1419,0.0894
2026-09-15,USO,161.53,2026-09-15T19:10:10.986926727Z,2026-10-16,31,C,148.0,0.916238,USO261016C00148000,17.69,18.38,18.035,5,839,2026-09-11,0.5264,0.7476,0.0129,-0.1385,0.1503,0.0872
2026-09-15,USO,161.53,2026-09-15T19:10:27.122997753Z,2026-10-16,31,C,150.0,0.92862,USO261016C00150000,16.58,17.52,17.05,327,5558,2026-09-11,0.5498,0.7128,0.0132,-0.1526,0.1604,0.0833
2026-09-15,USO,161.53,2026-09-15T19:10:25.36823358Z,2026-10-16,31,C,153.0,0.947192,USO261016C00153000,14.97,15.45,15.21,39,413,2026-09-11,0.5528,0.6688,0.0139,-0.162,0.1707,0.0788
2026-09-15,USO,161.53,2026-09-15T19:10:27.016788513Z,2026-10-16,31,C,155.0,0.959574,USO261016C00155000,13.89,14.34,14.115,451,2930,2026-09-11,0.5577,0.6384,0.0143,-0.168,0.1764,0.0756
2026-09-15,USO,161.53,2026-09-15T19:10:29.371733404Z,2026-10-16,31,C,158.0,0.978146,USO261016C00158000,12.1,12.81,12.455,328,212,2026-09-11,0.5573,0.5934,0.0148,-0.1729,0.1826,0.0708
2026-09-15,USO,161.53,2026-09-15T19:10:29.37166794Z,2026-10-16,31,C,160.0,0.990528,USO261016C00160000,11.13,11.62,11.375,1849,4814,2026-09-11,0.5543,0.5631,0.0151,-0.1742,0.1854,0.0676
2026-09-15,USO,161.53,2026-09-15T19:10:24.50898531Z,2026-10-16,31,C,162.0,1.00291,USO261016C00162000,10.14,11.2,10.67,74,633,2026-09-11,0.5682,0.5334,0.0149,-0.1794,0.1871,0.0641
2026-09-15,USO,161.53,2026-09-15T19:10:24.305679775Z,2026-10-16,31,C,163.0,1.0091,USO261016C00163000,9.64,10.35,9.995,49,268,2026-09-11,0.5566,0.5177,0.0152,-0.1762,0.1876,0.0625
2026-09-15,USO,161.53,2026-09-15T19:10:27.01451827Z,2026-10-16,31,C,165.0,1.021482,USO261016C00165000,9.2,9.57,9.385,554,3307,2026-09-11,0.5707,0.4896,0.0148,-0.1801,0.1877,0.0592
2026-09-15,USO,161.53,2026-09-15T19:10:29.587817809Z,2026-10-16,31,C,170.0,1.052436,USO261016C00170000,7.53,7.6,7.565,1277,4175,2026-09-11,0.5771,0.4202,0.0144,-0.1776,0.184,0.0512
2026-09-15,USO,161.53,2026-09-15T19:10:30.367472943Z,2026-10-16,31,C,175.0,1.08339,USO261016C00175000,6.07,6.33,6.2,570,1718,2026-09-11,0.5914,0.3592,0.0134,-0.1733,0.1759,0.044
2026-09-15,USO,161.53,2026-09-15T19:10:29.372002434Z,2026-10-16,31,C,180.0,1.114344,USO261016C00180000,4.9,5.06,4.98,1309,2233,2026-09-11,0.5989,0.3032,0.0124,-0.1635,0.1644,0.0374
2026-09-15,USO,161.53,2026-09-15T19:10:29.14440406Z,2026-10-16,31,C,185.0,1.145298,USO261016C00185000,3.92,4.23,4.075,661,3013,2026-09-11,0.612,0.2565,0.0112,-0.1536,0.1516,0.0317
2026-09-15,USO,161.53,2026-09-15T19:10:27.122706427Z,2026-10-16,31,C,190.0,1.176252,USO261016C00190000,3.29,3.47,3.38,285,1520,2026-09-11,0.6276,0.2179,0.01,-0.1437,0.1386,0.027
2026-09-15,USO,161.53,2026-09-15T19:10:24.114267788Z,2026-10-16,31,C,195.0,1.207206,USO261016C00195000,2.72,2.81,2.765,327,593,2026-09-11,0.6386,0.1835,0.0088,-0.1316,0.125,0.0228
2026-09-15,USO,161.53,2026-09-15T19:10:24.40280177Z,2026-10-16,31,C,200.0,1.23816,USO261016C00200000,2.2,2.3,2.25,752,8372,2026-09-11,0.6479,0.1537,0.0078,-0.1189,0.1115,0.0192
2026-09-15,USO,161.53,2026-09-15T19:10:24.921204665Z,2026-10-16,31,C,205.0,1.269114,USO261016C00205000,1.7,1.87,1.785,183,520,2026-09-11,0.652,0.1265,0.0068,-0.1047,0.0977,0.0158
2026-09-15,USO,161.53,2026-09-15T19:10:09.828540424Z,2026-10-16,31,P,114.0,0.705751,USO261016P00114000,0.32,0.41,0.365,3,891,2026-09-11,0.6665,-0.0283,0.0021,-0.0322,0.0305,-0.0042
2026-09-15,USO,161.53,2026-09-15T19:10:24.301790691Z,2026-10-16,31,P,116.0,0.718133,USO261016P00116000,0.32,0.49,0.405,3,2657,2026-09-11,0.6507,-0.0316,0.0023,-0.0345,0.0335,-0.0047
2026-09-15,USO,161.53,2026-09-15T19:10:24.875210225Z,2026-10-16,31,P,117.0,0.724324,USO261016P00117000,0.38,0.52,0.45,4,592,2026-09-11,0.6493,-0.0347,0.0025,-0.0372,0.0361,-0.0051
2026-09-15,USO,161.53,2026-09-15T19:10:09.711119917Z,2026-10-16,31,P,118.0,0.730514,USO261016P00118000,0.48,0.58,0.53,31,223,2026-09-11,0.6558,-0.0397,0.0028,-0.0419,0.0403,-0.0059
2026-09-15,USO,161.53,2026-09-15T19:10:09.881110827Z,2026-10-16,31,P,119.0,0.736705,USO261016P00119000,0.47,0.61,0.54,118,2673,2026-09-11,0.6437,-0.041,0.0029,-0.0422,0.0414,-0.0061
2026-09-15,USO,161.53,2026-09-15T19:10:21.293306285Z,2026-10-16,31,P,121.0,0.749087,USO261016P00121000,0.53,0.66,0.595,2,133,2026-09-11,0.6273,-0.0456,0.0032,-0.0448,0.0451,-0.0068
2026-09-15,USO,161.53,2026-09-15T19:10:24.339009463Z,2026-10-16,31,P,122.0,0.755278,USO261016P00122000,0.64,0.73,0.685,35,2503,2026-09-11,0.6316,-0.0512,0.0035,-0.0494,0.0494,-0.0076
2026-09-15,USO,161.53,2026-09-15T19:10:07.494141066Z,2026-10-16,31,P,123.0,0.761468,USO261016P00123000,0.66,0.73,0.695,48,308,2026-09-11,0.6188,-0.0528,0.0037,-0.0496,0.0507,-0.0078
2026-09-15,USO,161.53,2026-09-15T19:10:27.123243097Z,2026-10-16,31,P,124.0,0.767659,USO261016P00124000,0.73,0.79,0.76,1,590,2026-09-11,0.6164,-0.0572,0.004,-0.0526,0.054,-0.0085
2026-09-15,USO,161.53,2026-09-15T19:10:19.93561469Z,2026-10-16,31,P,125.0,0.77385,USO261016P00125000,0.82,0.86,0.84,398,11226,2026-09-11,0.6157,-0.0623,0.0042,-0.0562,0.0577,-0.0093
2026-09-15,USO,161.53,2026-09-15T19:10:12.618352708Z,2026-10-16,31,P,126.0,0.780041,USO261016P00126000,0.86,0.93,0.895,1,246,2026-09-11,0.6098,-0.0663,0.0045,-0.0584,0.0606,-0.0099
2026-09-15,USO,161.53,2026-09-15T19:10:24.722189994Z,2026-10-16,31,P,128.0,0.792422,USO261016P00128000,0.94,1.1,1.02,6,221,2026-09-11,0.5988,-0.0752,0.005,-0.0631,0.0668,-0.0112
2026-09-15,USO,161.53,2026-09-15T19:10:21.372896878Z,2026-10-16,31,P,129.0,0.798613,USO261016P00129000,1.11,1.16,1.135,9,281,2026-09-11,0.6,-0.0821,0.0054,-0.0675,0.0713,-0.0122
2026-09-15,USO,161.53,2026-09-15T19:10:30.776753381Z,2026-10-16,31,P,130.0,0.804804,USO261016P00130000,1.14,1.23,1.185,799,5619,2026-09-11,0.5912,-0.0862,0.0057,-0.069,0.074,-0.0128
2026-09-15,USO,161.53,2026-09-15T19:10:07.118204022Z,2026-10-16,31,P,131.0,0.810995,USO261016P00131000,1.25,1.34,1.295,6,803,2026-09-11,0.5898,-0.093,0.006,-0.0728,0.0783,-0.0139
2026-09-15,USO,161.53,2026-09-15T19:10:24.300322051Z,2026-10-16,31,P,133.0,0.823376,USO261016P00133000,1.39,1.54,1.465,7,810,2026-09-11,0.5785,-0.1047,0.0067,-0.0777,0.0854,-0.0156
2026-09-15,USO,161.53,2026-09-15T19:10:24.298893632Z,2026-10-16,31,P,134.0,0.829567,USO261016P00134000,1.56,1.66,1.61,11,725,2026-09-11,0.5787,-0.113,0.007,-0.0821,0.0902,-0.0169
2026-09-15,USO,161.53,2026-09-15T19:10:27.137227578Z,2026-10-16,31,P,135.0,0.835758,USO261016P00135000,1.65,1.79,1.72,478,3225,2026-09-11,0.5742,-0.1201,0.0074,-0.085,0.0942,-0.0179
2026-09-15,USO,161.53,2026-09-15T19:10:24.311218067Z,2026-10-16,31,P,136.0,0.841949,USO261016P00136000,1.86,1.93,1.895,6,738,2026-09-11,0.5755,-0.1297,0.0078,-0.0898,0.0994,-0.0194
2026-09-15,USO,161.53,2026-09-15T19:10:31.356029883Z,2026-10-16,31,P,138.0,0.85433,USO261016P00138000,2.05,2.24,2.145,22,215,2026-09-11,0.5655,-0.1454,0.0086,-0.0953,0.1075,-0.0218
2026-09-15,USO,161.53,2026-09-15T19:10:30.307616528Z,2026-10-16,31,P,140.0,0.866712,USO261016P00140000,2.56,2.63,2.595,1404,5000,2026-09-11,0.5701,-0.1679,0.0094,-0.1055,0.1181,-0.0252
2026-09-15,USO,161.53,2026-09-15T19:10:30.867780109Z,2026-10-16,31,P,141.0,0.872903,USO261016P00141000,2.73,2.84,2.785,44,186,2026-09-11,0.5678,-0.178,0.0098,-0.109,0.1227,-0.0268
2026-09-15,USO,161.53,2026-09-15T19:10:29.371783055Z,2026-10-16,31,P,143.0,0.885284,USO261016P00143000,3.05,3.27,3.16,74,795,2026-09-11,0.5603,-0.1986,0.0106,-0.1149,0.1312,-0.0299
2026-09-15,USO,161.53,2026-09-15T19:10:29.371783055Z,2026-10-16,31,P,145.0,0.897666,USO261016P00145000,3.65,3.71,3.68,926,2514,2026-09-11,0.5603,-0.2231,0.0113,-0.1228,0.1405,-0.0337
2026-09-15,USO,161.53,2026-09-15T19:10:24.874924595Z,2026-10-16,31,P,146.0,0.903857,USO261016P00146000,3.78,4.07,3.925,9,560,2026-09-11,0.5579,-0.2351,0.0117,-0.1258,0.1447,-0.0356
2026-09-15,USO,161.53,2026-09-15T19:10:25.431483272Z,2026-10-16,31,P,148.0,0.916238,USO261016P00148000,4.42,4.62,4.52,20,982,2026-09-11,0.5573,-0.2615,0.0124,-0.1327,0.1531,-0.0397
2026-09-15,USO,161.53,2026-09-15T19:10:29.139268046Z,2026-10-16,31,P,150.0,0.92862,USO261016P00150000,5.13,5.23,5.18,1415,4243,2026-09-11,0.5572,-0.289,0.013,-0.1391,0.1609,-0.044
2026-09-15,USO,161.53,2026-09-15T19:10:24.378190425Z,2026-10-16,31,P,153.0,0.947192,USO261016P00153000,6.15,6.42,6.285,33,509,2026-09-11,0.5572,-0.332,0.0138,-0.1472,0.1709,-0.0509
2026-09-15,USO,161.53,2026-09-15T19:10:29.436882429Z,2026-10-16,31,P,155.0,0.959574,USO261016P00155000,7.01,7.3,7.155,324,780,2026-09-11,0.5604,-0.362,0.0142,-0.1525,0.1764,-0.0557
2026-09-15,USO,161.53,2026-09-15T19:10:30.402006835Z,2026-10-16,31,P,158.0,0.978146,USO261016P00158000,8.41,8.75,8.58,94,105,2026-09-11,0.5651,-0.407,0.0146,-0.1586,0.1826,-0.0631
2026-09-15,USO,161.53,2026-09-15T19:10:29.371792792Z,2026-10-16,31,P,160.0,0.990528,USO261016P00160000,9.44,9.73,9.585,1095,309,2026-09-11,0.5669,-0.4369,0.0148,-0.1611,0.1854,-0.0681
2026-09-15,USO,161.53,2026-09-15T19:10:30.49453781Z,2026-10-16,31,P,162.0,1.00291,USO261016P00162000,10.45,10.81,10.63,19,3,2026-09-11,0.5676,-0.4666,0.0149,-0.1622,0.1871,-0.073
2026-09-15,USO,161.53,2026-09-15T19:10:29.371792792Z,2026-10-16,31,P,163.0,1.0091,USO261016P00163000,10.95,11.29,11.12,29,2,2026-09-11,0.565,-0.4816,0.015,-0.1616,0.1876,-0.0755
2026-09-15,USO,161.53,2026-09-15T19:10:24.301545003Z,2026-10-16,31,P,165.0,1.021482,USO261016P00165000,12.25,12.53,12.39,18,22,2026-09-11,0.573,-0.5101,0.0148,-0.1635,0.1877,-0.0805
2026-09-15,USO,161.53,2026-09-15T19:10:21.373167315Z,2026-10-16,31,P,170.0,1.052436,USO261016P00170000,15.28,16.21,15.745,68,96,2026-09-11,0.5899,-0.5767,0.0141,-0.1638,0.1843,-0.0925
2026-09-15,USO,161.53,2026-09-15T19:10:29.144053041Z,2026-10-16,31,P,175.0,1.08339,USO261016P00175000,18.47,19.31,18.89,11,40,2026-09-11,0.5779,-0.6455,0.0137,-0.1502,0.1751,-0.1046
2026-09-15,USO,161.53,2026-09-15T19:10:27.020362029Z,2026-10-16,31,P,180.0,1.114344,USO261016P00180000,22.78,23.68,23.23,64,86,2026-09-11,0.6194,-0.6888,0.0121,-0.152,0.1663,-0.1142
2026-09-15,USO,161.53,2026-09-15T19:10:24.299862217Z,2026-10-16,31,P,185.0,1.145298,USO261016P00185000,26.02,27.7,26.86,2,43,2026-09-11,0.6047,-0.7467,0.0112,-0.1313,0.1506,-0.1252
2026-09-15,USO,161.53,2026-09-15T19:10:24.310010174Z,2026-10-16,31,P,190.0,1.176252,USO261016P00190000,31.22,31.72,31.47,12,20,2026-09-11,0.6427,-0.7754,0.0099,-0.1296,0.141,-0.1331
2026-09-15,USO,161.53,2026-09-15T19:10:24.378261725Z,2026-10-16,31,P,195.0,1.207206,USO261016P00195000,35.6,35.89,35.745,60,86,2026-09-11,0.648,-0.8123,0.0088,-0.1148,0.1268,-0.1418
2026-09-15,USO,161.53,2026-09-15T19:10:26.105547701Z,2026-10-16,31,P,200.0,1.23816,USO261016P00200000,39.66,40.91,40.285,1,115,2026-09-11,0.6646,-0.839,0.0078,-0.1047,0.115,-0.1493
2026-09-15,USO,161.53,2026-09-15T19:10:29.166551886Z,2026-10-16,31,P,205.0,1.269114,USO261016P00205000,43.43,45.88,44.655,2,,,0.6561,-0.8717,0.0068,-0.0848,0.0986,-0.1575
2026-09-15,TSLA,357.04,2026-09-15T19:10:29.120853301Z,2026-10-09,24,C,250.0,0.700202,TSLA261009C00250000,105.42,110.55,107.985,4,1,2026-09-11,0.665,0.9857,0.0006,-0.0717,0.0332,0.1604
2026-09-15,TSLA,357.04,2026-09-15T19:10:29.120853301Z,2026-10-09,24,C,255.0,0.714206,TSLA261009C00255000,99.26,105.37,102.315,190,13,2026-09-11,,,,,,
2026-09-15,TSLA,357.04,2026-09-15T19:10:32.896402362Z,2026-10-09,24,C,260.0,0.72821,TSLA261009C00260000,97.66,98.88,98.27,26,13,2026-09-11,0.6598,0.9758,0.0009,-0.0979,0.0521,0.1645
2026-09-15,TSLA,357.04,2026-09-15T19:10:12.496413205Z,2026-10-09,24,C,265.0,0.742214,TSLA261009C00265000,89.16,95.32,92.24,108,23,2026-09-11,,,,,,
2026-09-15,TSLA,357.04,2026-09-15T19:10:29.122417341Z,2026-10-09,24,C,270.0,0.756218,TSLA261009C00270000,86.87,87.78,87.325,108,22,2026-09-11,,,,,,
2026-09-15,TSLA,357.04,2026-09-15T19:10:21.164239436Z,2026-10-09,24,C,275.0,0.770222,TSLA261009C00275000,81.07,85.7,83.385,116,29,2026-09-11,0.5723,0.9692,0.0013,-0.1035,0.0636,0.1727
2026-09-15,TSLA,357.04,2026-09-15T19:10:21.208720445Z,2026-10-09,24,C,280.0,0.784226,TSLA261009C00280000,77.55,80.26,78.905,120,41,2026-09-11,0.6034,0.952,0.0018,-0.1424,0.0914,0.1716
2026-09-15,TSLA,357.04,2026-09-15T19:10:29.121018774Z,2026-10-09,24,C,285.0,0.79823,TSLA261009C00285000,70.74,73.65,72.195,1,13,2026-09-11,,,,,,
2026-09-15,TSLA,357.04,2026-09-15T19:10:29.72746834Z,2026-10-09,24,C,290.0,0.812234,TSLA261009C00290000,68.96,69.71,69.335,92,32,2026-09-11,0.57,0.9349,0.0024,-0.1659,0.1163,0.1739
2026-09-15,TSLA,357.04,2026-09-15T19:10:12.484157623Z,2026-10-09,24,C,295.0,0.826238,TSLA261009C00295000,63.93,65.61,64.77,140,10,2026-09-11,0.566,0.92,0.0029,-0.1883,0.1361,0.1734
2026-09-15,TSLA,357.04,2026-09-15T19:10:26.538528088Z,2026-10-09,24,C,300.0,0.840242,TSLA261009C00300000,59.94,60.96,60.45,1,63,2026-09-11,0.5719,0.8993,0.0034,-0.2199,0.1615,0.1714
2026-09-15,TSLA,357.04,2026-09-15T19:10:26.538528088Z,2026-10-09,24,C,305.0,0.854246,TSLA261009C00305000,53.31,54.74,54.025,2,2,2026-09-11,0.4332,0.9327,0.0033,-0.137,0.1192,0.1834
2026-09-15,TSLA,357.04,2026-09-15T19:10:29.121075187Z,2026-10-09,24,C,310.0,0.86825,TSLA261009C00310000,50.48,51.36,50.92,10,20,2026-09-11,0.5168,0.8752,0.0043,-0.2302,0.1883,0.172
2026-09-15,TSLA,357.04,2026-09-15T19:10:31.418191013Z,2026-10-09,24,C,315.0,0.882254,TSLA261009C00315000,45.34,45.99,45.665,5,7,2026-09-11,0.4621,0.8723,0.0049,-0.2121,0.1913,0.1748
2026-09-15,TSLA,357.04,2026-09-15T19:10:31.220434984Z,2026-10-09,24,C,320.0,0.896258,TSLA261009C00320000,40.23,41.99,41.11,1,63,2026-09-11,0.4428,0.8516,0.0057,-0.2232,0.2119,0.1729
2026-09-15,TSLA,357.04,2026-09-15T19:10:31.20477767Z,2026-10-09,24,C,325.0,0.910262,TSLA261009C00325000,37.23,37.98,37.605,1,31,2026-09-11,0.4636,0.8082,0.0064,-0.2677,0.2498,0.165
2026-09-15,TSLA,357.04,2026-09-15T19:10:31.396875237Z,2026-10-09,24,C,330.0,0.924266,TSLA261009C00330000,32.439,33.7,33.0695,17,174,2026-09-11,0.4352,0.7834,0.0074,-0.2695,0.2686,0.1622
2026-09-15,TSLA,357.04,2026-09-15T19:10:31.396870459Z,2026-10-09,24,C,335.0,0.93827,TSLA261009C00335000,29.04,29.15,29.095,7,178,2026-09-11,0.4234,0.7467,0.0083,-0.2834,0.2929,0.1562
2026-09-15,TSLA,357.04,2026-09-15T19:10:30.963092666Z,2026-10-09,24,C,340.0,0.952274,TSLA261009C00340000,25.58,26.21,25.895,36,93,2026-09-11,0.4305,0.6988,0.0088,-0.3096,0.3189,0.147
2026-09-15,TSLA,357.04,2026-09-15T19:10:31.219628139Z,2026-10-09,24,C,345.0,0.966278,TSLA261009C00345000,22.39,22.49,22.44,13,149,2026-09-11,0.4219,0.6533,0.0096,-0.3192,0.3379,0.1386
2026-09-15,TSLA,357.04,2026-09-15T19:10:31.228303788Z,2026-10-09,24,C,350.0,0.980282,TSLA261009C00350000,19.07,19.44,19.255,128,301,2026-09-11,0.4146,0.6041,0.0102,-0.3253,0.3527,0.1292
2026-09-15,TSLA,357.04,2026-09-15T19:10:33.140929784Z,2026-10-09,24,C,355.0,0.994286,TSLA261009C00355000,16.27,17.17,16.72,310,486,2026-09-11,0.4184,0.5519,0.0103,-0.3347,0.3621,0.1186
2026-09-15,TSLA,357.04,2026-09-15T19:10:33.140929784Z,2026-10-09,24,C,360.0,1.00829,TSLA261009C00360000,14.42,14.47,14.445,537,625,2026-09-11,0.4221,0.5004,0.0103,-0.3385,0.3652,0.108
2026-09-15,TSLA,357.04,2026-09-15T19:10:32.642537503Z,2026-10-09,24,C,365.0,1.022294,TSLA261009C00365000,12.09,12.19,12.14,267,562,2026-09-11,0.418,0.4488,0.0103,-0.331,0.3622,0.0974
2026-09-15,TSLA,357.04,2026-09-15T19:10:16.688598051Z,2026-10-09,24,C,370.0,1.036298,TSLA261009C00370000,10.32,10.42,10.37,356,889,2026-09-11,0.4218,0.4004,0.01,-0.3249,0.3538,0.0872
2026-09-15,TSLA,357.04,2026-09-15T19:10:32.529277871Z,2026-10-09,24,C,375.0,1.050302,TSLA261009C00375000,8.53,8.9,8.715,192,849,2026-09-11,0.4225,0.3535,0.0096,-0.3119,0.3403,0.0773
2026-09-15,TSLA,357.04,2026-09-15T19:10:31.195645923Z,2026-10-09,24,C,380.0,1.064307,TSLA261009C00380000,7.15,7.47,7.31,289,866,2026-09-11,0.4242,0.3101,0.0091,-0.2964,0.323,0.068
2026-09-15,TSLA,357.04,2026-09-15T19:10:29.743577052Z,2026-10-09,24,C,385.0,1.078311,TSLA261009C00385000,6.06,6.18,6.12,237,823,2026-09-11,0.4266,0.2704,0.0085,-0.2788,0.3029,0.0595
2026-09-15,TSLA,357.04,2026-09-15T19:10:31.197084426Z,2026-10-09,24,C,390.0,1.092315,TSLA261009C00390000,4.98,5.19,5.085,103,627,2026-09-11,0.4285,0.2339,0.0078,-0.2588,0.2806,0.0516
2026-09-15,TSLA,357.04,2026-09-15T19:10:29.74369983Z,2026-10-09,24,C,395.0,1.106319,TSLA261009C00395000,4.09,4.14,4.115,47,336,2026-09-11,0.4268,0.1989,0.0071,-0.2341,0.2554,0.044
2026-09-15,TSLA,357.04,2026-09-15T19:10:31.195555767Z,2026-10-09,24,C,400.0,1.120323,TSLA261009C00400000,3.38,3.45,3.415,1508,1157,2026-09-11,0.4301,0.1704,0.0064,-0.214,0.2321,0.0378
2026-09-15,TSLA,357.04,2026-09-15T19:10:31.195596113Z,2026-10-09,24,C,405.0,1.134327,TSLA261009C00405000,2.82,2.86,2.84,106,573,2026-09-11,0.434,0.1458,0.0058,-0.1946,0.2095,0.0324
2026-09-15,TSLA,357.04,2026-09-15T19:10:32.634403148Z,2026-10-09,24,C,410.0,1.148331,TSLA261009C00410000,2.39,2.43,2.41,78,677,2026-09-11,0.4406,0.126,0.0051,-0.1785,0.1895,0.028
2026-09-15,TSLA,357.04,2026-09-15T19:10:32.391288988Z,2026-10-09,24,C,415.0,1.162335,TSLA261009C00415000,1.97,1.98,1.975,975,710,2026-09-11,0.4429,0.1064,0.0045,-0.1589,0.1681,0.0237
2026-09-15,TSLA,357.04,2026-09-15T19:10:30.89303013Z,2026-10-09,24,C,420.0,1.176339,TSLA261009C00420000,1.65,1.7,1.675,77,820,2026-09-11,0.4492,0.0917,0.004,-0.1443,0.1507,0.0204
2026-09-15,TSLA,357.04,2026-09-15T19:10:32.249711682Z,2026-10-09,24,C,425.0,1.190343,TSLA261009C00425000,1.35,1.44,1.395,43,498,2026-09-11,0.4534,0.078,0.0035,-0.1289,0.1335,0.0174
2026-09-15,TSLA,357.04,2026-09-15T19:10:32.892382705Z,2026-10-09,24,C,430.0,1.204347,TSLA261009C00430000,1.18,1.22,1.2,43,506,2026-09-11,0.4608,0.0677,0.0031,-0.1174,0.1198,0.0151
2026-09-15,TSLA,357.04,2026-09-15T19:10:32.391104095Z,2026-10-09,24,C,435.0,1.218351,TSLA261009C00435000,1.01,1.05,1.03,14,175,2026-09-11,0.4677,0.0587,0.0027,-0.1065,0.1071,0.0131
2026-09-15,TSLA,357.04,2026-09-15T19:10:31.397141253Z,2026-10-09,24,C,440.0,1.232355,TSLA261009C00440000,0.87,0.91,0.89,34,369,2026-09-11,0.4748,0.0511,0.0024,-0.0968,0.096,0.0114
2026-09-15,TSLA,357.04,2026-09-15T19:10:32.70799847Z,2026-10-09,24,C,445.0,1.246359,TSLA261009C00445000,0.72,0.76,0.74,13,668,2026-09-11,0.4782,0.0432,0.0021,-0.0853,0.084,0.0097
2026-09-15,TSLA,357.04,2026-09-15T19:10:32.34841692Z,2026-10-09,24,C,450.0,1.260363,TSLA261009C00450000,0.68,0.71,0.695,68,853,2026-09-11,0.4921,0.04,0.0019,-0.0823,0.0789,0.0089
2026-09-15,TSLA,357.04,2026-09-15T19:10:12.485175676Z,2026-10-09,24,C,455.0,1.274367,TSLA261009C00455000,0.56,0.63,0.595,3,153,2026-09-11,0.4974,0.0346,0.0017,-0.0738,0.07,0.0077
2026-09-15,TSLA,357.04,2026-09-15T19:10:29.745270703Z,2026-10-09,24,C,460.0,1.288371,TSLA261009C00460000,0.54,0.57,0.555,3,206,2026-09-11,0.5097,0.0319,0.0015,-0.0707,0.0655,0.0071
2026-09-15,TSLA,357.04,2026-09-15T19:10:30.073963059Z,2026-10-09,24,P,250.0,0.700202,TSLA261009P00250000,0.35,0.38,0.365,3,48,2026-09-11,0.6769,-0.0156,0.0006,-0.0499,0.0359,-0.0039
2026-09-15,TSLA,357.04,2026-09-15T19:10:12.485270308Z,2026-10-09,24,P,255.0,0.714206,TSLA261009P00255000,0.44,0.46,0.45,2,22,2026-09-11,0.6653,-0.0191,0.0008,-0.0583,0.0426,-0.0048
2026-09-15,TSLA,357.04,2026-09-15T19:10:32.394435534Z,2026-10-09,24,P,260.0,0.72821,TSLA261009P00260000,0.48,0.51,0.495,8,258,2026-09-11,0.642,-0.0215,0.0009,-0.0621,0.0471,-0.0054
2026-09-15,TSLA,357.04,2026-09-15T19:10:12.483180678Z,2026-10-09,24,P,265.0,0.742214,TSLA261009P00265000,0.54,0.56,0.55,1,164,2026-09-11,0.6197,-0.0244,0.001,-0.0666,0.0523,-0.0061
2026-09-15,TSLA,357.04,2026-09-15T19:10:31.396954502Z,2026-10-09,24,P,270.0,0.756218,TSLA261009P00270000,0.56,0.63,0.595,2,64,2026-09-11,0.5947,-0.0271,0.0011,-0.0699,0.0573,-0.0068
2026-09-15,TSLA,357.04,2026-09-15T19:10:30.892923928Z,2026-10-09,24,P,275.0,0.770222,TSLA261009P00275000,0.68,0.71,0.695,4,46,2026-09-11,0.5776,-0.0319,0.0014,-0.0776,0.0655,-0.0079
2026-09-15,TSLA,357.04,2026-09-15T19:10:34.390309887Z,2026-10-09,24,P,280.0,0.784226,TSLA261009P00280000,0.77,0.8,0.785,1,489,2026-09-11,0.5569,-0.0367,0.0016,-0.0838,0.0735,-0.0091
2026-09-15,TSLA,357.04,2026-09-15T19:10:31.396688911Z,2026-10-09,24,P,285.0,0.79823,TSLA261009P00285000,0.88,0.92,0.9,1,251,2026-09-11,0.5378,-0.0426,0.0018,-0.0913,0.083,-0.0106
2026-09-15,TSLA,357.04,2026-09-15T19:10:34.638160253Z,2026-10-09,24,P,290.0,0.812234,TSLA261009P00290000,1.03,1.06,1.045,11,211,2026-09-11,0.5199,-0.0499,0.0022,-0.1002,0.0943,-0.0124
2026-09-15,TSLA,357.04,2026-09-15T19:10:31.223235766Z,2026-10-09,24,P,295.0,0.826238,TSLA261009P00295000,1.2,1.25,1.225,32,361,2026-09-11,0.503,-0.0589,0.0026,-0.1103,0.1075,-0.0146
2026-09-15,TSLA,357.04,2026-09-15T19:10:33.307165118Z,2026-10-09,24,P,300.0,0.840242,TSLA261009P00300000,1.39,1.44,1.415,62,535,2026-09-11,0.4842,-0.0689,0.003,-0.1197,0.1214,-0.0171
2026-09-15,TSLA,357.04,2026-09-15T19:10:31.244541512Z,2026-10-09,24,P,305.0,0.854246,TSLA261009P00305000,1.67,1.74,1.705,45,248,2026-09-11,0.4702,-0.0826,0.0035,-0.1334,0.1395,-0.0205
2026-09-15,TSLA,357.04,2026-09-15T19:10:31.397455797Z,2026-10-09,24,P,310.0,0.86825,TSLA261009P00310000,2.11,2.17,2.14,18,363,2026-09-11,0.4617,-0.1014,0.0042,-0.1521,0.1623,-0.0252
2026-09-15,TSLA,357.04,2026-09-15T19:10:29.749415142Z,2026-10-09,24,P,315.0,0.882254,TSLA261009P00315000,2.59,2.66,2.625,46,410,2026-09-11,0.4508,-0.1224,0.0049,-0.1695,0.1857,-0.0305
2026-09-15,TSLA,357.04,2026-09-15T19:10:32.536554649Z,2026-10-09,24,P,320.0,0.896258,TSLA261009P00320000,3.14,3.24,3.19,163,567,2026-09-11,0.4389,-0.1465,0.0057,-0.1863,0.2101,-0.0365
2026-09-15,TSLA,357.04,2026-09-15T19:10:30.893390042Z,2026-10-09,24,P,325.0,0.910262,TSLA261009P00325000,4.019,4.12,4.0695,109,524,2026-09-11,0.4356,-0.1788,0.0066,-0.2099,0.2392,-0.0446
2026-09-15,TSLA,357.04,2026-09-15T19:10:33.967748301Z,2026-10-09,24,P,330.0,0.924266,TSLA261009P00330000,4.93,5.11,5.02,50,543,2026-09-11,0.4283,-0.2134,0.0074,-0.229,0.2663,-0.0534
2026-09-15,TSLA,357.04,2026-09-15T19:10:30.893741617Z,2026-10-09,24,P,335.0,0.93827,TSLA261009P00335000,6.21,6.35,6.28,38,249,2026-09-11,0.4255,-0.2542,0.0082,-0.2499,0.2935,-0.0638
2026-09-15,TSLA,357.04,2026-09-15T19:10:34.339463768Z,2026-10-09,24,P,340.0,0.952274,TSLA261009P00340000,7.67,7.77,7.72,338,678,2026-09-11,0.4215,-0.2982,0.009,-0.2667,0.3174,-0.0751
2026-09-15,TSLA,357.04,2026-09-15T19:10:34.911376161Z,2026-10-09,24,P,345.0,0.966278,TSLA261009P00345000,9.31,9.47,9.39,163,340,2026-09-11,0.4175,-0.3456,0.0096,-0.2796,0.3375,-0.0873
2026-09-15,TSLA,357.04,2026-09-15T19:10:33.81822755Z,2026-10-09,24,P,350.0,0.980282,TSLA261009P00350000,11.29,11.57,11.43,889,566,2026-09-11,0.4171,-0.3963,0.0101,-0.2905,0.3528,-0.1005
2026-09-15,TSLA,357.04,2026-09-15T19:10:32.141959756Z,2026-10-09,24,P,355.0,0.994286,TSLA261009P00355000,13.62,13.77,13.695,1057,308,2026-09-11,0.4157,-0.4481,0.0104,-0.2953,0.3621,-0.1142
2026-09-15,TSLA,357.04,2026-09-15T19:10:32.141959756Z,2026-10-09,24,P,360.0,1.00829,TSLA261009P00360000,15.92,16.46,16.19,732,319,2026-09-11,0.4134,-0.5005,0.0105,-0.2941,0.3652,-0.1281
2026-09-15,TSLA,357.04,2026-09-15T19:10:34.390245268Z,2026-10-09,24,P,365.0,1.022294,TSLA261009P00365000,19.29,19.44,19.365,62,230,2026-09-11,0.4228,-0.5502,0.0102,-0.2965,0.3623,-0.1419
2026-09-15,TSLA,357.04,2026-09-15T19:10:32.601980047Z,2026-10-09,24,P,370.0,1.036298,TSLA261009P00370000,21.91,22.77,22.34,41,225,2026-09-11,0.42,-0.6003,0.01,-0.2845,0.3536,-0.1556
2026-09-15,TSLA,357.04,2026-09-15T19:10:34.46672197Z,2026-10-09,24,P,375.0,1.050302,TSLA261009P00375000,25.37,26.01,25.69,68,149,2026-09-11,0.4211,-0.6471,0.0096,-0.2713,0.3401,-0.1688
2026-09-15,TSLA,357.04,2026-09-15T19:10:34.407986971Z,2026-10-09,24,P,380.0,1.064307,TSLA261009P00380000,28.53,30.28,29.405,7,179,2026-09-11,0.4268,-0.6886,0.009,-0.2588,0.3236,-0.181
2026-09-15,TSLA,357.04,2026-09-15T19:10:32.576173495Z,2026-10-09,24,P,385.0,1.078311,TSLA261009P00385000,32.46,33.48,32.97,1,30,2026-09-11,0.4217,-0.7324,0.0085,-0.2338,0.3014,-0.1936
2026-09-15,TSLA,357.04,2026-09-15T19:10:29.122311057Z,2026-10-09,24,P,390.0,1.092315,TSLA261009P00390000,36.47,37.87,37.17,1,107,2026-09-11,0.432,-0.764,0.0078,-0.2212,0.282,-0.2038
2026-09-15,TSLA,357.04,2026-09-15T19:10:31.278642683Z,2026-10-09,24,P,395.0,1.106319,TSLA261009P00395000,40.35,42.64,41.495,4,16,2026-09-11,0.4425,-0.7915,0.0071,-0.2081,0.2627,-0.2131
2026-09-15,TSLA,357.04,2026-09-15T19:10:32.107908046Z,2026-10-09,24,P,400.0,1.120323,TSLA261009P00400000,44.82,46.13,45.475,1,58,2026-09-11,0.4344,-0.8269,0.0064,-0.1762,0.2344,-0.224
2026-09-15,TSLA,357.04,2026-09-15T19:10:34.246893192Z,2026-10-09,24,P,405.0,1.134327,TSLA261009P00405000,49.72,50.01,49.865,15,13,2026-09-11,0.4377,-0.8519,0.0058,-0.1557,0.2116,-0.2328
2026-09-15,TSLA,357.04,2026-09-15T19:10:32.643098164Z,2026-10-09,24,P,410.0,1.148331,TSLA261009P00410000,54.59,55.76,55.175,2,20,2026-09-11,0.4818,-0.8502,0.0053,-0.1762,0.2132,-0.2359
2026-09-15,TSLA,357.04,2026-09-15T19:10:29.747314983Z,2026-10-09,24,P,415.0,1.162335,TSLA261009P00415000,57.73,59.45,58.59,1,11,2026-09-11,0.4239,-0.9043,0.0044,-0.0972,0.1556,-0.2508
2026-09-15,TSLA,357.04,2026-09-15T19:10:29.74739009Z,2026-10-09,24,P,420.0,1.176339,TSLA261009P00420000,63.36,64.67,64.015,3,36,2026-09-11,0.4763,-0.894,0.0042,-0.1259,0.1676,-0.252
2026-09-15,TSLA,357.04,2026-09-15T19:10:29.747375013Z,2026-10-09,24,P,425.0,1.190343,TSLA261009P00425000,69.54,70.52,70.03,2,7,2026-09-11,0.5589,-0.8701,0.0041,-0.1853,0.1936,-0.2503
2026-09-15,TSLA,357.04,2026-09-15T19:10:29.747385079Z,2026-10-09,24,P,430.0,1.204347,TSLA261009P00430000,73.14,73.6,73.37,1,19,2026-09-11,0.4834,-0.9219,0.0033,-0.0922,0.1336,-0.2647
2026-09-15,TSLA,357.04,2026-09-15T19:10:12.490984496Z,2026-10-09,24,P,435.0,1.218351,TSLA261009P00435000,77.3,80.48,78.89,3,5,2026-09-11,0.5439,-0.908,0.0033,-0.1288,0.1512,-0.265
2026-09-15,TSLA,357.04,2026-09-15T19:10:12.487996742Z,2026-10-09,24,P,440.0,1.232355,TSLA261009P00440000,82.1,84.21,83.155,20,20,2026-09-11,0.5128,-0.9337,0.0027,-0.082,0.1178,-0.2739
2026-09-15,TSLA,357.04,2026-09-15T19:10:12.487996742Z,2026-10-09,24,P,445.0,1.246359,TSLA261009P00445000,88.05,89,88.525,2,7,2026-09-11,0.5652,-0.9236,0.0028,-0.1107,0.1314,-0.275
2026-09-15,TSLA,357.04,2026-09-15T19:10:29.120446552Z,2026-10-09,24,P,450.0,1.260363,TSLA261009P00450000,90.02,96.23,93.125,2,5,2026-09-11,0.5546,-0.938,0.0024,-0.0841,0.1118,-0.2814
2026-09-15,TSLA,357.04,2026-09-15T19:10:12.500215918Z,2026-10-09,24,P,455.0,1.274367,TSLA261009P00455000,95.68,99.8,97.74,1,7,2026-09-11,0.5378,-0.9526,0.002,-0.0552,0.0904,-0.2879
2026-09-15,TSLA,357.04,2026-09-15T19:10:19.288255612Z,2026-10-09,24,P,460.0,1.288371,TSLA261009P00460000,99.2,104.66,101.93,2,6,2026-09-11,0.4103,-0.9901,0.0007,0.0274,0.0241,-0.2995
2026-09-15,TSLA,357.04,2026-09-15T19:10:29.122159862Z,2026-10-16,31,C,250.0,0.700202,TSLA261016C00250000,104.62,108.24,106.43,1,269,2026-09-11,,,,,,
2026-09-15,TSLA,357.04,2026-09-15T19:10:12.507996209Z,2026-10-16,31,C,255.0,0.714206,TSLA261016C00255000,101.54,104.78,103.16,6,85,2026-09-11,0.5505,0.986,0.0006,-0.0592,0.037,0.2114
2026-09-15,TSLA,357.04,2026-09-15T19:10:29.12066109Z,2026-10-16,31,C,260.0,0.72821,TSLA261016C00260000,97.15,101.16,99.155,1,56,2026-09-11,0.6729,0.9584,0.0013,-0.1262,0.0927,0.2064
2026-09-15,TSLA,357.04,2026-09-15T19:10:29.249718895Z,2026-10-16,31,C,265.0,0.742214,TSLA261016C00265000,90.22,94.7,92.46,5,79,2026-09-11,,,,,,
2026-09-15,TSLA,357.04,2026-09-15T19:10:31.222213444Z,2026-10-16,31,C,270.0,0.756218,TSLA261016C00270000,87.39,89.63,88.51,2,139,2026-09-11,0.5248,0.9729,0.0011,-0.0825,0.0651,0.2198
2026-09-15,TSLA,357.04,2026-09-15T19:10:29.124760904Z,2026-10-16,31,C,275.0,0.770222,TSLA261016C00275000,83.31,85.87,84.59,1,189,2026-09-11,0.6089,0.9428,0.0018,-0.1439,0.1195,0.214
2026-09-15,TSLA,357.04,2026-09-15T19:10:29.120671088Z,2026-10-16,31,C,280.0,0.784226,TSLA261016C00280000,76.43,80.54,78.485,1,141,2026-09-11,0.4587,0.9719,0.0014,-0.078,0.0671,0.2281
2026-09-15,TSLA,357.04,2026-09-15T19:10:29.120691236Z,2026-10-16,31,C,285.0,0.79823,TSLA261016C00285000,72.51,74.77,73.64,1,84,2026-09-11,0.4491,0.965,0.0017,-0.0868,0.0804,0.2301
2026-09-15,TSLA,357.04,2026-09-15T19:10:29.122159862Z,2026-10-16,31,C,290.0,0.812234,TSLA261016C00290000,67.63,69.27,68.45,2,182,2026-09-11,0.3934,0.9712,0.0016,-0.0728,0.0683,0.2364
2026-09-15,TSLA,357.04,2026-09-15T19:10:14.176734065Z,2026-10-16,31,C,295.0,0.826238,TSLA261016C00295000,64.59,65.99,65.29,25,97,2026-09-11,0.5183,0.9132,0.0029,-0.1651,0.1645,0.2215
2026-09-15,TSLA,357.04,2026-09-15T19:10:31.406843848Z,2026-10-16,31,C,300.0,0.840242,TSLA261016C00300000,58.94,59.93,59.435,69,573,2026-09-11,0.4281,0.931,0.003,-0.1242,0.1381,0.2318
2026-09-15,TSLA,357.04,2026-09-15T19:10:16.689863188Z,2026-10-16,31,C,305.0,0.854246,TSLA261016C00305000,55.28,56.58,55.93,10,583,2026-09-11,0.4821,0.8877,0.0038,-0.1819,0.1985,0.2217
2026-09-15,TSLA,357.04,2026-09-15T19:10:29.249824476Z,2026-10-16,31,C,310.0,0.86825,TSLA261016C00310000,51.25,51.47,51.36,9,1991,2026-09-11,0.466,0.8712,0.0043,-0.1918,0.2187,0.2205
2026-09-15,TSLA,357.04,2026-09-15T19:10:30.893740467Z,2026-10-16,31,C,315.0,0.882254,TSLA261016C00315000,46.48,47.8,47.14,2,435,2026-09-11,0.4618,0.8467,0.0049,-0.2103,0.2461,0.2167
2026-09-15,TSLA,357.04,2026-09-15T19:10:32.892762708Z,2026-10-16,31,C,320.0,0.896258,TSLA261016C00320000,42.7,43.2,42.95,30,1355,2026-09-11,0.4537,0.821,0.0055,-0.2255,0.2721,0.2125
2026-09-15,TSLA,357.04,2026-09-15T19:10:30.141044746Z,2026-10-16,31,C,325.0,0.910262,TSLA261016C00325000,38.03,39.13,38.58,115,1255,2026-09-11,0.4352,0.7968,0.0062,-0.2324,0.2941,0.2089
2026-09-15,TSLA,357.04,2026-09-15T19:10:30.893740467Z,2026-10-16,31,C,330.0,0.924266,TSLA261016C00330000,34.48,35.28,34.88,99,2089,2026-09-11,0.4348,0.7613,0.0069,-0.2512,0.3225,0.2012
2026-09-15,TSLA,357.04,2026-09-15T19:10:29.900305582Z,2026-10-16,31,C,335.0,0.93827,TSLA261016C00335000,31.25,31.48,31.365,30,3108,2026-09-11,0.434,0.7233,0.0074,-0.2677,0.3482,0.1927
2026-09-15,TSLA,357.04,2026-09-15T19:10:29.746243086Z,2026-10-16,31,C,340.0,0.952274,TSLA261016C00340000,28.12,28.27,28.195,122,2051,2026-09-11,0.437,0.682,0.0078,-0.2843,0.3711,0.1828
2026-09-15,TSLA,357.04,2026-09-15T19:10:33.140929678Z,2026-10-16,31,C,345.0,0.966278,TSLA261016C00345000,24.08,24.73,24.405,80,1162,2026-09-11,0.4181,0.644,0.0086,-0.2832,0.3878,0.1745
2026-09-15,TSLA,357.04,2026-09-15T19:10:33.147430166Z,2026-10-16,31,C,350.0,0.980282,TSLA261016C00350000,21.43,21.47,21.45,1057,4341,2026-09-11,0.4158,0.5994,0.0089,-0.2901,0.4022,0.1635
2026-09-15,TSLA,357.04,2026-09-15T19:10:32.15046734Z,2026-10-16,31,C,355.0,0.994286,TSLA261016C00355000,18.93,19.03,18.98,554,1926,2026-09-11,0.4198,0.5535,0.0091,-0.2974,0.4114,0.1517
2026-09-15,TSLA,357.04,2026-09-15T19:10:32.554942257Z,2026-10-16,31,C,360.0,1.00829,TSLA261016C00360000,16.29,16.7,16.495,2877,4209,2026-09-11,0.4178,0.5079,0.0092,-0.2971,0.415,0.14
2026-09-15,TSLA,357.04,2026-09-15T19:10:29.743056079Z,2026-10-16,31,C,365.0,1.022294,TSLA261016C00365000,14.52,14.64,14.58,1010,2963,2026-09-11,0.4242,0.464,0.009,-0.2988,0.4134,0.1283
2026-09-15,TSLA,357.04,2026-09-15T19:10:30.364462693Z,2026-10-16,31,C,370.0,1.036298,TSLA261016C00370000,12.26,12.36,12.31,3710,3577,2026-09-11,0.4166,0.4183,0.009,-0.2876,0.4064,0.1164
2026-09-15,TSLA,357.04,2026-09-15T19:10:31.570073234Z,2026-10-16,31,C,375.0,1.050302,TSLA261016C00375000,10.47,10.91,10.69,1427,3763,2026-09-11,0.4199,0.377,0.0087,-0.2808,0.3952,0.1052
2026-09-15,TSLA,357.04,2026-09-15T19:10:32.142182543Z,2026-10-16,31,C,380.0,1.064307,TSLA261016C00380000,9.18,9.28,9.23,2970,7521,2026-09-11,0.4224,0.3379,0.0083,-0.2709,0.3803,0.0946
2026-09-15,TSLA,357.04,2026-09-15T19:10:31.195800457Z,2026-10-16,31,C,385.0,1.078311,TSLA261016C00385000,7.67,7.93,7.8,819,2076,2026-09-11,0.4209,0.2992,0.0079,-0.2558,0.3613,0.0841
2026-09-15,TSLA,357.04,2026-09-15T19:10:32.536503066Z,2026-10-16,31,C,390.0,1.092315,TSLA261016C00390000,6.67,6.72,6.695,1261,3149,2026-09-11,0.4238,0.2654,0.0074,-0.2424,0.3411,0.0748
2026-09-15,TSLA,357.04,2026-09-15T19:10:32.642736379Z,2026-10-16,31,C,395.0,1.106319,TSLA261016C00395000,5.58,5.74,5.66,458,3155,2026-09-11,0.4244,0.2331,0.0069,-0.2261,0.3183,0.0659
2026-09-15,TSLA,357.04,2026-09-15T19:10:32.53666929Z,2026-10-16,31,C,400.0,1.120323,TSLA261016C00400000,4.8,4.9,4.85,2465,11482,2026-09-11,0.4279,0.2053,0.0064,-0.2115,0.2959,0.0581
2026-09-15,TSLA,357.04,2026-09-15T19:10:33.406392713Z,2026-10-16,31,C,405.0,1.134327,TSLA261016C00405000,4.09,4.11,4.1,497,1469,2026-09-11,0.4295,0.1792,0.0059,-0.195,0.2723,0.0509
2026-09-15,TSLA,357.04,2026-09-15T19:10:29.743311778Z,2026-10-16,31,C,410.0,1.148331,TSLA261016C00410000,3.49,3.53,3.51,433,2815,2026-09-11,0.4333,0.1571,0.0053,-0.1804,0.2502,0.0447
2026-09-15,TSLA,357.04,2026-09-15T19:10:31.195715199Z,2026-10-16,31,C,415.0,1.162335,TSLA261016C00415000,2.96,3,2.98,370,2017,2026-09-11,0.4361,0.1369,0.0048,-0.1652,0.228,0.039
2026-09-15,TSLA,357.04,2026-09-15T19:10:32.528544043Z,2026-10-16,31,C,420.0,1.176339,TSLA261016C00420000,2.53,2.56,2.545,1398,7093,2026-09-11,0.4397,0.1194,0.0044,-0.1514,0.2074,0.034
2026-09-15,TSLA,357.04,2026-09-15T19:10:32.264399111Z,2026-10-16,31,C,425.0,1.190343,TSLA261016C00425000,2.18,2.2,2.19,516,2889,2026-09-11,0.4443,0.1046,0.0039,-0.1389,0.1886,0.0298
2026-09-15,TSLA,357.04,2026-09-15T19:10:31.195780384Z,2026-10-16,31,C,430.0,1.204347,TSLA261016C00430000,1.87,1.9,1.885,1898,8467,2026-09-11,0.4487,0.0915,0.0035,-0.127,0.171,0.0261
2026-09-15,TSLA,357.04,2026-09-15T19:10:29.753009436Z,2026-10-16,31,C,435.0,1.218351,TSLA261016C00435000,1.62,1.65,1.635,196,2190,2026-09-11,0.4539,0.0804,0.0032,-0.1165,0.1552,0.023
2026-09-15,TSLA,357.04,2026-09-15T19:10:33.274873986Z,2026-10-16,31,C,440.0,1.232355,TSLA261016C00440000,1.41,1.43,1.42,189,1654,2026-09-11,0.459,0.0707,0.0028,-0.1067,0.1407,0.0202
2026-09-15,TSLA,357.04,2026-09-15T19:10:31.94845048Z,2026-10-16,31,C,445.0,1.246359,TSLA261016C00445000,1.24,1.27,1.255,184,1904,2026-09-11,0.4656,0.0628,0.0025,-0.0987,0.1285,0.018
2026-09-15,TSLA,357.04,2026-09-15T19:10:30.893243987Z,2026-10-16,31,C,450.0,1.260363,TSLA261016C00450000,1.09,1.12,1.105,1103,8152,2026-09-11,0.4715,0.0557,0.0023,-0.0909,0.117,0.016
2026-09-15,TSLA,357.04,2026-09-15T19:10:32.142112375Z,2026-10-16,31,C,455.0,1.274367,TSLA261016C00455000,0.96,1,0.98,181,795,2026-09-11,0.4779,0.0497,0.0021,-0.0841,0.1068,0.0142
2026-09-15,TSLA,357.04,2026-09-15T19:10:33.141967515Z,2026-10-16,31,C,460.0,1.288371,TSLA261016C00460000,0.83,0.9,0.865,315,2769,2026-09-11,0.4836,0.0441,0.0019,-0.0773,0.0971,0.0127
2026-09-15,TSLA,357.04,2026-09-15T19:10:29.401224084Z,2026-10-16,31,P,250.0,0.700202,TSLA261016P00250000,0.56,0.58,0.57,29,4141,2026-09-11,0.6401,-0.0216,0.0008,-0.0547,0.0538,-0.007
2026-09-15,TSLA,357.04,2026-09-15T19:10:12.485102483Z,2026-10-16,31,P,255.0,0.714206,TSLA261016P00255000,0.57,0.6,0.585,1,1806,2026-09-11,0.6122,-0.0231,0.0009,-0.0552,0.0569,-0.0075
2026-09-15,TSLA,357.04,2026-09-15T19:10:34.390519662Z,2026-10-16,31,P,260.0,0.72821,TSLA261016P00260000,0.68,0.71,0.695,11,3993,2026-09-11,0.5996,-0.0274,0.001,-0.0623,0.0656,-0.0089
2026-09-15,TSLA,357.04,2026-09-15T19:10:32.649233801Z,2026-10-16,31,P,265.0,0.742214,TSLA261016P00265000,0.76,0.79,0.775,31,1396,2026-09-11,0.5805,-0.031,0.0012,-0.0669,0.0728,-0.0101
2026-09-15,TSLA,357.04,2026-09-15T19:10:29.120670097Z,2026-10-16,31,P,270.0,0.756218,TSLA261016P00270000,0.85,0.88,0.865,105,1948,2026-09-11,0.5615,-0.0352,0.0013,-0.0717,0.0808,-0.0114
2026-09-15,TSLA,357.04,2026-09-15T19:10:31.397795835Z,2026-10-16,31,P,275.0,0.770222,TSLA261016P00275000,0.96,0.99,0.975,30,2741,2026-09-11,0.5435,-0.0402,0.0015,-0.0773,0.0901,-0.013
2026-09-15,TSLA,357.04,2026-09-15T19:10:31.397795835Z,2026-10-16,31,P,280.0,0.784226,TSLA261016P00280000,1.09,1.13,1.11,507,7174,2026-09-11,0.5266,-0.0463,0.0018,-0.0838,0.1009,-0.015
2026-09-15,TSLA,357.04,2026-09-15T19:10:30.770113312Z,2026-10-16,31,P,285.0,0.79823,TSLA261016P00285000,1.26,1.27,1.265,64,1880,2026-09-11,0.5097,-0.0533,0.002,-0.0907,0.113,-0.0172
2026-09-15,TSLA,357.04,2026-09-15T19:10:03.4678083Z,2026-10-16,31,P,290.0,0.812234,TSLA261016P00290000,1.42,1.44,1.43,130,7460,2026-09-11,0.4918,-0.0611,0.0024,-0.0973,0.1258,-0.0198
2026-09-15,TSLA,357.04,2026-09-15T19:10:12.483152837Z,2026-10-16,31,P,295.0,0.826238,TSLA261016P00295000,1.67,1.75,1.71,265,4048,2026-09-11,0.4804,-0.0726,0.0028,-0.1084,0.1437,-0.0235
2026-09-15,TSLA,357.04,2026-09-15T19:10:31.196234581Z,2026-10-16,31,P,300.0,0.840242,TSLA261016P00300000,1.99,2.07,2.03,500,10499,2026-09-11,0.4683,-0.0857,0.0032,-0.1196,0.163,-0.0277
2026-09-15,TSLA,357.04,2026-09-15T19:10:31.196220101Z,2026-10-16,31,P,305.0,0.854246,TSLA261016P00305000,2.39,2.48,2.435,211,3298,2026-09-11,0.4577,-0.1017,0.0037,-0.1324,0.1848,-0.0329
2026-09-15,TSLA,357.04,2026-09-15T19:10:34.881084309Z,2026-10-16,31,P,310.0,0.86825,TSLA261016P00310000,2.88,2.89,2.885,335,4210,2026-09-11,0.4458,-0.1195,0.0043,-0.1444,0.2076,-0.0387
2026-09-15,TSLA,357.04,2026-09-15T19:10:31.397795835Z,2026-10-16,31,P,315.0,0.882254,TSLA261016P00315000,3.44,3.56,3.5,200,3922,2026-09-11,0.4376,-0.142,0.0049,-0.1593,0.2338,-0.046
2026-09-15,TSLA,357.04,2026-09-15T19:10:34.238853114Z,2026-10-16,31,P,320.0,0.896258,TSLA261016P00320000,4.32,4.39,4.355,367,8022,2026-09-11,0.4343,-0.17,0.0056,-0.1775,0.2633,-0.0552
2026-09-15,TSLA,357.04,2026-09-15T19:10:34.464772052Z,2026-10-16,31,P,325.0,0.910262,TSLA261016P00325000,5.16,5.37,5.265,1101,5064,2026-09-11,0.4276,-0.1996,0.0063,-0.1926,0.291,-0.065
2026-09-15,TSLA,357.04,2026-09-15T19:10:32.052570567Z,2026-10-16,31,P,330.0,0.924266,TSLA261016P00330000,6.42,6.47,6.445,950,10612,2026-09-11,0.4246,-0.2344,0.0069,-0.2091,0.3193,-0.0765
2026-09-15,TSLA,357.04,2026-09-15T19:10:34.435136115Z,2026-10-16,31,P,335.0,0.93827,TSLA261016P00335000,7.82,7.92,7.87,710,2445,2026-09-11,0.4234,-0.2728,0.0075,-0.225,0.3458,-0.0894
2026-09-15,TSLA,357.04,2026-09-15T19:10:32.391102674Z,2026-10-16,31,P,340.0,0.952274,TSLA261016P00340000,9.07,9.58,9.325,840,8315,2026-09-11,0.4173,-0.3122,0.0082,-0.235,0.3682,-0.1026
2026-09-15,TSLA,357.04,2026-09-15T19:10:26.537721791Z,2026-10-16,31,P,345.0,0.966278,TSLA261016P00345000,11.17,11.27,11.22,561,2176,2026-09-11,0.4174,-0.3559,0.0086,-0.2464,0.3877,-0.1174
2026-09-15,TSLA,357.04,2026-09-15T19:10:34.390244037Z,2026-10-16,31,P,350.0,0.980282,TSLA261016P00350000,13.38,13.49,13.435,970,7212,2026-09-11,0.4198,-0.4011,0.0089,-0.2558,0.4023,-0.133
2026-09-15,TSLA,357.04,2026-09-15T19:10:34.655160655Z,2026-10-16,31,P,355.0,0.994286,TSLA261016P00355000,15.5,15.77,15.635,593,2708,2026-09-11,0.4161,-0.4464,0.0091,-0.2576,0.4114,-0.1487
2026-09-15,TSLA,357.04,2026-09-15T19:10:32.642737736Z,2026-10-16,31,P,360.0,1.00829,TSLA261016P00360000,18.15,18.56,18.355,3234,9520,2026-09-11,0.4194,-0.492,0.0091,-0.2603,0.415,-0.1648
2026-09-15,TSLA,357.04,2026-09-15T19:10:34.258144168Z,2026-10-16,31,P,365.0,1.022294,TSLA261016P00365000,20.98,21.13,21.055,467,2641,2026-09-11,0.4169,-0.5375,0.0092,-0.2554,0.4133,-0.1809
2026-09-15,TSLA,357.04,2026-09-15T19:10:34.390244037Z,2026-10-16,31,P,370.0,1.036298,TSLA261016P00370000,23.68,24.41,24.045,369,3296,2026-09-11,0.416,-0.5819,0.009,-0.2482,0.4063,-0.1969
2026-09-15,TSLA,357.04,2026-09-15T19:10:32.59424212Z,2026-10-16,31,P,375.0,1.050302,TSLA261016P00375000,26.97,27.77,27.37,173,1388,2026-09-11,0.4183,-0.6236,0.0087,-0.2401,0.395,-0.2123
2026-09-15,TSLA,357.04,2026-09-15T19:10:34.390710289Z,2026-10-16,31,P,380.0,1.064307,TSLA261016P00380000,30.87,31.31,31.09,104,10093,2026-09-11,0.4259,-0.6605,0.0083,-0.2335,0.381,-0.2267
2026-09-15,TSLA,357.04,2026-09-15T19:10:31.397133072Z,2026-10-16,31,P,385.0,1.078311,TSLA261016P00385000,34.67,35.5,35.085,18,1302,2026-09-11,0.4367,-0.6926,0.0077,-0.2278,0.3657,-0.2398
2026-09-15,TSLA,357.04,2026-09-15T19:10:34.392288948Z,2026-10-16,31,P,390.0,1.092315,TSLA261016P00390000,38.58,39.43,39.005,69,3746,2026-09-11,0.4417,-0.7245,0.0073,-0.2161,0.3475,-0.2528
2026-09-15,TSLA,357.04,2026-09-15T19:10:34.390710289Z,2026-10-16,31,P,395.0,1.106319,TSLA261016P00395000,41.91,42.17,42.04,33,2315,2026-09-11,0.4149,-0.7728,0.007,-0.1764,0.3137,-0.2701
2026-09-15,TSLA,357.04,2026-09-15T19:10:34.392288948Z,2026-10-16,31,P,400.0,1.120323,TSLA261016P00400000,47.15,47.28,47.215,664,5607,2026-09-11,0.4512,-0.7804,0.0063,-0.1895,0.3077,-0.2768
2026-09-15,TSLA,357.04,2026-09-15T19:10:12.488111404Z,2026-10-16,31,P,405.0,1.134327,TSLA261016P00405000,50.81,50.91,50.86,3,360,2026-09-11,0.4337,-0.8182,0.0059,-0.156,0.2748,-0.2913
2026-09-15,TSLA,357.04,2026-09-15T19:10:32.60680736Z,2026-10-16,31,P,410.0,1.148331,TSLA261016P00410000,54.68,56,55.34,2,553,2026-09-11,0.4413,-0.8379,0.0053,-0.1442,0.2553,-0.3011
2026-09-15,TSLA,357.04,2026-09-15T19:10:12.488111404Z,2026-10-16,31,P,415.0,1.162335,TSLA261016P00415000,58.12,60.37,59.245,11,794,2026-09-11,0.4204,-0.8729,0.0048,-0.1078,0.2167,-0.315
2026-09-15,TSLA,357.04,2026-09-15T19:10:31.418519068Z,2026-10-16,31,P,420.0,1.176339,TSLA261016P00420000,62.66,65.92,64.29,313,1070,2026-09-11,0.4468,-0.8764,0.0044,-0.1133,0.2125,-0.3204
2026-09-15,TSLA,357.04,2026-09-15T19:10:29.250314172Z,2026-10-16,31,P,425.0,1.190343,TSLA261016P00425000,67.36,70.06,68.71,6,560,2026-09-11,0.441,-0.8973,0.0039,-0.0914,0.1862,-0.3304
2026-09-15,TSLA,357.04,2026-09-15T19:10:29.249898234Z,2026-10-16,31,P,430.0,1.204347,TSLA261016P00430000,73.15,74.02,73.585,13,567,2026-09-11,0.4565,-0.9043,0.0036,-0.0883,0.1768,-0.3367
2026-09-15,TSLA,357.04,2026-09-15T19:10:28.492407381Z,2026-10-16,31,P,435.0,1.218351,TSLA261016P00435000,77.76,80.54,79.15,19,216,2026-09-11,0.5092,-0.8916,0.0035,-0.117,0.1936,-0.3376
2026-09-15,TSLA,357.04,2026-09-15T19:10:29.12073079Z,2026-10-16,31,P,440.0,1.232355,TSLA261016P00440000,83.07,85.19,84.13,4,304,2026-09-11,0.5302,-0.8951,0.0033,-0.1191,0.1891,-0.3429
2026-09-15,TSLA,357.04,2026-09-15T19:10:28.673869936Z,2026-10-16,31,P,445.0,1.246359,TSLA261016P00445000,87.36,88.96,88.16,10,214,2026-09-11,0.4937,-0.9245,0.0028,-0.0737,0.148,-0.3552
2026-09-15,TSLA,357.04,2026-09-15T19:10:34.942706218Z,2026-10-16,31,P,450.0,1.260363,TSLA261016P00450000,92.51,92.57,92.54,314,574,2026-09-11,0.4659,-0.9466,0.0022,-0.0396,0.1132,-0.3656
2026-09-15,TSLA,357.04,2026-09-15T19:10:12.499472025Z,2026-10-16,31,P,455.0,1.274367,TSLA261016P00455000,97.42,97.85,97.635,12,28,2026-09-11,0.4933,-0.9443,0.0022,-0.0471,0.1169,-0.3693
2026-09-15,TSLA,357.04,2026-09-15T19:10:29.123953009Z,2026-10-16,31,P,460.0,1.288371,TSLA261016P00460000,102.21,103.63,102.92,12,70,2026-09-11,0.5354,-0.9364,0.0022,-0.0659,0.1298,-0.3713
2026-09-15,NVDA,212.06,2026-09-15T19:10:24.018117383Z,2026-10-09,24,C,150.0,0.707347,NVDA261009C00150000,62.48,62.73,62.605,2,5,2026-09-11,0.6342,0.987,0.001,-0.0395,0.0182,0.0965
2026-09-15,NVDA,212.06,2026-09-15T19:10:29.569188541Z,2026-10-09,24,C,155.0,0.730925,NVDA261009C00155000,58.44,58.89,58.665,142,19,2026-09-11,0.8377,0.9428,0.0025,-0.1238,0.0624,0.0929
2026-09-15,NVDA,212.06,2026-09-15T19:10:34.561593001Z,2026-10-09,24,C,160.0,0.754503,NVDA261009C00160000,53.23,53.53,53.38,166,18,2026-09-11,0.7215,0.9483,0.0027,-0.1021,0.0576,0.0971
2026-09-15,NVDA,212.06,2026-09-15T19:10:35.79857966Z,2026-10-09,24,C,165.0,0.778082,NVDA261009C00165000,47.73,48.11,47.92,166,19,2026-09-11,0.5661,0.9655,0.0025,-0.0655,0.0415,0.1031
2026-09-15,NVDA,212.06,2026-09-15T19:10:36.027518885Z,2026-10-09,24,C,170.0,0.80166,NVDA261009C00170000,42.44,43.19,42.815,76,14,2026-09-11,0.4815,0.9695,0.0026,-0.0548,0.0376,0.107
2026-09-15,NVDA,212.06,2026-09-15T19:10:34.511764602Z,2026-10-09,24,C,175.0,0.825238,NVDA261009C00175000,38.39,38.69,38.54,75,16,2026-09-11,0.5499,0.9266,0.0047,-0.1034,0.0757,0.1039
2026-09-15,NVDA,212.06,2026-09-15T19:10:35.539563602Z,2026-10-09,24,C,180.0,0.848816,NVDA261009C00180000,33.3,33.76,33.53,49,15,2026-09-11,0.4847,0.9194,0.0057,-0.0991,0.0813,0.1062
2026-09-15,NVDA,212.06,2026-09-15T19:10:35.473275962Z,2026-10-09,24,C,185.0,0.872395,NVDA261009C00185000,28.46,28.49,28.475,282,27,2026-09-11,0.4153,0.9129,0.007,-0.0919,0.0862,0.1086
2026-09-15,NVDA,212.06,2026-09-15T19:10:36.855383188Z,2026-10-09,24,C,190.0,0.895973,NVDA261009C00190000,23.57,23.58,23.575,39,197,2026-09-11,0.3634,0.8948,0.0092,-0.0924,0.099,0.1093
2026-09-15,NVDA,212.06,2026-09-15T19:10:35.784000847Z,2026-10-09,24,C,195.0,0.919551,NVDA261009C00195000,19.49,19.74,19.615,695,134,2026-09-11,0.3819,0.8242,0.0125,-0.1282,0.1406,0.102
2026-09-15,NVDA,212.06,2026-09-15T19:10:35.541147366Z,2026-10-09,24,C,200.0,0.943129,NVDA261009C00200000,15.43,15.51,15.47,1069,245,2026-09-11,0.3607,0.7601,0.0158,-0.1424,0.169,0.0958
2026-09-15,NVDA,212.06,2026-09-15T19:10:35.468364355Z,2026-10-09,24,C,205.0,0.966708,NVDA261009C00205000,11.52,12.07,11.795,1278,149,2026-09-11,0.3473,0.6748,0.0191,-0.1555,0.1958,0.0863
2026-09-15,NVDA,212.06,2026-09-15T19:10:37.032343548Z,2026-10-09,24,C,210.0,0.990286,NVDA261009C00210000,8.56,8.88,8.72,466,327,2026-09-11,0.3411,0.5731,0.0211,-0.1634,0.2133,0.0742
2026-09-15,NVDA,212.06,2026-09-15T19:10:35.797361894Z,2026-10-09,24,C,215.0,1.013864,NVDA261009C00215000,6.09,6.12,6.105,2034,1199,2026-09-11,0.332,0.4644,0.022,-0.1592,0.2161,0.0607
2026-09-15,NVDA,212.06,2026-09-15T19:10:35.784415881Z,2026-10-09,24,C,220.0,1.037442,NVDA261009C00220000,4.13,4.18,4.155,1112,1838,2026-09-11,0.3289,0.3581,0.0209,-0.1467,0.2031,0.0472
2026-09-15,NVDA,212.06,2026-09-15T19:10:36.290238622Z,2026-10-09,24,C,225.0,1.06102,NVDA261009C00225000,2.66,2.78,2.72,2435,3162,2026-09-11,0.327,0.263,0.0183,-0.1265,0.1774,0.0349
2026-09-15,NVDA,212.06,2026-09-15T19:10:35.783353486Z,2026-10-09,24,C,230.0,1.084599,NVDA261009C00230000,1.66,1.7,1.68,1037,7611,2026-09-11,0.3236,0.1823,0.015,-0.1008,0.1438,0.0243
2026-09-15,NVDA,212.06,2026-09-15T19:10:36.542513783Z,2026-10-09,24,C,235.0,1.108177,NVDA261009C00235000,1.02,1.09,1.055,2156,6605,2026-09-11,0.3266,0.1242,0.0115,-0.0785,0.1114,0.0166
2026-09-15,NVDA,212.06,2026-09-15T19:10:34.511806189Z,2026-10-09,24,C,240.0,1.131755,NVDA261009C00240000,0.63,0.65,0.64,960,4164,2026-09-11,0.3288,0.0814,0.0084,-0.0579,0.0819,0.0109
2026-09-15,NVDA,212.06,2026-09-15T19:10:36.548388006Z,2026-10-09,24,C,245.0,1.155333,NVDA261009C00245000,0.4,0.45,0.425,213,2778,2026-09-11,0.3388,0.056,0.0061,-0.0445,0.0613,0.0075
2026-09-15,NVDA,212.06,2026-09-15T19:10:36.748408301Z,2026-10-09,24,C,250.0,1.178912,NVDA261009C00250000,0.3,0.31,0.305,6579,11175,2026-09-11,0.3532,0.0406,0.0045,-0.0357,0.0474,0.0055
2026-09-15,NVDA,212.06,2026-09-15T19:10:36.848340796Z,2026-10-09,24,C,255.0,1.20249,NVDA261009C00255000,0.18,0.23,0.205,169,2438,2026-09-11,0.3623,0.028,0.0033,-0.027,0.0349,0.0038
2026-09-15,NVDA,212.06,2026-09-15T19:10:36.542518549Z,2026-10-09,24,C,260.0,1.226068,NVDA261009C00260000,0.12,0.13,0.125,151,4038,2026-09-11,0.3657,0.0179,0.0022,-0.0186,0.024,0.0024
2026-09-15,NVDA,212.06,2026-09-15T19:10:35.788310141Z,2026-10-09,24,C,265.0,1.249646,NVDA261009C00265000,0.13,0.14,0.135,12,833,2026-09-11,0.3991,0.0178,0.002,-0.0202,0.0238,0.0024
2026-09-15,NVDA,212.06,2026-09-15T19:10:36.542513783Z,2026-10-09,24,C,270.0,1.273225,NVDA261009C00270000,0.1,0.11,0.105,53,1660,2026-09-11,0.413,0.0138,0.0016,-0.0168,0.0191,0.0019
2026-09-15,NVDA,212.06,2026-09-15T19:10:36.926256079Z,2026-10-09,24,C,275.0,1.296803,NVDA261009C00275000,0.08,0.1,0.09,3,539,2026-09-11,0.4313,0.0115,0.0013,-0.015,0.0164,0.0016
2026-09-15,NVDA,212.06,2026-09-15T19:10:38.246120468Z,2026-10-09,24,P,150.0,0.707347,NVDA261009P00150000,0.15,0.17,0.16,2,172,2026-09-11,0.6315,-0.0127,0.001,-0.0232,0.0178,-0.0019
2026-09-15,NVDA,212.06,2026-09-15T19:10:38.247888912Z,2026-10-09,24,P,155.0,0.730925,NVDA261009P00155000,0.22,0.25,0.235,9,379,2026-09-11,0.6133,-0.0184,0.0014,-0.0309,0.0245,-0.0027
2026-09-15,NVDA,212.06,2026-09-15T19:10:38.243544955Z,2026-10-09,24,P,160.0,0.754503,NVDA261009P00160000,0.23,0.29,0.26,7,208,2026-09-11,0.5687,-0.0216,0.0017,-0.0327,0.0281,-0.0032
2026-09-15,NVDA,212.06,2026-09-15T19:10:38.246605718Z,2026-10-09,24,P,165.0,0.778082,NVDA261009P00165000,0.28,0.34,0.31,51,686,2026-09-11,0.5311,-0.0268,0.0021,-0.0367,0.0337,-0.0039
2026-09-15,NVDA,212.06,2026-09-15T19:10:38.244731284Z,2026-10-09,24,P,170.0,0.80166,NVDA261009P00170000,0.38,0.41,0.395,52,898,2026-09-11,0.4993,-0.0351,0.0028,-0.043,0.0421,-0.0051
2026-09-15,NVDA,212.06,2026-09-15T19:10:38.243704951Z,2026-10-09,24,P,175.0,0.825238,NVDA261009P00175000,0.44,0.47,0.455,48,334,2026-09-11,0.4576,-0.0429,0.0037,-0.0463,0.0496,-0.0063
2026-09-15,NVDA,212.06,2026-09-15T19:10:38.247052311Z,2026-10-09,24,P,180.0,0.848816,NVDA261009P00180000,0.59,0.62,0.605,121,353,2026-09-11,0.4284,-0.0581,0.005,-0.055,0.0632,-0.0085
2026-09-15,NVDA,212.06,2026-09-15T19:10:38.412913266Z,2026-10-09,24,P,185.0,0.872395,NVDA261009P00185000,0.86,0.89,0.875,26,569,2026-09-11,0.407,-0.083,0.0069,-0.0685,0.0831,-0.0121
2026-09-15,NVDA,212.06,2026-09-15T19:10:38.24369907Z,2026-10-09,24,P,190.0,0.895973,NVDA261009P00190000,1.24,1.28,1.26,188,3685,2026-09-11,0.3855,-0.1176,0.0094,-0.0833,0.1072,-0.0172
2026-09-15,NVDA,212.06,2026-09-15T19:10:38.246902649Z,2026-10-09,24,P,195.0,0.919551,NVDA261009P00195000,1.85,1.9,1.875,145,5286,2026-09-11,0.3687,-0.168,0.0125,-0.1009,0.1366,-0.0247
2026-09-15,NVDA,212.06,2026-09-15T19:10:38.085691936Z,2026-10-09,24,P,200.0,0.943129,NVDA261009P00200000,2.76,2.78,2.77,186,3349,2026-09-11,0.353,-0.2355,0.016,-0.1175,0.1673,-0.0347
2026-09-15,NVDA,212.06,2026-09-15T19:10:38.24834089Z,2026-10-09,24,P,205.0,0.966708,NVDA261009P00205000,4.1,4.13,4.115,1378,3466,2026-09-11,0.3424,-0.323,0.0193,-0.1316,0.1952,-0.0477
2026-09-15,NVDA,212.06,2026-09-15T19:10:38.243167921Z,2026-10-09,24,P,210.0,0.990286,NVDA261009P00210000,6.04,6.14,6.09,258,2145,2026-09-11,0.3397,-0.4263,0.0212,-0.1407,0.2132,-0.0635
2026-09-15,NVDA,212.06,2026-09-15T19:10:38.258685798Z,2026-10-09,24,P,215.0,1.013864,NVDA261009P00215000,8.47,8.62,8.545,880,5068,2026-09-11,0.3345,-0.5347,0.0218,-0.1378,0.2161,-0.0802
2026-09-15,NVDA,212.06,2026-09-15T19:10:38.246029875Z,2026-10-09,24,P,220.0,1.037442,NVDA261009P00220000,11.63,11.78,11.705,604,5740,2026-09-11,0.3377,-0.6372,0.0204,-0.1281,0.204,-0.0965
2026-09-15,NVDA,212.06,2026-09-15T19:10:37.749935814Z,2026-10-09,24,P,225.0,1.06102,NVDA261009P00225000,15.27,15.42,15.345,240,3177,2026-09-11,0.342,-0.7263,0.0179,-0.1111,0.181,-0.1114
2026-09-15,NVDA,212.06,2026-09-15T19:10:38.243248052Z,2026-10-09,24,P,230.0,1.084599,NVDA261009P00230000,19.02,19.55,19.285,192,2481,2026-09-11,0.3414,-0.8035,0.0149,-0.0872,0.1507,-0.1247
2026-09-15,NVDA,212.06,2026-09-15T19:10:38.243518385Z,2026-10-09,24,P,235.0,1.108177,NVDA261009P00235000,23.22,23.44,23.33,16,1612,2026-09-11,0.3217,-0.8794,0.0115,-0.0511,0.1092,-0.138
2026-09-15,NVDA,212.06,2026-09-15T19:10:38.246480429Z,2026-10-09,24,P,240.0,1.131755,NVDA261009P00240000,27.55,27.91,27.73,4,72,2026-09-11,0.2983,-0.9389,0.0074,-0.0169,0.0657,-0.1492
2026-09-15,NVDA,212.06,2026-09-15T19:10:28.038100277Z,2026-10-09,24,P,245.0,1.155333,NVDA261009P00245000,32.92,33.22,33.07,22,64,2026-09-11,0.386,-0.9166,0.0073,-0.0431,0.0834,-0.1496
2026-09-15,NVDA,212.06,2026-09-15T19:10:19.348342179Z,2026-10-09,24,P,250.0,1.178912,NVDA261009P00250000,37.3,38.76,38.03,1,57,2026-09-11,0.4229,-0.925,0.0062,-0.0432,0.077,-0.154
2026-09-15,NVDA,212.06,2026-09-15T19:10:38.263366482Z,2026-10-09,24,P,255.0,1.20249,NVDA261009P00255000,43.09,43.78,43.435,40,50,2026-09-11,0.5124,-0.9062,0.006,-0.0724,0.0911,-0.1549
2026-09-15,NVDA,212.06,2026-09-15T19:10:38.263506818Z,2026-10-09,24,P,260.0,1.226068,NVDA261009P00260000,48.03,48.82,48.425,1,,,0.5523,-0.9115,0.0053,-0.0749,0.0872,-0.1589
2026-09-15,NVDA,212.06,2026-09-15T19:10:38.263366482Z,2026-10-09,24,P,265.0,1.249646,NVDA261009P00265000,52.79,53.14,52.965,2,,,0.5304,-0.9396,0.0042,-0.0454,0.0651,-0.1658
2026-09-15,NVDA,212.06,2026-09-15T19:10:38.264288279Z,2026-10-09,24,P,270.0,1.273225,NVDA261009P00270000,58.86,59.21,59.035,,,,0.6974,-0.8937,0.0048,-0.1188,0.0998,-0.1634
2026-09-15,NVDA,212.06,2026-09-15T19:10:38.26433557Z,2026-10-09,24,P,275.0,1.296803,NVDA261009P00275000,62.58,62.93,62.755,,,,0.5651,-0.9557,0.003,-0.0319,0.0509,-0.1745
2026-09-15,NVDA,212.06,2026-09-15T19:10:35.79114522Z,2026-10-16,31,C,150.0,0.707347,NVDA261016C00150000,63.15,63.52,63.335,3,1008,2026-09-11,0.7284,0.9602,0.0019,-0.0772,0.0531,0.1191
2026-09-15,NVDA,212.06,2026-09-15T19:10:28.03856175Z,2026-10-16,31,C,155.0,0.730925,NVDA261016C00155000,57.22,58.68,57.95,5,4598,2026-09-11,0.5857,0.9739,0.0017,-0.0511,0.0375,0.1262
2026-09-15,NVDA,212.06,2026-09-15T19:10:35.543183755Z,2026-10-16,31,C,160.0,0.754503,NVDA261016C00160000,52.11,54.02,53.065,1003,4309,2026-09-11,0.5582,0.9666,0.0022,-0.0574,0.046,0.129
2026-09-15,NVDA,212.06,2026-09-15T19:10:35.784941617Z,2026-10-16,31,C,165.0,0.778082,NVDA261016C00165000,48.67,48.97,48.82,11,623,2026-09-11,0.6205,0.9327,0.0034,-0.0963,0.0805,0.1265
2026-09-15,NVDA,212.06,2026-09-15T19:10:36.768110457Z,2026-10-16,31,C,170.0,0.80166,NVDA261016C00170000,43.83,44.23,44.03,8,1745,2026-09-11,0.5844,0.9196,0.0041,-0.1029,0.0922,0.1282
2026-09-15,NVDA,212.06,2026-09-15T19:10:36.836904319Z,2026-10-16,31,C,175.0,0.825238,NVDA261016C00175000,38.8,39.07,38.935,3,2271,2026-09-11,0.5144,0.9159,0.0049,-0.0956,0.0954,0.1319
2026-09-15,NVDA,212.06,2026-09-15T19:10:35.784190138Z,2026-10-16,31,C,180.0,0.848816,NVDA261016C00180000,33.57,34.08,33.825,31,106551,2026-09-11,0.4449,0.9122,0.0058,-0.0876,0.0985,0.1356
2026-09-15,NVDA,212.06,2026-09-15T19:10:35.784190138Z,2026-10-16,31,C,185.0,0.872395,NVDA261016C00185000,28.97,29.5,29.235,16,1998,2026-09-11,0.4236,0.8838,0.0075,-0.0993,0.1209,0.1343
2026-09-15,NVDA,212.06,2026-09-15T19:10:35.784190138Z,2026-10-16,31,C,190.0,0.895973,NVDA261016C00190000,23.98,24.83,24.405,118,2817,2026-09-11,0.3763,0.8613,0.0095,-0.0997,0.1367,0.1344
2026-09-15,NVDA,212.06,2026-09-15T19:10:35.541865595Z,2026-10-16,31,C,195.0,0.919551,NVDA261016C00195000,20.47,20.57,20.52,143,6498,2026-09-11,0.3834,0.7984,0.0119,-0.1232,0.1739,0.1264
2026-09-15,NVDA,212.06,2026-09-15T19:10:37.107971559Z,2026-10-16,31,C,200.0,0.943129,NVDA261016C00200000,16.05,16.57,16.31,3467,9320,2026-09-11,0.3548,0.7421,0.0147,-0.1291,0.1996,0.1198
2026-09-15,NVDA,212.06,2026-09-15T19:10:36.641648635Z,2026-10-16,31,C,205.0,0.966708,NVDA261016C00205000,12.66,12.99,12.825,721,9295,2026-09-11,0.3472,0.6619,0.017,-0.14,0.226,0.1083
2026-09-15,NVDA,212.06,2026-09-15T19:10:36.789821928Z,2026-10-16,31,C,210.0,0.990286,NVDA261016C00210000,9.73,9.78,9.755,4483,14227,2026-09-11,0.3393,0.5719,0.0187,-0.1445,0.2425,0.0947
2026-09-15,NVDA,212.06,2026-09-15T19:10:36.664222799Z,2026-10-16,31,C,215.0,1.013864,NVDA261016C00215000,7.33,7.38,7.355,4862,17450,2026-09-11,0.3401,0.4776,0.019,-0.1449,0.2462,0.0798
2026-09-15,NVDA,212.06,2026-09-15T19:10:36.565006118Z,2026-10-16,31,C,220.0,1.037442,NVDA261016C00220000,5.07,5.11,5.09,5928,101627,2026-09-11,0.3271,0.3808,0.0188,-0.1322,0.2355,0.0643
2026-09-15,NVDA,212.06,2026-09-15T19:10:35.550290703Z,2026-10-16,31,C,225.0,1.06102,NVDA261016C00225000,3.66,3.71,3.685,3259,21692,2026-09-11,0.332,0.2981,0.0169,-0.121,0.2143,0.0506
2026-09-15,NVDA,212.06,2026-09-15T19:10:35.551779815Z,2026-10-16,31,C,230.0,1.084599,NVDA261016C00230000,2.49,2.5,2.495,9322,42862,2026-09-11,0.3297,0.2227,0.0146,-0.1027,0.1843,0.038
2026-09-15,NVDA,212.06,2026-09-15T19:10:37.348319261Z,2026-10-16,31,C,235.0,1.108177,NVDA261016C00235000,1.65,1.66,1.655,6072,27858,2026-09-11,0.3289,0.1612,0.012,-0.0836,0.1511,0.0276
2026-09-15,NVDA,212.06,2026-09-15T19:10:36.290897582Z,2026-10-16,31,C,240.0,1.131755,NVDA261016C00240000,1.1,1.11,1.105,4661,52720,2026-09-11,0.3314,0.1152,0.0095,-0.0667,0.1201,0.0198
2026-09-15,NVDA,212.06,2026-09-15T19:10:36.542753328Z,2026-10-16,31,C,245.0,1.155333,NVDA261016C00245000,0.74,0.75,0.745,1522,26075,2026-09-11,0.336,0.0819,0.0073,-0.0524,0.0935,0.0141
2026-09-15,NVDA,212.06,2026-09-15T19:10:36.542753328Z,2026-10-16,31,C,250.0,1.178912,NVDA261016C00250000,0.47,0.48,0.475,8098,75069,2026-09-11,0.3372,0.0556,0.0054,-0.0389,0.0694,0.0096
2026-09-15,NVDA,212.06,2026-09-15T19:10:36.648389638Z,2026-10-16,31,C,255.0,1.20249,NVDA261016C00255000,0.32,0.37,0.345,1220,21075,2026-09-11,0.3475,0.0411,0.0041,-0.0314,0.0544,0.0071
2026-09-15,NVDA,212.06,2026-09-15T19:10:36.948325042Z,2026-10-16,31,C,260.0,1.226068,NVDA261016C00260000,0.27,0.28,0.275,734,32200,2026-09-11,0.3626,0.0325,0.0032,-0.027,0.0449,0.0056
2026-09-15,NVDA,212.06,2026-09-15T19:10:36.848376609Z,2026-10-16,31,C,265.0,1.249646,NVDA261016C00265000,0.16,0.21,0.185,893,10812,2026-09-11,0.3667,0.0227,0.0024,-0.0202,0.0333,0.0039
2026-09-15,NVDA,212.06,2026-09-15T19:10:35.788423552Z,2026-10-16,31,C,270.0,1.273225,NVDA261016C00270000,0.16,0.17,0.165,180,21578,2026-09-11,0.386,0.0196,0.002,-0.0187,0.0294,0.0034
2026-09-15,NVDA,212.06,2026-09-15T19:10:36.648389638Z,2026-10-16,31,C,275.0,1.296803,NVDA261016C00275000,0.12,0.13,0.125,243,8496,2026-09-11,0.3952,0.015,0.0015,-0.0152,0.0234,0.0026
2026-09-15,NVDA,212.06,2026-09-15T19:10:38.24664544Z,2026-10-16,31,P,150.0,0.707347,NVDA261016P00150000,0.23,0.28,0.255,143,24325,2026-09-11,0.5967,-0.018,0.0012,-0.0259,0.0273,-0.0035
2026-09-15,NVDA,212.06,2026-09-15T19:10:38.246095235Z,2026-10-16,31,P,155.0,0.730925,NVDA261016P00155000,0.31,0.32,0.315,31,12294,2026-09-11,0.5669,-0.0227,0.0015,-0.03,0.0334,-0.0044
2026-09-15,NVDA,212.06,2026-09-15T19:10:38.246335573Z,2026-10-16,31,P,160.0,0.754503,NVDA261016P00160000,0.36,0.38,0.37,372,17463,2026-09-11,0.5324,-0.0278,0.0019,-0.0332,0.0394,-0.0053
2026-09-15,NVDA,212.06,2026-09-15T19:10:38.244320857Z,2026-10-16,31,P,165.0,0.778082,NVDA261016P00165000,0.43,0.45,0.44,141,21756,2026-09-11,0.499,-0.0343,0.0025,-0.037,0.047,-0.0065
2026-09-15,NVDA,212.06,2026-09-15T19:10:38.244475881Z,2026-10-16,31,P,170.0,0.80166,NVDA261016P00170000,0.48,0.54,0.51,386,29767,2026-09-11,0.4629,-0.0417,0.0031,-0.0402,0.0551,-0.0079
2026-09-15,NVDA,212.06,2026-09-15T19:10:38.245794556Z,2026-10-16,31,P,175.0,0.825238,NVDA261016P00175000,0.63,0.64,0.635,517,20202,2026-09-11,0.433,-0.0535,0.0041,-0.0457,0.0673,-0.0102
2026-09-15,NVDA,212.06,2026-09-15T19:10:38.244380127Z,2026-10-16,31,P,180.0,0.848816,NVDA261016P00180000,0.88,0.89,0.885,1014,35583,2026-09-11,0.4137,-0.0738,0.0055,-0.0559,0.0864,-0.014
2026-09-15,NVDA,212.06,2026-09-15T19:10:38.243159324Z,2026-10-16,31,P,185.0,0.872395,NVDA261016P00185000,1.21,1.22,1.215,1143,20429,2026-09-11,0.393,-0.1005,0.0073,-0.0666,0.1089,-0.0191
2026-09-15,NVDA,212.06,2026-09-15T19:10:38.246610993Z,2026-10-16,31,P,190.0,0.895973,NVDA261016P00190000,1.66,1.73,1.695,1501,24373,2026-09-11,0.3745,-0.1374,0.0095,-0.0788,0.1359,-0.0262
2026-09-15,NVDA,212.06,2026-09-15T19:10:38.247116559Z,2026-10-16,31,P,195.0,0.919551,NVDA261016P00195000,2.42,2.48,2.45,2666,38435,2026-09-11,0.3618,-0.1894,0.0121,-0.0932,0.1674,-0.0362
2026-09-15,NVDA,212.06,2026-09-15T19:10:37.476243712Z,2026-10-16,31,P,200.0,0.943129,NVDA261016P00200000,3.47,3.57,3.52,1485,41320,2026-09-11,0.3513,-0.2559,0.0148,-0.1065,0.1988,-0.0491
2026-09-15,NVDA,212.06,2026-09-15T19:10:38.10453749Z,2026-10-16,31,P,205.0,0.966708,NVDA261016P00205000,4.89,5.06,4.975,1626,30826,2026-09-11,0.3422,-0.3361,0.0172,-0.1164,0.2255,-0.0648
2026-09-15,NVDA,212.06,2026-09-15T19:10:38.243569858Z,2026-10-16,31,P,210.0,0.990286,NVDA261016P00210000,6.99,7.08,7.035,4335,23294,2026-09-11,0.3408,-0.4278,0.0186,-0.123,0.2425,-0.083
2026-09-15,NVDA,212.06,2026-09-15T19:10:37.537849872Z,2026-10-16,31,P,215.0,1.013864,NVDA261016P00215000,9.27,9.39,9.33,2424,15130,2026-09-11,0.3299,-0.524,0.0195,-0.1182,0.2461,-0.1023
2026-09-15,NVDA,212.06,2026-09-15T19:10:38.243046912Z,2026-10-16,31,P,220.0,1.037442,NVDA261016P00220000,12.45,12.5,12.475,1167,35481,2026-09-11,0.3346,-0.6155,0.0185,-0.1124,0.2362,-0.1215
2026-09-15,NVDA,212.06,2026-09-15T19:10:38.243267618Z,2026-10-16,31,P,225.0,1.06102,NVDA261016P00225000,15.81,15.86,15.835,286,11832,2026-09-11,0.3302,-0.7028,0.017,-0.0965,0.214,-0.14
2026-09-15,NVDA,212.06,2026-09-15T19:10:38.444215263Z,2026-10-16,31,P,230.0,1.084599,NVDA261016P00230000,19.37,20.07,19.72,1541,11901,2026-09-11,0.3325,-0.7748,0.0146,-0.08,0.1854,-0.1563
2026-09-15,NVDA,212.06,2026-09-15T19:10:37.536016222Z,2026-10-16,31,P,235.0,1.108177,NVDA261016P00235000,23.9,24.05,23.975,417,3584,2026-09-11,0.3396,-0.83,0.0121,-0.0645,0.1564,-0.1699
2026-09-15,NVDA,212.06,2026-09-15T19:10:38.243544487Z,2026-10-16,31,P,240.0,1.131755,NVDA261016P00240000,28.09,28.11,28.1,3,2573,2026-09-11,0.3192,-0.894,0.0093,-0.0353,0.1132,-0.1849
2026-09-15,NVDA,212.06,2026-09-15T19:10:38.245888762Z,2026-10-16,31,P,245.0,1.155333,NVDA261016P00245000,32.659,32.9,32.7795,2,537,2026-09-11,0.3265,-0.9243,0.0071,-0.0222,0.0881,-0.1943
2026-09-15,NVDA,212.06,2026-09-15T19:10:38.249388995Z,2026-10-16,31,P,250.0,1.178912,NVDA261016P00250000,37.27,38.75,38.01,106,1301,2026-09-11,0.3888,-0.9141,0.0065,-0.0363,0.097,-0.1969
2026-09-15,NVDA,212.06,2026-09-15T19:10:38.253207665Z,2026-10-16,31,P,255.0,1.20249,NVDA261016P00255000,43.39,43.46,43.425,129,996,2026-09-11,0.4663,-0.8969,0.0062,-0.0587,0.1109,-0.1984
2026-09-15,NVDA,212.06,2026-09-15T19:10:19.34889214Z,2026-10-16,31,P,260.0,1.226068,NVDA261016P00260000,48.07,48.74,48.405,10,402,2026-09-11,0.5015,-0.9029,0.0055,-0.0605,0.1061,-0.2037
2026-09-15,NVDA,212.06,2026-09-15T19:10:19.34889214Z,2026-10-16,31,P,265.0,1.249646,NVDA261016P00265000,52.3,52.45,52.375,3,164,2026-09-11,0.4006,-0.9657,0.0031,-0.0032,0.0469,-0.2184
2026-09-15,NVDA,212.06,2026-09-15T19:10:19.348977324Z,2026-10-16,31,P,270.0,1.273225,NVDA261016P00270000,57.87,58.22,58.045,23,38,2026-09-11,0.5333,-0.9271,0.0042,-0.0467,0.0856,-0.2163
2026-09-15,NVDA,212.06,2026-09-15T19:10:19.348977324Z,2026-10-16,31,P,275.0,1.296803,NVDA261016P00275000,62.18,64.25,63.215,51,,,0.5856,-0.9219,0.004,-0.0579,0.0902,-0.2197
2026-09-15,AAPL,330.295,2026-09-15T19:10:33.296101159Z,2026-10-09,24,C,235.0,0.711485,AAPL261009C00235000,94.83,95.21,95.02,,,,,,,,,
2026-09-15,AAPL,330.295,2026-09-15T19:10:33.296708256Z,2026-10-09,24,C,240.0,0.726623,AAPL261009C00240000,89.56,91.36,90.46,1,25,2026-09-11,,,,,,
2026-09-15,AAPL,330.295,2026-09-15T19:10:33.296747647Z,2026-10-09,24,C,245.0,0.741761,AAPL261009C00245000,84.98,88.97,86.975,1,5,2026-09-11,0.7183,0.9579,0.0015,-0.138,0.0761,0.1508
2026-09-15,AAPL,330.295,2026-09-15T19:10:33.299409687Z,2026-10-09,24,C,250.0,0.756899,AAPL261009C00250000,78.79,82.44,80.615,2,2,2026-09-11,,,,,,
2026-09-15,AAPL,330.295,2026-09-15T19:10:33.296152309Z,2026-10-09,24,C,255.0,0.772037,AAPL261009C00255000,73.86,78.43,76.145,20,20,2026-09-11,0.4932,0.9833,0.001,-0.0623,0.0351,0.1635
2026-09-15,AAPL,330.295,2026-09-15T19:10:33.296152309Z,2026-10-09,24,C,260.0,0.787175,AAPL261009C00260000,69.96,72.08,71.02,2,9,2026-09-11,0.4148,0.99,0.0008,-0.0465,0.0226,0.1683
2026-09-15,AAPL,330.295,2026-09-15T19:10:33.299058533Z,2026-10-09,24,C,265.0,0.802313,AAPL261009C00265000,64.76,68.57,66.665,112,10,2026-09-11,0.5175,0.9594,0.002,-0.106,0.0738,0.1645
2026-09-15,AAPL,330.295,2026-09-15T19:10:33.298558103Z,2026-10-09,24,C,270.0,0.817451,AAPL261009C00270000,59.84,60.9,60.37,112,17,2026-09-11,,,,,,
2026-09-15,AAPL,330.295,2026-09-15T19:10:30.777847478Z,2026-10-09,24,C,275.0,0.832589,AAPL261009C00275000,55.63,57.9,56.765,90,18,2026-09-11,0.4547,0.9505,0.0027,-0.1091,0.0866,0.1691
2026-09-15,AAPL,330.295,2026-09-15T19:10:37.421275739Z,2026-10-09,24,C,280.0,0.847727,AAPL261009C00280000,50.8,52.76,51.78,92,245,2026-09-11,0.419,0.9467,0.0031,-0.1077,0.092,0.1715
2026-09-15,AAPL,330.295,2026-09-15T19:10:31.980820524Z,2026-10-09,24,C,285.0,0.862865,AAPL261009C00285000,44.97,48.51,46.74,5,57,2026-09-11,0.3778,0.9447,0.0035,-0.1024,0.0946,0.1744
2026-09-15,AAPL,330.295,2026-09-15T19:10:33.319206036Z,2026-10-09,24,C,290.0,0.878003,AAPL261009C00290000,40,43.18,41.59,4,19,2026-09-11,0.3255,0.9483,0.0038,-0.0894,0.0897,0.1786
2026-09-15,AAPL,330.295,2026-09-15T19:10:34.407575939Z,2026-10-09,24,C,295.0,0.893141,AAPL261009C00295000,36.19,38.09,37.14,5,147,2026-09-11,0.3384,0.9151,0.0054,-0.1207,0.1316,0.1743
2026-09-15,AAPL,330.295,2026-09-15T19:10:32.961974534Z,2026-10-09,24,C,300.0,0.908279,AAPL261009C00300000,30.58,32.89,31.735,10,41,2026-09-11,0.2683,0.9288,0.006,-0.0933,0.1152,0.1808
2026-09-15,AAPL,330.295,2026-09-15T19:10:34.288336578Z,2026-10-09,24,C,305.0,0.923417,AAPL261009C00305000,26.97,29.11,28.04,42,62,2026-09-11,0.313,0.856,0.0086,-0.1521,0.1921,0.1674
2026-09-15,AAPL,330.295,2026-09-15T19:10:33.325511116Z,2026-10-09,24,C,310.0,0.938555,AAPL261009C00310000,22.4,23.79,23.095,34,271,2026-09-11,0.2723,0.8357,0.0107,-0.1455,0.2096,0.1663
2026-09-15,AAPL,330.295,2026-09-15T19:10:35.407735305Z,2026-10-09,24,C,315.0,0.953693,AAPL261009C00315000,18.56,19.68,19.12,53,604,2026-09-11,0.27,0.7744,0.0131,-0.168,0.2543,0.1556
2026-09-15,AAPL,330.295,2026-09-15T19:10:38.922419313Z,2026-10-09,24,C,320.0,0.968831,AAPL261009C00320000,14.93,15.45,15.19,159,375,2026-09-11,0.2576,0.7082,0.0157,-0.1791,0.2907,0.1438
2026-09-15,AAPL,330.295,2026-09-15T19:10:40.356853618Z,2026-10-09,24,C,325.0,0.983969,AAPL261009C00325000,11.54,12.1,11.82,62,724,2026-09-11,0.2524,0.625,0.0177,-0.1893,0.3211,0.1279
2026-09-15,AAPL,330.295,2026-09-15T19:10:39.327419732Z,2026-10-09,24,C,330.0,0.999107,AAPL261009C00330000,8.77,9.01,8.89,130,929,2026-09-11,0.2474,0.5331,0.019,-0.1911,0.3367,0.1099
2026-09-15,AAPL,330.295,2026-09-15T19:10:38.902000902Z,2026-10-09,24,C,335.0,1.014245,AAPL261009C00335000,6.4,6.68,6.54,184,781,2026-09-11,0.2458,0.4382,0.0189,-0.1855,0.3338,0.0909
2026-09-15,AAPL,330.295,2026-09-15T19:10:38.302140809Z,2026-10-09,24,C,340.0,1.029383,AAPL261009C00340000,4.48,4.67,4.575,80,1737,2026-09-11,0.2417,0.3453,0.018,-0.1687,0.3121,0.072
2026-09-15,AAPL,330.295,2026-09-15T19:10:39.329650012Z,2026-10-09,24,C,345.0,1.044521,AAPL261009C00345000,2.99,3.25,3.12,244,4267,2026-09-11,0.24,0.2615,0.016,-0.1465,0.2755,0.0547
2026-09-15,AAPL,330.295,2026-09-15T19:10:39.327144196Z,2026-10-09,24,C,350.0,1.059659,AAPL261009C00350000,2.02,2.19,2.105,752,1356,2026-09-11,0.2408,0.1924,0.0134,-0.1226,0.2315,0.0404
2026-09-15,AAPL,330.295,2026-09-15T19:10:39.860410195Z,2026-10-09,24,C,355.0,1.074797,AAPL261009C00355000,1.34,1.43,1.385,256,653,2026-09-11,0.2419,0.137,0.0107,-0.0982,0.1857,0.0288
2026-09-15,AAPL,330.295,2026-09-15T19:10:39.400724789Z,2026-10-09,24,C,360.0,1.089935,AAPL261009C00360000,0.85,0.88,0.865,173,646,2026-09-11,0.2413,0.093,0.0081,-0.074,0.1409,0.0196
2026-09-15,AAPL,330.295,2026-09-15T19:10:39.152984076Z,2026-10-09,24,C,365.0,1.105073,AAPL261009C00365000,0.54,0.56,0.55,8,663,2026-09-11,0.2436,0.0629,0.006,-0.0552,0.1047,0.0133
2026-09-15,AAPL,330.295,2026-09-15T19:10:37.655378573Z,2026-10-09,24,C,370.0,1.120211,AAPL261009C00370000,0.29,0.36,0.325,29,289,2026-09-11,0.2432,0.04,0.0042,-0.0383,0.0729,0.0085
2026-09-15,AAPL,330.295,2026-09-15T19:10:36.352096682Z,2026-10-09,24,C,375.0,1.135349,AAPL261009C00375000,0.17,0.19,0.18,19,527,2026-09-11,0.2417,0.0239,0.0028,-0.0248,0.0477,0.0051
2026-09-15,AAPL,330.295,2026-09-15T19:10:33.296036717Z,2026-10-09,24,C,380.0,1.150487,AAPL261009C00380000,0.08,0.13,0.105,6,296,2026-09-11,0.2433,0.0147,0.0018,-0.0165,0.0315,0.0031
2026-09-15,AAPL,330.295,2026-09-15T19:10:33.336998433Z,2026-10-09,24,C,385.0,1.165625,AAPL261009C00385000,0.04,0.1,0.07,5,54,2026-09-11,0.2494,0.01,0.0013,-0.012,0.0225,0.0021
2026-09-15,AAPL,330.295,2026-09-15T19:10:34.636230976Z,2026-10-09,24,C,390.0,1.180763,AAPL261009C00390000,0.04,0.05,0.045,2,129,2026-09-11,0.2542,0.0066,0.0009,-0.0085,0.0156,0.0014
2026-09-15,AAPL,330.295,2026-09-15T19:10:33.296171819Z,2026-10-09,24,C,395.0,1.195901,AAPL261009C00395000,0.01,0.11,0.06,1,141,2026-09-11,0.2806,0.0078,0.0009,-0.0109,0.0182,0.0017
2026-09-15,AAPL,330.295,2026-09-15T19:10:33.329726114Z,2026-10-09,24,C,400.0,1.211039,AAPL261009C00400000,0.03,0.07,0.05,5,115,2026-09-11,0.2918,0.0064,0.0007,-0.0095,0.0152,0.0014
2026-09-15,AAPL,330.295,2026-09-15T19:10:33.299104783Z,2026-10-09,24,C,405.0,1.226177,AAPL261009C00405000,0.01,0.09,0.05,4,3,2026-09-11,0.3086,0.0061,0.0007,-0.0096,0.0146,0.0013
2026-09-15,AAPL,330.295,2026-09-15T13:30:10.929183673Z,2026-10-09,24,C,410.0,1.241315,AAPL261009C00410000,0,0.05,0.025,1,131,2026-09-11,,,,,,
2026-09-15,AAPL,330.295,2026-09-15T19:10:34.407591311Z,2026-10-09,24,C,415.0,1.256453,AAPL261009C00415000,0,0.22,0.11,21,172,2026-09-11,,,,,,
2026-09-15,AAPL,330.295,2026-09-15T19:10:33.30935306Z,2026-10-09,24,P,235.0,0.711485,AAPL261009P00235000,0.04,0.1,0.07,6,22,2026-09-11,0.5296,-0.0048,0.0003,-0.0128,0.0117,-0.0011
2026-09-15,AAPL,330.295,2026-09-15T19:10:41.157161515Z,2026-10-09,24,P,240.0,0.726623,AAPL261009P00240000,0.01,0.07,0.04,11,20,2026-09-11,0.4705,-0.0032,0.0002,-0.0079,0.0082,-0.0007
2026-09-15,AAPL,330.295,2026-09-15T19:10:40.932766491Z,2026-10-09,24,P,245.0,0.741761,AAPL261009P00245000,0.05,0.14,0.095,1,116,2026-09-11,0.4882,-0.0068,0.0005,-0.0161,0.0161,-0.0015
2026-09-15,AAPL,330.295,2026-09-15T19:10:41.387961637Z,2026-10-09,24,P,250.0,0.756899,AAPL261009P00250000,0.07,0.11,0.09,101,134,2026-09-11,0.4557,-0.0069,0.0005,-0.0152,0.0163,-0.0016
2026-09-15,AAPL,330.295,2026-09-15T19:10:38.402409692Z,2026-10-09,24,P,255.0,0.772037,AAPL261009P00255000,0.09,0.1,0.095,2,31,2026-09-11,0.4297,-0.0077,0.0006,-0.0157,0.0179,-0.0017
2026-09-15,AAPL,330.295,2026-09-15T19:10:40.932791859Z,2026-10-09,24,P,260.0,0.787175,AAPL261009P00260000,0.06,0.15,0.105,5,381,2026-09-11,0.4062,-0.0088,0.0007,-0.0168,0.0202,-0.002
2026-09-15,AAPL,330.295,2026-09-15T19:10:40.90482997Z,2026-10-09,24,P,265.0,0.802313,AAPL261009P00265000,0.13,0.17,0.15,26,54,2026-09-11,0.3962,-0.0125,0.001,-0.0221,0.0273,-0.0028
2026-09-15,AAPL,330.295,2026-09-15T19:10:40.932791859Z,2026-10-09,24,P,270.0,0.817451,AAPL261009P00270000,0.12,0.25,0.185,1,649,2026-09-11,0.3782,-0.0157,0.0012,-0.0257,0.0333,-0.0035
2026-09-15,AAPL,330.295,2026-09-15T19:10:40.932791859Z,2026-10-09,24,P,275.0,0.832589,AAPL261009P00275000,0.22,0.28,0.25,27,235,2026-09-11,0.365,-0.0212,0.0016,-0.032,0.043,-0.0048
2026-09-15,AAPL,330.295,2026-09-15T19:10:40.934941918Z,2026-10-09,24,P,280.0,0.847727,AAPL261009P00280000,0.3,0.31,0.305,4,378,2026-09-11,0.3458,-0.0265,0.0021,-0.0365,0.052,-0.006
2026-09-15,AAPL,330.295,2026-09-15T19:10:40.904368905Z,2026-10-09,24,P,285.0,0.862865,AAPL261009P00285000,0.4,0.42,0.41,56,277,2026-09-11,0.332,-0.0356,0.0028,-0.0446,0.0664,-0.008
2026-09-15,AAPL,330.295,2026-09-15T19:10:41.157191758Z,2026-10-09,24,P,290.0,0.878003,AAPL261009P00290000,0.52,0.55,0.535,30,855,2026-09-11,0.316,-0.0469,0.0037,-0.0529,0.083,-0.0105
2026-09-15,AAPL,330.295,2026-09-15T19:10:41.382784658Z,2026-10-09,24,P,295.0,0.893141,AAPL261009P00295000,0.64,0.75,0.695,26,453,2026-09-11,0.2994,-0.0615,0.0048,-0.0619,0.1029,-0.0138
2026-09-15,AAPL,330.295,2026-09-15T19:10:40.904299068Z,2026-10-09,24,P,300.0,0.908279,AAPL261009P00300000,0.96,0.97,0.965,70,1500,2026-09-11,0.2869,-0.0842,0.0064,-0.0752,0.1309,-0.0189
2026-09-15,AAPL,330.295,2026-09-15T19:10:41.169054788Z,2026-10-09,24,P,305.0,0.923417,AAPL261009P00305000,1.31,1.38,1.345,68,568,2026-09-11,0.2748,-0.115,0.0083,-0.09,0.1644,-0.0259
2026-09-15,AAPL,330.295,2026-09-15T19:10:40.904363893Z,2026-10-09,24,P,310.0,0.938555,AAPL261009P00310000,1.91,2.029,1.9695,138,491,2026-09-11,0.2675,-0.1601,0.0107,-0.1091,0.2061,-0.0361
2026-09-15,AAPL,330.295,2026-09-15T19:10:40.927354758Z,2026-10-09,24,P,315.0,0.953693,AAPL261009P00315000,2.81,2.84,2.825,145,657,2026-09-11,0.2599,-0.2173,0.0134,-0.1269,0.249,-0.0491
2026-09-15,AAPL,330.295,2026-09-15T19:10:40.798060391Z,2026-10-09,24,P,320.0,0.968831,AAPL261009P00320000,3.83,4.17,4.0,230,939,2026-09-11,0.2529,-0.2884,0.0159,-0.1419,0.2891,-0.0653
2026-09-15,AAPL,330.295,2026-09-15T19:10:40.819666934Z,2026-10-09,24,P,325.0,0.983969,AAPL261009P00325000,5.52,5.68,5.6,42,309,2026-09-11,0.2476,-0.3728,0.018,-0.1518,0.3205,-0.0846
2026-09-15,AAPL,330.295,2026-09-15T19:10:40.904294412Z,2026-10-09,24,P,330.0,0.999107,AAPL261009P00330000,7.63,7.75,7.69,114,533,2026-09-11,0.2439,-0.4664,0.0192,-0.154,0.3367,-0.1063
2026-09-15,AAPL,330.295,2026-09-15T19:10:40.791549967Z,2026-10-09,24,P,335.0,1.014245,AAPL261009P00335000,10.07,10.43,10.25,42,436,2026-09-11,0.24,-0.5634,0.0194,-0.1461,0.3336,-0.1291
2026-09-15,AAPL,330.295,2026-09-15T19:10:41.391705577Z,2026-10-09,24,P,340.0,1.029383,AAPL261009P00340000,12.76,13.41,13.085,16,54,2026-09-11,0.2296,-0.6633,0.0188,-0.1234,0.3092,-0.1526
2026-09-15,AAPL,330.295,2026-09-15T19:10:41.157582727Z,2026-10-09,24,P,345.0,1.044521,AAPL261009P00345000,16.059,17.63,16.8445,5,34,2026-09-11,0.2345,-0.7434,0.0162,-0.1057,0.2728,-0.1725
2026-09-15,AAPL,330.295,2026-09-15T19:10:41.157522338Z,2026-10-09,24,P,350.0,1.059659,AAPL261009P00350000,20.53,21.62,21.075,20,14,2026-09-11,0.2455,-0.8025,0.0134,-0.0902,0.2353,-0.1881
2026-09-15,AAPL,330.295,2026-09-15T19:10:34.534373479Z,2026-10-09,24,P,355.0,1.074797,AAPL261009P00355000,24.31,26.21,25.26,10,12,2026-09-11,0.2434,-0.8612,0.0107,-0.0624,0.1874,-0.2036
2026-09-15,AAPL,330.295,2026-09-15T19:10:33.302100621Z,2026-10-09,24,P,360.0,1.089935,AAPL261009P00360000,28.66,31.17,29.915,30,2,2026-09-11,0.2559,-0.893,0.0085,-0.049,0.1561,-0.2136
2026-09-15,AAPL,330.295,2026-09-15T19:10:40.967920895Z,2026-10-09,24,P,365.0,1.105073,AAPL261009P00365000,33.64,35.99,34.815,,,,0.2797,-0.9071,0.007,-0.0468,0.1407,-0.2199
2026-09-15,AAPL,330.295,2026-09-15T19:10:33.296237355Z,2026-10-09,24,P,370.0,1.120211,AAPL261009P00370000,37.65,40.8,39.225,,,,0.2551,-0.9521,0.0046,-0.0076,0.0844,-0.2325
2026-09-15,AAPL,330.295,2026-09-15T19:10:33.296924811Z,2026-10-09,24,P,375.0,1.135349,AAPL261009P00375000,42.19,47.32,44.755,2,,,0.3326,-0.9218,0.0052,-0.049,0.1238,-0.2296
2026-09-15,AAPL,330.295,2026-09-15T19:10:33.299058533Z,2026-10-09,24,P,380.0,1.150487,AAPL261009P00380000,49.32,50.77,50.045,,,,0.3829,-0.9121,0.0049,-0.0708,0.1351,-0.231
2026-09-15,AAPL,330.295,2026-09-15T19:10:33.296161144Z,2026-10-09,24,P,385.0,1.165625,AAPL261009P00385000,52.02,56.04,54.03,,,,0.3007,-0.9724,0.0025,0.0058,0.0537,-0.2467
2026-09-15,AAPL,330.295,2026-09-15T19:10:33.296683737Z,2026-10-09,24,P,390.0,1.180763,AAPL261009P00390000,58.9,62.05,60.475,,,,0.4692,-0.9034,0.0043,-0.1039,0.145,-0.2359
2026-09-15,AAPL,330.295,2026-09-15T19:10:33.296722949Z,2026-10-09,24,P,395.0,1.195901,AAPL261009P00395000,64.29,65.56,64.925,2,,,0.4537,-0.9277,0.0036,-0.0711,0.1166,-0.2441
2026-09-15,AAPL,330.295,2026-09-15T19:10:33.299028693Z,2026-10-09,24,P,400.0,1.211039,AAPL261009P00400000,67.39,72.26,69.825,,,,0.4702,-0.9342,0.0032,-0.0663,0.1084,-0.2488
2026-09-15,AAPL,330.295,2026-09-15T19:10:33.296093381Z,2026-10-09,24,P,405.0,1.226177,AAPL261009P00405000,74.18,77.09,75.635,,,,0.5608,-0.9081,0.0035,-0.1236,0.1396,-0.2469
2026-09-15,AAPL,330.295,2026-09-15T19:10:33.299028693Z,2026-10-09,24,P,410.0,1.241315,AAPL261009P00410000,79.14,81.03,80.085,,,,0.5429,-0.9286,0.003,-0.0898,0.1154,-0.2543
2026-09-15,AAPL,330.295,2026-09-15T19:10:33.298506837Z,2026-10-09,24,P,415.0,1.256453,AAPL261009P00415000,84.67,85.42,85.045,,,,0.5636,-0.932,0.0028,-0.0893,0.1113,-0.2583
2026-09-15,AAPL,330.295,2026-09-15T19:10:37.421333373Z,2026-10-16,31,C,235.0,0.711485,AAPL261016C00235000,97,97.36,97.18,1,280,2026-09-11,0.7121,0.9607,0.0012,-0.1171,0.0817,0.1869
2026-09-15,AAPL,330.295,2026-09-15T19:10:36.35526995Z,2026-10-16,31,C,240.0,0.726623,AAPL261016C00240000,88.76,91.29,90.025,54,569,2026-09-11,,,,,,
2026-09-15,AAPL,330.295,2026-09-15T19:10:37.420020296Z,2026-10-16,31,C,245.0,0.741761,AAPL261016C00245000,85.98,87.27,86.625,4,314,2026-09-11,0.5603,0.9732,0.0011,-0.0787,0.0596,0.1994
2026-09-15,AAPL,330.295,2026-09-15T19:10:37.420471333Z,2026-10-16,31,C,250.0,0.756899,AAPL261016C00250000,82.22,83.65,82.935,147,1240,2026-09-11,0.6712,0.9379,0.0019,-0.1514,0.1177,0.1926
2026-09-15,AAPL,330.295,2026-09-15T19:10:37.420431421Z,2026-10-16,31,C,255.0,0.772037,AAPL261016C00255000,76.34,78.19,77.265,187,1016,2026-09-11,0.5712,0.9512,0.0018,-0.1148,0.0974,0.2012
2026-09-15,AAPL,330.295,2026-09-15T19:10:37.421303661Z,2026-10-16,31,C,260.0,0.787175,AAPL261016C00260000,71.1,72.47,71.785,9,1516,2026-09-11,0.4808,0.9641,0.0017,-0.0849,0.076,0.2094
2026-09-15,AAPL,330.295,2026-09-15T19:10:36.354828878Z,2026-10-16,31,C,265.0,0.802313,AAPL261016C00265000,64.83,69.09,66.96,12,907,2026-09-11,0.4679,0.956,0.0021,-0.0939,0.0896,0.2113
2026-09-15,AAPL,330.295,2026-09-15T19:10:32.962791276Z,2026-10-16,31,C,270.0,0.817451,AAPL261016C00270000,60.31,63.42,61.865,26,1426,2026-09-11,0.4234,0.9573,0.0022,-0.0865,0.0874,0.216
2026-09-15,AAPL,330.295,2026-09-15T19:10:37.992300578Z,2026-10-16,31,C,275.0,0.832589,AAPL261016C00275000,55.94,56.6,56.27,8,1502,2026-09-11,0.2927,0.987,0.0012,-0.0437,0.0322,0.229
2026-09-15,AAPL,330.295,2026-09-15T19:10:40.602658632Z,2026-10-16,31,C,280.0,0.847727,AAPL261016C00280000,51,52.68,51.84,43,2237,2026-09-11,0.355,0.9534,0.0029,-0.0815,0.0939,0.2234
2026-09-15,AAPL,330.295,2026-09-15T19:10:34.856278664Z,2026-10-16,31,C,285.0,0.862865,AAPL261016C00285000,45.98,47.42,46.7,3,1831,2026-09-11,0.3078,0.9576,0.003,-0.0716,0.0869,0.2289
2026-09-15,AAPL,330.295,2026-09-15T19:10:37.700810203Z,2026-10-16,31,C,290.0,0.878003,AAPL261016C00290000,41.86,43.74,42.8,104,3497,2026-09-11,0.3625,0.9055,0.0048,-0.1218,0.162,0.2176
2026-09-15,AAPL,330.295,2026-09-15T19:10:35.694433444Z,2026-10-16,31,C,295.0,0.893141,AAPL261016C00295000,37.66,38.32,37.99,35,2017,2026-09-11,0.3374,0.8907,0.0058,-0.1251,0.1802,0.2176
2026-09-15,AAPL,330.295,2026-09-15T19:10:36.647928242Z,2026-10-16,31,C,300.0,0.908279,AAPL261016C00300000,33.18,33.43,33.305,207,15460,2026-09-11,0.3167,0.8691,0.007,-0.1313,0.2045,0.2155
2026-09-15,AAPL,330.295,2026-09-15T19:10:37.462857486Z,2026-10-16,31,C,305.0,0.923417,AAPL261016C00305000,28.23,29.26,28.745,194,6644,2026-09-11,0.2982,0.8404,0.0085,-0.1387,0.2338,0.2113
2026-09-15,AAPL,330.295,2026-09-15T19:10:33.297450812Z,2026-10-16,31,C,310.0,0.938555,AAPL261016C00310000,24.02,24.17,24.095,177,10275,2026-09-11,0.2721,0.8101,0.0104,-0.1403,0.2611,0.2068
2026-09-15,AAPL,330.295,2026-09-15T19:10:40.038567593Z,2026-10-16,31,C,315.0,0.953693,AAPL261016C00315000,19.8,20,19.9,165,10271,2026-09-11,0.2582,0.7609,0.0125,-0.1488,0.2986,0.1965
2026-09-15,AAPL,330.295,2026-09-15T19:10:40.60239297Z,2026-10-16,31,C,320.0,0.968831,AAPL261016C00320000,16.309,16.36,16.3345,442,11585,2026-09-11,0.2561,0.6926,0.0143,-0.1622,0.3383,0.1804
2026-09-15,AAPL,330.295,2026-09-15T19:10:37.655568848Z,2026-10-16,31,C,325.0,0.983969,AAPL261016C00325000,13.24,13.49,13.365,591,10518,2026-09-11,0.2603,0.6148,0.0153,-0.1745,0.3679,0.1611
2026-09-15,AAPL,330.295,2026-09-15T19:10:39.327146455Z,2026-10-16,31,C,330.0,0.999107,AAPL261016C00330000,10.24,10.39,10.315,2735,15782,2026-09-11,0.2517,0.5363,0.0164,-0.1728,0.3824,0.1417
2026-09-15,AAPL,330.295,2026-09-15T19:10:39.296702598Z,2026-10-16,31,C,335.0,1.014245,AAPL261016C00335000,7.78,7.85,7.815,1068,11432,2026-09-11,0.247,0.4533,0.0167,-0.1669,0.3813,0.1205
2026-09-15,AAPL,330.295,2026-09-15T19:10:39.9658742Z,2026-10-16,31,C,340.0,1.029383,AAPL261016C00340000,5.62,5.82,5.72,1501,104505,2026-09-11,0.2422,0.3704,0.0162,-0.1543,0.3635,0.099
2026-09-15,AAPL,330.295,2026-09-15T19:10:38.645714642Z,2026-10-16,31,C,345.0,1.044521,AAPL261016C00345000,4.11,4.13,4.12,1384,26800,2026-09-11,0.2401,0.2935,0.0149,-0.1381,0.3313,0.0788
2026-09-15,AAPL,330.295,2026-09-15T19:10:38.75047949Z,2026-10-16,31,C,350.0,1.059659,AAPL261016C00350000,2.87,2.98,2.925,3466,18686,2026-09-11,0.2397,0.2266,0.0131,-0.1196,0.2898,0.0611
2026-09-15,AAPL,330.295,2026-09-15T19:10:37.832188576Z,2026-10-16,31,C,355.0,1.074797,AAPL261016C00355000,1.99,2.07,2.03,697,8300,2026-09-11,0.2395,0.1701,0.011,-0.0998,0.2436,0.046
2026-09-15,AAPL,330.295,2026-09-15T19:10:37.416627324Z,2026-10-16,31,C,360.0,1.089935,AAPL261016C00360000,1.32,1.39,1.355,2647,48344,2026-09-11,0.2384,0.123,0.0089,-0.0795,0.1959,0.0333
2026-09-15,AAPL,330.295,2026-09-15T19:10:34.414555125Z,2026-10-16,31,C,365.0,1.105073,AAPL261016C00365000,0.91,0.93,0.92,388,6370,2026-09-11,0.24,0.0886,0.007,-0.0628,0.1545,0.0241
2026-09-15,AAPL,330.295,2026-09-15T19:10:37.655588038Z,2026-10-16,31,C,370.0,1.120211,AAPL261016C00370000,0.62,0.63,0.625,195,9248,2026-09-11,0.2424,0.0633,0.0053,-0.0489,0.1196,0.0172
2026-09-15,AAPL,330.295,2026-09-15T19:10:39.903000259Z,2026-10-16,31,C,375.0,1.135349,AAPL261016C00375000,0.37,0.43,0.4,571,2550,2026-09-11,0.2426,0.0431,0.0039,-0.0359,0.088,0.0117
2026-09-15,AAPL,330.295,2026-09-15T19:10:37.655592352Z,2026-10-16,31,C,380.0,1.150487,AAPL261016C00380000,0.24,0.29,0.265,1154,4610,2026-09-11,0.245,0.0298,0.0029,-0.0267,0.0651,0.0081
2026-09-15,AAPL,330.295,2026-09-15T19:10:34.660481737Z,2026-10-16,31,C,385.0,1.165625,AAPL261016C00385000,0.19,0.2,0.195,377,758,2026-09-11,0.2517,0.0222,0.0022,-0.0214,0.0509,0.0061
2026-09-15,AAPL,330.295,2026-09-15T19:10:37.655863266Z,2026-10-16,31,C,390.0,1.180763,AAPL261016C00390000,0.13,0.14,0.135,219,9319,2026-09-11,0.2557,0.0158,0.0016,-0.0162,0.038,0.0043
2026-09-15,AAPL,330.295,2026-09-15T19:10:33.141853461Z,2026-10-16,31,C,395.0,1.195901,AAPL261016C00395000,0.06,0.07,0.065,39,614,2026-09-11,0.2483,0.0084,0.001,-0.0091,0.0219,0.0023
2026-09-15,AAPL,330.295,2026-09-15T19:10:36.657782505Z,2026-10-16,31,C,400.0,1.211039,AAPL261016C00400000,0.03,0.04,0.035,526,9254,2026-09-11,0.2461,0.0048,0.0006,-0.0055,0.0134,0.0013
2026-09-15,AAPL,330.295,2026-09-15T19:10:33.141923864Z,2026-10-16,31,C,405.0,1.226177,AAPL261016C00405000,0.01,0.08,0.045,5,80,2026-09-11,0.2675,0.0056,0.0006,-0.0068,0.0154,0.0015
2026-09-15,AAPL,330.295,2026-09-15T19:10:35.275288382Z,2026-10-16,31,C,410.0,1.241315,AAPL261016C00410000,0.01,0.06,0.035,12,3031,2026-09-11,0.2744,0.0043,0.0005,-0.0056,0.0123,0.0012
2026-09-15,AAPL,330.295,2026-09-15T19:10:33.298599438Z,2026-10-16,31,C,415.0,1.256453,AAPL261016C00415000,0.01,0.08,0.045,1,62,2026-09-11,0.2959,0.0051,0.0005,-0.007,0.0142,0.0014
2026-09-15,AAPL,330.295,2026-09-15T19:10:33.302767548Z,2026-10-16,31,C,420.0,1.271591,AAPL261016C00420000,0.01,0.06,0.035,9,446,2026-09-11,0.3018,0.004,0.0004,-0.0057,0.0114,0.0011
2026-09-15,AAPL,330.295,2026-09-15T19:10:36.356583238Z,2026-10-16,31,C,425.0,1.286729,AAPL261016C00425000,0.03,0.09,0.06,8,80,2026-09-11,0.3335,0.006,0.0005,-0.009,0.0163,0.0016
2026-09-15,AAPL,330.295,2026-09-15T19:10:33.346642606Z,2026-10-16,31,P,235.0,0.711485,AAPL261016P00235000,0.04,0.06,0.05,402,6565,2026-09-11,0.45,-0.0036,0.0003,-0.0074,0.0104,-0.0011
2026-09-15,AAPL,330.295,2026-09-15T19:10:41.157417111Z,2026-10-16,31,P,240.0,0.726623,AAPL261016P00240000,0.08,0.12,0.1,6,6503,2026-09-11,0.4597,-0.0067,0.0004,-0.0131,0.018,-0.002
2026-09-15,AAPL,330.295,2026-09-15T19:10:33.320770284Z,2026-10-16,31,P,245.0,0.741761,AAPL261016P00245000,0.07,0.09,0.08,3,4892,2026-09-11,0.4218,-0.0059,0.0004,-0.0108,0.0161,-0.0017
2026-09-15,AAPL,330.295,2026-09-15T19:10:33.347303966Z,2026-10-16,31,P,250.0,0.756899,AAPL261016P00250000,0.1,0.16,0.13,228,5722,2026-09-11,0.4209,-0.0092,0.0006,-0.0158,0.0238,-0.0027
2026-09-15,AAPL,330.295,2026-09-15T19:10:33.311417981Z,2026-10-16,31,P,255.0,0.772037,AAPL261016P00255000,0.1,0.18,0.14,5,5403,2026-09-11,0.3984,-0.0103,0.0007,-0.0166,0.0264,-0.003
2026-09-15,AAPL,330.295,2026-09-15T19:10:32.406669469Z,2026-10-16,31,P,260.0,0.787175,AAPL261016P00260000,0.16,0.22,0.19,117,6149,2026-09-11,0.3883,-0.0139,0.001,-0.0209,0.0342,-0.0041
2026-09-15,AAPL,330.295,2026-09-15T19:10:37.521672817Z,2026-10-16,31,P,265.0,0.802313,AAPL261016P00265000,0.21,0.27,0.24,723,3093,2026-09-11,0.3743,-0.0177,0.0012,-0.0248,0.0421,-0.0052
2026-09-15,AAPL,330.295,2026-09-15T19:10:33.308732121Z,2026-10-16,31,P,270.0,0.817451,AAPL261016P00270000,0.26,0.32,0.29,40,8598,2026-09-11,0.3577,-0.0219,0.0015,-0.0282,0.0503,-0.0064
2026-09-15,AAPL,330.295,2026-09-15T19:10:41.157417111Z,2026-10-16,31,P,275.0,0.832589,AAPL261016P00275000,0.34,0.4,0.37,343,5148,2026-09-11,0.344,-0.0281,0.0019,-0.0334,0.062,-0.0082
2026-09-15,AAPL,330.295,2026-09-15T19:10:40.930049669Z,2026-10-16,31,P,280.0,0.847727,AAPL261016P00280000,0.39,0.5,0.445,258,14606,2026-09-11,0.3265,-0.0346,0.0024,-0.0376,0.0737,-0.0101
2026-09-15,AAPL,330.295,2026-09-15T19:10:41.157417111Z,2026-10-16,31,P,285.0,0.862865,AAPL261016P00285000,0.57,0.62,0.595,159,7232,2026-09-11,0.3153,-0.0459,0.0032,-0.0455,0.0928,-0.0134
2026-09-15,AAPL,330.295,2026-09-15T19:10:40.904338296Z,2026-10-16,31,P,290.0,0.878003,AAPL261016P00290000,0.77,0.8,0.785,212,10247,2026-09-11,0.3032,-0.0603,0.0041,-0.0541,0.1151,-0.0176
2026-09-15,AAPL,330.295,2026-09-15T19:10:40.904338296Z,2026-10-16,31,P,295.0,0.893141,AAPL261016P00295000,1.03,1.06,1.045,296,10011,2026-09-11,0.2917,-0.0794,0.0053,-0.0641,0.1423,-0.0232
2026-09-15,AAPL,330.295,2026-09-15T19:10:40.927729348Z,2026-10-16,31,P,300.0,0.908279,AAPL261016P00300000,1.41,1.43,1.42,1206,24817,2026-09-11,0.2819,-0.1056,0.0067,-0.0761,0.1757,-0.0308
2026-09-15,AAPL,330.295,2026-09-15T19:10:40.927438667Z,2026-10-16,31,P,305.0,0.923417,AAPL261016P00305000,1.87,1.98,1.925,925,10224,2026-09-11,0.2723,-0.1393,0.0085,-0.0887,0.2135,-0.0407
2026-09-15,AAPL,330.295,2026-09-15T19:10:40.904338296Z,2026-10-16,31,P,310.0,0.938555,AAPL261016P00310000,2.65,2.73,2.69,2029,11008,2026-09-11,0.2664,-0.185,0.0104,-0.1037,0.2569,-0.0542
2026-09-15,AAPL,330.295,2026-09-15T19:10:40.929583502Z,2026-10-16,31,P,315.0,0.953693,AAPL261016P00315000,3.66,3.71,3.685,3033,7392,2026-09-11,0.2602,-0.2404,0.0124,-0.1169,0.2995,-0.0706
2026-09-15,AAPL,330.295,2026-09-15T19:10:40.904560736Z,2026-10-16,31,P,320.0,0.968831,AAPL261016P00320000,4.98,5.01,4.995,1207,12060,2026-09-11,0.2547,-0.3063,0.0143,-0.1275,0.3378,-0.0902
2026-09-15,AAPL,330.295,2026-09-15T19:10:41.005339231Z,2026-10-16,31,P,325.0,0.983969,AAPL261016P00325000,6.58,6.67,6.625,1340,3065,2026-09-11,0.2486,-0.3809,0.0159,-0.1331,0.3667,-0.1125
2026-09-15,AAPL,330.295,2026-09-15T19:10:40.926877053Z,2026-10-16,31,P,330.0,0.999107,AAPL261016P00330000,8.77,8.97,8.87,638,5669,2026-09-11,0.2486,-0.4632,0.0166,-0.1362,0.3823,-0.1375
2026-09-15,AAPL,330.295,2026-09-15T19:10:40.929563535Z,2026-10-16,31,P,335.0,1.014245,AAPL261016P00335000,11.22,11.42,11.32,216,1896,2026-09-11,0.2431,-0.5476,0.0169,-0.1292,0.3812,-0.1632
2026-09-15,AAPL,330.295,2026-09-15T19:10:40.929534401Z,2026-10-16,31,P,340.0,1.029383,AAPL261016P00340000,14.41,14.62,14.515,137,2297,2026-09-11,0.2466,-0.6266,0.016,-0.1216,0.3645,-0.1881
2026-09-15,AAPL,330.295,2026-09-15T19:10:40.93021008Z,2026-10-16,31,P,345.0,1.044521,AAPL261016P00345000,17.29,18.1,17.695,5,570,2026-09-11,0.2388,-0.7073,0.015,-0.1009,0.3309,-0.2134
2026-09-15,AAPL,330.295,2026-09-15T19:10:40.976590644Z,2026-10-16,31,P,350.0,1.059659,AAPL261016P00350000,21.14,21.82,21.48,54,1384,2026-09-11,0.2381,-0.7748,0.0131,-0.0816,0.2888,-0.2356
2026-09-15,AAPL,330.295,2026-09-15T19:10:41.396412263Z,2026-10-16,31,P,355.0,1.074797,AAPL261016P00355000,24.85,26.36,25.605,1,43,2026-09-11,0.2392,-0.8301,0.011,-0.0623,0.2435,-0.2546
2026-09-15,AAPL,330.295,2026-09-15T19:10:40.930205227Z,2026-10-16,31,P,360.0,1.089935,AAPL261016P00360000,30.17,31,30.585,3,43,2026-09-11,0.2695,-0.8454,0.0092,-0.0668,0.229,-0.2631
2026-09-15,AAPL,330.295,2026-09-15T19:10:41.396562573Z,2026-10-16,31,P,365.0,1.105073,AAPL261016P00365000,35.08,36.13,35.605,21,1,2026-09-11,0.3003,-0.8558,0.0079,-0.0722,0.2185,-0.2703
2026-09-15,AAPL,330.295,2026-09-15T19:10:41.39621681Z,2026-10-16,31,P,370.0,1.120211,AAPL261016P00370000,39.26,40.5,39.88,1,1,2026-09-11,0.2914,-0.8956,0.0065,-0.0464,0.1742,-0.2851
2026-09-15,AAPL,330.295,2026-09-15T19:10:33.303284218Z,2026-10-16,31,P,375.0,1.135349,AAPL261016P00375000,42.98,45.79,44.385,40,20,2026-09-11,0.2848,-0.9265,0.0051,-0.0246,0.1342,-0.2976
2026-09-15,AAPL,330.295,2026-09-15T19:10:33.306155716Z,2026-10-16,31,P,380.0,1.150487,AAPL261016P00380000,48.17,51.92,50.045,1,,,0.3531,-0.8998,0.0052,-0.0597,0.1692,-0.2949
2026-09-15,AAPL,330.295,2026-09-15T19:10:33.301975369Z,2026-10-16,31,P,385.0,1.165625,AAPL261016P00385000,52.98,55.07,54.025,,,,0.2997,-0.953,0.0034,-0.0067,0.0945,-0.3132
2026-09-15,AAPL,330.295,2026-09-15T19:10:33.305609536Z,2026-10-16,31,P,390.0,1.180763,AAPL261016P00390000,57.02,60.95,58.985,2,,,0.3174,-0.9569,0.003,-0.0055,0.0881,-0.3185
2026-09-15,AAPL,330.295,2026-09-15T19:10:33.303609675Z,2026-10-16,31,P,395.0,1.195901,AAPL261016P00395000,62.09,67.33,64.71,20,,,0.4038,-0.9243,0.0037,-0.0503,0.1372,-0.3142
2026-09-15,AAPL,330.295,2026-09-15T19:10:33.304767443Z,2026-10-16,31,P,400.0,1.211039,AAPL261016P00400000,68.52,71.63,70.075,2,,,0.4522,-0.9136,0.0036,-0.0714,0.1517,-0.3158
2026-09-15,AAPL,330.295,2026-09-15T19:10:33.301594549Z,2026-10-16,31,P,405.0,1.226177,AAPL261016P00405000,72.74,76.61,74.675,2,,,0.4464,-0.9303,0.0031,-0.0524,0.1288,-0.3244
2026-09-15,AAPL,330.295,2026-09-15T19:10:33.303194023Z,2026-10-16,31,P,410.0,1.241315,AAPL261016P00410000,78.56,80.65,79.605,1,1,2026-09-11,0.4626,-0.9348,0.0029,-0.0503,0.1224,-0.3298
2026-09-15,AAPL,330.295,2026-09-15T19:10:33.304185818Z,2026-10-16,31,P,415.0,1.256453,AAPL261016P00415000,82.33,85.86,84.095,1,,,0.4352,-0.9565,0.0022,-0.0201,0.0888,-0.3397
2026-09-15,AAPL,330.295,2026-09-15T19:10:33.303002912Z,2026-10-16,31,P,420.0,1.271591,AAPL261016P00420000,86.54,92.04,89.29,,,,0.4762,-0.9494,0.0023,-0.0344,0.1002,-0.3421
2026-09-15,AAPL,330.295,2026-09-15T19:10:33.304115509Z,2026-10-16,31,P,425.0,1.286729,AAPL261016P00425000,93.89,96.3,95.095,,,,0.5644,-0.9238,0.0026,-0.0833,0.1379,-0.3399
